-0.084712,0.16676,0.011763,-0.085699,0.19719,-0.03637,-0.11835,-0.056259,0.10091,0.026624,-0.14225,-0.12847,0.058836,-0.13521,0.30082,0.26987,0.058133,-0.12933,0.021817,-0.16775,0.11242,-0.010076,0.13238,-0.01426,0.015127,0.13668,-0.066843,0.21242,0.12489,0.17374,0.059036,-0.17706,0.33149,0.017258,-0.15077,0.22001,0.10395,-0.14447,0.14802,0.041072,-0.057129,0.17536,0.015929,0.19185,-0.04548,0.080685,-0.30267,-0.030812,0.058788,0.0086644,-0.23767,-0.096315,-0.12132,-0.18364,0.2082,-0.11256,-0.32204,0.00036053,0.097405,0.011765,-0.15565,-0.097241,-0.03655,0.13065,0.086964,-0.038796,0.13573,0.04624,-0.13414,0.37671,-0.14863,-0.27846,0.069595,0.20856,-0.17734,0.28142,-0.094297,-0.049201,-0.18607,0.093864,0.0079669,0.26707,-0.12467,0.092282,0.31105,-0.16468,0.11045,-0.14952,-0.098421,-0.011369,-0.011797,0.094187,0.14361,-0.060726,0.06586,0.088028,-0.05879,-0.19795,-0.28809,0.086511
0.054381,0.21112,-0.11134,-0.0013607,-0.18637,0.31014,0.28348,0.35532,0.14674,-0.020691,-0.075504,0.18295,0.079778,-0.21636,0.043726,0.090134,0.20591,-0.10591,0.038189,0.019923,-0.029942,-0.016242,0.079885,0.19115,-0.08452,-0.14108,0.037571,-0.00014962,0.1952,0.37573,0.055094,0.16897,-0.13251,-0.081856,0.086178,-0.34454,0.13726,-0.14985,-0.076568,-0.097151,0.098561,0.18278,0.055266,-0.057767,0.24439,0.26634,0.050746,-0.16205,-0.069014,-0.065438,0.038828,-0.30319,0.18039,-0.09559,0.099839,0.021082,0.16187,-0.14189,0.045811,0.0076017,0.063871,0.038285,-0.17171,-0.2594,0.40988,-0.20166,-0.045915,0.041222,-0.055681,-0.12036,-0.048054,0.10169,-0.22696,0.19894,-0.031193,-0.037086,0.14463,-0.030296,-0.25071,-0.049623,0.088219,-0.10698,0.26587,0.058932,-0.047392,0.26936,0.10142,0.058748,-0.12143,-0.010231,0.069293,0.061731,-0.21111,-0.20976,0.20179,-0.14688,-0.153,0.11471,-0.06714,-0.023857
0.11381,0.42208,-0.033656,-0.025919,-0.056225,0.30126,-0.05551,-0.23224,0.12036,0.098323,0.29115,-0.093789,-0.030743,0.30539,-0.1385,-0.13069,0.12547,-0.18217,0.075052,0.048348,0.044034,-0.14073,0.27592,-0.07105,-0.098438,0.046399,0.11108,-0.0010189,0.15214,-0.20936,0.035466,0.037956,0.041903,-0.044467,0.1502,0.067894,0.19531,0.0032319,0.22109,0.32214,0.20074,0.28719,0.18188,-0.017037,-0.30168,0.080763,0.39485,-0.14356,0.015595,0.0045158,-0.011949,0.15114,0.24034,0.12406,-0.022831,0.048062,0.061278,0.17458,-0.05056,0.23504,0.41296,0.10624,0.55568,0.14298,-0.15761,-0.18502,-0.013087,-0.086047,-0.069352,-0.15203,-0.066702,0.22414,-0.016627,-0.0014238,0.057481,-0.23126,0.10947,0.011487,-0.0026213,-0.12564,0.23478,-0.16652,-0.1462,0.1708,0.11432,-0.15069,0.05483,0.079426,-0.14968,0.27999,-0.12604,0.40062,-0.12055,-0.093322,0.36882,-0.087219,-0.14751,0.044351,-0.0050736,-0.011283
-0.075552,-0.083013,-0.093562,0.04419,-0.0084888,-0.17557,0.00044978,0.2922,0.32675,0.076268,0.30036,-0.20229,0.1571,0.18395,0.38746,-0.080247,0.29122,-0.071755,-0.22647,-0.054205,0.0037996,-0.066155,-0.13052,0.20815,0.63242,-0.099638,0.030296,-0.131,0.036078,-0.075451,0.19773,-0.082869,-0.12475,-0.040752,0.53207,-0.00062431,-0.096223,0.074939,0.29554,0.18281,-0.13731,0.027492,-0.015893,-0.31111,0.21972,-0.043334,-0.18543,-0.19004,0.019161,-0.068068,-0.15521,-0.12819,-0.041428,0.17484,-0.11378,-0.1228,-0.35171,0.22839,0.023433,0.20698,0.19665,0.17508,0.068389,-0.061672,-0.014508,-0.23096,0.093222,0.39143,0.2273,-0.078116,-0.24809,-0.033364,-0.25055,-0.013403,-0.053249,0.12638,0.13891,0.10354,-0.1493,0.096815,-0.040358,-0.077718,0.45227,0.0068015,-0.12252,-0.13175,0.034689,0.10847,-0.12734,0.051569,0.21308,-0.10712,-0.0069799,0.26549,-0.11725,0.1245,-0.15116,0.0040036,0.24905,-0.23512
-0.03261,0.04911,0.015522,-0.13043,0.092415,0.0085944,0.14026,0.1032,0.014418,0.33953,0.23751,0.17931,-0.070675,-0.032184,-0.16356,0.1361,0.05128,0.11465,0.076468,-0.19544,0.013378,-0.10254,0.074123,0.26079,0.18749,0.12177,0.009598,-0.0015247,-0.0027373,0.13679,-0.19887,0.14237,-0.11555,-0.043432,0.064917,0.069634,-0.084588,-0.00040078,0.12375,0.038731,0.018613,0.0055196,0.37229,-0.045101,0.015868,0.30161,0.048237,0.059062,0.0313,0.035669,-0.069138,0.10091,-0.19747,0.12802,0.12832,-0.027758,-0.14522,-0.17496,0.34862,0.21896,-0.16968,-0.052704,-0.24966,0.025695,-0.021909,-0.072372,-0.0047584,-0.22897,-0.039628,-0.076149,-0.011102,0.15543,-0.10746,-0.030462,0.20206,-0.12615,-0.28857,-0.16047,0.19547,-0.12118,0.037296,0.13639,-0.24152,-0.03566,-0.099591,0.37606,0.05586,-0.071614,0.09747,-0.020711,-0.0057006,0.048918,0.12767,-0.20381,0.20809,-0.19522,0.077193,-0.10005,0.021867,-0.28619
0.16172,0.27177,-0.0036736,-0.019356,-0.21907,0.082728,-0.046315,0.038361,0.091694,-0.0070172,0.026787,-0.19627,-0.0055575,-0.1358,-0.029169,0.012189,0.11443,0.039704,0.18546,-0.11473,0.24515,-0.23985,0.0075435,-0.057471,-0.16255,-0.074007,0.097146,0.055582,-0.0078273,0.22958,-0.0025064,-0.064087,0.32223,0.14259,0.0024396,0.095072,0.16756,0.0078116,0.2575,-0.11259,0.14697,-0.23686,0.035592,-0.22317,0.1281,0.03619,-0.019982,-0.20755,-0.061776,0.15422,0.02191,-0.17657,-0.067091,-0.070969,-0.051562,-0.14852,-0.033916,-0.028368,-0.32617,0.04279,0.4424,-0.061949,-0.16939,-0.31542,0.061564,-0.025559,-0.091639,-0.099971,0.057759,0.056663,-0.29417,-0.063408,-0.10209,0.22468,0.14596,-0.10934,0.38297,0.12848,0.20075,0.17364,0.22954,-0.15788,0.067529,-0.030652,-0.16991,-0.041573,-0.16453,0.25355,-0.043126,-0.13224,0.033197,-0.052511,0.18803,-0.002753,0.10035,0.0025579,0.40872,0.0048333,0.010968,-0.16707
0.29406,-0.05835,0.16094,-0.020627,0.11592,0.21796,-0.10047,0.2296,-0.050249,0.21589,-0.057131,0.17243,-0.16014,0.13413,0.0074879,0.32148,0.057254,0.23507,0.042091,-0.13059,-0.17527,-0.072746,0.0052628,0.065075,0.11783,0.030049,-0.052853,0.10391,-0.061431,0.40561,0.23263,0.16308,0.30142,-0.04246,-0.085676,0.17496,0.045859,-0.020462,0.12417,-0.068753,-0.037298,0.15666,0.17114,-0.16342,0.028773,0.14428,0.079101,-0.14128,0.047389,-0.1543,-0.051271,0.070888,-0.15726,-0.042491,-0.060535,0.044974,0.040992,-0.24191,0.24855,0.13706,-0.053436,0.037387,0.039018,0.020611,-0.10915,0.033538,0.24646,0.21507,-0.0065407,0.38356,-0.086971,-0.10821,-0.055438,-0.022933,-0.076447,0.012498,0.3078,-0.28193,-0.15935,0.099372,-0.00010447,-0.074032,-0.086822,0.17717,-0.017706,0.22421,0.032691,0.066993,0.069698,-0.17055,0.16905,-0.15609,-0.011261,-0.12719,0.19011,-0.13958,-0.065073,-0.053362,-0.090922,-0.25002
-0.069021,0.11994,-0.029207,0.14621,0.1748,0.1988,-0.015861,0.18061,0.25309,-0.093547,0.32598,-0.18121,-0.17031,-0.15055,0.058722,-0.095373,0.032112,0.15758,-0.051271,0.41535,0.25957,0.033308,0.1993,0.27537,0.41438,-0.1769,0.0089616,-0.13139,0.063802,-0.17375,-0.030715,-0.13227,0.15616,-0.1757,0.11421,-0.031092,-0.050927,0.26999,-0.20959,-0.069411,0.24004,0.34074,0.12719,0.19365,0.065682,-0.19901,-0.16092,-0.21384,-0.23788,0.11655,0.16709,-0.033737,-0.096046,0.28749,-0.058293,-0.022253,-0.19844,-0.014082,0.027043,-0.39377,-0.24397,0.28904,0.3615,0.055844,-0.33051,-0.048968,0.096779,-0.18282,0.099242,-0.12368,-0.15859,0.030769,-0.1092,-0.07743,-0.022552,-0.1391,-0.054482,0.038195,0.064211,0.14218,0.22252,0.083996,0.12898,0.059543,0.17664,-0.029353,-0.22857,-0.061325,-0.082279,-0.054705,0.19516,0.15231,-0.16398,0.06422,-0.083128,0.20163,0.1253,0.10225,0.24416,-0.011221
-0.075132,0.31726,0.022238,0.12173,-0.19057,-0.0067665,-0.22996,0.20624,0.15388,-0.060339,0.021885,-0.010622,-0.039378,0.11889,0.14881,0.046454,0.049944,-0.23685,-0.18213,0.31313,0.18461,0.16278,0.15975,-0.17253,-0.077361,-0.065164,0.063938,-0.10731,-0.12895,0.13813,0.39028,-0.084273,-0.019348,-0.011904,0.22745,0.39152,0.12105,0.34708,0.45755,-0.15308,0.1773,-0.068647,0.22324,-0.1149,-0.090642,0.47434,0.0050403,-0.3058,0.14949,0.020324,0.0072844,-0.12119,0.083256,-0.018534,-0.0096332,0.25239,0.28595,0.10068,0.22248,-0.13672,-0.14617,0.061401,0.13624,-0.018274,-0.073501,0.023844,0.043336,0.084279,0.16042,-0.058685,-0.23215,-0.17583,-0.08085,0.087779,-0.20054,0.2945,0.41717,0.062928,-0.1953,0.27987,-0.2785,-0.014331,-0.027339,-0.11112,-0.11152,0.019192,-0.016719,-0.015603,0.033718,0.16905,-0.13864,0.11917,-0.16115,-0.036455,0.010043,0.037297,-0.30459,-0.22401,0.082641,0.12707
0.0040048,0.003321,-0.2559,0.037796,-0.04831,-0.071232,-0.042242,0.029539,0.094431,0.1849,-0.25675,0.11763,0.039136,-0.11924,0.059255,-0.037581,-0.033978,-0.034938,0.15689,-0.10719,-0.075328,-0.16136,-0.002718,0.23634,-0.017473,-0.10149,0.014684,0.11479,-0.17725,-0.31157,0.25591,-0.024123,0.22076,0.19694,-0.033311,0.054755,-0.056983,-0.075735,-0.17355,-0.25077,0.11646,0.20066,-0.0047944,0.14465,0.23361,-0.2666,0.4367,0.17249,0.050501,0.18553,-0.055606,-0.00032135,0.16922,-0.048858,0.14248,0.12437,-0.011527,0.19581,0.014161,0.031005,0.55204,0.019705,-0.011864,0.20477,0.19109,0.11289,-0.25018,0.15479,0.017402,-0.055242,-0.066408,0.06786,0.16633,0.2127,0.10114,-0.056202,0.18189,-0.025301,0.090646,-0.15505,0.062284,-0.10757,0.0084211,-0.18844,0.18019,-0.072471,0.15808,-0.027235,0.24619,-0.15557,0.17506,-0.138,0.32043,-0.20323,0.27047,-0.020581,0.44009,0.15085,0.36163,-0.17719
0.13789,0.0052105,-0.085884,-0.042391,0.17393,0.16804,-0.16693,0.12118,0.071523,-0.21792,0.04201,0.073019,0.15125,0.22248,0.015604,-0.11688,0.3261,0.22345,0.13777,0.20734,0.28893,0.16149,-0.084116,0.22865,-0.024233,0.18146,-0.037069,0.1001,0.017204,-0.21222,-0.036297,-0.070526,-0.078194,-0.14669,-0.11244,0.12704,0.064731,-0.16293,-0.17799,-0.27687,0.063831,-0.10433,-0.16497,0.12246,0.3689,0.077927,0.018435,0.085924,0.060529,-0.037818,0.085833,0.096404,-0.15804,-0.0063109,-0.11588,0.019984,-0.006304,-0.021118,-0.22399,-0.0315,-0.095714,-0.056728,0.34002,-0.021085,-0.039224,0.14187,0.04702,-0.034981,-0.25789,-0.042267,-0.011575,0.14229,-0.033412,0.3288,-0.04236,-0.12989,0.21493,-0.025482,0.16408,-0.11749,0.083182,-0.028957,-0.097917,0.11552,0.16324,0.20322,-0.22013,0.016755,0.11806,-0.14588,0.10454,-0.05872,-0.067206,-0.1966,0.14181,-0.10594,0.22186,0.20746,-0.099976,-0.13119
-0.087946,0.098458,-0.13815,0.030918,-0.09864,-0.12657,0.33905,-0.10463,-0.25654,-0.12964,-0.13496,0.20513,0.063574,0.29644,-0.03135,-0.04336,-0.079188,0.096735,0.19495,0.2893,0.033002,-0.1184,0.1173,0.1912,0.13469,0.090889,0.029947,0.17496,0.083808,0.21355,0.41681,0.076476,0.088866,0.10389,0.040399,-0.27607,0.26758,0.014341,0.045989,-0.17065,-0.024116,0.010046,-0.10176,0.15533,-0.12587,0.25342,-0.028195,0.037038,0.12297,-0.18459,0.14273,0.72529,0.31545,0.09584,0.10081,-0.017441,0.21655,-0.061464,0.21758,-0.042504,0.00202,-0.10496,0.24827,0.078266,-0.12433,-0.1677,-0.040726,0.15777,-0.38825,-0.02918,-0.22249,0.31053,-0.10802,0.076598,-0.17083,0.015606,0.30878,-0.16613,-0.070632,0.072482,0.018701,-0.34939,-0.26466,-0.14154,-0.21938,-0.14074,0.027003,0.17128,-0.030925,-0.021831,-0.12431,0.13564,-0.030513,0.14284,-0.036015,-0.010334,-0.051457,0.45893,-0.15004,0.18495
-0.056667,-0.041841,-0.1458,-0.11552,-0.37846,0.13066,-0.097379,0.20845,0.13998,-0.19934,0.4164,0.0036789,-0.044308,-0.2418,0.22815,-0.041143,0.24958,0.071534,0.12859,-0.26323,0.084554,0.20579,-0.070875,-0.038526,-0.010986,-0.1417,0.0025016,0.031784,0.040749,0.20942,0.15843,-0.030902,-0.12596,0.15416,-0.11368,-0.20309,0.44908,0.23089,-0.18762,-0.094145,0.27312,0.30069,-0.14169,0.17539,0.54565,0.29184,-0.11204,0.13871,-0.12872,0.078983,-0.11934,0.078308,0.17652,-0.0046745,-0.075692,0.040648,-0.036127,0.19187,-0.11139,0.20684,-0.084715,0.17615,0.11777,-0.11416,-0.11935,0.0047578,-0.33943,-0.038944,0.29397,0.17807,-0.27742,0.056203,-0.029455,0.38438,0.33141,-0.075853,0.1297,-0.092225,0.16113,0.22219,0.21723,-0.01822,-0.054923,-0.21803,-0.030052,0.099554,-0.019585,-0.011332,-0.32235,0.16307,-0.018361,-0.2689,0.10872,-0.1864,-0.12171,-0.08081,0.12482,-0.061364,0.19993,0.019277
-0.2958,0.043122,0.43108,0.03134,-0.030449,-0.13495,0.019519,0.1346,-0.030077,-0.26332,0.31063,-0.25506,-0.074669,0.13098,-0.056038,-0.11474,0.45498,0.18485,0.0028856,0.069339,0.14147,0.17111,0.54795,0.068461,0.23321,-0.021395,-0.037679,-0.11739,0.11589,-0.13226,-0.060041,0.056694,-0.093684,0.24171,0.018833,-0.29423,0.26549,-0.039247,0.23284,0.10158,0.10932,-0.052755,-0.015149,0.29297,0.21122,0.18473,0.080291,0.087851,-0.10676,0.16889,0.065203,0.11492,0.049078,-0.23728,0.12472,0.0016939,0.041796,-0.10476,0.10513,-0.11192,0.085562,0.1747,0.24437,-0.34732,0.42344,-0.079767,0.63896,0.22331,0.035336,0.26564,-0.13411,0.039237,0.24332,-0.0076742,-0.10074,0.2464,0.11224,-0.23748,-0.13764,0.084977,0.03288,0.07089,0.082867,-0.040887,0.23046,-0.077235,-0.18283,-0.2424,0.35063,0.25969,-0.20787,0.2608,0.16965,-0.15665,0.12982,-0.13053,0.60406,-0.055861,0.096627,0.3213
0.068701,-0.0014746,0.34727,0.23215,0.17241,0.044536,0.21272,-0.14067,0.41693,0.023971,0.0309,-0.022056,0.11957,-0.046299,-0.029056,0.066816,-0.011741,0.11063,-0.1814,-0.0033946,-0.089642,0.062354,-0.17253,0.070638,0.019196,-0.01466,-0.060565,0.28213,0.056906,0.10103,-0.054073,0.12234,-0.15748,0.094203,0.36192,0.19696,0.16349,-0.17008,-0.044743,-0.056334,-0.073475,0.08199,0.17273,-0.22552,0.09811,0.0068481,-0.094731,0.056013,0.099341,0.03433,0.0092155,-0.24736,-0.18576,-0.22341,0.18679,-0.094481,0.046922,-0.14992,-0.058044,0.010512,0.061095,0.073709,-0.048951,-0.11845,0.13265,-0.049084,0.057178,0.019803,0.14376,-0.078523,-0.012661,0.20578,-0.033653,-0.13592,-0.098891,-0.022575,0.027867,0.20805,0.24706,-0.1682,0.1103,0.087943,0.13004,0.14843,0.22335,-0.21859,0.14507,0.14347,-0.021929,-0.032048,0.50486,0.56642,-0.11778,-0.068702,-0.070905,-0.21472,-0.055097,-0.0054821,-0.045871,0.14384
-0.044197,-0.15319,-0.10032,-0.23254,0.049005,0.11612,-0.0029264,-0.13401,0.17362,0.11286,0.097626,-0.18822,0.17185,-0.12779,-0.081494,-0.25751,-0.13157,0.060601,0.2651,-0.02971,-0.073546,-0.12001,0.2357,-0.014601,0.29277,0.1428,0.040867,0.1178,-0.14691,0.32382,0.018668,0.048206,0.030097,-0.17819,-0.056716,0.46311,0.0065537,0.26556,0.27451,0.22234,0.071542,-0.22887,0.038429,0.1179,0.2343,-0.027002,0.048985,-0.024995,0.122,-0.20326,0.44007,-0.1897,-0.11151,0.15,-0.18106,-0.16415,-0.063141,-0.11847,0.21973,0.34281,-0.048968,0.18183,0.010267,-0.054349,0.079787,0.17844,0.27432,0.22211,0.1145,-0.15287,0.074778,0.0053755,-0.051886,-0.031517,0.15182,-0.03794,0.17791,-0.18469,0.37471,0.34078,-0.026391,-0.1414,0.13002,0.035885,0.18844,-0.094932,-0.058318,0.096279,-0.031374,0.025142,0.39523,-0.20247,0.00011572,0.0038861,0.10248,-0.056804,-0.069275,-0.07259,-0.26772,-0.069417
0.11025,0.13444,0.027548,-0.010864,-0.044655,0.089881,-0.073314,-0.070852,0.027128,-0.19395,0.010374,-0.098097,0.2409,0.11723,-0.097688,0.078716,0.0021712,-0.099861,-0.0071805,-0.042078,-0.040208,-0.03891,0.058409,-0.093353,0.0793,-0.066459,-0.23383,-0.033909,0.060925,0.1143,-0.10646,0.061611,-0.10799,0.2538,-0.20121,-0.055871,-0.15699,0.14178,0.10001,0.30102,0.081396,-0.022129,0.26169,-0.14772,-0.015179,-0.043122,0.14798,-0.14998,0.022512,0.38262,0.025984,-0.13402,0.19491,0.36754,0.069113,0.072059,0.09326,-0.10267,0.021688,0.023995,-0.10796,0.008476,-0.030279,-0.0043792,0.089967,-0.026218,0.1213,-0.2168,-0.045318,-0.062186,0.13635,0.048858,0.20013,0.12767,0.06221,0.11431,0.23952,-0.063648,-0.020204,-0.12756,-0.15369,0.2002,-0.11947,-0.032752,0.014377,-0.18954,0.038793,-0.11594,0.026799,0.08646,-0.12005,0.27317,-0.054105,0.21343,-0.15874,-0.11003,0.25992,-0.12943,-0.082747,-0.04436
0.15967,-0.052005,-0.033675,-0.06501,-0.15567,-0.05107,0.068334,-0.24999,0.15268,0.44547,0.11256,-0.073088,0.29364,0.01006,0.079007,0.21115,-0.16413,0.023132,0.12487,-0.056132,0.3199,0.35525,-0.057196,-0.03043,0.060536,0.18331,0.051576,0.11471,-0.068207,0.2071,-0.019597,-0.24375,0.022295,-0.11704,0.282,-0.15013,0.059451,-0.010605,0.10635,0.069132,-0.052248,-0.032601,0.26784,-0.19293,0.10941,-0.027296,-0.13675,0.38121,0.28138,0.0015534,0.062874,0.11342,0.00063991,0.032112,-0.0011105,-0.073473,0.1585,0.063204,0.061746,-0.010373,0.20243,-0.031728,-0.22261,-0.030458,-0.018791,0.05028,-0.01995,-0.09747,0.20227,0.058539,-0.17643,0.21562,0.038185,-0.25202,0.08112,0.30677,0.52068,-0.085014,-0.040853,-0.037453,0.21302,-0.00040034,-0.18036,0.012981,0.035498,0.061794,-0.0018267,0.029873,-0.17471,0.079405,0.1326,0.024982,-0.037627,0.090833,0.071143,0.054334,0.53074,-0.14241,0.21857,-0.011752
0.052203,0.42933,0.17531,0.015244,-0.11284,0.0097078,0.24514,-0.056826,0.28248,-0.1879,0.059061,0.18943,0.17814,-0.038355,-0.27906,0.070594,0.3307,0.22787,0.27547,0.241,0.045502,-0.055888,0.19637,0.15567,0.087433,-0.24654,0.22193,0.15981,-0.11697,-0.0037587,-0.059778,0.15786,-0.082486,-0.12006,-0.054505,0.03208,0.067338,0.22461,-0.026131,0.0099576,0.088715,0.046299,-0.061453,0.14357,0.13462,-0.082011,0.17969,0.16269,-0.28679,0.078559,0.052323,0.24893,0.12938,0.21587,0.201,0.032856,0.25673,-0.034584,-0.048724,-0.22076,0.17864,0.2757,-0.0035639,0.29405,-0.12934,-0.01126,0.19758,-0.16359,0.13401,0.14579,-0.15195,-0.081604,-0.10128,0.063253,-0.24652,0.083671,0.20194,-0.11985,0.212,0.12339,-0.022338,0.38116,-0.066399,-0.13896,-0.11418,-0.12715,-0.16491,0.026415,0.23497,-0.015189,-0.15194,-0.088561,-0.074349,-0.1012,0.11285,0.23917,-0.11062,-0.16031,0.14278,0.20796
0.3665,-0.0085397,-0.012914,0.16067,-0.079073,-0.24646,0.13732,0.01124,0.15089,-0.028512,-0.10183,-0.0079044,0.28907,-0.22355,-0.098762,0.072177,0.21495,0.6067,0.061019,-0.047049,0.049505,0.49728,-0.0076025,-0.28138,-0.1358,0.077227,0.040073,0.1869,0.21831,0.11639,0.2635,-0.16625,-0.1318,-0.30519,-0.0028068,0.10135,0.071437,-0.18174,-0.088714,0.18404,0.044836,0.27849,0.13236,0.10851,-0.066047,-0.0073715,0.035907,0.117,0.15473,-0.062924,0.52682,0.1591,0.08562,0.11297,0.20155,0.014283,0.032239,-0.00637,-0.005502,0.24343,0.018756,0.057598,0.050719,0.051187,0.020118,-0.10269,-0.15476,-0.036283,-0.089233,0.099727,-0.013477,0.48303,0.38602,0.073685,-0.033436,0.0060144,-0.15608,0.004062,-0.013924,0.14428,0.094619,-0.13161,-0.34521,0.32399,-0.19845,0.12863,0.078973,0.044599,-0.15985,-0.31439,-0.061827,-0.05672,0.0068629,0.2573,0.20712,0.42902,-0.11342,0.38866,-0.084751,-0.057418
0.20173,0.040577,0.14217,-0.13865,-0.16719,-0.20457,0.23617,-0.11733,-0.30824,-0.12981,-0.1797,0.062158,-0.083519,0.05005,0.063582,0.15674,-0.035512,-0.082981,0.080917,-0.30741,0.25161,-0.098504,-0.15049,0.13968,0.24909,0.21125,0.20184,-0.30918,-0.074386,0.26762,0.41817,0.2026,0.15672,0.30081,-0.037692,0.030367,-0.10932,0.21079,0.078827,-0.10338,0.020635,0.07967,-0.071595,-0.11324,-0.31436,0.10197,-0.16327,0.21577,0.12735,-0.0054927,-0.19262,0.11085,0.050919,-0.0026951,-0.15784,0.11288,-0.072386,0.01536,-0.052227,-0.038474,0.044114,-0.15767,-0.1295,-0.047356,0.10692,0.17723,-0.12397,0.36481,0.17659,-0.25164,0.098313,-0.14186,0.046551,0.04195,-0.14705,0.16807,0.03004,-0.28641,-0.11999,0.34428,-0.23677,0.079077,0.28574,-0.00091011,0.10532,-0.19714,0.23184,0.17422,0.28337,0.14564,0.0097916,0.027058,0.27682,0.16151,-0.059974,0.10639,-0.072502,0.082263,0.010769,0.17738
0.1944,-0.079305,0.36492,0.064537,0.017798,0.18239,-0.032577,0.1026,0.33399,0.027621,0.46624,-0.15841,-0.34959,-0.078485,0.006714,0.068507,0.02932,0.039875,0.27944,0.37436,0.11543,0.13305,0.085614,0.058918,-0.19052,0.041655,0.090887,0.17455,0.14672,0.23717,0.1394,-0.14098,0.010928,0.051001,-0.084052,0.014013,-0.049074,-0.014297,0.008288,-0.078631,-0.051261,0.051583,0.064395,-0.22155,0.0040466,-0.2224,-0.10474,0.2883,0.21873,0.13463,-0.0094001,-0.03281,0.028733,0.17814,0.05972,-0.22284,-0.10602,-0.046282,0.091429,-0.087886,-0.05999,-0.21219,0.13549,0.03019,-0.2706,0.045218,0.17752,-0.10609,-0.19869,0.19604,0.11104,-0.066394,0.15586,0.071256,0.025364,0.11774,-0.086325,0.31192,0.19388,0.16343,0.13404,0.27955,-0.22882,0.011516,0.20626,-0.0096009,0.1253,-0.19592,-0.13841,-0.019745,-0.00050864,-0.037725,-0.13746,0.14702,-0.25211,0.12186,0.19988,0.049595,-0.19293,0.092396
0.29638,0.29362,-0.42005,0.13913,-0.038254,-0.0067235,0.34957,-0.13351,0.13441,-0.047136,0.034208,0.22815,0.24602,0.27349,-0.17082,-0.11593,0.11061,-0.20496,0.063485,0.39891,0.071035,-0.18781,0.19846,0.0032851,0.38531,-0.041923,0.19837,0.11224,-0.20643,0.046183,-0.093736,0.22832,-0.085391,-0.066279,0.19244,0.1556,0.030979,-0.10767,-0.060567,-0.15739,0.19297,-0.058006,0.10374,-0.0051051,0.14253,0.040213,0.034268,-0.10173,-0.10629,0.37295,0.0021883,-0.0075487,0.089223,-0.32465,0.21773,-0.11265,-0.039701,0.13391,-0.21892,0.29827,-0.098472,0.10586,0.031159,-0.05251,-0.054418,0.1656,-0.020006,0.014588,-0.1749,4.2382e-05,0.010928,-0.063035,0.24521,-0.023366,-0.15491,0.12106,-0.20529,-0.17376,-0.15588,0.045153,0.037641,-0.073949,0.27532,0.037837,0.16484,0.02463,0.026904,-0.076883,-0.14228,-0.10434,0.17314,-0.15094,0.3671,0.10647,0.016916,-0.027168,-0.10643,-0.18897,0.25648,-0.12353
0.055365,-0.11185,0.13195,-0.020483,-0.18757,-0.018437,-0.067371,0.14143,-0.079861,-0.080171,-0.012051,-0.097598,0.00026846,0.1415,0.078237,-0.062684,0.15973,-0.25086,0.0032469,0.16437,-0.026138,0.39801,0.14867,-0.0034433,0.13366,0.029809,0.19139,-0.039623,0.022169,-0.1842,0.056886,-0.10006,-0.073108,0.20751,-0.060915,-0.13008,-0.18431,0.16271,0.12681,-0.16415,0.12748,0.1072,0.074721,-0.13408,0.27401,0.185,0.064808,-0.014531,0.012246,0.061219,0.1468,0.11129,0.023296,0.25915,0.23818,0.12226,-0.023866,-0.098829,0.12268,0.095563,-0.18334,0.40035,0.17779,0.19717,-0.065189,0.1954,-0.13026,-0.27977,-0.057026,-0.085043,-0.15115,0.11481,-0.13087,-0.21531,-0.010139,0.074424,0.060055,0.5241,0.16036,0.11127,0.22507,0.018214,0.12615,0.22822,0.1044,0.36943,0.11011,-0.21068,-0.019065,-0.21287,0.011291,-0.14731,0.01176,-0.31072,0.0074274,0.12386,-0.036145,0.30463,0.37518,0.077968
0.0044189,0.036853,-0.0473,-0.2182,0.0057645,-0.041538,-0.085564,-0.012886,-0.089365,-0.12494,0.090752,-0.010937,0.095403,0.25432,-0.0078504,-0.20158,0.013258,0.12388,0.12492,-0.30751,0.096379,0.42552,-0.11424,-0.070078,0.17386,-0.10817,-0.18353,0.14398,-0.24078,0.033358,-0.091255,-0.13452,0.24696,-0.011164,0.22838,0.02388,-0.024661,0.19349,0.001093,0.19856,-0.10289,-0.084053,0.24532,0.04252,0.1003,0.017891,0.10663,0.22528,0.18897,0.22207,-0.25925,0.18186,0.29347,-0.17444,0.19585,-0.064964,0.15087,0.020239,0.18066,-0.025917,0.081095,0.10099,0.10887,-0.037283,0.18807,0.18025,-0.076705,-0.12856,-0.052729,0.054914,0.10015,0.10703,0.13211,0.23423,0.57546,0.10247,-0.13892,0.094011,0.041437,0.40557,-0.00059425,0.23578,0.22714,-0.14934,-0.072259,0.17408,0.016322,-0.12522,0.25193,0.13482,0.12355,-0.023273,-0.13003,0.16498,-0.077494,-0.11989,-0.11968,0.38088,-0.23018,-0.038788
-0.12347,-0.12661,-0.1439,-0.003313,0.19996,-0.25065,-0.12341,0.011905,-0.12274,-0.14544,-0.10016,-0.038177,-0.16484,0.061235,0.31177,0.01229,0.27326,-0.032545,-0.085408,-0.23663,0.2357,0.17374,-0.15824,-0.046551,-0.12399,0.068864,0.13666,-0.029291,0.12603,0.098226,0.17505,-0.17515,0.023328,0.1817,0.15908,-0.043179,0.16938,0.10033,0.090661,-0.0174,-0.043839,0.040088,0.18777,-0.17111,0.097943,0.040505,-0.025822,-0.043531,0.28512,-0.19924,-0.28947,-0.16744,0.18388,-0.024985,0.455,-0.12066,0.11594,0.069557,0.11186,0.3222,0.078536,-0.13509,0.22423,0.071786,-0.30222,0.14436,-0.047073,0.48345,0.2082,0.21107,-0.081195,0.18125,0.011084,0.043071,-0.13454,0.2475,-0.1473,0.11013,-0.0081357,-0.011634,-0.27214,0.11506,0.085376,0.37282,-0.18385,0.056007,-0.18208,0.059086,0.16136,-0.074233,0.13664,0.1572,0.063533,0.10624,0.071957,-0.18491,-0.045957,0.076262,0.31331,0.18953
-0.10371,0.35208,-0.21669,-0.046588,-0.18271,0.083326,0.29605,-0.17447,0.0093198,0.0027956,0.080017,0.16026,0.053617,-0.16307,-0.079546,0.20086,0.022221,-0.1077,0.020041,0.11732,-0.076665,0.30604,-0.17577,-0.046481,-0.042563,0.093277,0.027727,-0.20331,-0.033021,0.34749,0.43796,0.17352,0.19433,-0.13405,0.25469,0.053652,-0.013815,-0.019214,0.16368,0.19501,0.036612,0.021958,-0.037392,0.056802,-0.057344,0.43252,0.022961,-0.0081742,0.022363,0.081499,0.02081,-0.0095572,0.12788,0.082854,-0.091352,0.041549,-0.27608,0.34168,0.14566,0.014949,0.087729,0.17553,0.28323,-0.023655,0.10881,-0.060051,-0.0039929,0.12006,-0.054944,-0.10102,-0.15538,0.176,0.16475,0.52275,0.07536,0.062209,0.4429,0.33164,-0.068199,-0.12399,-0.06805,-0.039957,0.18527,-0.05881,-0.030218,0.097688,-0.078317,0.14687,-0.10398,-0.12613,0.067526,0.025148,0.14809,0.047232,-0.070311,0.22085,0.26494,-0.14364,0.11027,0.0047407
0.13996,-0.19317,-0.23985,-0.21292,-0.081387,0.065684,0.12595,0.18373,0.096522,0.26096,-0.14029,-0.20772,0.01324,0.13285,0.049364,-0.034297,-0.15621,0.22216,0.12511,0.17631,0.35146,-0.021984,-0.13593,0.15535,0.22534,0.058776,-0.12332,-0.039277,0.031505,0.091052,0.011228,0.082246,0.35228,0.13599,0.21311,-0.10952,0.39144,-0.14541,-0.23819,0.25383,0.037169,-0.090408,-0.099212,-0.18586,0.19023,-0.19903,0.11441,-0.0049273,-0.06841,0.54896,0.050941,-0.10913,-0.0891,0.022623,0.19211,0.00024533,0.074322,-0.18401,-0.12085,0.33045,-0.09198,-0.095315,0.049515,-0.10332,0.26272,-0.28908,-0.23795,0.016876,0.24339,-0.053613,0.10252,-0.014277,-0.1871,0.057678,0.052898,0.22364,0.1305,0.026388,0.45906,-0.0015679,-0.18974,-0.17629,0.010943,0.14826,-0.12893,0.13229,0.25984,-0.067383,0.029062,0.17679,0.28909,0.016735,0.091858,0.030902,-0.13713,-0.052444,-0.11133,0.15342,0.14102,-0.046164
-0.022715,0.10536,0.12853,0.1058,-0.051164,0.51761,0.22287,-0.030097,0.056434,-0.091448,-0.21533,0.36006,0.19886,-0.0734,-0.25374,0.057521,0.012976,-0.20861,0.16208,-0.032536,0.20428,-0.090866,-0.093635,0.056094,-0.12057,-0.17161,0.12111,-0.1787,-0.026253,0.053515,0.24816,-0.14125,0.10694,0.10531,-0.18583,0.26835,-0.16846,-0.11619,0.10819,-0.062431,-0.15683,0.13977,-0.09103,0.097826,-0.062317,0.027894,-0.020538,-0.16559,0.079204,-0.068407,-0.15521,-0.02746,-0.012391,-0.040882,0.0053968,0.35578,0.37099,-0.074507,0.48877,0.1246,-0.17272,-0.056917,0.6196,-0.039687,0.28937,-0.26323,0.058768,-0.048669,-0.1914,0.2231,0.034226,-0.20448,0.059686,0.34206,0.16352,-0.1915,-0.17951,-0.042507,-0.057314,-0.064878,0.018467,0.017438,0.14266,-0.13738,0.052253,0.0029172,0.14638,0.119,0.075569,-0.15631,0.14309,-0.1281,0.078179,0.14475,0.11353,0.0084349,0.23896,0.083823,0.2396,-0.1266
-0.019874,-0.061557,-0.12718,0.064054,-0.002731,0.1459,-0.07769,-0.051802,0.21194,-0.28071,0.2266,0.25489,-0.12565,-0.082986,-0.033392,-0.089143,0.10655,-0.13177,-0.036579,0.040196,-0.10688,-0.047523,0.14028,0.019536,0.099498,-0.24431,0.10533,0.2579,-0.0099547,0.07846,-0.13984,0.068278,0.13158,0.37075,0.28792,0.051225,-0.11306,-0.043939,-0.046251,-0.1253,0.097676,-0.12302,0.019395,0.21141,0.29539,0.17039,-0.14192,-0.18301,-0.030181,-0.065746,0.26045,0.038356,-0.122,0.16302,0.2383,-0.18186,0.13254,0.049233,0.16577,0.20357,-0.01638,-0.014551,0.41734,-0.079658,0.12474,0.013382,-0.017383,-0.10486,-0.21695,0.12512,0.068019,-0.11637,-0.14417,0.074559,-0.0061121,0.036723,0.13139,0.17963,-0.28267,0.065435,-0.025007,0.17627,0.098585,-0.11952,0.1788,-0.14257,0.16194,-0.088387,0.087684,0.080663,-0.1168,-0.28538,0.015409,-0.064454,-0.11806,0.068081,0.10053,0.2266,0.050948,0.055569
-0.33236,0.12241,-0.085419,0.49218,0.12425,0.034827,-0.13906,-0.034202,0.19481,0.25996,0.42858,0.4172,-0.23051,-0.19023,-0.014811,-0.022364,0.17983,-0.014042,0.42142,0.25555,0.0284,-0.10068,-0.029085,-0.09477,0.092492,3.3823e-05,0.0023743,0.37232,0.088359,-0.064229,-0.20903,0.07551,-0.2275,0.12147,0.1911,-0.038046,-0.071943,0.016063,-0.049799,0.10118,0.079713,0.13998,-0.22592,-0.10193,-0.25221,-0.027736,-0.10678,0.27983,0.073006,0.089857,0.28732,-0.15715,0.39814,0.18381,-0.15482,-0.1443,0.11808,0.018653,-0.074738,-0.10531,0.078883,-0.2433,0.28908,0.3601,-0.24886,0.081896,-0.065712,-0.030458,0.0035332,0.0022542,-0.078927,-0.010364,0.37834,0.088257,0.026091,0.39368,0.14741,0.037234,0.069255,-0.040943,-0.22497,-0.081389,0.053572,0.041785,-0.20736,-0.053174,0.053118,-0.11697,0.12258,0.087611,0.041324,-0.026125,-0.081513,0.1192,-0.1536,0.038922,0.16257,0.10482,0.041275,-0.15886
-0.23646,0.1114,0.048988,-0.12102,0.037815,-0.0895,-0.26037,0.11936,0.17928,0.1138,0.067464,0.046091,-0.10929,0.010201,0.15392,0.10649,-0.088421,0.31901,-0.31325,-0.068846,-0.025409,0.19253,0.025803,0.18164,-0.18832,0.33523,0.062658,0.27089,-0.014168,0.048991,-0.055962,0.1923,0.18708,-0.1843,0.19503,-0.01524,0.22615,0.38846,0.073125,0.13967,0.067909,-0.085593,0.22904,0.15547,0.11013,0.32861,-0.010375,0.19044,-0.0092373,-0.004235,0.052046,0.21501,0.058018,0.41779,-0.11404,-0.064595,0.14071,-0.005685,-0.08011,-0.070137,0.12217,-0.072871,-0.023498,-0.001643,0.13777,0.017674,0.17369,-0.20707,-0.12989,0.20556,-0.27653,0.27953,-0.040699,-0.24975,-0.086369,0.14573,-0.12613,-0.25854,0.083826,0.181,-0.0026626,0.034704,0.11406,-0.030247,0.14349,-0.093336,-0.17917,0.23518,-0.089219,-0.018408,-0.055571,0.067485,0.054574,-0.047412,-0.087785,-0.20959,0.11716,-0.037588,0.25801,0.096697
0.39206,0.008114,-0.13308,-0.051367,0.31555,-0.11882,0.20643,-0.047828,0.090124,0.33298,-0.14889,-0.023609,-0.021204,0.058583,0.12153,0.037017,-0.0489,0.10981,0.37403,0.14314,0.24728,0.19145,-0.063962,-0.15852,-0.23894,-0.1969,0.037487,0.12117,-0.11001,-0.060024,-0.22792,0.10932,-0.045977,0.2173,0.10904,-0.10963,0.10528,-0.26497,0.30257,-0.30022,0.73746,0.080914,0.079759,-0.015021,0.39031,0.16866,-0.068288,-0.13538,0.14419,-0.1782,0.14431,-0.035688,-0.010477,-0.014324,0.092333,0.0029758,-0.18048,0.1157,-0.13133,0.062168,0.0093315,0.34505,-0.052264,0.03941,0.12697,0.19236,0.033751,0.18432,0.16003,-0.17916,0.37845,-0.18566,-0.025505,-0.031574,0.046833,-0.20565,-0.097419,-0.080008,-0.012367,0.060636,0.023986,0.026927,0.0050224,0.054989,-0.038247,0.031646,-0.15317,0.023919,0.2846,-0.061807,0.18081,0.15871,0.083937,-0.1532,0.034751,-0.26044,-0.1423,-0.098789,-0.26678,0.071872
0.32456,-0.014003,0.29221,0.11484,0.16297,-0.068502,0.45269,-0.025879,0.05576,0.020307,0.10862,-0.109,-0.034951,0.042961,-0.0038259,-0.048764,0.13173,0.061397,0.054985,0.32812,0.095498,0.035584,-0.096513,0.010017,0.38877,0.32722,-0.15049,0.22984,-0.085862,-0.18492,0.15317,0.093116,0.13252,-0.035172,-0.068328,-0.15656,-0.14245,0.040851,-0.12614,0.086922,0.108,0.14388,0.20998,-0.021213,-0.041763,0.045503,-0.0059812,0.212,0.038984,0.0086067,-0.10035,-0.2598,-0.057146,0.14091,0.01576,0.077537,-0.024451,-0.2012,-0.04528,0.047492,-0.25222,0.086647,0.14667,-0.16227,-0.21133,0.3149,-0.027525,0.13622,0.0030219,-0.12529,-0.032644,0.16703,-0.35204,-0.20034,0.18873,0.0073022,0.064292,-0.1119,0.057108,-0.18173,0.33371,-0.015292,0.30547,0.1729,0.16034,0.15499,0.024014,0.29706,0.18585,-0.27928,0.26293,0.085401,0.19153,0.37496,0.016095,-0.086052,0.20309,0.31482,0.56522,0.2785
-0.21584,-0.089585,-0.1084,0.082965,-0.13338,0.32607,-0.051286,-0.052537,0.23909,0.17452,0.11371,-0.11375,-0.029243,-0.059029,0.024769,-0.0074934,0.30435,0.36212,-0.11515,0.25831,0.091393,-0.090799,0.25557,0.30155,-0.14108,-0.071304,0.19213,0.27554,0.10439,-0.1944,0.021721,0.011419,-0.03258,-0.0076347,0.25248,0.098404,0.046346,0.326,-0.011703,0.12841,-0.094158,-0.055334,0.33689,-0.076623,0.081381,-0.016616,-0.036217,-0.061672,-0.064004,0.028723,-0.15004,-0.14057,0.045595,-0.015337,-0.28057,-0.14592,0.073239,-0.00015436,0.067128,0.12797,-0.31282,-0.1891,0.19813,-0.039371,-0.034012,0.10889,0.21891,0.058886,-0.11504,-0.11094,-0.0064598,-0.093853,0.14618,-0.093224,-0.086265,-0.088342,0.090096,0.25306,0.10904,0.15104,0.35595,-0.061084,0.17624,-0.1492,0.28407,-0.2796,0.06556,-0.039982,-0.043456,0.020336,0.13769,-0.089772,-0.21687,0.069962,0.0031316,0.11484,0.13086,-0.10453,-0.15404,0.16186
-0.13749,0.099071,-0.070305,-0.12185,-0.0032946,-0.058292,0.13111,-0.020681,0.22362,0.17599,0.042873,0.17469,0.19133,0.069187,-0.028578,-0.016326,-0.076285,0.00035302,-0.04755,-0.037554,-0.0025399,0.29935,0.24192,0.13722,0.80869,0.1385,0.40829,-0.094628,-0.13628,-0.060505,-0.099679,0.11712,-0.056807,-0.18454,-0.18275,0.1427,0.14301,-0.093927,0.032804,0.2285,-0.02671,0.033899,0.015011,-0.22522,0.26045,-0.048551,-0.079088,-0.0078702,-0.010578,-0.084375,-0.020325,-0.031497,0.35343,0.14585,-0.064124,0.41162,0.029717,-0.14542,0.272,-0.0024541,0.14048,-0.26041,0.040681,-0.022164,-0.1237,0.12038,-0.052055,-0.018903,-0.097218,-0.10478,-0.16032,-0.15893,-0.016037,0.30406,0.14863,0.11822,0.29705,0.23689,0.20312,0.10278,-0.083237,0.0036358,0.25568,-0.081996,0.10253,-0.091141,-0.0065584,-0.057799,-0.22864,0.19832,0.023492,-0.099741,0.18688,-0.023047,-0.053548,0.028839,0.047241,0.075734,0.10309,0.17681
0.50551,-0.0064322,0.095326,0.16663,0.029604,0.15822,0.068824,0.02257,0.1912,0.33426,-0.025686,-0.059767,0.22693,0.060764,0.18029,0.11768,0.042251,-0.27045,-0.074696,-0.089272,-0.30722,0.1692,-0.19735,-0.091724,0.13194,-0.050341,0.01743,-0.08153,-0.10492,0.16884,-0.048989,0.14286,0.10409,-0.01895,0.20227,-0.061539,-0.106,0.07648,0.10079,0.0090113,-0.032214,-0.022808,0.049036,0.10315,-0.015739,0.021499,-0.034874,0.2226,-0.12219,-0.098574,0.35824,0.11919,-0.22837,0.073964,0.18248,0.13314,0.21195,0.12691,0.27727,0.034027,-0.048493,0.25813,0.11045,0.11152,-0.31943,-0.041526,-0.31081,0.052162,-0.051543,-0.015581,-0.074951,-0.19954,-0.19412,0.40368,-0.081887,-0.16366,0.29068,0.010935,0.54212,-0.043417,0.21225,-0.016779,-0.069836,0.17584,0.24564,0.04761,0.042679,-0.042572,-0.10346,-0.085337,0.28932,0.095983,0.031784,-0.046796,-0.068191,0.17635,-0.12153,0.058552,-0.13011,0.13574
0.011131,0.27695,0.015931,-0.055942,0.019647,0.23017,-0.14008,-0.037833,0.13373,0.0048996,-0.22632,-0.059593,-0.16356,0.070341,0.35132,0.22572,0.32496,0.23526,-0.16893,0.15337,0.32799,-0.14022,0.087954,-0.19661,0.3019,-0.22114,0.004536,-0.10699,-0.004253,-0.0086904,0.3452,-0.075662,0.034729,0.28519,0.28459,0.11334,-0.16145,0.14907,-0.15001,0.41015,-0.0057943,0.28985,-0.071911,0.12473,-0.14718,0.016211,-0.051404,-0.040156,0.40066,-0.15539,-0.16119,0.067916,0.020193,0.48159,0.30904,0.16886,0.062504,-0.07965,-0.1212,-0.1034,0.20612,-0.10831,-0.21902,0.072275,0.044026,0.19848,0.059715,-0.06886,0.11189,-0.14899,0.39037,-0.065237,-0.068456,-0.2099,-0.14192,0.0044498,-0.14467,0.13004,0.061386,0.043857,-0.0052705,0.24719,-0.17891,-0.1393,0.17835,-0.17528,-0.17295,0.11597,0.27576,0.27638,0.17597,0.040215,-0.035023,0.22232,-0.0087978,-0.0058183,-0.011531,-0.23111,0.34355,0.081452
-0.040262,0.30705,0.2485,0.0017219,0.24356,0.20495,0.11436,0.016112,-0.10795,0.1032,0.21089,0.43109,0.08948,0.02736,-0.11589,0.060055,0.29558,0.10777,0.055244,0.2677,-0.076731,-0.23097,-0.065732,0.25087,0.20541,0.12361,0.083745,-0.23644,-0.17417,0.13447,0.012928,-0.10954,0.02992,0.63692,-0.13824,0.055227,-0.10941,-0.087242,-0.31228,0.10732,0.018096,-0.059501,-0.063183,0.12657,-0.078989,-0.040603,-0.082022,0.044794,0.15517,-0.14351,-0.24789,0.089311,-0.10202,-0.05897,0.1476,-0.13351,0.14099,-0.19941,-0.03652,-0.1663,0.069407,0.29158,-0.11365,0.1061,-0.04811,0.057635,-0.019075,-0.040618,-0.0043906,0.17198,-0.033599,0.058951,0.25645,0.26388,0.034075,0.17941,-0.032179,0.28207,-0.21536,-0.043972,0.19536,0.11677,-0.010885,-0.044946,-0.22771,-0.076501,-0.098233,-0.17911,-0.018304,-0.044067,0.22797,0.0071114,0.065781,0.26922,0.26111,0.29611,0.10368,0.090175,0.10635,0.10579
-0.23136,0.032255,0.038804,0.013335,0.24008,-0.036032,0.59034,-0.076919,-0.085828,0.22004,-0.026479,0.189,-0.015871,0.04864,0.20188,0.20561,0.23929,0.31576,-0.16921,-0.16412,0.066754,-0.10722,0.18931,0.20591,0.048408,-0.16106,0.13499,0.65018,0.43749,0.11037,-0.033877,0.017951,0.014283,0.073536,-0.1381,-0.32082,-0.051293,0.29097,-0.14019,-0.063321,-0.1532,-0.0031243,0.30076,0.0087159,-0.025044,0.23968,-0.13444,0.38043,0.11925,0.10717,-0.012035,-0.25974,-0.068426,-0.1006,0.12842,0.41459,0.34664,0.049548,0.35389,-0.19647,0.10022,0.019175,0.10846,0.03603,-0.17524,0.092181,0.23001,0.061066,-0.074945,0.069841,0.22337,0.25068,0.3687,-0.038075,0.69489,-0.12297,-0.12389,0.054404,0.1222,-0.029586,0.13562,0.042931,0.34241,-0.082644,-0.066551,0.049219,0.16978,-0.047414,-0.10547,-0.1865,0.48494,0.19547,0.19655,0.21307,0.023214,0.065108,0.34483,0.3108,0.40524,-0.057054
0.08813,-0.076732,0.24912,-0.03472,0.30141,-0.11416,0.043217,-0.22142,0.14534,0.05018,0.13929,0.3981,-0.12161,0.029822,-0.023947,0.022453,0.095555,-0.050173,-0.019674,0.084137,0.17639,0.38283,0.5002,0.12682,0.12355,-0.36195,0.18178,0.31432,0.088796,0.14529,0.072823,0.15616,0.024512,0.051773,0.21221,-0.036264,-0.030901,0.026809,0.10853,-0.17612,-0.078646,-0.10162,-0.052399,0.21594,-0.037906,-0.030915,0.08811,0.018979,-0.074255,0.058863,-0.13155,-0.12261,-0.18153,0.23934,0.25829,0.077139,-0.04211,0.073692,-0.046213,0.17524,0.029216,-0.030852,0.067462,0.076231,0.063911,-0.10237,0.14787,0.047447,0.47884,-0.21165,-0.14137,-0.048509,-0.073597,0.16051,0.070928,0.056976,0.041207,-0.18814,0.03861,-0.07329,-0.036753,0.23312,0.33087,0.12686,0.022675,-0.034734,0.038251,0.34806,-0.16488,-0.0031712,0.14519,0.048904,-0.00065801,-0.055203,-0.073955,-0.15876,-0.075495,0.32913,0.29143,0.33681
-0.01446,-0.11767,-0.17223,-0.088524,-0.09713,0.13857,0.077808,0.00020807,-0.043539,0.22534,0.12691,0.4028,0.03574,-0.043736,-0.050151,0.30802,-0.19078,0.048417,0.14838,0.01514,0.3956,0.23646,-0.096328,-0.09215,0.025799,0.16157,-0.23287,-0.13547,-0.072578,0.2523,-0.054131,0.18625,-0.21002,0.013527,0.061744,-0.27419,-0.087711,0.19812,-0.22185,0.1176,0.091778,0.15762,-0.042421,0.072045,0.098945,-0.096871,0.16816,0.079616,-0.12553,-0.087861,0.066406,0.37072,-0.0047129,0.2513,-0.18999,0.010265,0.20402,-0.23912,-0.01277,0.13976,0.075973,-0.27387,0.058336,0.18912,-0.0010228,0.034645,0.34277,0.30066,0.42914,0.0093982,0.21562,-0.10813,0.21047,0.15317,-0.15383,-0.055453,0.020843,-0.04363,-0.13927,-0.0084678,0.007988,0.088864,0.04658,0.086036,0.32385,-0.10484,-0.034662,0.087856,-0.015129,-0.058108,-0.15652,0.41319,0.09134,-0.051539,0.094364,-0.088059,0.079397,-0.07811,0.21702,0.013448
-0.12693,-0.12149,-0.029052,-0.1454,0.16427,0.044115,-0.1163,0.062448,0.48898,0.3506,0.36193,0.24887,0.14215,0.10385,0.049531,-0.1057,-0.23881,0.37164,0.0064764,0.058307,-0.1582,0.17847,0.10643,0.091257,-0.010394,-0.22022,-0.064638,0.068432,0.16844,-0.23893,0.045791,-0.023572,0.022635,-0.23912,0.32555,0.090839,-0.1522,0.2008,0.039638,0.14161,0.13004,-0.013104,-0.025993,-0.13333,-0.012303,0.2978,0.093403,-0.12367,-0.17536,0.61319,0.060073,0.045294,-0.027192,-0.26209,0.10216,-0.0023817,-0.11361,0.23964,0.04849,0.21356,-0.2386,0.13631,-0.16781,0.054535,0.048774,-0.036669,-0.20332,0.33248,0.097097,0.27796,0.23047,0.13908,0.039916,-0.014971,0.070976,0.41311,-0.097083,-0.06431,0.11197,0.072796,-0.001882,-0.025123,-0.036351,0.296,0.094899,-0.11842,0.084025,0.29871,0.15193,0.39749,-0.062721,-0.017714,-0.095557,-0.062342,0.060136,0.37506,-0.18842,-0.087127,0.003917,-0.15026
-0.18928,-0.0809,0.10347,0.055908,0.024413,0.50694,0.040176,0.13308,0.19922,-0.040946,0.22177,0.06577,0.068082,0.0020434,-0.025805,-0.19932,0.21298,-0.023364,0.00020992,0.16198,0.47748,0.13264,-0.11708,0.091563,0.11772,0.24666,0.027556,0.083007,0.0184,-0.037088,0.070704,-0.091633,0.061847,0.054803,-0.054408,0.27571,-0.16715,0.082921,0.24581,-0.019947,0.053818,0.024778,0.27121,-0.226,-0.17714,-0.053806,-0.076055,0.048982,-0.12603,-0.17397,0.33409,0.12634,-0.00535,-0.13442,0.10314,0.18896,-0.22039,0.15624,-0.071305,0.19018,-0.045777,-0.14539,-0.098343,0.12584,-0.1155,-0.21822,0.052969,0.090439,0.075666,-0.17236,0.083932,0.19296,-0.072399,-0.049831,-0.31039,0.12596,-0.11027,0.064058,-0.055866,-0.11392,-0.057486,0.071193,0.066171,-0.1417,0.10306,0.099944,-0.040842,0.14108,-0.028003,0.02286,-0.25499,0.18067,0.19562,-0.039033,0.072426,-0.062879,-0.17667,0.092952,0.11848,-0.11498
0.28424,0.1631,-0.14779,0.18095,0.25371,0.066689,0.16238,0.36844,-0.22502,0.14365,0.083934,-0.034839,0.21583,0.085169,0.10431,0.048006,0.1978,0.028557,0.044281,0.14895,0.43863,0.11129,0.029485,0.19376,-0.049004,0.26143,0.16351,0.33271,0.11014,-0.15397,0.035263,-0.11645,0.052627,0.25466,-0.011801,-0.0095888,-0.10927,0.14596,-0.17276,0.19917,-0.12064,-0.17241,0.12657,-0.23236,-0.05661,-0.11187,-0.1027,-0.11129,-0.011868,0.034532,0.1973,-0.13621,-0.13827,-0.19718,-0.17108,-0.053949,-0.047136,-0.046201,-0.019465,0.22998,-0.13707,0.12378,0.11545,0.12558,0.24883,0.14249,0.087435,0.11926,0.10103,-0.064222,0.15131,0.20743,0.36615,0.32409,0.23143,0.07094,-0.021117,-0.077337,-0.16982,-0.1405,0.37108,-0.003192,0.12166,0.28829,-0.0013215,-0.035885,0.30514,-0.060216,0.081037,0.17526,-0.24973,-0.1417,-0.1147,0.13213,-0.1325,-0.012764,0.11539,0.058106,-0.15511,0.23141
-0.067575,0.20788,-0.23876,-0.031805,-0.19969,0.13782,-0.063898,0.20455,0.069449,-0.19943,-0.056623,0.19826,0.3248,0.19487,0.33205,-0.10772,-0.19943,-0.24518,-0.1158,-0.050337,0.26788,0.038651,0.012997,0.22929,-0.23678,0.19929,0.2089,0.27778,-0.16269,-0.055158,0.15345,-0.14602,0.21247,-0.16619,0.082441,-0.10839,-0.093942,0.089489,-0.059615,0.098629,0.31525,-0.19123,0.31462,0.055767,0.12094,0.019487,0.23112,0.15571,0.05029,0.042535,0.026859,-0.10855,-0.042735,0.26939,0.056792,0.093832,-0.12342,-0.13254,-0.034181,-0.009799,0.061128,0.10868,0.08587,-0.2316,0.11666,0.034769,0.098688,-0.1563,-0.09176,-0.042211,-0.056387,-0.056099,0.13744,-0.057587,0.028579,-0.16737,0.13475,0.079216,-0.040428,0.018293,-0.072228,0.0010776,-0.11159,0.064474,0.087645,0.22821,0.22489,0.36465,-0.14101,0.29905,0.020597,-0.23742,0.12105,0.054848,0.088973,0.24314,0.00035932,-0.00615,-0.064926,0.39457
0.11766,0.30198,-0.19492,-0.016034,-0.13964,-0.029219,-0.31024,0.065008,0.25926,0.259,-0.03087,0.33302,0.16937,0.053728,0.065242,0.18537,0.071577,0.055533,-0.07511,0.31154,-0.11858,-0.12012,0.20813,-0.15147,-0.15671,-0.15777,-0.30225,0.32587,0.12484,0.27431,0.034067,-0.17447,0.021851,-0.092793,0.17622,0.3326,-0.0097096,0.091206,-0.19552,0.21501,0.2051,-0.10303,-0.13049,-0.043757,-0.092496,0.2287,-0.12573,-0.018341,0.15726,0.13592,-0.19906,0.10717,-0.17584,-0.20358,0.24263,-0.17031,-0.03314,0.31964,0.15416,-0.16479,-0.10316,0.096257,0.25219,0.14557,0.021434,0.03979,0.17525,0.20397,0.1171,0.12774,0.089554,0.042002,0.33483,0.16493,0.12384,-0.17933,0.022656,0.24095,0.35411,0.3862,0.28429,0.3534,0.21183,0.099987,-0.1424,-0.051832,-0.13473,-0.14763,-0.0079781,0.051588,-0.0031239,-0.18803,-0.16532,0.11774,-0.10951,0.078691,0.030737,0.31327,0.27366,-0.12463
-0.031383,-0.065686,0.16808,0.19649,-0.26263,0.19577,0.24451,0.25197,0.16706,0.023928,-0.17263,-0.093885,-0.10858,0.087387,-0.053128,-0.19431,-0.16819,0.22597,0.063341,-0.23772,-0.23646,0.21977,-0.17231,-0.14561,0.19295,0.34404,0.19327,-0.031102,-0.10379,0.061481,0.12532,0.1724,0.15994,0.022489,-0.083363,0.35105,0.21816,0.086236,0.2071,-0.18229,0.18267,0.2497,0.13153,0.14757,0.09481,0.08929,-0.12564,0.23926,-0.089369,0.084145,0.40515,0.3502,-0.021685,0.20113,0.042125,-0.20502,-0.10247,0.098584,0.23673,0.23905,0.080875,0.16263,0.13171,-0.22668,-0.081284,-0.047809,0.299,0.21039,0.022086,0.16711,-0.068006,-0.36912,-0.079948,-0.015013,-0.03844,0.22904,0.073754,-0.2109,0.14699,0.12918,-0.16676,0.51648,-0.14777,-0.011709,-0.1335,-0.31122,0.11961,-0.11963,-0.34077,0.029955,0.12896,0.47595,0.092631,-0.13531,0.17399,-0.13525,0.27202,-0.047532,0.017053,0.067661
0.15724,-0.13111,0.47437,-0.11221,-0.00028168,-0.26232,-0.069226,-0.0041347,0.17541,-0.13578,-0.12936,-0.15246,-0.0055457,0.3147,0.12454,0.20157,-0.097294,0.080857,-0.048683,-0.128,0.27945,-0.075307,-0.15984,-0.059565,0.20157,0.28424,0.25681,0.057503,0.17718,-0.0786,0.078312,-0.021023,-0.042329,-0.16867,0.26784,0.31869,-0.17887,0.073575,0.070518,-0.10446,0.21855,0.13334,0.096502,0.065399,0.34433,0.045478,-0.016973,0.098545,0.12746,-0.10765,0.099209,0.031078,0.23814,-0.080458,0.41939,-0.062724,-0.065257,-0.13687,-0.075849,0.12705,0.11341,-0.029574,-0.045887,0.0090082,-0.19313,0.0992,-0.041075,-0.10244,-0.20939,0.045339,-0.14986,-0.04898,0.21835,0.17834,0.15107,0.075079,0.13749,-0.1381,-0.1031,0.19146,-0.10348,0.1801,-0.055311,0.41181,-0.010868,-0.068587,0.081808,-0.17694,-0.072096,-0.011843,-0.18248,-0.025994,0.30009,0.087416,-0.056805,0.015657,0.10578,0.077406,-0.069115,-0.26473
0.023013,0.12955,-0.10829,-0.012141,0.016165,-0.13535,0.010149,0.047587,-0.074936,-0.077106,-0.0097402,0.18641,-0.011459,-0.004736,0.069666,-0.2463,0.14714,0.034314,0.041713,-0.26625,-0.31274,0.23448,0.065888,-0.0043701,0.079446,0.0049739,-0.055316,0.023345,0.30259,-0.12764,0.029353,0.25101,-0.090672,0.30116,0.22076,0.3737,0.075085,0.080761,0.042365,0.13816,0.29887,0.37362,-0.24035,-0.049976,-0.10099,-0.16357,0.11984,-0.05163,0.27335,0.031235,0.10489,0.1784,0.031299,-0.0019256,-0.11741,-0.18904,0.063349,0.15088,0.1072,0.34309,-0.095912,-0.1339,0.1064,-0.1634,0.20494,0.027817,0.26096,-0.014588,0.010263,0.030869,-0.0026218,0.10191,0.023238,0.2092,0.22133,-0.24076,-0.15793,-0.14204,0.11889,0.056987,0.19837,-0.056452,0.05537,-0.14379,-0.0061071,0.23775,0.062059,0.023708,-0.14451,0.36216,-0.040991,-0.020197,0.36836,0.064715,0.0028197,-0.01257,-0.1202,-0.12693,0.20604,0.16328
0.10983,-0.10803,0.044954,0.16714,-0.13689,0.014455,-0.14425,-0.14879,0.23562,0.33435,-0.037645,0.15254,-0.049937,0.19262,0.00089569,-0.18722,0.33938,-0.15041,-0.01909,0.22185,0.52034,0.20326,0.282,0.067824,-0.040596,0.15374,0.047524,0.15756,0.41263,-0.01264,-0.024656,-0.12396,0.49496,0.21386,0.15812,-0.052156,-0.20319,0.095099,-0.090678,0.053631,0.088557,-0.046933,0.064572,0.069064,0.1583,0.17968,0.084511,-0.011926,0.010438,-0.074626,-0.0026247,0.077018,0.44773,0.0086321,0.41579,-0.025752,0.32122,0.37774,0.0086299,0.11868,-0.051338,-0.012227,0.087665,0.092618,-0.12962,0.032674,-0.30001,-0.018085,0.18204,-0.13504,0.25816,-0.10591,-0.069295,-0.096772,-0.064225,0.14583,0.028696,0.16697,-0.14543,0.085832,0.076442,-0.0078115,-0.058339,0.14001,0.0072315,-0.05532,-0.0599,0.13879,-0.32664,-0.030362,-0.15539,-0.020249,0.14427,0.29002,0.22966,0.012951,-0.046762,-0.17131,0.094901,0.16188
-0.13419,0.20081,-0.10399,0.22015,0.023823,-0.043002,0.13005,-0.031608,0.15421,-0.17316,0.057628,0.084234,-0.16387,-0.06533,-0.073124,-0.18312,-0.16938,0.0465,0.34195,-0.050607,-0.091931,0.13894,0.17008,-0.19608,-0.11723,-0.076034,-0.19583,0.22586,0.23835,-0.10812,0.19778,-0.041009,-0.12683,0.028131,0.080784,0.095686,0.061563,-0.27487,0.03535,0.12602,0.027296,-0.09947,0.36358,0.1769,0.27159,0.306,0.18501,0.31614,0.10058,0.033012,0.12615,0.084442,0.076012,-0.025832,-0.043829,0.15703,-0.05198,0.3376,-0.095329,-0.15784,-0.12625,-0.10252,0.026855,0.2406,-0.072978,0.28259,0.028129,0.046484,0.053449,-0.14886,-0.075377,0.26124,-0.080016,0.23248,-0.033025,0.22285,-0.023848,0.24433,0.015009,-0.16956,0.1534,-0.059263,0.14853,0.17117,-0.11762,0.042948,0.13283,-0.0082291,-0.027987,-0.14679,-0.071988,-0.16369,0.17763,0.30002,0.13292,-0.033162,-0.023075,0.053529,0.26525,0.096753
-0.026836,0.16781,-0.0717,-0.13441,-0.012266,0.14179,0.27549,0.01971,0.08489,0.2986,-0.00050026,0.067023,-0.16055,0.098738,-0.036526,0.077964,0.59236,0.059852,-0.2378,-0.10059,0.052779,0.1603,0.002395,0.00054326,0.0037894,-0.070343,0.36446,0.066627,0.058375,-0.024739,0.13365,-0.14062,0.010442,0.086247,0.46928,0.0032416,-0.15848,0.35804,-0.036453,-0.23448,0.39712,0.20214,0.0074841,0.31956,0.45157,0.22025,-0.038964,0.032436,0.1756,0.050079,0.019629,-0.13745,0.089619,-0.17707,-0.12991,0.19696,0.05643,0.038151,0.13926,0.0088322,0.17511,0.0051307,-0.076559,0.11771,-0.17963,-0.092704,0.18126,-0.017806,0.15001,-0.010031,0.23826,-0.03976,-0.0787,0.31122,0.092319,-0.21663,-0.068207,-0.23478,0.11229,-0.00047613,0.15814,0.41713,0.011273,0.047764,0.11341,0.028229,0.1153,-0.026337,0.17952,-0.0011376,0.11851,-0.10963,-0.09759,-0.044228,0.095735,-0.1107,0.10558,0.081912,0.31744,0.11764
-0.032853,-0.19529,-0.064987,-0.11455,0.018505,0.047343,-0.30131,0.069692,-0.15671,0.1631,-0.089543,-0.036192,-0.15468,0.047442,0.25521,-0.04288,-0.048218,0.067568,0.064142,-0.063137,-0.20903,0.22562,0.15986,0.074032,-0.034864,0.023209,0.18258,0.30317,0.25215,0.066917,0.48839,-0.051024,0.20735,0.065157,-0.21884,-0.071594,0.33477,0.082803,0.1489,-0.28334,-0.073611,0.20812,-0.20445,-0.11375,-0.047912,-0.075986,-0.038697,0.13202,-0.11732,-0.25341,0.084838,-0.024323,0.050769,-0.050765,0.019799,0.078292,0.16171,0.010212,-0.20259,-0.044161,-0.027772,-0.17042,-0.26084,0.30592,-0.12409,0.25897,-0.21689,0.19353,-0.17941,0.054573,0.12449,0.2101,0.1557,0.09485,0.14504,0.11015,0.13037,0.38429,0.3439,0.18309,-0.098529,0.067899,0.35902,-0.065524,0.33116,0.038859,0.044361,0.068071,-0.11801,0.20481,0.036881,0.042758,-0.29227,0.12194,0.078715,0.19011,0.028766,0.45931,0.29593,-0.14795
0.031741,0.16613,-0.026139,-0.013099,0.1609,-0.08514,0.011749,-0.092475,0.16872,0.093188,-0.077833,-0.25603,0.059497,-0.11181,-0.10149,0.13524,0.296,0.14475,0.037938,0.054943,0.20249,0.0067845,-0.037874,0.1213,0.1873,-0.088878,0.070533,-0.24461,-0.10771,-0.17468,0.41479,-0.24134,0.040123,0.12058,0.13678,0.20786,0.015635,-0.040499,-0.062915,0.21794,0.39903,-0.059537,0.077942,-0.068222,0.195,0.26113,-0.057856,0.32839,0.20748,-0.14552,-0.14713,-0.0066201,0.057563,-0.25688,-0.082255,-0.049199,-0.11149,0.1669,0.24763,0.16348,0.12093,0.079293,-0.028952,0.089742,0.00097971,0.011125,0.0067124,-0.007349,0.14072,-0.06083,-0.13973,0.13432,0.0088138,-0.051225,0.029988,-0.069765,-0.0068023,0.12505,-0.31735,0.050104,0.066535,0.043538,-0.014966,0.32638,0.14926,-0.072718,0.11403,-0.24596,0.25237,0.21167,-0.022485,0.076072,0.018062,-0.19139,0.11402,0.05677,0.017053,-0.12863,0.053721,0.050818
0.11399,-0.044531,0.26112,-0.073201,0.061216,0.14329,0.09308,-0.069445,-0.19552,0.4139,-0.11383,-0.0086078,0.2761,0.0085348,0.0057926,0.10153,0.61723,0.45236,0.0051075,0.17444,0.23272,-0.2328,0.21844,0.082737,-0.032488,0.1128,0.026345,0.39473,0.088749,0.17324,0.082222,-0.1867,0.14967,0.16675,0.099937,0.10218,-0.027709,-0.05966,0.25729,-0.010869,0.04309,-0.1518,-0.12752,0.34761,0.067844,0.066384,0.16032,-0.012165,0.16008,-0.03713,0.21517,-0.0025572,-0.041599,0.18034,0.04977,0.090024,-0.20754,-0.19803,0.30785,-0.1577,0.0083139,-0.082674,0.13842,0.25921,0.1671,0.2185,-0.10514,0.086809,0.12154,0.041307,0.014258,-0.13072,0.091171,-0.29785,-0.082431,0.23853,-0.050804,-0.026276,-0.062103,0.29625,0.058093,0.083606,0.16355,0.13082,0.3885,-0.05411,-0.042403,-0.085222,0.1135,-0.034941,0.16116,0.083036,0.47746,0.081379,-0.064271,-0.044546,0.10337,0.20681,0.23697,-0.051291
0.26815,0.040676,0.2325,0.070599,-0.043307,-0.12599,0.50484,0.089046,-0.40238,-0.036921,0.21428,0.034113,0.081306,0.088365,-0.057854,-0.091707,-0.048888,-0.097192,0.049423,-0.13965,-0.10673,0.11533,-0.019042,0.081498,-0.21617,-0.010308,-0.053021,-0.091684,0.21225,0.21055,-0.081261,0.090315,-0.0071247,0.28286,0.22044,0.10735,-0.040696,-0.13172,0.16879,-0.031556,-0.06748,0.15043,0.29755,-0.32698,-0.039503,0.1426,0.17979,0.079178,-0.2624,0.081665,-0.061086,0.14111,-0.061036,0.33647,0.061559,-0.048538,-0.021449,0.091956,-0.0064274,0.2002,0.18922,0.070046,0.20046,-0.0012509,-0.085829,-0.11261,-0.071018,0.016341,-0.043943,0.10447,0.075294,0.030288,0.22706,0.10926,0.092209,-0.08263,-0.18394,0.040741,-0.015043,0.25665,0.18437,-0.068168,0.42451,0.33781,-0.053078,0.10233,0.046154,0.16522,-0.16409,0.13271,0.059346,-0.072742,0.0018266,0.11477,0.085571,-0.0057516,0.054046,0.083467,0.043802,0.11873
0.31902,-0.078107,-0.084492,0.34566,0.14055,-0.12574,0.16532,-0.026134,0.093479,-0.23867,-0.16416,0.023504,0.19776,0.15742,0.096506,0.32005,-0.0071093,0.16376,0.35124,0.25177,0.27389,-0.13675,-0.1307,-0.034578,0.1063,-0.20251,0.38178,0.10154,0.1604,0.19844,0.096347,0.12194,0.095473,0.49203,-0.0050204,0.093755,-0.056145,-0.0010252,0.077616,0.20191,-0.038803,0.012872,-0.1106,0.095542,0.29875,0.15316,0.036036,0.0099967,0.045783,0.016859,0.20441,0.013683,-0.10555,0.029265,-0.04165,0.14461,-0.14194,0.019602,0.089955,0.05229,-0.019158,-0.2524,0.12259,0.19808,0.15575,0.034262,0.25094,0.014079,-0.1506,-0.13976,0.18982,-0.061996,0.14218,0.029276,0.19381,0.097628,-0.052605,0.14391,-0.24541,-0.14329,-0.019908,0.016532,0.085837,0.49728,0.13945,-0.087635,0.081568,0.04378,0.1602,-0.025876,-0.15896,0.0028438,0.073851,-0.20644,-0.025816,0.32085,0.17341,-0.12587,0.031341,-0.14115
0.071881,0.23853,-0.042451,-0.21043,-0.096822,-0.12868,0.069337,-0.0040296,0.16588,0.092266,-0.13802,0.026337,0.14144,-0.17117,0.013376,-0.1564,0.26931,-0.0067727,0.034144,-0.067969,-0.20157,0.048638,0.54635,0.22136,-0.11208,0.29397,0.21261,0.065698,-0.051414,-0.18762,0.18325,0.40394,-0.038545,0.030791,0.34971,-0.12974,0.096215,0.040816,0.06842,-0.048808,0.13184,0.38865,0.15115,0.24971,0.33603,0.023498,0.037295,-0.074099,0.18457,0.13263,0.034408,0.31863,0.13149,-0.10134,0.088305,0.23868,0.1938,-0.14591,-0.086294,-0.041401,0.29054,0.27436,0.22853,0.0012253,0.22408,0.12578,0.12221,-0.19556,0.2422,-0.041739,0.55431,-0.070146,-0.03058,-0.028429,-0.031126,-0.10286,-0.17974,0.077022,0.071734,-0.15367,0.33094,0.04786,0.038434,-0.042267,-0.056565,-0.059593,0.21463,-0.10985,0.44902,-0.25853,0.10298,-0.009813,-0.1877,0.23165,0.059926,0.21857,0.10202,0.41646,0.24454,-0.016735
0.28852,-0.033323,-0.075933,0.11649,-0.09773,-0.10433,-0.019389,0.038401,0.09901,0.27274,-0.29821,0.01235,-0.095777,0.19859,-0.17316,0.25092,-0.13079,0.080052,-0.070694,-0.040782,0.23961,0.3972,0.27408,-0.023351,0.18569,0.12715,0.0010313,-0.14098,-0.020172,-0.18115,-0.1151,0.18866,0.056561,0.099796,-0.069241,-0.030569,0.098281,-0.030844,0.23617,-0.27289,0.13151,-0.026017,0.18056,0.37044,0.020352,0.21433,0.068532,0.27432,-0.13842,-0.17385,0.28144,-0.11491,-0.21427,0.041491,-0.10569,-0.0008648,0.20377,0.37115,0.10409,-0.1293,-0.045306,-0.059058,0.26911,0.19225,0.3011,-0.0054472,-0.16771,-0.058742,0.23142,-0.088971,-0.041057,-0.0010131,0.18919,0.29302,0.34025,-0.047412,-0.2277,0.052798,0.14292,0.29969,-0.0062073,-0.38383,-0.088127,-0.18985,-0.19269,0.089394,-0.01571,-0.34816,-0.027742,0.013986,-0.15286,-0.036261,0.03408,-0.096223,-0.14839,0.039377,-0.035178,0.057916,-0.0048379,0.080762
0.13925,0.15828,0.13762,0.31237,0.061449,-0.070132,-0.0042544,-0.12369,-0.14017,-0.29534,0.11802,0.22285,0.073642,-0.20179,0.081558,0.072593,-0.21506,0.14422,-0.032409,-0.09935,-0.13421,-0.0043339,0.113,-0.078405,0.21975,-0.029,0.17442,-0.0072632,0.0043076,0.066301,0.32535,-0.043193,0.021963,0.12377,0.31049,0.12271,0.27642,0.14882,0.14344,0.017036,-0.021358,-0.12869,0.50589,-0.2985,0.27103,-0.019912,0.01972,-0.078335,-0.17264,-0.00094656,0.30514,0.14358,-0.19649,-0.18145,0.1979,0.0044607,-0.047903,-0.054346,-0.11126,0.32688,0.036387,0.17359,-0.095753,-0.025077,0.064587,0.2094,-0.020604,0.11885,0.14353,-0.093694,0.030915,-0.28262,0.29254,0.054618,-0.096267,-0.18963,0.22596,-0.024675,0.37901,0.054875,0.088759,0.3076,-0.037771,0.19171,-0.17456,0.16018,-0.050428,-0.057688,0.0070633,0.080908,0.12035,-0.10866,0.2321,0.22258,0.060074,0.053622,-0.1259,-0.23008,-0.037367,0.16452
0.18791,0.11001,-0.082763,0.010929,0.08726,0.14329,-0.021374,-0.19846,0.2568,0.08938,0.20865,0.029173,0.21404,0.043458,0.15838,-0.030254,0.057381,0.12774,0.043761,-0.20367,0.21706,-0.1184,0.29354,0.027796,-0.063244,0.1522,0.061835,0.068789,0.11909,0.013964,-0.28534,0.52083,0.20682,-0.070395,0.076462,0.0052438,0.32718,0.09222,-0.22964,0.17052,0.19972,0.26423,-0.066546,-0.065169,0.13171,-0.11356,-0.070639,-0.25223,0.012652,-0.0041763,-0.025843,-0.064523,0.12742,-0.10437,-0.16439,-0.38914,0.23588,-0.062592,0.26611,0.037781,0.25714,-0.052223,0.14317,-0.18528,-0.08399,-0.060566,-0.016199,-0.12684,0.027535,-0.14476,0.076153,-0.054361,-0.021428,0.073598,0.017231,-0.099308,-0.055695,0.29537,0.054938,-0.082097,0.071077,-0.010002,0.065016,0.07337,-0.039369,0.041486,-0.059533,-0.21482,-0.085866,0.0082597,-0.22749,-0.18732,0.86452,-0.13401,-0.19062,-0.036667,-0.062188,0.063314,-0.027253,0.56662
0.13056,0.04042,-0.044334,-0.2557,0.14252,0.34574,0.16265,0.029445,0.4939,-0.031419,-0.027224,0.09942,0.15657,-0.15133,0.086746,-0.19072,-0.092705,0.18346,0.14206,-0.016359,0.066563,-0.004956,-0.13893,-0.049195,0.031597,0.061407,0.059633,0.088553,0.047914,0.040274,-0.11641,0.11908,0.10629,0.20974,-0.068319,0.076984,0.0053652,0.033092,0.25946,0.10627,0.13434,-0.092794,0.30477,-0.083739,0.12703,0.012471,0.12141,0.2836,0.69753,0.069019,0.11572,-0.0012722,0.074751,0.13736,-0.007403,-0.10608,0.26352,0.48474,0.27263,0.16008,-0.045046,0.059137,-0.094202,0.11352,-0.1549,0.075275,-0.18254,0.36189,-0.2293,0.033404,-0.033171,-0.20143,-0.011192,0.00062653,-0.25624,0.12818,0.11506,-0.063238,0.11985,-0.07922,0.1218,0.50562,0.28308,-0.022731,-0.031031,-0.029808,0.15677,-0.020631,-0.039083,0.035675,0.1527,0.27718,-0.19931,-0.11873,-0.14834,0.050053,0.30133,0.24212,0.010342,0.1034
0.28876,-0.079764,0.33586,-0.14453,-0.099664,-0.091622,0.11028,-0.0034802,-0.30137,0.52501,0.35192,-0.044424,0.0080757,0.42603,0.14128,-0.13346,-0.037451,-0.11067,-0.096677,0.053817,0.19911,0.14825,-0.03465,0.19011,-0.083456,0.6528,-0.013105,0.071595,0.068882,0.13066,0.20092,0.14003,0.013148,0.056521,0.084325,0.36209,-0.2641,-0.3334,0.060329,0.17475,-0.040892,0.27608,-0.20926,0.10068,0.023839,-0.16763,0.047222,-0.0091001,-0.14102,0.15289,0.34829,0.17489,-0.10852,0.12665,0.051516,-0.017549,0.034547,0.19445,-0.068361,-0.022328,-0.036289,0.072382,0.26014,0.11722,0.1389,0.0012629,0.18513,0.29364,0.30852,-0.15176,-0.070236,-0.027145,0.23684,0.041668,0.092884,0.052163,-0.11227,0.34324,-0.25685,0.12515,-0.13092,-0.046003,0.010254,0.018147,0.1577,-0.020639,0.15244,-0.31016,0.16775,-0.041194,0.18235,0.62984,0.31144,0.037968,0.068725,-0.34,0.016952,0.048796,0.19974,-0.29174
0.11415,0.18744,0.36782,-0.030166,0.17112,0.087704,0.34721,0.18577,0.054415,0.13968,0.20971,0.26652,-0.14805,-0.059015,0.25598,-0.19172,0.11221,0.13039,0.3931,0.035428,-0.2448,0.13715,-0.050611,0.53496,0.064124,-0.085818,0.0025891,0.30042,0.16565,0.37234,-0.03422,0.14567,0.29447,0.24639,-0.021593,0.0070939,-0.065001,0.18619,-0.13657,-0.094563,-0.23778,0.24637,-0.10354,0.085231,0.038105,0.10985,0.073386,-0.32664,0.031091,-0.0051404,-0.070533,0.048076,0.093613,-0.04375,0.16747,-0.14703,0.099039,-0.30987,0.11698,0.11446,-0.13477,-0.069149,-0.18446,0.05279,0.15102,0.0052335,0.16428,0.014186,0.19058,-0.1235,-0.063031,0.026575,-0.19166,0.25856,-0.064629,-0.0073745,0.26891,-0.045614,0.057426,0.067058,0.029858,0.030047,0.32849,0.030941,0.26054,0.16271,0.32648,0.29977,0.15579,-0.035693,0.19788,0.026954,0.17716,-0.17914,0.032438,0.020102,-0.068479,0.24542,0.0090201,-0.08655
-0.083772,-0.1155,0.2274,-0.18503,0.13538,0.073996,0.053154,0.041966,0.27294,0.023124,-0.054428,-0.36739,-0.17321,0.10862,0.15704,-0.0741,0.016937,0.10477,-0.21179,-0.10107,0.028539,0.086953,0.11297,0.002369,0.017923,0.24511,0.10175,0.022529,0.20975,0.2661,-0.3217,0.24372,0.13683,0.20503,-0.1731,0.14456,-0.050981,0.28813,-0.024261,0.017979,-0.2751,0.022725,-0.012863,0.43582,-0.069216,0.0065915,-0.14376,-0.065372,0.067402,-0.27253,-0.12359,-0.13029,0.090403,-0.20402,0.1082,-0.064777,0.22165,0.15263,0.26639,0.037232,0.34137,0.067358,0.17066,-0.036257,0.0076225,0.09807,0.13785,0.049103,0.31029,0.0094949,0.049089,0.008382,0.0029831,0.1608,-0.18296,0.18276,0.33023,-0.25407,0.40467,-0.035293,-0.1385,-0.27205,0.32924,0.13005,-0.11682,0.16285,0.06803,-0.049074,-0.14662,-0.0037762,-0.048846,-0.036122,0.11609,0.30538,-0.10804,0.3986,-0.066792,0.073133,0.23303,-0.055961
-0.1229,0.069404,0.13313,-0.10084,-0.11625,0.16556,-0.17615,0.07551,0.12327,0.26595,-0.045089,0.096591,-0.0073401,0.070727,0.066272,-0.031946,-0.053485,0.46192,0.01475,-0.077116,0.001209,-0.057978,0.16414,0.15649,0.30555,0.098542,0.014019,-0.0272,0.12101,-0.19581,0.18821,0.62889,0.28774,0.29943,0.016262,0.15457,0.082069,0.2114,-0.050733,0.029128,0.28058,0.13081,0.075606,0.24983,-0.28878,0.33969,-0.13655,0.132,-0.081834,0.1102,0.095398,-0.053276,0.42755,-0.01644,0.094702,0.022585,0.26197,0.21354,-0.11559,-0.05362,0.26809,0.21318,0.084476,0.039654,0.11962,0.25515,-0.13669,-0.087812,-0.18189,-0.0088758,0.018759,-0.079288,0.043906,-0.0027376,0.13905,-0.16084,-0.14069,-0.0081265,-0.18003,-0.21761,0.11662,-0.13962,-0.10672,0.065834,0.25659,-0.087258,0.47379,0.087523,0.29922,0.05465,-0.1019,0.18234,0.034969,0.22032,0.021421,-0.03087,0.079955,0.12398,0.22435,0.33083
-0.00034554,0.079254,-0.073682,0.087588,0.10037,0.0054781,0.10254,0.088527,-0.17653,-0.17027,0.17754,-0.081486,-0.046718,0.040555,0.0091961,0.088308,-0.044841,0.13769,-0.1487,-0.013489,-0.079113,-0.1371,0.028871,0.093919,0.092262,0.37388,-0.21953,-0.027666,0.3641,0.16164,0.24594,-0.19388,-0.080263,-0.050961,-0.24323,0.36512,0.14523,0.10625,0.10748,-0.17784,0.34442,0.064047,0.31501,-0.11374,0.23324,0.14425,0.11595,0.31826,0.17612,0.124,-0.18562,0.055552,-0.024982,-0.17962,0.08635,0.66481,0.012126,0.2549,0.17955,0.36521,-0.039982,0.023805,-0.049755,-0.18572,-0.12275,0.13771,0.039782,0.056521,-0.30146,-0.1529,-0.094938,0.22096,-0.2063,-0.15319,-0.21478,-0.11498,-0.0026209,0.18748,0.17715,0.22874,-0.053066,0.30461,-0.038923,0.37684,0.021311,0.23771,-0.19045,-0.041358,0.12436,-0.12498,-0.14528,-0.026085,-0.14313,0.035683,0.25283,0.052543,-0.26434,-0.17701,0.02844,0.010977
-0.1976,-0.048932,0.092519,0.12091,-0.0022521,0.17857,-0.057095,0.17529,0.027726,0.26339,-0.11485,0.034124,0.18215,0.19236,0.2522,-0.22641,-0.11095,0.15112,0.13466,-0.07896,-0.20049,0.28977,0.15907,-0.021054,-0.32652,-0.0030975,-0.19568,-0.16411,-0.057331,0.21508,0.23393,0.048073,0.066692,0.021372,0.091784,-0.054612,-0.15247,0.063957,0.0022391,-0.11814,0.30078,0.17279,-0.1482,0.094052,-0.0042927,-0.21479,-0.16752,-0.05179,0.37763,-0.021192,0.34213,0.12277,0.098244,0.15095,-0.13166,0.075226,0.088102,0.17919,0.12051,-0.18429,0.17447,-0.20516,0.028985,-0.074317,-0.043347,-0.05731,-0.057338,-0.077728,0.33182,0.20095,0.01493,-0.023716,-0.10899,0.22908,0.080577,0.10925,-0.003836,0.11866,-0.073694,0.031673,0.29357,0.078202,0.08149,0.045939,0.032413,0.10454,0.12168,-0.10879,-0.041946,-0.00039081,-0.045135,0.12403,-0.062798,-0.23349,0.092406,0.03084,-0.15381,0.36163,0.0097138,-0.060007
-0.1198,0.35146,-0.13343,0.037371,-0.021983,-0.10963,0.15552,0.54647,-0.0030344,0.11931,0.078038,-0.036246,0.22523,0.37734,0.083277,0.17243,0.30026,-0.2176,0.16649,-0.1247,0.14085,-0.003612,0.036758,-0.16607,-0.12209,0.080077,-0.053025,0.40432,-0.13229,0.082318,-0.029827,-0.10926,0.09912,0.031842,0.20422,0.21733,0.22146,0.19978,0.090941,0.4847,0.23733,-0.030915,0.15313,0.16384,0.039918,0.11534,0.091286,0.046857,0.014404,-0.045706,-0.043114,-0.13514,-0.010221,0.040159,0.52142,-0.11171,-0.12546,-0.19574,0.066847,-0.01602,-0.31585,0.25011,0.16219,0.15456,0.10705,0.048101,-0.082286,-0.12519,-0.06532,-0.14351,-0.22556,0.042474,0.012091,0.17324,-0.12988,0.051938,0.07282,0.035988,0.19794,0.024452,-0.099655,-0.040073,-0.062737,-0.039522,0.035977,0.14218,0.39236,0.0055603,-0.18095,0.15012,0.19424,0.050656,-0.1943,-0.078023,-0.042058,0.032779,0.34018,0.13521,0.23034,0.050515
0.032278,0.14138,0.28944,0.10094,-0.27064,-0.17795,0.20451,-0.13456,0.15895,-0.045355,0.097885,-0.20367,-0.13066,0.36717,-0.013243,0.15906,0.011251,-0.18781,0.019356,0.18429,-0.078159,-0.13264,0.046694,-0.079542,-0.094942,-0.19876,0.13338,0.079412,0.073659,0.029928,0.044286,-0.023385,0.20579,0.50392,-0.060734,-0.079955,0.12657,0.1433,0.047277,0.1409,0.43323,-0.28527,0.16471,0.035274,0.024934,0.093217,-0.12144,-0.19056,0.036328,0.035747,-0.24149,-0.10672,-0.12377,-0.19437,-0.043067,-0.14411,0.025931,0.5399,0.015332,-0.058272,0.51064,-0.0073679,0.070245,0.067851,0.035259,-0.094864,-0.039729,-0.086033,0.41484,0.082972,0.11418,0.10826,-0.12052,0.19229,-0.074403,0.2544,-0.0486,0.16641,-0.21965,0.20254,-0.085254,0.35635,0.27515,-0.0032254,0.076618,0.1813,0.073295,-0.18224,0.053751,-0.11311,0.1322,-0.13853,-0.12686,0.18321,-0.07968,-0.091388,0.16509,0.071527,0.021395,0.35358
0.18079,-0.016507,0.2124,0.020084,-0.017705,0.11909,-0.017977,-0.0014584,-0.15708,-0.068094,-0.17759,0.079896,0.083674,0.035434,-0.21352,0.14122,0.045827,-0.062056,0.18478,0.040264,0.28892,-0.02443,0.043492,0.19383,-0.10844,0.25362,0.060271,0.031698,0.00032799,-0.15581,0.12359,0.22358,0.26538,-0.016188,0.041161,0.029064,0.22446,0.075534,0.29658,-0.022711,-0.20204,-0.049379,-0.044761,-0.098715,-0.067051,-0.025646,0.17341,0.1981,0.34498,0.049438,0.20953,-0.24607,-0.07378,0.26758,-0.057556,-0.20927,-0.04113,-0.096206,-0.20648,-0.05272,0.20433,0.011494,0.43254,-0.068314,0.23611,-0.19661,0.39193,0.061593,0.3516,-0.13268,0.14737,-0.11718,0.40923,0.089125,-0.22226,-0.061364,-0.20652,-0.092448,0.056006,-0.083483,-0.084233,-0.21046,-0.13338,-0.059563,-0.27882,0.15978,-0.14141,-0.019796,0.084706,-0.050215,-0.074102,-0.066147,0.088079,0.030342,0.12002,-0.19271,0.20339,0.24752,-0.12991,0.11993
0.20258,0.066305,0.31033,0.070977,0.056067,0.040943,-0.19615,0.36461,-0.20161,0.08503,-0.10838,-0.327,0.035185,0.12423,-0.0035682,0.086559,0.0264,-0.16575,-0.069943,0.10994,0.1008,0.035696,0.18104,0.045134,-0.17879,0.50268,0.20358,-0.078524,0.29121,0.18121,0.080485,0.021092,0.1952,0.0011487,0.14548,0.074917,0.10986,0.15439,0.13794,0.14216,0.30778,0.22397,0.21424,0.05723,0.0046425,-0.039348,0.079277,-0.0009496,-0.14103,0.082398,-0.079408,-0.019063,-0.18402,0.093793,0.14959,-0.10278,-0.042188,0.40562,-0.057231,0.22657,-0.17919,-0.07093,0.094391,0.16262,0.12206,0.046871,0.016628,0.2349,0.060429,0.013898,-0.033595,-0.10145,0.11014,0.16259,0.12543,-0.054994,0.39105,0.25098,0.41592,0.10077,0.090926,-0.051485,-0.1193,0.17856,-0.0087583,-0.14154,0.20841,0.080724,-0.036011,0.2587,0.022557,0.10924,-0.18707,0.47342,-0.13752,0.23681,-0.051243,0.16019,0.24343,0.10495
0.29759,0.014417,-0.017968,0.41839,0.28917,-0.11745,0.31972,0.064233,0.11587,-0.018895,0.34117,0.020292,0.1396,-0.24834,0.074624,-0.096935,0.18159,0.020752,-0.011552,0.15005,0.07645,-0.020989,0.036323,0.19434,0.0058272,-0.16353,0.053182,0.14806,0.096999,-0.16844,0.42015,0.17601,-0.25046,0.29087,0.40175,-0.07068,0.26917,-0.11689,0.022213,-0.12177,0.11705,0.044981,-0.1612,0.27496,-0.19026,-0.062675,0.00049297,0.064224,-0.14133,0.10643,0.30755,-0.021951,-0.11405,-0.069354,-0.049553,0.088141,-0.1527,0.16821,0.2549,-0.080673,-0.01091,-0.096829,0.20443,-0.29085,-0.16994,-0.2035,-0.075982,-0.095343,0.15907,0.15586,-0.10039,-0.002869,0.066533,-0.059694,0.33794,-0.1326,0.16892,-0.077605,0.013464,0.27167,0.076768,-0.015762,-0.24429,-0.10312,0.084914,-0.3014,0.071841,0.17348,0.13722,0.1244,-0.081667,0.22275,0.35747,-0.1882,0.14053,-0.13495,-0.12645,-0.12569,-0.18934,-0.0074797
0.019909,0.21312,0.015427,-0.30306,-0.015845,-0.012438,-0.012371,-0.087245,-0.06524,0.20855,-0.25647,0.031346,-0.21748,-0.19914,0.10049,0.39794,0.0089705,-0.0008018,0.2813,-0.17804,0.16303,0.020959,0.14031,0.02968,0.012042,-0.20243,0.18632,0.081187,0.16275,0.080496,0.068721,-0.079308,0.18841,0.05928,0.062172,0.10214,-0.19456,0.18666,0.17222,-0.094892,-0.061762,0.35263,-0.14036,-0.044827,-0.1112,0.1734,0.39872,-0.070899,0.023909,0.38704,-0.11953,0.20311,-0.19262,0.28483,-0.082802,0.27127,-0.0024923,0.21247,0.31221,-0.062919,-0.065925,0.14601,-0.0081043,-0.073033,-0.16568,0.048429,-0.051907,0.3938,0.093932,-0.037081,0.54866,0.15701,0.15463,-0.06975,0.073712,0.34799,0.12016,-0.28311,0.16739,-0.1481,-0.020128,0.17677,-0.20468,-0.075816,0.13705,0.0088806,0.085291,-0.25885,0.042834,-0.10623,-0.081027,0.26674,0.062635,0.051128,0.12487,0.26211,-0.33399,0.13889,0.08016,-0.044329
0.20515,-0.073139,-0.015568,0.021822,0.13059,0.018327,-0.21866,0.40322,-0.13937,-0.037889,0.049449,0.1746,-0.079682,-0.2098,-0.10418,-0.02876,0.088238,0.01408,0.31366,0.11942,0.33924,0.16782,0.10859,-0.034762,0.31359,-0.053778,-0.21652,0.11765,-0.11842,-0.25983,0.058979,-0.092447,0.09835,-0.19534,-0.27551,0.063907,-0.040995,-0.14734,0.032306,-0.14197,0.10037,0.0013151,0.11562,-0.14774,0.34016,-0.09377,-0.14348,0.14259,0.11538,0.11492,0.17597,-0.082069,-0.18279,0.083486,0.19825,-0.15169,0.18639,-0.14591,-0.12302,-0.018727,0.17803,-0.013788,-0.25065,0.19563,0.06888,0.029484,-0.06613,0.15656,0.32309,0.024636,0.014447,-0.30264,0.0035368,-0.087295,0.034889,-0.056438,0.31606,-0.091344,0.215,-0.1118,-0.055005,-0.35673,0.27144,-0.0013087,-0.090507,0.0019208,-0.0054225,0.058676,-0.12345,0.32462,-0.13117,0.092212,0.070445,0.14997,0.14491,-0.15889,-0.026058,0.27003,0.1182,0.14084
0.31478,0.13093,-0.21892,0.38362,-0.14765,-0.2113,0.12986,-0.19686,0.11481,0.20512,0.075384,-0.011328,-0.11926,-0.062842,0.053181,-0.013248,-0.090292,0.13826,-0.14174,-0.1365,0.26009,-0.036277,-0.091857,0.19062,-0.070207,0.29056,0.073107,0.13943,-0.063334,-0.058915,-0.10779,-0.020408,0.20822,0.11053,0.11822,-0.067853,0.045036,0.20588,-0.073478,0.04811,0.2126,0.15578,-0.07243,-0.081264,0.058857,0.11826,-0.24712,-0.045545,-0.11925,0.038201,0.048475,0.20833,-0.067141,-0.13363,0.2617,0.24528,0.06306,-0.062205,0.38545,-0.14927,-0.086436,-0.015884,-0.27513,0.083614,0.32559,0.16143,-0.0073574,0.16089,0.11248,0.24394,-0.11295,-0.2012,0.51131,0.11215,-0.12882,0.30118,0.17532,0.40721,0.051577,0.17779,0.25877,0.13363,-0.076017,-0.065382,0.012176,-0.081635,0.15166,0.087116,0.29854,-0.082264,-0.060638,0.15565,0.30727,0.20377,-0.040799,0.22501,0.077562,0.041365,0.10987,-0.23619
-0.049913,0.068624,0.012426,0.0023123,0.12697,-0.11451,0.021143,0.20231,0.073535,0.045855,-0.20434,-0.010024,0.30563,-0.18044,0.061566,0.20209,0.064728,0.027871,-0.084569,0.065157,-0.049199,-0.023326,-0.085357,-0.12158,-0.059344,-0.02216,-0.020231,0.1174,-0.097455,0.33697,-0.19343,-0.076841,-0.095823,0.011472,-0.069852,0.22698,-0.029892,0.044471,0.052133,-0.17454,0.43719,0.1365,-0.049524,0.080552,-0.081257,0.23461,-0.24728,0.084295,0.20841,0.028675,0.13008,0.545,-0.10973,0.036375,0.039055,-0.013216,0.022234,0.068296,0.33996,0.26888,0.014413,0.15835,0.59888,-0.17529,0.20236,0.17098,0.012479,0.14112,0.23996,0.16103,0.15733,-0.21983,0.033358,-0.29709,0.065276,0.35021,-0.0055331,0.16705,0.20164,-0.13158,-0.23625,0.039805,-0.13588,-0.13912,0.19503,0.31968,-0.20604,-0.045826,0.016045,0.0088631,0.081589,-0.032993,-0.19967,0.11808,0.20759,-0.052537,-0.22404,-0.1389,0.075127,0.24836
0.13802,0.12942,0.12368,0.32268,0.021179,0.21888,-0.035965,-0.036519,0.0097677,-0.14611,-0.002096,0.1766,0.12054,0.093714,0.28419,-0.094997,-0.30151,0.041715,0.010175,0.057826,-0.20502,0.27466,0.43065,0.38306,0.08779,-0.045927,0.33606,0.16177,-0.034052,-0.12157,-0.093749,-0.052502,0.00011672,0.16869,0.16346,-0.25932,0.16957,-0.14653,-0.316,0.16691,0.23365,0.15404,0.10216,0.13077,0.49177,0.14558,-0.026809,0.0044568,-0.024599,0.1643,0.0056696,0.027194,0.14725,-0.058485,0.04463,0.48599,0.3781,-0.12793,0.2062,0.27882,0.10262,-0.05709,0.17961,0.12994,0.097363,0.18547,-0.14644,0.17133,-0.20843,-0.12612,-0.0032345,-0.1695,0.18043,0.13495,-0.050154,-0.17656,-0.062417,0.097202,0.35884,0.0084498,0.19051,0.08076,0.030635,0.12647,0.39439,0.14061,0.47838,0.16226,0.40286,0.1825,0.0017943,-0.36139,0.14149,0.26971,-0.094621,-0.010166,-0.17908,0.085117,0.19229,0.024489
0.1602,-0.09259,0.14275,0.040475,0.49568,0.049475,0.2224,-0.045141,0.032715,-0.10331,-0.015824,-0.10129,0.11221,0.14078,0.0036819,-0.090064,-0.0016593,0.20825,-0.083602,0.16179,-0.13565,0.055224,0.037016,-0.0086837,0.16326,0.15303,-0.018272,-0.096613,0.0050218,0.070035,0.021945,0.27927,0.22347,-0.15246,0.31257,0.37755,0.15121,-0.11812,-0.10582,0.27047,-0.1477,-0.0048734,0.35757,0.090174,0.28368,0.032283,0.062132,0.19504,-0.22026,0.17709,0.087944,-0.020421,0.11758,-0.11516,-0.15415,0.2126,-0.088769,0.093671,-0.20582,0.25596,-0.040698,-0.17019,0.20837,-0.16387,-0.20942,-0.14128,0.054674,0.15576,0.38422,0.066121,0.17593,0.010068,0.18228,0.060059,-0.015097,-0.20121,0.54134,0.12625,0.086348,0.28433,-0.059589,0.048208,0.048582,0.14426,0.088066,-0.21601,-0.14922,-0.096234,-0.1914,0.16423,-0.068466,-0.27598,0.0048259,-0.014888,0.051182,0.23102,0.1393,-0.027264,-0.064891,-0.065134
0.071152,-0.032379,-0.094711,0.12131,-0.038134,0.028733,-0.068662,0.12461,-0.017409,-0.069752,0.36324,-0.12984,0.30286,0.23497,-0.10066,-0.02109,0.0069239,0.16376,-0.15913,0.062006,0.019045,-0.13759,-0.12053,-0.24484,0.10514,0.042747,-0.10291,-0.085669,-0.040793,-0.021214,0.082833,-0.055607,0.038344,-0.12014,-0.041409,-0.017833,-0.049562,0.0076358,-0.19347,-0.078163,-0.10045,0.15953,0.060203,-0.1625,0.053146,-0.018218,0.15905,0.22177,0.086545,-0.048974,-0.078775,0.12404,-0.049156,0.15119,0.052172,-0.25019,0.04148,-0.15122,0.072985,0.32244,0.026373,-0.27968,0.030754,0.21761,-0.13861,0.46218,-0.14916,0.024608,-0.057206,-0.025309,-0.043038,-0.013485,-0.086081,-0.05151,0.16334,0.055457,0.10329,0.24676,0.016235,0.11042,-0.15768,0.027598,0.028881,-0.007634,-0.0064121,0.18257,-0.081546,0.14639,-0.020129,-0.072529,0.0036061,0.29845,-0.041588,0.06985,-0.28439,-0.0056527,-0.21234,-0.063622,-0.35683,0.053171
-0.13895,-0.075398,0.031801,-0.23735,-0.069968,0.031413,0.15407,-0.054319,0.0024089,-0.14978,0.1228,0.25642,0.25924,-0.17322,0.27404,0.15897,-0.11286,0.28127,-0.21342,-0.10225,0.17043,0.023529,-0.17045,-0.12944,0.074245,0.05103,-0.1232,0.27322,0.17673,0.03615,-0.090103,-0.041661,0.062901,-0.19066,-0.073312,0.36081,-0.09183,-0.025119,-0.12205,-0.016608,0.3683,-0.12629,-0.066476,0.44759,-0.21912,-0.14554,-0.048478,-0.026781,-0.18782,-0.010934,-0.079656,0.053039,0.24299,-0.019096,-0.093923,0.023548,0.15876,0.078526,0.33698,-0.039101,-0.097052,-0.12963,-0.27036,-0.034233,0.19977,-0.14307,0.21217,0.050177,0.12059,-0.010718,-0.05692,0.04932,0.029717,0.10075,-0.14097,-0.11043,-0.046723,0.056456,0.27334,0.11159,0.20514,0.25236,-0.13644,0.32714,0.069979,-0.092079,-0.061924,0.41617,0.24938,-0.12356,0.093803,-0.061986,0.007145,0.4075,0.081956,0.072735,0.1127,0.21108,0.24295,0.49794
-0.061664,-0.08968,0.20265,-0.076311,0.098112,0.25702,0.55444,0.097181,0.00052238,0.12883,-0.30162,0.30629,-0.041432,0.12604,-0.023358,0.25812,0.074182,0.18919,-0.053223,0.3021,0.01841,-0.27556,0.16346,-0.044522,0.3762,0.16418,0.0018986,-0.21951,0.061009,0.03157,-0.017563,0.035136,0.067941,-0.013013,0.12703,0.1591,0.064087,-0.2935,-0.25372,0.33346,-0.059282,0.0049478,0.27103,-0.0051811,0.1376,0.083229,-0.068519,-0.023777,0.087037,0.22549,0.10096,0.082394,0.146,0.032077,0.018717,-0.00074559,0.3861,-0.15399,0.12632,-0.043981,0.32788,-0.11483,-0.0095882,-0.19031,-0.23408,-0.098971,-0.084178,-0.19324,0.16352,0.30166,0.24499,0.042632,0.0099229,0.13053,-0.10929,0.20607,-0.069138,0.22461,0.050104,0.044911,0.15684,-0.048366,-0.075543,0.04902,-0.09358,-0.29039,0.40804,-0.14504,-0.17901,0.1404,-0.28516,-0.091228,0.016406,-0.11911,-0.22228,0.027027,-0.048089,-0.026722,0.01021,-0.039337
-0.087202,-0.0091178,0.12361,-0.13488,-0.21512,-0.13686,0.17659,-0.1437,0.19428,0.028058,-0.0056965,-0.073906,0.024657,0.053458,-0.094383,0.17835,0.046471,-0.17579,0.11457,-0.044076,-0.076944,0.15336,-0.069675,-0.16543,0.28374,-0.051325,0.02347,0.36144,0.0921,0.3256,-0.0083508,-0.031339,0.10279,0.17236,-0.21299,-0.11644,0.19076,-0.001883,-0.045017,0.11483,-0.095693,0.12696,-0.10061,0.13936,0.2848,0.0031815,0.18293,0.1795,0.19999,-0.20819,0.23413,-0.12078,0.13942,0.12574,0.00034968,0.32334,0.11037,0.083101,0.40544,-0.067329,0.12612,0.1923,0.030277,-0.05432,0.28007,-0.22868,-0.17826,0.16623,0.12985,-0.031169,-0.043094,0.035658,0.14237,-0.16511,-0.16883,0.079402,0.047083,0.029649,-0.086347,0.086259,-0.21104,0.033486,0.097298,0.31271,-0.17783,0.1978,0.010192,0.3858,0.11237,0.31367,0.030422,0.24758,0.0037128,0.11379,0.10509,-0.025108,0.024021,-0.089683,-0.12666,0.40102
0.069742,-0.15019,0.15575,0.14275,0.10042,-0.023799,-0.12115,0.14108,0.083468,0.10018,0.013188,0.19972,-0.023527,0.33485,0.037608,0.050807,-0.094304,0.074615,-0.28934,0.53926,-0.060933,0.012182,0.083489,0.10227,0.0033614,-0.018412,0.20746,-0.079801,-0.15054,0.25029,0.049838,0.27595,0.02972,-0.095188,-0.14549,0.12666,-0.14269,-0.08677,-0.0036691,0.0031215,0.45836,0.23875,0.189,0.48231,-0.027141,0.032486,0.31531,0.15545,0.036769,0.027055,0.36974,0.060001,0.01002,-0.11749,-0.026513,0.10801,-0.034271,0.032416,-0.088462,0.24568,0.34337,0.071438,-0.071287,0.39807,0.044626,0.24398,0.17347,0.10802,-0.00019484,0.33465,-0.0083593,-0.087055,0.18671,0.18296,-0.17747,-0.15848,0.00031225,-0.074869,0.079806,-0.010192,0.057817,0.13028,0.24998,0.14736,0.19609,0.12655,0.0014502,0.21524,0.11853,0.20983,0.10545,-0.014213,0.058512,0.19896,-0.036404,0.13071,0.027536,0.055682,-0.0085899,-0.21613
-0.030258,0.17844,-0.14436,-0.0061771,0.42483,0.046434,0.29576,-0.0661,-0.029558,-0.18085,-0.14475,0.015452,-0.074771,0.14837,0.0030807,0.14102,0.16073,0.14525,0.00079844,0.0074805,0.17852,0.046683,0.52062,0.36026,0.23618,0.17929,-0.19982,-0.086593,0.24589,0.18699,0.091399,0.2092,0.036608,0.11394,0.11363,0.25139,-0.028817,0.019298,0.27065,-0.069828,0.12294,0.061649,0.040726,-0.05456,0.092993,-0.18254,0.028963,0.045736,-0.1346,0.22546,0.15924,0.038555,-0.25413,-0.030965,0.23373,0.25258,-0.10186,-0.077928,0.03905,0.19649,0.062762,0.090845,0.059513,0.089921,-0.0064094,0.023525,-0.17394,-0.10643,0.13723,0.1241,-0.1308,-0.15652,0.030531,-0.081285,0.047309,0.18267,0.29046,-0.076622,0.38442,0.45124,-0.05148,0.00022548,0.0398,-0.085848,0.5123,0.14686,0.33719,-0.0082651,0.0906,-0.2258,0.32595,-0.23856,0.010645,0.048564,-0.084356,0.099555,-0.078745,0.020412,0.64528,-0.15981
0.021772,-0.088175,-0.1361,-0.063718,0.046489,-0.098934,0.53485,-0.073672,-0.10208,-0.19518,-0.26092,0.014293,-0.14344,0.56822,0.11077,-0.23926,0.077809,-0.14481,-0.027948,-0.20181,-0.015875,-0.026472,0.11837,0.47518,-0.072285,0.33138,0.13988,0.21274,0.38207,-0.012422,-0.11246,0.16099,0.27691,-0.035499,0.21311,0.031761,0.22062,0.19085,0.067274,0.10393,0.25432,0.11496,0.048767,-0.18217,-0.069743,0.092556,0.14744,-0.074448,-0.058925,-0.21976,0.28645,0.063552,0.099192,0.17082,0.085642,-0.23044,-0.070797,-0.037224,0.12627,0.19571,-0.083343,0.075963,0.033888,-0.16723,0.027988,-0.13498,-0.24221,0.066359,0.23541,0.065742,0.12122,0.26502,0.29519,0.078123,0.15434,-0.1582,0.08874,0.14907,-0.073557,-0.199,0.044349,-0.12191,0.4689,0.082357,-0.0047508,-0.077257,-0.07374,0.094753,-0.11382,0.19238,0.046588,0.03882,0.059089,-0.048297,-0.020596,0.11338,-0.19053,-0.11401,0.19742,-0.052664
-0.18076,0.052938,0.0261,0.17155,0.011041,-0.11434,0.048569,-0.073409,0.24527,-0.074825,-0.11353,-0.20203,-0.12128,-0.078516,0.11702,0.0026533,0.33738,0.01612,0.13035,0.0048993,0.032254,-0.14902,0.034521,0.074484,0.21399,0.29853,0.062715,0.10995,0.093185,-0.10835,0.1014,0.045407,0.0012373,0.052391,0.020661,0.078005,0.18728,-0.049372,0.16682,0.015721,-0.26731,0.19432,-0.0057421,-0.0163,-0.12202,0.098939,0.10315,-0.039793,0.261,0.092044,0.050209,0.30197,-0.066332,0.27518,-0.03418,0.32504,0.10925,-0.096453,0.22508,-0.11067,0.10717,0.10957,0.16006,-0.18779,-0.059584,0.2462,-0.02274,-0.028512,0.085972,0.30683,0.43278,0.02508,0.086968,0.11827,0.13984,0.1144,0.069252,0.024934,-0.059231,0.044941,0.482,-0.0553,-0.20068,0.051642,0.068024,0.0086891,0.017388,0.052228,0.22604,0.15722,0.060928,-0.053236,0.0013541,-0.1653,-0.084599,0.038142,0.0549,0.14397,-0.29384,-0.079189
-0.085972,0.2802,0.097211,0.35808,-0.012842,-0.10096,-0.010303,0.11527,0.2428,0.1755,-0.04233,-0.087289,0.24369,-0.18156,0.3413,0.40762,0.065412,-0.054383,0.051664,0.14167,0.11038,-0.020316,0.0018326,-0.23208,-0.040353,0.0035949,-0.0070794,0.15346,0.28686,-0.091078,0.22922,0.20851,0.22775,-0.059898,0.17712,0.081658,-0.046492,-0.13454,-0.14822,0.12306,0.22809,-0.12869,0.28287,-0.029954,0.044643,0.072254,-0.08436,-0.035722,-0.24709,-0.1421,0.1723,0.016134,-0.18423,0.010506,-0.026578,-0.065996,0.08581,0.31062,0.45313,-0.041088,-0.12453,-0.34064,-0.13938,0.050211,0.078377,-0.13168,-0.081751,0.26528,-0.065502,0.10071,0.1028,0.056563,0.030147,0.087417,0.40817,0.033793,-0.10018,0.3752,0.55118,0.053291,0.1284,-0.22433,-0.10512,0.055803,0.0053532,-0.0090512,0.079923,-0.24939,0.011778,0.033329,0.19601,0.086881,0.18019,-0.077003,0.11792,-0.059617,-0.071875,0.030211,0.0033155,-0.11479
-0.0045597,0.024832,0.18977,-0.054658,-0.11595,-0.13216,0.044478,-0.10944,-0.24986,-0.10576,-0.073916,-0.28316,0.12788,-0.26991,0.26004,-0.22505,-0.18291,0.0032153,0.03412,-0.22734,0.26892,-0.24169,-0.079182,-0.080551,0.0062817,-0.25953,0.029683,0.03988,0.026395,0.22539,0.049336,0.51408,0.15913,0.090282,-0.091976,0.038228,0.11825,0.22926,0.088316,-0.036856,-0.012774,-0.10826,-0.12259,0.11946,-0.10177,-0.053594,-0.065996,0.21308,-0.0016458,-0.046318,-0.022098,-0.14281,0.1905,-0.17862,-0.22851,0.11987,0.038723,0.21132,-0.14821,0.048371,-0.0033427,0.24303,0.17278,-0.080737,0.041182,0.0068185,-0.059558,0.045232,0.11727,-0.17506,-0.046946,0.36169,0.065166,0.22395,-0.077888,0.34075,-0.22036,0.094979,0.2837,0.17783,-0.16684,0.30946,0.052148,0.33805,-0.17815,0.30958,-0.0333,-0.13587,0.0088345,-0.075367,0.11512,-0.13927,0.016621,0.033605,-0.2471,0.095637,0.39795,-0.019576,0.018713,-0.15382
-0.10734,0.0022083,0.14974,0.29578,0.0079567,-0.33249,0.060135,-0.11953,-0.23717,0.26267,-4.5633e-05,0.12252,-0.037583,0.19552,-0.020093,0.18395,-0.070284,-0.060564,-0.1003,-0.10992,0.076339,-0.23418,0.013285,0.018067,0.096224,-0.19006,0.24644,-0.32175,0.17964,0.49721,0.10133,-0.041362,0.3155,0.18112,0.24065,-0.10852,-0.057432,0.22231,-0.12915,0.27964,0.00071351,0.27785,0.16471,-0.089932,0.1839,0.14841,-0.21888,0.043081,0.42676,-0.0045906,0.19802,-0.030801,0.083762,0.28191,0.11426,0.024197,-0.086604,5.4037e-05,0.31015,0.039681,0.17965,-0.11484,0.051189,0.12796,0.15129,-0.188,0.26797,-0.11301,0.016636,-0.13102,0.0308,0.29646,-0.25443,0.34829,0.27606,-0.0184,0.028765,-0.01584,0.19695,0.12918,-0.17292,0.29647,0.19399,0.18456,-0.07326,-0.14341,-0.055689,0.036716,-0.13726,-0.10679,0.28032,0.091144,0.36514,0.14243,0.2563,-0.093736,0.23155,0.097977,0.2155,-0.31038
0.21925,0.10248,-0.1997,-0.26478,0.3784,0.029807,0.20511,0.2026,-0.15056,0.16094,-0.069616,0.11456,-0.1767,0.065499,0.073825,-0.032173,-0.10475,-0.10292,-0.15951,0.0065437,-0.074208,0.094123,-0.14718,0.23219,0.41363,-0.056851,0.14349,0.14858,0.55227,0.26838,0.088869,-0.12938,0.0075775,0.024611,0.092297,0.045621,-0.15395,0.075758,0.090687,0.10393,0.075871,-0.11582,-0.17285,-0.10587,0.12299,0.26874,0.067806,-0.11801,0.0060772,-0.14383,0.0020174,-0.088621,0.13761,0.20595,0.030179,0.14705,0.039202,0.09085,0.22196,0.14402,-0.013339,-0.10466,0.11234,0.16243,0.13509,0.60683,0.018975,0.14805,0.036901,0.00028944,-0.035921,0.090423,0.50733,-0.14534,0.13813,0.42586,0.38181,0.043165,0.041456,0.067478,-0.026992,-0.091528,0.29992,0.25651,0.17126,0.3425,0.33125,-0.20359,0.112,0.029123,0.13276,0.16288,-0.022545,-0.22501,-0.11824,-0.0086463,-0.088839,-0.23734,-0.13777,0.0424
-0.090029,0.13792,-0.21125,-0.071691,-0.13496,-0.094058,-0.037507,0.20163,-0.20097,0.2353,0.21419,-0.070097,0.061097,0.29508,0.27685,0.20734,0.2306,-0.13519,-0.18853,0.18076,0.09915,0.34928,0.22388,0.16445,0.21896,0.30969,-0.025709,-0.087318,0.19922,0.28501,0.26092,0.20765,-0.036638,0.091307,0.20931,0.083656,-0.029717,-0.1487,-0.093062,0.18228,0.0050339,-0.0016763,-0.0862,0.22817,0.32672,0.10075,-0.24316,0.24537,0.093323,0.16237,0.083417,-0.050304,0.021743,0.074007,-0.1038,0.051095,0.13236,0.11223,0.20511,0.25632,0.32248,-0.062086,0.18598,-0.17779,0.063172,0.025474,0.29082,-0.11472,0.20034,-0.09264,-0.0072009,0.13336,-0.020636,0.14509,0.12509,0.037157,0.027409,0.079774,0.0065164,0.19522,-0.25012,0.11248,-0.27924,0.15887,-0.099536,-0.13501,0.48157,-0.036251,0.23565,0.031123,-0.097221,0.35228,0.27248,0.35703,0.12336,-0.10425,0.043182,-0.21084,-0.099696,-0.14086
-0.11651,-0.039729,0.36496,0.12963,0.48437,0.017124,0.11398,-0.1092,-0.05794,0.29128,-0.20218,-0.081642,0.18767,0.16604,-0.19631,0.14384,0.074589,0.13397,-0.050946,0.12169,-0.25097,0.023666,0.057604,-0.042985,-0.062702,-0.015466,-0.14697,0.1774,-0.058638,-0.09431,-0.0085936,0.090927,-0.18275,0.13084,0.022984,0.22003,-0.10438,0.1655,-0.036906,0.31049,0.24803,0.14907,0.015802,-0.09701,0.25852,0.015877,0.37596,-0.13034,-0.051661,0.28292,-0.014708,-0.19684,0.27281,0.016053,-0.16018,-0.14702,0.096478,0.064471,-0.10379,-0.019478,0.32869,0.37195,-0.02169,-0.11278,0.0015934,0.21269,0.25568,-0.028202,0.038115,-0.051337,0.00027648,0.20655,0.16548,0.16237,-0.039597,-0.25368,0.044057,0.048224,-0.22448,-0.070942,-0.019486,0.1194,0.19408,-0.024432,0.29649,0.16749,-0.078032,-0.20369,0.33804,0.21472,0.21092,-0.24578,0.13794,-0.033414,0.02042,-0.062303,-0.20871,0.14341,0.039329,-0.01778
0.16754,0.027216,0.19798,0.11805,-0.035537,-0.11703,-0.1893,-0.05067,-0.099353,0.081915,-0.0036239,-0.029321,0.29792,-0.1338,-0.13149,0.11054,-0.0095314,0.0093221,-0.1099,0.038273,0.1896,-0.12922,0.080791,0.0094724,-0.13028,-0.091185,-0.03267,-0.18291,0.52529,0.24229,0.43249,0.21178,-0.11836,-0.1544,-0.022778,-0.10246,0.17781,0.13742,0.16403,0.15971,0.126,0.041469,-0.094555,0.16679,0.17035,-0.025318,0.078218,0.030886,0.18016,-0.12899,0.30755,0.10109,0.048342,0.048378,0.23388,0.19449,-0.10742,-0.088735,0.27976,-0.11476,0.10267,0.087642,0.058027,-0.14182,-0.17076,0.25433,-0.00078542,-0.19578,-0.046433,-0.11777,0.63059,0.36402,-0.22522,0.19515,0.035769,0.48138,0.16947,-0.023768,0.10041,0.51948,0.067237,0.022659,0.025174,0.40082,0.23655,-0.051718,0.13533,-0.18189,0.25171,-0.032328,-0.1122,0.024008,0.17337,0.10753,-0.030995,-0.10974,0.22136,-0.026936,0.064559,-0.14485
0.14273,-0.16605,-0.12038,-0.065923,0.11181,-0.14739,-0.16513,0.11576,0.033942,-0.0020153,-0.045106,0.13217,-0.15348,0.46058,0.35044,0.063124,0.18984,0.027274,-0.29846,-0.0090764,0.20893,-0.019026,0.033112,0.011074,-0.014393,0.18003,0.091043,0.079656,0.28922,0.081215,0.20466,-0.22307,0.19232,0.058192,-0.075099,-0.048373,0.011444,-0.063191,0.1314,0.44841,0.28377,-0.008974,-0.13744,-0.095804,-0.041897,-0.094227,0.11397,0.25262,0.22783,0.18569,0.33143,0.061123,-0.16194,-0.015263,-0.0070632,0.16663,-0.12178,0.35412,0.40851,-0.12144,-0.17817,0.25113,-0.017574,-0.088647,0.029455,0.067733,0.27795,-0.11812,-0.11204,0.069443,-0.12218,0.069399,0.1209,-0.0064381,-0.0491,0.093538,0.17454,0.17942,0.17264,0.045329,0.034384,0.22347,-0.088773,0.19258,-0.09992,0.31212,-0.090712,0.035282,-0.094311,-0.072484,0.07287,0.074528,0.13463,-0.00016216,0.10158,0.10489,-0.12467,0.06481,-0.11962,0.12376
0.027517,0.080765,-0.12919,0.2691,0.12099,0.20921,0.24998,0.28046,-0.073424,0.29788,0.23401,0.032771,-0.13992,0.1379,-0.025986,-0.034426,-0.1459,0.087166,-0.14088,-0.21349,-0.15585,0.22307,0.35725,0.12493,0.0083264,-0.032211,-0.21027,0.025985,0.29905,-0.11126,0.032467,-0.10609,-0.22092,0.037898,-0.1938,0.57993,-0.24855,0.16554,0.10062,-0.19871,-0.1636,0.096764,0.17547,-0.17409,-0.0083925,0.13132,0.21418,0.21037,0.016606,0.20731,0.076863,0.26632,0.028035,-0.023333,-0.17453,0.68675,0.075147,-0.034939,-0.0054292,0.041235,-0.21732,0.21005,-0.027708,0.069712,0.1761,0.050534,-0.071675,0.28438,0.15068,0.23132,-0.22832,0.026031,-0.04074,-0.22226,0.017831,0.39549,0.40164,-0.12648,0.064016,0.10969,0.33805,0.025127,0.045662,-0.015163,0.054445,0.1814,0.098174,-0.096512,0.32167,-0.13364,0.015846,-0.089337,0.0068295,0.098252,-0.14802,0.48681,-0.081446,0.13073,0.10085,0.14797
-0.056105,-0.024785,0.04905,-0.063999,-0.16966,-0.15842,0.21649,0.11134,0.0087674,-0.095114,0.21149,0.16877,0.060353,0.11266,0.037283,0.037167,0.046797,-0.04874,-0.061455,0.16306,-0.13032,-0.095793,0.25757,-0.076071,-0.042761,0.18593,0.073006,-0.33151,-0.042273,0.17391,-0.022988,-0.041308,-0.20754,-0.16359,-0.012427,0.11791,-0.09433,-0.056157,0.14203,-0.0086703,-0.11079,-0.029451,0.15046,0.49549,-0.10251,0.28807,0.32801,0.11835,0.18314,-0.15546,0.037782,0.065132,0.16174,0.027174,0.12703,0.016441,0.16105,-0.18092,0.018378,0.059307,0.17123,0.41922,0.26197,0.013987,0.6274,0.06635,-0.18733,-0.21028,0.00042787,0.18414,-0.064271,0.20328,0.10072,-0.055056,-0.023552,0.28183,0.029302,-0.096717,-0.10523,-0.034019,-0.19555,0.33296,0.044917,-0.039749,-0.13092,0.039935,-0.11439,-0.065495,-0.1565,-0.073875,-0.11699,0.20353,0.18121,-0.1072,0.39476,-0.16249,0.033656,0.19807,0.7249,-0.069419
0.04123,0.43221,0.093466,0.11235,0.083229,0.48783,-0.096337,0.16543,0.12277,-0.009354,-0.022014,-0.046999,-0.034599,0.046327,0.11921,-0.062461,-0.16659,0.082761,-0.10217,0.24608,-0.082817,0.22079,0.046088,0.16354,-0.16348,0.041267,-0.059866,0.03312,0.098189,0.065217,0.28741,-0.29845,-0.031732,0.17852,0.011577,0.096298,0.22046,-0.079256,0.21848,0.1348,0.38757,0.28634,0.092928,-0.16681,-0.077681,0.084641,0.2574,0.27451,0.37513,0.2008,-0.18771,0.15361,0.12471,-0.21763,0.092094,-0.049184,0.22882,-0.17953,0.34508,-0.038758,0.24038,0.029227,-0.11839,0.14172,-0.14958,-0.090296,0.02293,-0.0030159,0.3236,0.10432,0.13264,0.17074,-0.28138,0.16809,0.16153,0.098075,0.27544,0.42559,0.22682,-0.05584,0.2403,0.030222,-0.072466,0.18181,0.097371,0.29443,-0.14578,0.28045,-0.027963,0.26669,-0.042699,-0.0053928,-0.11596,0.058031,0.17803,0.002954,0.17039,-0.17188,-0.16065,-0.050324
0.12256,-0.054486,-0.13079,-0.10294,-0.0045138,0.62869,0.17309,-0.024555,0.38275,-0.048316,-0.12245,-0.12638,0.047185,0.18191,-0.036724,-0.14853,0.0073147,0.15144,0.038219,0.0073256,0.21319,0.24213,0.17859,0.11844,0.20301,0.0060264,-0.023925,-0.049765,0.48204,0.39724,0.51657,-0.00043633,0.2507,0.52293,0.2747,-0.052034,0.15396,-0.10879,-0.055515,0.13546,0.0081873,-0.050103,-0.0066805,-0.031572,-0.042521,0.030803,0.17133,0.22272,-0.01878,-0.036539,-0.13534,-0.076986,-0.026233,0.24273,-0.18437,-0.054779,-0.25511,-0.20305,0.067512,0.1863,0.071182,0.14635,0.20511,0.22331,0.16414,0.32151,0.24252,0.23858,0.30206,0.20461,0.38284,0.038054,0.10108,0.066713,-0.080812,0.094261,0.042646,0.25185,0.28683,0.073939,0.099651,0.28166,0.051909,0.30493,-0.056301,0.23829,-0.073777,0.13675,-0.020544,0.19987,0.34228,0.19618,-0.0039193,-0.07836,0.21269,0.036174,0.18684,0.063004,0.10754,-0.0040807
