-0.0593,-0.038067,-0.032535,0.10956,0.10669,0.13628,-0.05544,0.075522,-0.02068,-0.024741,-0.045268,-0.31384,-0.14383,0.11799,-0.05291,0.12294,0.064722,-0.027279,-0.16317,-0.14594,0.15068,0.3185,0.18913,0.11486,-0.17846,0.062105,-0.026904,0.17131,0.071488,0.1839,0.055652,0.039688,0.33223,0.2007,0.00024714,0.1162,0.059791,-0.19207,0.1423,-0.10305,0.05214,-0.046835,-0.0091204,0.03223,0.15542,0.17218,-0.29507,-0.067691,0.036765,0.31729,-0.10435,-0.21466,0.053586,-0.09375,0.23415,-0.091651,-0.040545,-0.050807,0.19927,-0.16462,0.031557,-0.030704,0.027125,0.16945,0.050983,-0.093641,-0.059087,-0.074053,0.013533,0.083827,0.009685,-0.10773,-0.083629,0.17395,-0.081947,0.080387,-0.31688,0.014343,-0.10836,-0.21357,0.079281,0.28319,0.027526,0.23058,0.21132,-0.21705,0.1246,-0.04583,-0.20855,0.20691,-0.23378,0.11262,0.29973,0.17737,0.25779,-0.021978,-0.15644,-0.1621,-0.062375,0.018554
-0.063619,-0.042678,-0.062739,-0.068059,-0.38836,0.38201,0.16375,0.14852,0.044687,0.14104,0.022449,0.57047,0.18033,-0.059479,0.22557,0.058108,-0.044299,-0.36621,-0.089511,0.036024,0.048945,0.10368,0.29932,0.32101,0.091643,-0.17123,-0.055901,0.10531,0.17782,-0.17104,-0.15151,0.063428,-0.21638,0.12906,0.37848,-0.16965,0.062403,-0.25313,-0.059905,0.083041,0.027458,0.3644,0.3362,0.18869,0.33246,-0.0080461,-0.045819,7.9282e-06,0.18249,0.0071013,0.095359,-0.1546,0.05995,-0.092841,0.085445,0.050453,0.2742,0.11266,-0.069341,0.083178,0.090526,0.22191,-0.18461,-0.10047,0.063056,-0.040211,-0.18059,0.3406,0.27168,-0.16373,0.052093,0.55347,-0.0042357,0.1401,-0.0916,-0.14103,0.13338,-0.11003,-0.10071,0.056138,-0.024877,-0.218,0.1809,0.23335,0.24436,0.24854,0.064457,-0.14281,-0.08942,-0.17084,-0.065891,0.18286,-0.24278,-0.23893,0.24024,-0.13914,-0.020311,0.018836,0.24615,-0.027468
-0.27011,0.10897,-0.11017,-0.062076,0.41531,0.051032,-0.030578,0.035648,0.19292,-0.14534,-0.0075942,-0.043941,0.15965,0.27328,0.22821,-0.040224,-0.30451,-0.07823,0.26018,0.16516,-0.2054,-0.14453,0.17972,-0.12558,0.036878,0.30267,-0.068064,-0.10232,0.083075,-0.16406,0.17802,0.095954,-0.12753,0.0078754,-0.084048,0.1534,-0.158,0.085343,0.37191,0.28132,-0.044161,0.18534,0.085691,0.09073,-0.1663,0.2331,0.85041,-0.10205,0.083414,-0.053976,-0.11744,0.10029,0.093076,0.29448,0.20492,0.29938,-0.079621,0.011547,-0.1374,0.070344,-0.098059,0.21835,0.25792,0.11345,-0.096842,-0.048641,0.01419,-0.18628,-0.041737,-0.1965,-0.13623,0.053046,-0.04722,-0.010666,0.11529,-0.25544,0.03621,0.02888,-0.10598,-0.022603,0.1748,-0.1341,0.076159,0.24762,0.21844,-0.10226,-0.11352,0.059031,-0.29417,0.13429,-0.36334,0.40778,-0.10867,0.33939,0.47104,0.052156,-0.047535,-0.10547,-0.039018,-0.20508
-0.057968,0.0094078,-0.0019665,0.087196,-0.031647,0.11917,-0.31476,0.36144,0.19731,0.10612,0.27903,-0.11134,0.037316,0.15368,0.14889,0.087675,0.24236,-0.25314,-0.082025,0.070493,0.13996,0.1373,-0.34723,0.0022757,0.30695,-0.044894,0.17335,-0.027222,0.050769,0.005175,0.1579,-0.12088,0.089207,-0.06134,0.29332,-0.018079,-0.24351,0.0058939,0.24172,0.26745,0.15494,0.097205,0.039223,-0.16984,0.12756,0.016182,0.11202,-0.067234,0.15004,-0.0044456,0.077383,-0.11943,-0.05526,0.20302,-0.071148,-0.060793,-0.33876,0.19238,-0.095346,-0.018375,0.19888,0.21364,0.057362,-0.045432,-0.045212,-0.23089,0.23427,0.25657,0.58188,0.0025255,0.011242,0.12226,-0.1108,0.083387,-0.14968,-0.093715,0.25364,-0.13021,0.20194,0.1676,0.24582,-0.1558,0.035038,0.23804,0.3049,-0.025471,-0.29267,-0.12315,0.15729,0.025595,0.24874,-0.099925,-0.12636,0.30978,-0.089636,0.29125,-0.047146,-0.018198,-0.014,-0.16901
-0.031911,0.073178,-0.10397,-0.073284,-0.052238,0.0071983,-0.025619,0.36838,0.24731,0.16766,0.077546,0.21656,-0.04338,0.061703,-0.15351,0.31594,0.35942,-0.082191,0.21763,-0.19987,0.026353,-0.27751,0.03724,0.071308,0.21015,0.069839,-0.010449,-0.11285,0.03454,0.039934,-0.12702,0.097259,-0.0084053,0.13318,-0.020377,0.02159,0.072015,-0.019448,0.17174,0.016429,0.0019484,-0.10233,-0.043173,0.060125,0.069705,0.28769,0.23707,0.15569,-0.082225,-0.017238,-0.047898,0.39201,-0.29198,0.44333,0.27326,0.22136,0.043017,-0.35456,0.29013,0.33979,-0.21805,-0.14562,-0.30065,0.11039,-0.017426,0.27921,0.22835,-0.12226,0.08721,-0.10061,0.4027,-0.032472,-0.11033,0.27733,0.10356,-0.13554,-0.074937,0.16604,-0.01982,-0.052035,0.17596,0.23771,-0.09729,-0.15984,-0.018179,0.36669,-0.033473,0.15133,0.22802,0.32625,-0.14014,-0.12945,-0.10428,-0.28145,0.067948,-0.069328,0.32244,-0.23087,0.10249,-0.12242
0.3389,0.36795,-0.27977,0.09117,-0.12842,0.22732,0.15053,0.04667,0.36357,0.056732,-0.15646,0.051728,-0.10986,-0.13171,-0.0052566,0.087731,0.17535,0.1634,-0.10146,-0.23495,0.17986,-0.0058505,-0.066062,0.01419,-0.079121,-0.095508,0.053108,0.084802,-0.072369,0.15679,0.052901,-0.090239,0.08393,0.3199,0.36421,0.17736,0.34626,0.1679,0.29037,0.02802,0.19402,-0.12488,-0.18985,-0.14553,0.019157,0.1318,-0.046312,-0.17004,0.012091,0.076095,-0.039757,-0.08708,-0.21277,-0.13635,-0.051624,-0.040703,0.037729,0.062086,-0.27964,0.36762,0.36088,-0.10855,0.17104,-0.23722,-0.00059102,-0.046078,-0.0093171,0.18565,0.061503,-0.077082,-0.19536,-0.18241,0.025792,0.059142,0.13303,-0.095891,0.30283,0.29416,0.018085,0.30994,0.045008,-0.053859,0.10724,0.21994,-0.047941,-0.05766,0.054126,0.18308,-0.077574,0.10817,0.19572,0.11236,0.27824,-0.00078617,0.042127,0.036223,0.14912,0.11375,-0.09381,-0.040118
-0.016888,0.14206,0.12898,-0.085372,0.33823,0.15775,0.13508,0.44356,0.22549,0.29594,0.079868,0.41033,-0.073662,0.28602,0.11915,0.18429,0.12039,0.15403,0.083855,-0.1243,0.14015,-0.057778,-0.0055197,0.18294,-0.037234,0.0077071,-0.15018,0.1376,0.12559,0.18023,0.26625,0.087766,0.066077,-0.11276,0.20335,0.12276,0.046946,-0.11654,0.091233,-0.0067558,0.17837,0.15307,0.091646,0.17698,-0.037451,0.18373,0.12535,-0.020936,0.11415,0.11079,-0.1748,0.13099,0.079131,0.044952,0.030244,-0.12693,0.1429,-0.16846,0.34206,0.21072,-0.06212,-0.15447,0.012485,0.13918,-0.17289,-0.089962,0.24317,0.10766,0.12528,0.47471,0.13387,-0.025961,-0.24402,-0.14862,-0.04773,0.092896,-0.013703,-0.2425,-0.13705,-0.1104,0.17733,0.11733,0.052121,0.053771,0.16833,-0.066381,0.423,-0.014983,0.15041,0.00035048,0.090024,-0.20808,-0.083841,-0.20334,0.042345,-0.085174,0.23326,-0.32469,-0.095587,-0.23648
-0.23686,0.049017,-0.0061713,0.14458,0.17315,0.3438,0.055146,0.06155,0.16705,-0.079606,-0.024747,0.16385,0.39191,0.15545,-0.32736,-0.084961,-0.24831,-0.01235,0.063405,0.22838,0.58223,-0.022953,-0.035643,0.034448,0.33358,-0.066611,0.22518,-0.24899,0.12664,-0.11523,0.055244,-0.081756,0.080281,-0.13358,-0.036876,-0.12332,-0.006649,0.04461,-0.17684,-0.016127,0.11013,0.015778,0.42463,0.20148,-0.067014,-0.12541,-0.15925,-0.18886,-0.12684,-0.075139,0.39469,0.19333,0.075047,0.18863,-0.05015,0.073608,-0.05169,-0.14036,0.49916,-0.29901,-0.2896,0.30439,0.37263,-0.13217,0.11528,0.043704,-0.036066,-0.14534,0.45729,0.20679,0.001171,0.09868,0.16757,0.085262,-0.093449,-0.018465,-0.058257,0.2069,-0.12141,0.089446,0.074566,0.1591,0.072373,-0.12271,0.18173,0.088027,-0.046931,0.27761,0.062072,-0.072866,0.1434,-0.14536,-0.21129,-0.0025119,-0.039835,-0.023136,0.16816,0.15481,0.16273,0.068726
-0.23408,0.23804,-0.072365,0.14122,-0.064258,-0.12228,0.16801,0.14761,0.12703,-0.083996,0.31554,-0.11799,-0.054739,0.10066,0.14481,0.40736,0.27912,-0.10665,0.089988,0.30244,0.1897,0.24572,-0.057646,-0.20119,0.14203,0.014719,0.14097,-0.058775,-0.083745,0.08062,0.27007,0.12139,-0.049845,0.31014,-0.051072,0.069848,-0.15905,0.29317,0.39522,-0.058663,0.29154,0.042691,-0.006481,-0.14351,0.011381,0.44416,-0.095966,-0.40382,0.085697,0.041242,0.12683,-0.23719,0.13735,-0.10252,-0.21616,0.12671,0.15391,-0.056464,0.058329,0.1799,-0.13507,-0.099937,0.19863,-0.14477,-0.014717,-0.14127,0.086149,0.11841,0.10625,0.22328,-0.088987,-0.083641,-0.070304,0.10555,-0.011897,0.58009,0.59409,0.040087,-0.13105,0.082353,-0.16375,0.22507,-0.19028,0.11464,0.070979,-0.1023,-0.069538,-0.24094,0.060079,0.33498,-0.056194,0.26213,-0.12205,-0.039036,0.041194,0.0085044,-0.24162,-0.057406,-0.063665,0.080723
-0.042285,-0.097006,0.036952,0.093952,-0.18794,0.089748,0.13114,0.32194,-0.17186,-0.070236,-0.13586,0.05576,0.11054,0.03654,0.038998,0.090138,0.085911,-0.0052649,-0.08199,-0.15046,-0.0080372,-0.070118,-0.1274,0.26813,0.26061,0.18197,-0.049694,0.0065745,-0.20459,-0.27033,0.31611,0.15368,0.15873,-0.024524,0.073612,0.31938,-0.11321,-0.078042,-0.064342,-0.10575,-0.092345,0.12546,-0.043832,0.196,0.16288,-0.2891,0.10673,-0.022403,-0.032166,0.12808,0.023136,-0.028148,0.034076,0.12063,0.24855,-0.043081,0.12509,0.19632,-0.0022898,0.076751,0.42167,-0.020523,-0.20337,0.20908,0.3826,0.093987,-0.22888,0.1167,0.029526,-0.18549,0.03204,0.1996,0.23566,-0.017121,0.29952,0.0068303,-0.17001,-0.080348,0.0087421,-0.0025866,0.053527,0.15704,0.047552,-0.07469,-0.026695,-0.041653,0.022095,-0.033186,0.1893,-0.075617,0.13062,0.32813,0.010358,-0.28492,0.40661,-0.0078106,-0.13598,0.089407,0.24893,-0.011446
0.17161,-0.12838,0.0084754,0.025124,0.37701,0.057009,-0.13729,0.16197,-0.025443,-0.32792,0.16906,0.27424,-0.097956,0.032393,0.21553,0.032065,0.11801,0.37316,0.34833,0.30667,0.21638,0.20469,0.0026095,0.37558,0.15915,0.024791,-0.25312,0.14983,-0.050426,-0.15523,0.30459,-0.13112,-0.095182,0.0013774,0.078217,-0.071477,0.31365,-0.079191,0.25573,-0.064449,-0.074745,-0.033254,0.18477,0.13629,0.23217,-0.018717,-0.15221,-0.065286,0.30375,0.12938,-0.014198,-0.092101,-0.026021,0.16313,-0.048672,-0.22151,-0.20781,0.032245,-0.44774,-0.082235,0.22595,-0.14738,0.34789,-0.086794,0.10082,0.15036,-0.0088462,-0.30075,-0.15613,-0.0041756,-0.037975,-0.064428,-0.0021068,0.44893,0.084338,-0.14368,0.105,0.10794,-0.10557,-0.19492,0.1155,0.081272,0.019421,0.084107,0.47271,0.037553,-0.01805,0.071356,0.046664,-0.1957,0.15107,0.12343,0.0088741,-0.26388,0.19672,-0.076398,0.23402,-0.13409,0.056337,0.28905
0.037264,0.0084123,-0.20392,0.15473,-0.056685,-0.14765,0.11915,-0.14522,-0.19607,-0.06735,-0.056234,-0.063257,0.04111,-0.0038269,-0.097373,0.17625,-0.074712,0.020249,0.13609,0.10104,-0.096082,0.1583,0.13256,0.14279,0.41738,0.020391,0.051179,0.11277,0.10486,0.20869,-0.043085,0.18669,-0.074581,0.24842,-0.082294,-0.1425,0.28067,0.09192,0.15814,-0.020247,-0.18898,0.031188,0.2951,0.20932,0.10078,0.31477,-0.078507,0.16579,0.097348,-0.32266,0.18045,0.58586,0.42449,0.14646,-0.10116,-0.19214,-0.065768,-0.040992,0.28348,-0.14963,0.20044,0.0089239,0.066869,0.099,0.12575,-0.0042051,-0.051998,-0.061175,-0.25596,-0.061235,-0.34715,0.24008,-0.089366,0.094093,-0.18534,0.172,0.18526,-0.19717,0.11195,0.033039,0.26491,-0.23742,-0.10134,-0.15911,0.11886,-0.092183,0.079043,0.11411,0.035031,-0.10114,0.022636,-0.093009,0.41323,0.090819,0.21395,0.1067,0.079369,0.13928,0.0098386,0.13932
0.14865,-0.1481,-0.11865,0.097076,-0.27032,0.44015,-0.14538,0.39028,0.37428,-0.013845,0.23479,0.32648,0.1067,-0.1066,-0.14159,0.011438,-0.012641,-0.082105,0.16288,-0.10792,0.47828,-0.027644,-0.073034,-0.059017,0.095141,-0.058003,-0.11057,-0.042082,0.30502,0.22124,0.37999,-0.063774,-0.20383,0.22424,0.17179,-0.11683,0.15797,0.30137,0.083929,0.16482,0.32852,0.29035,0.0029368,0.042694,0.26624,0.11843,0.076766,0.088405,0.19442,0.0032505,0.13438,0.15896,-0.064941,-0.074739,-0.00018261,0.16448,0.014432,-0.028258,0.054232,0.28362,-0.030632,0.042922,0.30762,-0.08894,0.013743,0.16734,-0.37529,0.20835,0.095253,0.1515,0.012685,0.034571,-0.051531,0.2546,-0.014702,-0.029689,0.23489,-0.14463,-0.075093,0.18664,0.098898,-0.068493,-0.11021,-0.3133,0.038784,0.1552,0.20836,0.032249,-0.25498,0.24191,-0.029545,-0.27511,0.26814,-0.079494,-0.082125,-0.14157,-0.13112,-0.050542,0.078181,0.06938
0.071968,-0.069621,0.5834,0.013779,0.05226,-0.055207,0.12897,0.25762,0.11998,-0.076075,0.22135,-0.21706,0.012751,0.093869,0.15782,0.011756,0.67444,0.10809,-0.16007,-0.0076703,-0.30948,0.17066,0.44683,0.20067,0.12302,-0.25759,-0.073991,-0.059342,0.08435,-0.079784,-0.11466,-0.1818,-0.14412,-0.056522,-0.20828,-0.012131,0.072103,0.13984,0.0018218,0.17786,0.017959,-0.044405,0.11108,0.3043,0.24689,-0.10908,0.24637,0.11055,-0.085337,-0.012212,0.061199,0.0075292,-0.15615,-0.17239,-0.01487,0.0052924,0.26371,-0.049614,-0.17256,-0.12326,0.15236,0.11893,0.39942,-0.26836,-0.011566,0.1555,0.52509,0.2341,0.17313,0.13063,-0.18497,-0.076933,0.29617,0.021333,-0.21541,0.17555,0.14851,0.10549,-0.081509,0.081349,-0.056358,0.21509,-0.059392,-0.088577,0.24263,-0.10529,-0.29116,-0.28925,0.19738,-0.050079,-0.036718,0.20977,0.18201,0.13089,0.26637,-0.059959,0.4821,-0.1123,0.037788,0.13803
-0.12507,0.082715,0.34996,0.38342,-0.13263,-0.054053,0.22043,-0.0876,0.4167,0.058065,-0.13138,0.17956,0.35241,-0.16016,-0.1157,0.21833,0.21297,-0.0046365,-0.3108,-0.26955,0.11346,0.20468,0.1147,-0.17701,0.045717,-0.085802,0.060798,0.3674,-0.074888,0.0059853,-0.12319,0.0081236,-0.058066,-0.17551,-0.039438,0.33917,0.2442,0.022798,-0.24414,0.17838,0.10273,0.060005,-0.070634,-0.1998,-0.31275,0.049015,0.15299,-0.18743,0.20156,-0.069911,0.11099,-0.26728,-0.21739,-0.10956,0.44259,-0.15913,0.11137,-0.22354,0.15601,0.17488,0.0077932,0.38885,0.14728,-0.077033,0.10284,0.092253,0.028528,0.14038,0.039289,0.041759,-0.32221,0.26898,-0.25994,0.038011,0.10944,-0.097525,0.081494,0.037426,0.21878,0.3373,0.075749,0.14604,0.17439,-0.10452,0.30758,-0.2128,-0.044686,0.19801,-0.082165,-0.14289,0.22136,0.5371,-0.17541,-0.079415,-0.38557,0.079585,0.00086068,0.092485,0.015888,0.087632
-0.029982,-0.11962,-0.18477,0.036507,0.065615,-0.014531,0.17525,-0.19254,0.22593,0.45702,-0.045699,-0.10762,0.26715,-0.14612,-0.038666,-0.19481,-0.079952,-0.19903,0.08419,-0.21838,0.052313,-0.086775,0.47015,0.064717,0.32487,0.15895,0.2526,0.22734,-0.019095,0.36866,0.24756,-0.1612,-0.0092974,-0.13896,0.072202,0.27914,-0.19227,0.33497,0.36624,0.27762,0.24664,0.11545,0.060808,0.082204,0.28959,0.11987,0.23361,0.076225,0.16755,-0.068352,0.17173,-0.030757,-0.086938,-0.010828,-0.054679,0.21469,-0.000463,-0.063456,0.017742,0.28752,0.024385,0.039819,0.3529,-0.085109,0.055877,-0.13077,-0.037162,0.011355,-0.064763,-0.11126,-0.08833,0.051447,-0.051767,0.029402,0.11199,0.042556,0.29344,-0.013013,0.34401,0.22967,0.14285,-0.072608,0.29792,-0.11574,0.1526,-0.11309,-0.11605,0.2666,-0.010372,-0.055581,0.054698,-0.21275,0.10677,-0.01387,0.46641,0.023904,-0.1608,-0.16601,-0.15701,-0.15594
-0.17675,-0.045834,-0.084719,0.167,0.03419,0.32925,-0.0022801,-0.22001,0.11174,-0.035123,0.0007695,0.11242,0.34239,-0.080951,-0.092892,0.3178,-0.010141,-0.041841,-0.070496,-0.058663,0.056364,0.075165,0.27099,-0.2266,-0.10792,-0.14931,-0.20465,0.12859,0.1191,0.11233,-0.12709,-0.011796,-0.15046,-0.12476,-0.1358,-0.043246,-0.027498,0.12795,0.0093133,0.25765,0.24218,0.19577,0.10242,-0.087631,-0.026744,-0.14754,0.60533,0.29634,0.032264,0.040195,0.077242,-0.079089,0.21472,0.55135,0.13006,0.076291,0.057694,-0.090352,0.25102,-0.12583,0.012028,0.036554,0.3139,0.012048,0.28987,-0.090741,0.2248,-0.18937,-0.038804,0.11081,0.23943,-0.019477,0.20322,-0.18479,-0.007457,0.067807,0.13733,-0.14326,-0.20183,-0.013026,-0.049494,0.056467,-0.051992,0.077421,-0.081724,0.035358,0.12286,-0.014128,0.07922,0.080067,0.045724,0.45633,0.2099,0.2176,0.32701,-0.11614,-0.075774,-0.099715,-0.067041,-0.0077546
0.0047784,-0.015205,-0.12181,-0.15184,-0.20312,0.13568,0.041839,-0.081092,0.16109,0.17464,0.10068,0.033308,0.18443,-0.05271,0.021135,0.31214,-0.12033,0.079847,0.26756,-0.045264,0.20352,0.28036,0.052763,-0.0051209,-0.13303,0.15154,0.22842,0.050923,-0.057133,0.18975,-0.017894,-0.30272,0.029365,-0.095698,0.17934,0.10319,0.14316,-0.084577,0.046425,0.10605,-0.093988,-0.024009,-0.015552,-0.28051,0.59908,0.055683,-0.25263,-0.08296,0.14334,-0.1079,0.15298,0.24284,-0.1254,-0.015289,0.31189,-0.11271,0.31109,0.072224,0.11303,0.1218,0.017413,0.097523,-0.14834,0.050672,-0.15404,0.22477,-0.02922,0.13856,0.27745,0.24527,0.10244,0.15095,-0.25367,-0.096748,0.31883,0.34464,0.33225,0.060272,-0.2366,0.031204,0.10067,0.17229,-0.18095,-0.036929,-0.088502,-0.043599,0.085328,0.019558,0.010224,0.045767,0.12135,0.079458,-0.059921,-0.14258,0.065462,0.23409,0.18202,-0.14567,-0.070705,-0.1308
0.23083,0.2564,0.03092,0.19391,-0.096545,0.07974,0.3032,-0.11191,0.18138,-0.075787,0.058218,0.41148,0.27528,0.18537,-0.16085,-0.075647,0.26098,0.16927,0.04572,0.21308,0.0027147,0.16312,0.26228,-0.18139,-0.07492,-0.090059,0.088688,-0.082698,0.14131,0.12757,-0.12638,0.058458,0.081326,-0.0052473,0.054901,-0.020992,0.047445,0.6073,0.077102,0.19258,0.12853,-0.10361,-0.046607,-0.23619,0.29575,-0.081333,0.30405,0.12031,0.060424,0.11475,0.089679,-0.06691,0.088245,0.32924,0.031459,-0.030888,0.014528,-0.00015833,0.14007,-0.21521,0.23951,0.2125,0.07114,0.22872,-0.0354,0.0057361,0.036303,-0.18596,0.11527,0.033361,-0.30559,0.21407,0.089394,0.096957,-0.32837,-0.15577,0.065125,-0.10853,0.24027,0.20203,-0.021631,0.42212,0.059617,-0.15362,-0.27513,-0.1448,-0.2299,0.076661,0.2007,0.035753,-0.055574,-0.0059346,0.12483,0.17088,0.034495,0.21096,-0.12653,-0.095857,-0.094415,0.21009
0.090512,-0.0050377,0.23686,0.070463,0.065216,-0.18855,0.12988,0.10163,0.14098,-0.12794,0.10045,-0.11394,0.25017,0.083098,0.29566,0.06351,0.051264,0.16731,-0.044693,0.18046,0.090899,0.36098,0.067951,-0.12789,-0.01304,0.012487,0.32583,-0.092611,-0.010515,0.0093094,0.14773,-0.11716,0.085422,0.050093,-0.046507,-0.13623,0.0032866,-0.16388,0.039357,0.14805,0.076661,0.1441,-0.20554,0.24727,0.015994,0.46385,-0.068223,0.7662,-0.16581,-0.020065,0.096427,-0.26472,0.06299,-0.032489,0.20225,0.24807,-0.12433,0.062825,0.22482,0.37058,-0.09737,0.24568,0.091892,-0.028234,-0.067806,-0.037717,-0.11201,0.1689,0.021482,-0.012819,0.15744,0.28326,0.19814,-0.0045393,-0.19453,0.074675,-0.097223,0.10381,0.13633,0.28377,0.065022,-0.063742,-0.037192,-0.047272,-0.23404,0.10707,-0.010565,0.15378,-0.26469,-0.12172,0.04917,0.049198,0.27196,-0.044,0.29712,0.1685,-0.007213,0.28046,-0.16507,-0.075229
0.064882,-0.070701,0.18565,-0.27626,-0.17811,-0.035963,0.51887,-0.22134,-0.19164,0.05959,-0.18561,0.3188,0.15851,0.31888,0.25996,0.47953,0.11833,-0.18016,0.19073,-0.2835,0.51599,0.13522,0.16201,0.075594,0.19183,0.39623,0.20896,-0.22875,-0.052159,0.25418,0.13009,0.31564,0.18761,0.014433,-0.062336,0.012685,-0.11751,0.27003,-0.14726,-0.026081,-0.26507,0.052259,-0.083923,-0.051317,-0.23499,0.0064934,-0.0035234,0.52276,0.086642,-0.0031967,-0.15295,0.15488,-0.065911,-0.064415,-0.043321,0.0059679,0.071354,0.023328,-0.075801,0.048957,-0.17037,0.0051426,0.03679,-0.020939,0.081853,0.0054637,0.031837,0.12981,0.18175,-0.25324,0.17817,0.011575,0.065219,0.064354,-0.17113,0.11632,0.062765,-0.079726,0.24057,0.06122,0.13398,0.35338,0.28538,0.16652,0.24923,-0.25581,0.18576,0.3239,0.31165,-0.061664,0.19636,-0.077145,0.46143,0.20552,-0.20127,-0.011775,-0.14186,-0.0056147,-0.073749,0.15174
0.41644,-0.093704,0.38023,0.1084,0.07417,-0.049911,-0.070125,0.067369,0.17682,0.16741,0.00032604,-0.22682,-0.14648,0.1169,-0.26002,0.21296,0.00031447,0.070917,0.031537,0.30776,-0.045001,0.2013,0.13235,0.027942,0.17917,0.060163,-0.072057,0.40479,0.083059,0.26435,-0.068312,-0.0019035,-0.021253,-0.012416,-0.066403,0.022504,-0.025168,-0.086951,-0.010007,-0.08077,0.096925,0.24091,0.052326,0.080924,0.042945,0.13356,-0.11151,0.23862,0.17273,-0.094233,-0.0063451,0.049915,0.15344,0.49598,0.028018,-0.11048,-0.20869,0.12283,0.14113,0.37464,-0.017381,-0.21991,0.35515,0.20691,-0.14191,0.11441,0.065667,-0.067811,-0.16337,0.15995,0.23616,-0.035891,0.089236,0.32136,-0.15444,0.031847,0.013122,0.47339,0.024167,0.051562,0.070035,0.068085,-0.097069,-0.014316,0.20717,0.12627,0.035682,-0.14397,-0.079749,-0.032817,-0.021938,-0.17039,0.002446,-0.034931,-0.17575,-0.005275,0.2251,-0.071496,-0.050522,-0.076252
0.41083,0.02547,-0.093414,0.15438,-0.028401,-0.10076,0.1694,-0.098483,-0.12594,0.18347,-0.10484,0.057628,0.32259,0.22034,0.0053485,0.0083307,0.033147,-0.29611,0.3488,0.11803,0.23162,-0.10047,0.0059177,-0.17079,0.50786,0.0061053,0.33672,-0.017068,0.10822,0.13419,0.12541,0.087632,0.0029807,0.37962,0.16904,-0.043194,0.24081,-0.030323,-0.2166,0.22503,-0.20273,-0.048081,-0.0095913,0.043925,0.23568,0.059679,0.076272,-0.13757,-0.10066,0.098074,-0.072007,0.072106,-0.039466,-0.15365,0.37307,0.15666,-0.03091,0.12125,-0.22228,-0.0095796,0.041103,-0.12614,-0.10816,0.098911,-0.046482,0.37606,-0.038213,0.010184,-0.077943,-0.062882,-0.0040738,0.055063,0.29958,-0.092475,-0.11529,0.24036,-0.23088,-0.14181,-0.17394,0.30622,-0.053967,0.14313,-0.17188,0.21028,0.27896,0.14105,0.11883,-0.10162,0.094859,-0.058131,-4.7233e-05,-0.19519,0.18484,0.098422,0.29271,-0.10563,0.04647,0.031038,0.096167,-0.17267
-0.012671,-0.1113,0.19024,-0.016478,-0.090404,0.091432,0.1773,0.22656,-0.12797,0.095441,-0.0048052,0.093781,-0.17981,0.23806,-0.021702,-0.077494,0.14174,-0.26965,0.14746,0.36348,-0.14817,0.11287,0.13566,-0.31958,-0.12354,0.44733,0.50145,-0.077934,0.18328,-0.23052,-0.14187,0.21503,0.14849,-0.17114,-0.10611,-0.10239,-0.11392,0.13038,0.06781,-0.21659,0.077109,-0.12014,0.075473,-0.13272,0.15183,0.053448,-0.112,0.1118,0.19439,0.25075,0.46031,-0.076206,0.014193,-0.035418,-0.0074302,0.29479,-0.048669,0.068611,-0.024922,0.17515,0.068317,0.1205,0.17302,0.26132,0.039869,0.10283,0.0039613,-0.37848,0.17607,0.062642,-0.1905,0.02753,-0.090285,-0.14581,-0.023389,-0.010928,0.026268,0.43209,0.0024106,-0.033756,0.37868,0.088851,0.35819,0.11979,0.14893,-0.088551,-0.1407,-0.15124,0.0057991,-0.26119,0.016473,0.052901,-0.017173,-0.23139,0.081813,0.19402,-0.039426,0.13566,0.23991,0.27632
-0.042814,0.18928,0.25175,-0.12616,0.098578,0.094317,0.10957,-0.01838,0.023955,-0.18156,0.19339,0.14575,0.027001,0.026475,-0.0015761,-0.20475,-0.03648,-0.13098,0.32111,-0.17123,0.060234,0.3158,-0.1855,0.21165,0.3757,-0.090727,-0.2012,-0.071856,-0.26295,-0.042383,-0.0658,0.042032,0.23531,-0.0071516,0.22577,0.12637,-0.12218,-0.090005,0.60715,0.078714,-0.14686,-0.097509,0.27051,-0.063562,-0.13851,-0.082829,-0.068023,0.20213,0.19758,0.07938,-0.14656,0.068907,0.35803,0.0031777,0.29145,0.18341,0.015182,0.11384,-0.11736,0.048962,0.0089301,0.37556,-0.097995,0.14572,0.16427,0.044575,0.20283,0.18082,-0.17086,0.26085,0.078422,0.05146,0.12726,-0.0010504,-0.093899,-0.015546,-0.031471,0.20073,0.034982,0.03977,0.098379,0.44149,0.11093,-0.075944,0.026063,0.28748,0.045038,-0.070395,0.24089,0.072323,0.13408,0.14224,-0.054569,0.23372,-0.082496,-0.0083579,-0.178,0.11549,-0.31374,0.15525
-0.013252,0.0066287,-0.08951,-0.023249,0.032712,-0.2342,0.096394,0.41669,-0.03211,0.085247,-0.037194,-0.16299,-0.055121,0.13629,0.11856,0.038542,0.17678,0.022751,0.24151,-0.41529,0.17972,0.14641,-0.25774,0.12903,0.0021207,0.18234,0.04179,0.16548,-0.0092493,-0.23149,0.3908,0.15186,0.26424,-0.03546,0.13116,0.025318,0.027785,0.11272,0.31179,-0.0036945,0.12433,0.11318,0.10423,-0.18663,-0.08115,0.14028,0.10308,-0.084967,0.2015,-0.077169,-0.0028491,-0.28657,0.23183,0.13106,0.18896,0.10285,0.18651,-0.023036,0.14036,0.19076,0.17429,0.079271,-0.088058,0.2638,0.1327,0.12188,0.11006,-0.041901,0.11771,0.58162,0.22774,0.37982,-0.035238,-0.050027,-0.23881,-0.2398,-0.075151,-0.038077,-0.11672,-0.068585,-0.040961,0.28564,0.08943,0.32251,-0.10298,0.01415,-0.33234,0.11391,0.16265,0.16641,0.32488,-0.056426,0.09507,0.084019,0.20874,0.11961,0.075029,-0.10657,-0.037565,0.0099457
-0.22501,0.37574,-0.21654,0.085924,-0.1738,0.080834,0.34375,-0.2073,0.3159,0.10688,-0.064815,0.21706,0.0086817,-0.20872,-0.031087,0.14073,-0.086679,-0.089783,-0.048141,0.13145,0.071631,0.13789,0.097647,-0.02156,-0.039919,0.18021,0.076486,-0.15939,-0.023687,0.96408,0.68897,0.40407,0.099307,0.26102,0.099324,0.12887,0.2306,-0.11332,0.26915,0.3303,0.1328,-0.052771,0.04221,-0.036758,-0.073131,0.11127,-0.066009,0.18189,0.36478,-0.0095915,-0.034142,0.28157,0.036626,-0.13799,-0.024186,-0.075729,-0.07031,0.052874,-0.099714,-0.25411,0.077061,0.037694,0.38512,-0.070186,0.090999,-0.12977,0.078908,-0.059923,0.0036675,0.024965,-0.42811,0.31169,0.10809,0.33737,-0.043342,-0.021099,0.16511,0.16999,-0.13506,0.0017855,0.04792,0.079,0.16696,0.15397,0.017728,0.12187,-0.13332,0.11561,-0.044308,0.18196,0.050657,0.12765,0.19043,-0.040114,-0.047306,0.099416,0.45461,0.1563,-0.061988,-0.10981
-0.062151,-0.16003,-0.1594,-0.23777,0.0019998,0.048609,-0.031817,0.42886,-0.042411,-0.02254,-0.1042,-0.23681,-0.050212,0.26853,0.20358,0.39298,-0.0038834,0.41208,0.053082,0.1343,0.30421,0.16328,-0.11467,0.084782,0.24461,0.18283,-0.17195,-0.066049,-0.17778,-0.039484,0.16318,0.099897,0.21438,0.30691,0.32261,0.053522,0.10507,-0.084192,-0.029485,-0.02386,0.10112,-0.18973,-0.091647,0.14934,0.26847,-0.28351,-0.056856,0.04276,-0.060056,0.21952,0.44731,0.041122,0.0033405,-0.088459,0.44243,0.20961,-0.2711,-0.18053,0.10626,0.31593,0.32267,-0.1029,-0.092919,0.013194,0.41783,-0.10997,0.13323,0.1295,0.18043,-0.067525,0.089138,-0.16098,-0.059114,0.14738,-0.055215,0.059822,0.27082,-0.036042,0.51913,0.083684,-0.15068,-0.038891,-0.13061,-0.070421,-0.088158,-0.17075,0.019999,0.03307,0.095539,0.2982,0.30101,-0.060272,0.14579,-0.089161,-0.18689,-0.19371,-0.093218,0.095669,0.33622,0.17971
-0.21899,0.027925,0.16249,-0.1328,0.082164,0.46859,0.016622,-0.0071388,-0.19871,0.045861,-0.1906,0.10865,0.0038999,0.15629,-0.079089,-0.065436,0.13518,-0.11733,0.012708,0.07981,0.1057,-0.14376,-0.043461,0.0034735,-0.00043791,0.053927,0.029963,-0.19617,0.085014,-0.017879,0.40364,-0.12096,0.017937,0.051337,-0.10256,0.24878,0.44984,0.085676,0.43352,0.082493,-0.11285,0.058259,0.020214,0.095805,-0.084844,0.24163,-0.0020804,-0.17293,0.1189,0.25217,-0.025283,0.027519,0.1121,-0.10147,-0.091836,0.44494,-0.08864,0.31707,0.35924,-0.15856,-0.06294,-0.067581,0.70694,0.081716,0.18359,0.0053924,-0.064822,-0.1129,-0.2024,0.028514,0.060824,-0.085321,-0.14691,0.21119,0.0096573,-0.22083,0.011828,0.18294,0.30138,0.088716,-0.049568,0.50984,-0.045353,0.05287,0.0020477,-0.055643,0.0021367,0.071224,0.011499,-0.13294,0.36709,-0.00078174,-0.046965,-0.039022,0.078756,0.01444,-0.041774,0.22442,0.36797,-0.039013
0.4404,0.44701,0.28127,0.28956,-0.033421,-0.10156,-0.20492,-0.18825,0.43576,0.077962,0.096838,0.13607,-0.15961,-0.018982,-0.10052,0.041715,0.1171,0.015775,0.18285,-0.16506,0.012488,-0.086615,0.15687,-0.19517,-0.14162,-0.32349,0.17326,0.37435,-0.029334,0.11484,-0.28542,-0.035042,0.082248,0.43013,0.16745,0.016848,-0.13215,0.021791,0.069108,0.23467,0.051103,-0.14617,-0.065219,0.24944,0.0165,0.25831,0.0081269,-0.1813,-0.16211,0.065973,-0.037241,0.014972,-0.13641,0.14616,-0.087058,-0.11144,0.070292,0.1123,0.099002,0.24938,-0.062281,0.026193,0.30766,0.53028,-0.10599,0.20425,-0.10299,0.012475,-0.1221,0.0047991,0.14976,-0.0049392,-0.014629,0.47517,-0.2175,0.24386,0.095295,0.14418,-0.11307,0.12803,-0.001895,0.29799,0.086814,-0.2066,0.40898,-0.10923,0.25188,-0.20549,0.0056304,0.067479,-0.060335,-0.26992,0.11565,-0.11728,0.067253,0.17914,0.30769,0.36786,0.30146,-0.05411
-0.17051,0.017898,-0.076224,0.14461,0.10524,0.028236,-0.23992,-0.1077,0.078022,0.32335,0.25439,-0.052347,-0.18538,-0.24869,0.15706,-0.091634,-0.31284,0.31528,0.35628,0.40662,0.061484,-0.12304,-0.023992,0.038817,0.36904,0.0036651,0.085857,0.1101,0.16643,-0.039609,0.026364,0.013027,-0.17377,0.34362,0.36312,0.054244,-0.014132,0.15656,-0.19914,0.14041,0.043188,0.087674,-0.23978,-0.25858,0.13446,0.1931,-0.029502,0.056902,0.13595,0.074962,0.1601,0.04946,0.5173,0.21049,-0.13808,-0.11424,0.32727,-0.095312,-0.068503,-0.18952,0.14958,-0.045029,0.20685,0.13476,-0.12207,-0.043733,0.097393,0.091875,0.054563,0.13975,-0.023291,0.24037,0.0034223,0.1785,0.12363,0.1592,0.24447,0.050537,-0.001893,0.11071,-0.20664,0.059551,0.06753,0.31979,-0.18926,0.036499,0.14042,-0.16103,0.010558,0.083076,0.077636,0.077018,-0.10013,0.15935,-0.031794,-0.035587,0.2591,-0.12457,0.39224,0.0035496
-0.20529,-0.023333,0.074569,-0.28636,0.059606,0.049716,-0.060975,0.088582,0.2108,0.017094,-0.046886,0.21995,-0.13406,0.20933,-0.16375,0.62903,-0.13709,0.12884,-0.12548,-0.12585,0.094058,0.28921,0.16786,0.32848,0.060132,0.046873,-0.016376,0.17806,-0.030046,0.25172,0.1086,0.0033569,0.32895,-0.16137,0.13064,-0.20472,0.023077,0.28255,0.13343,0.0048907,0.0010462,-0.037949,0.40359,0.073798,0.17818,0.22454,0.18121,0.14234,-0.13907,-0.17816,-0.20087,0.18257,0.11113,0.25887,-0.045583,-0.063027,0.26488,0.15263,-0.26579,0.033402,0.19212,-0.014958,-0.016492,-0.02254,0.18556,0.070526,0.52625,-0.15772,-0.17363,0.18597,-0.029383,0.13324,0.24886,0.0054281,-0.020617,0.21821,-0.24131,-0.063804,0.068399,0.024797,0.031558,0.12126,0.18748,0.12579,0.098491,0.029663,-0.16619,0.20601,0.036497,-0.16481,-0.034222,-0.014182,-0.059761,-0.073978,0.4322,-0.12806,0.50175,0.12325,0.12643,-0.12689
0.047015,0.09278,-0.073674,0.10201,0.31829,0.16246,0.11407,-0.0073028,0.14135,0.36941,0.21436,0.25904,0.072934,0.071359,0.055803,0.077244,-0.0057649,-0.090649,0.72711,0.25024,0.20448,0.29277,-0.043862,-0.14298,-0.15911,-0.13644,-0.17649,0.10043,0.0014033,-0.17103,0.0078765,-0.20595,0.040904,0.24697,-0.017356,-0.20726,0.21864,0.16417,-0.043892,-0.0025913,0.47701,0.13874,0.043246,0.12173,0.13365,0.40201,0.11681,0.012528,-0.0030652,-0.169,0.22752,0.18397,-0.073836,-0.089794,0.019081,-0.028496,-0.089058,0.16803,-0.18412,-0.058133,0.061456,0.32046,-0.13906,0.011351,-0.10639,-0.042965,0.1255,0.12751,0.11181,-0.2778,0.47477,-0.040733,0.34962,-0.026038,-0.057577,-0.21997,0.059626,-0.070572,0.024431,0.56015,0.069331,0.037415,0.25007,-0.018123,0.018172,0.03535,-0.0944,-0.068571,0.34169,0.079381,0.19151,-0.068645,-0.12446,-0.047294,-0.20089,-0.14317,-0.063668,0.013653,-0.18916,0.19202
0.084566,0.11887,0.46533,0.049134,0.11271,0.080886,0.38785,-0.04154,0.20398,-0.058587,-0.076083,-0.001155,-0.077322,-0.17579,-0.094925,0.027544,0.071575,0.35882,0.15188,0.54549,0.044242,0.05908,0.091478,0.0064801,0.079879,0.41906,-0.12283,0.20082,0.19526,-0.047998,0.0049926,0.26943,0.17979,0.076685,-0.1134,-0.15855,-0.088739,0.045476,-0.15596,-0.094995,0.13276,-0.076286,0.21822,0.10105,0.0026188,-0.16776,-0.061605,-0.058115,0.38612,0.11478,0.068968,-0.18872,-0.16541,0.080452,-0.14321,0.085655,-0.25614,-0.17567,0.28894,-0.0014658,-0.17923,0.084035,0.21346,0.23454,0.050485,-0.1265,0.36841,-0.18463,0.063859,-0.22444,-0.078504,0.088302,-0.22788,-0.27857,0.18984,0.047726,-0.12691,-0.10551,-0.13814,-0.095495,0.27818,0.11435,0.20485,0.035674,0.17921,0.29988,-0.17488,0.34181,0.029814,0.0049511,0.086892,-0.16837,-0.033541,0.30756,0.059189,-0.11451,0.031809,0.1172,0.55844,0.02425
-0.0070437,-0.08235,-0.25117,-0.011358,-0.03293,0.18751,0.013275,-0.17875,0.044404,0.1033,0.13221,-0.089111,0.20128,0.27918,-0.05249,-0.17175,0.18214,0.55736,0.044372,0.12384,-0.035533,0.12064,0.35565,0.15363,0.10426,-0.063061,0.21568,0.2102,0.46783,-0.023185,0.10121,-0.042177,-0.015492,-0.044672,0.33783,-0.037966,-0.11716,0.3634,-0.14713,0.09683,-0.061647,-0.019605,0.52454,0.022432,-0.023548,-0.071604,0.094466,-0.047949,-0.067385,-0.011572,-0.081314,0.26177,0.055512,-0.18129,-0.21334,-0.016101,-0.02417,-0.033581,-0.015551,0.30785,-0.031535,-0.10542,0.17141,-0.17604,0.16053,0.17212,0.16961,0.22041,-0.03462,-0.054224,0.039343,0.058227,0.24359,-0.0375,0.28171,0.036952,0.15722,0.29455,0.12938,0.21575,0.37091,-0.060195,0.27508,-0.046039,0.35164,-0.013075,-0.090665,-0.11111,0.14261,0.20069,0.25977,-0.034268,-0.033174,0.15343,0.085356,0.04305,0.046213,0.11294,0.020259,0.11965
0.019875,-0.045464,-0.12857,-0.06046,0.11001,-0.039657,0.24783,-0.075307,0.12325,0.27806,0.089657,-0.032892,0.44947,0.13603,0.066423,-0.17605,0.021325,0.062704,-0.12251,0.15918,-0.06116,0.46118,-0.13099,0.25742,0.51217,-0.034168,0.25804,-0.16063,-0.18302,-0.10047,0.059578,0.057667,0.11917,-0.076547,-0.086421,0.23989,0.30199,0.060265,0.12216,0.13136,0.085464,-0.0035579,-0.042786,-0.33979,0.011691,0.054564,-0.11794,-0.065892,0.085881,0.32474,-0.036711,-0.092032,0.18257,-0.050896,0.0085822,0.13162,0.15288,-0.022989,0.28204,0.13513,0.0042289,-0.18325,0.10007,0.1361,0.0016534,0.17976,-0.13681,0.0062423,-0.10416,0.20375,-0.063852,0.024786,0.1238,0.28423,-0.0019179,0.065009,0.07823,0.1014,0.010064,0.2365,0.25996,0.023585,0.44178,-0.020404,-0.017749,-0.12705,-0.010575,-0.10074,-0.24744,-0.013599,0.036839,-0.14879,0.096431,-0.10306,0.057654,0.023941,-0.019474,0.16987,0.18468,0.20903
0.44977,0.031168,0.15106,0.26896,0.043294,0.24147,-0.05729,0.042209,-0.1655,0.24664,-0.073979,0.11416,0.011424,-0.11163,0.20559,0.11329,0.12119,-0.12375,0.22372,0.21125,-0.24348,0.3265,-0.10968,-0.027765,0.11154,-0.043496,-0.0089988,-0.17488,-0.046705,0.15503,-0.0090697,0.23832,0.0033022,-0.18981,0.064975,-0.14288,0.082166,0.20108,0.3101,0.13144,0.045834,0.022755,-0.10808,0.20923,0.13011,0.26152,0.2834,0.22347,-0.23112,-0.12627,0.2994,0.12005,-0.13604,0.0054586,0.29494,0.18667,0.071086,0.044117,0.33006,0.11753,-0.10271,0.17194,0.22113,-0.06818,-0.15114,0.010364,-0.13845,0.27732,0.054624,-0.029104,0.059531,0.19349,-0.18792,0.29669,0.046239,0.22241,0.057904,0.32406,0.38057,-0.073274,0.19764,0.070817,-0.038066,-0.021016,0.034278,0.18587,-0.019737,0.060406,0.14907,-0.0027797,0.60369,0.28404,0.045829,0.19481,0.055878,0.1505,0.016555,0.074316,-0.000844,-0.05281
0.34272,0.27348,0.3409,-0.07115,0.081233,0.18478,-0.065096,0.11683,0.11937,0.11545,-0.090675,-0.15977,0.021758,0.14548,0.1063,0.32556,0.3493,0.21557,-0.13925,-0.070255,0.20685,-0.12707,0.0080795,0.085495,0.3305,-0.037142,-0.078086,-0.24338,-0.091223,0.10972,-0.12307,-0.18883,0.06322,0.23164,0.16446,0.083802,0.035863,0.29928,-0.22589,0.15848,0.050781,0.15621,0.073117,0.24936,0.20891,-0.19509,-0.010552,0.10901,-0.10941,-0.0097374,0.25352,-0.0073935,0.17451,0.42286,0.1202,0.13141,-0.057749,-0.17124,0.11564,-0.017454,0.081116,-0.10824,-0.036,-0.040297,0.28193,0.095066,0.021912,-0.18229,0.04636,-0.14111,-0.072255,0.11354,0.045692,-0.22512,-0.037151,-0.1537,-0.0061153,0.2081,0.074431,0.18963,0.15927,0.27994,-0.16398,-0.02035,0.041578,0.20217,-0.19966,0.22291,0.24758,0.15026,0.061009,-0.028065,-0.11516,0.16437,-0.0094786,-0.022848,-0.22079,0.29816,0.12995,0.0023412
-0.093563,0.030494,0.25373,0.21026,-0.013109,-0.068865,0.10942,0.1171,0.18084,-0.069269,0.13412,0.17932,0.21811,0.25467,0.12006,0.25081,0.60413,0.22774,-0.20883,0.26944,0.14393,-0.099886,-0.15639,0.31189,0.34289,0.1776,-0.059304,-0.25913,-0.10388,-0.090326,0.074416,0.075535,0.21145,0.59457,0.023609,0.21665,-0.10058,-0.092292,-0.14374,-0.023986,-0.077983,-0.13612,-0.1423,-0.00010746,0.089824,-0.1934,0.07393,0.16025,0.1857,-0.052317,-0.40513,-0.09546,-0.21458,0.26237,0.23235,-0.077867,-0.082188,0.084621,-0.17135,-0.21671,0.064687,0.24296,-0.053015,0.055712,-0.026809,0.024848,0.10337,-0.15085,-0.086547,0.012609,0.29317,0.15931,0.19927,0.36378,-0.12555,0.43639,0.046165,0.34452,-0.2167,0.22625,0.22381,0.077486,0.11459,0.08664,-0.17914,0.063978,0.040002,-0.22132,0.18657,-0.056963,0.17313,0.30129,0.16758,0.39809,0.053276,0.005203,0.50893,-0.024016,-0.05173,0.30904
-0.27657,0.0039476,-0.051159,-0.056205,0.33139,-0.090873,-0.0061646,0.012599,-0.13391,0.49552,-0.12053,0.23725,-0.076573,-0.099708,0.42718,-0.025085,0.28352,0.41477,-0.22651,-0.27065,-0.027312,0.24957,0.11404,0.083652,0.03662,0.16269,0.045643,0.34648,-0.078862,-0.12777,-0.070653,0.089205,-0.1229,-0.015879,-0.023739,-0.05925,-0.047477,-0.005033,-0.2374,0.21668,-0.16141,0.011452,-0.13577,-0.042263,0.022187,0.13203,-0.17081,0.13332,0.22289,0.10095,0.31672,-0.0030141,0.0035679,-0.12899,0.0038366,0.3347,0.2569,-0.054427,0.22886,-0.3266,0.14952,0.08092,0.06476,-0.093686,-0.059616,0.01426,0.26421,-0.16518,0.0078554,-0.072548,-0.32296,0.18599,0.4149,0.020213,0.42606,0.493,0.11958,-0.12633,0.10099,-0.1521,0.13829,0.15285,0.1523,0.040113,0.17184,0.248,0.13927,-0.042835,-0.15839,-0.03784,0.24741,0.4023,0.087863,0.29131,-0.031947,0.14244,0.42568,0.026231,0.19763,-0.13802
0.21626,-0.18356,0.298,0.29734,0.2795,-0.020011,0.081456,-0.089235,0.40503,0.46744,0.16277,0.037538,0.003684,0.0076777,0.21943,0.21972,0.29824,0.0075759,-0.06927,0.24087,-0.044509,0.068868,0.064175,0.20416,-0.024375,-0.31517,0.086065,0.25761,-0.0361,0.27405,-0.08507,0.14483,-0.033565,-0.2581,-0.093619,-0.037291,-0.14137,-0.046644,-0.19489,0.013073,-0.083265,-0.18615,-0.043737,0.4075,0.015293,-0.037494,0.22055,0.07608,-0.10807,-0.088077,-0.12812,-0.25213,-0.10076,0.37212,0.21446,0.097256,0.12841,0.1087,-0.050783,0.053078,-0.069213,-0.043977,0.1659,0.084051,-0.076912,-0.044372,0.091192,-0.081019,0.47925,-0.09244,-0.18029,-0.087272,0.11689,-0.007254,0.26055,0.14932,0.058467,0.062983,0.16998,-0.19865,0.052608,0.15614,0.19399,0.1641,0.085599,0.30041,-0.0007013,0.36763,-0.07712,0.045496,0.11516,-0.1312,-0.01611,-0.2964,0.038531,-0.047255,0.072514,0.11192,0.09398,0.27665
0.17454,0.10536,0.083947,0.031139,0.10664,-0.094921,0.065106,0.095364,-0.17938,-0.035526,-0.048914,0.47742,-0.11043,-0.033053,0.087985,0.14934,-0.14725,0.098827,0.26247,0.039162,0.39405,0.34851,-0.22245,0.063793,0.053166,0.094572,-0.21087,-0.061064,-0.037986,0.29687,0.078169,0.11693,-0.045871,0.34968,0.044828,-0.16662,-0.043165,0.069021,-0.13812,0.13608,-0.086642,0.089554,0.22555,-0.046663,0.12185,-0.081303,-0.11873,0.055256,-0.12205,0.047364,0.17384,0.11105,-0.010084,0.18559,0.083285,0.15122,0.049254,-0.11159,-0.034311,-0.090323,-0.020612,-0.015567,0.34256,0.094954,0.095933,0.34478,0.15208,0.34406,0.2076,0.17435,0.18041,0.019355,0.032437,0.18511,-0.086757,0.079321,0.067561,0.099727,-0.21428,0.058843,0.33642,0.20766,0.10376,-0.053789,0.106,0.0010383,0.089458,0.123,0.013922,-0.075594,0.10571,0.14442,0.062514,0.044388,0.041683,0.20297,0.091887,0.134,0.2523,0.10427
-0.0792,-0.31985,0.12282,-0.15022,0.14846,0.12671,-0.18132,-0.16419,0.18647,0.29687,0.066009,0.24418,0.13649,0.13403,0.12828,0.061744,-0.33962,0.038729,0.033608,0.0081127,-0.079854,0.48105,0.038623,0.18053,-0.016932,-0.28487,0.0023472,-0.20848,0.19318,0.030936,0.27597,-0.10748,-0.19408,0.0081491,0.34983,-0.097751,-0.0048118,0.11634,0.016079,0.13574,0.21809,0.41278,0.2054,-0.0184,0.033362,0.082506,-0.17808,0.013484,0.054109,0.30679,0.005504,0.27935,-0.14934,-0.12937,0.19117,-0.20403,0.043891,0.38585,0.085627,0.0663,-0.06598,0.48089,-0.098657,0.22552,0.28946,-0.040999,-0.12547,0.1711,-0.010895,-0.085745,0.14996,0.16857,0.2498,-0.3849,0.043072,0.43199,0.13938,0.18548,0.25853,0.26326,0.1613,-0.17203,0.052059,0.072311,-0.0054077,-0.067502,-0.096515,0.26009,0.51578,0.078923,-0.031173,-0.10965,-0.067587,-0.18083,0.021825,0.32078,-0.21468,-0.10441,0.20614,-0.16042
-0.23488,0.078847,-0.23179,0.097711,0.23819,0.22811,0.045273,0.5301,0.24887,-0.16782,0.3765,0.42869,-0.13683,-0.010053,-0.18733,-0.085945,0.26958,0.41031,-0.14055,-0.020457,0.47293,0.13114,-0.081096,-0.030498,0.47943,0.17759,-0.0058926,0.012915,-0.097742,0.032907,0.010411,-0.0078295,0.14034,0.089247,-0.1279,0.31185,-0.12546,0.25009,0.44657,-0.25349,0.32863,0.14113,0.22923,-0.22635,-0.18797,-0.072132,0.11472,-0.015602,-0.18882,-0.011164,0.33145,0.54431,0.17731,-0.07455,0.23177,0.11174,-0.37498,0.18958,-0.060051,0.11815,0.12615,0.34833,-0.23238,0.48146,0.15271,-0.20719,0.01197,-0.057472,0.020556,0.051203,0.0087593,0.089656,-0.14977,0.090883,-0.15308,-0.17228,0.14436,0.012704,0.045546,0.008744,-0.047231,0.15443,0.075532,-0.25554,0.20852,-0.053185,0.12192,0.34659,-0.067754,0.25473,-0.12114,0.27706,0.27102,0.38426,-0.05132,0.0072373,-0.046365,0.17284,0.087649,-0.069193
-0.0006353,0.40824,-0.034206,0.01814,0.15849,-0.15891,0.16629,0.42466,-0.033955,0.16214,0.20578,-0.10472,0.080504,-0.095089,-0.049976,-0.22528,0.17551,0.03556,0.015358,0.15499,0.55223,0.31177,0.23428,-0.24061,0.15252,0.049252,0.087907,0.14267,0.16392,0.082544,0.12081,0.29349,0.12421,0.55144,-0.062295,-0.13994,-0.21607,0.16891,-0.0024909,0.020286,-0.0026489,-0.019141,0.21494,-0.12249,-0.035554,-0.021018,0.12852,-0.087092,0.21611,0.037319,0.37786,-0.301,-0.077219,-0.11553,-0.055937,-0.11622,0.084044,0.027565,0.23455,0.14954,-0.021013,0.064286,-0.22099,0.092929,0.028126,-0.036178,-0.031335,-0.091968,0.016826,-0.18322,0.34027,0.12022,0.11977,-0.17713,0.23444,-0.10341,0.21183,-0.078894,-0.10713,-0.064307,0.2951,-0.14207,-0.077176,0.18347,-0.18714,0.17962,0.26948,-0.22235,0.071976,0.081832,-0.20038,-0.26617,-0.047216,0.18711,-0.11888,0.013973,0.32691,0.16715,-0.10721,0.23358
0.19784,0.098802,-0.27678,-0.1672,-0.20709,0.019255,0.025914,0.07878,0.009445,-0.29411,0.0004244,0.29347,0.56876,0.30406,0.37895,-0.061854,-0.056403,-0.3724,0.37788,0.0037405,0.11563,0.12609,0.18287,0.20171,-0.23931,0.018825,0.38269,0.028287,-0.21704,-0.05321,-0.10832,0.11869,0.14337,0.030053,0.14837,0.11066,0.27784,0.26194,0.13072,0.10064,0.14926,-0.050141,0.13051,-0.2863,0.36796,0.084598,0.24228,0.75957,0.091938,-0.04486,-0.18834,0.01393,0.027364,0.056978,-0.1669,0.11256,0.19665,0.19251,0.18271,0.018361,0.15871,-0.035961,0.22318,0.1997,0.18879,-0.20399,-0.072075,0.029173,-0.14478,-0.22933,0.27767,0.016639,-0.0023717,0.048362,-0.26826,-0.070175,0.047176,0.14657,-0.23322,-0.013254,0.20185,0.34143,-0.10688,0.23482,0.12314,0.3753,0.29978,-0.023109,0.14893,0.52869,0.044346,-0.088217,0.12044,-0.18925,0.085056,0.28357,-0.099855,-0.063557,0.069755,0.2947
0.038228,0.05662,-0.1373,-0.13739,-0.046671,0.2007,-0.14088,0.33877,0.28475,0.16476,0.023885,0.13092,-0.040811,0.17721,-0.024828,-0.0089111,0.080848,0.039693,-0.045056,0.39043,-0.18403,0.042263,0.12609,-0.19759,0.27721,0.031588,-0.13937,0.14392,0.264,0.25244,0.030293,-0.13172,0.10621,-0.15143,0.13002,0.18808,-0.081018,0.23572,-0.061749,0.22383,0.029802,-0.045449,-0.10045,-0.035983,0.11061,-0.11959,0.00094922,0.18965,-0.033489,0.19076,0.1738,0.17629,0.059124,-0.1381,0.19711,0.15307,0.18411,0.2304,0.18962,-0.22964,-0.14251,-0.084153,0.29811,-0.053542,-0.17001,0.22889,-0.051351,0.46571,-0.030883,0.18522,0.3177,-0.12398,0.28707,-0.094791,0.30884,-0.17864,0.075186,0.20771,0.17089,0.1851,0.25406,0.18685,0.29192,-0.068045,0.10749,0.15089,-0.075649,0.037612,-0.2697,0.02136,0.0077366,-0.070009,-0.10315,0.12834,-0.099894,0.059419,-0.12849,0.051531,0.30603,0.12574
0.077614,-0.15176,0.19425,-0.074986,-0.095986,0.11331,0.19709,0.25043,0.28946,0.010675,0.070652,0.016217,-0.058538,0.066608,-0.069272,-0.26027,-0.15902,0.30864,0.03136,-0.0046389,0.09552,-0.067491,-0.023599,0.097047,0.20441,0.12391,0.17704,-0.080341,0.24907,-0.18759,-0.046445,0.59641,0.25397,-0.023447,-0.00047109,0.28016,0.05844,0.24193,0.17313,0.081307,-0.0056568,-0.042313,0.143,-0.060853,0.06076,0.046137,0.15658,0.1212,0.21096,-0.072644,0.33069,0.24663,0.0017634,0.33605,0.044728,-0.14292,0.090715,0.23047,0.097208,-0.028229,0.1366,-0.0036187,-0.030323,0.072972,-0.062974,-0.044859,0.025671,0.42566,0.083637,-0.055585,-0.071375,-0.30018,0.058863,0.04176,-0.089874,0.27061,0.18428,0.22213,-0.21887,-0.11769,-0.18932,0.15179,0.053137,0.22719,-0.062019,0.14196,0.38759,0.12976,0.011791,-0.072434,0.11652,0.52792,0.30922,-0.103,0.19451,-0.16168,0.28909,0.019012,0.066895,-0.10964
-0.0036781,-0.037064,0.12248,0.21521,-0.058846,-0.00049805,0.048847,0.15943,-0.07443,0.042615,0.0085405,-0.082659,-0.0088138,0.27874,-0.088739,0.2423,-0.1624,0.020139,-0.098692,0.037594,0.33975,-0.18534,-0.062368,0.18638,0.057512,0.29691,0.23882,0.0348,0.31222,0.045056,0.11869,-0.060533,0.15395,-0.23048,0.25741,0.27174,-0.25289,0.0091999,0.10589,0.031047,-0.028801,0.11904,0.18514,0.18008,0.24417,0.19309,-0.036961,0.11484,0.14175,0.19007,0.10584,0.14271,0.23531,0.25116,0.22132,0.13838,-0.026668,-0.094207,0.10825,0.16859,0.15244,-0.12378,-0.057609,0.027123,-0.091755,-0.10948,-0.083913,-0.20874,-0.079319,-0.007375,-0.12251,0.045731,0.26184,0.36325,0.24179,0.0052691,-0.12005,0.28189,-0.23103,0.2428,0.23057,0.036168,0.021935,0.33034,-0.0049228,-0.020177,-0.044628,-0.047729,-0.17464,0.11727,-0.12561,-0.22322,0.48956,0.049247,-0.026517,-0.12352,0.11929,0.10862,0.12116,0.13556
-0.10275,0.085402,-0.24177,-0.098821,-0.13613,-0.04943,0.34776,0.009579,0.24603,-0.06701,-0.12657,0.073604,0.037594,0.32327,0.28788,-0.15312,0.36567,0.28213,-0.19071,-0.2893,0.027315,0.20878,0.21573,0.15394,-0.17582,0.11287,-0.12552,0.0097889,0.16676,-0.062253,0.40428,0.33777,0.19541,0.38228,0.10757,0.43041,-0.090238,0.019777,0.1033,0.21023,-0.015341,0.24239,-0.17135,0.095755,0.013241,-0.079493,-0.0064462,0.055541,-0.067736,-0.053218,-0.065044,-0.03888,0.1502,0.1845,-0.20696,-0.052216,-0.1544,0.31385,0.23691,0.23929,0.12197,-8.2297e-05,-0.16486,-0.088611,-0.079434,0.031151,0.26097,0.09598,-0.041318,0.052163,-0.15194,-0.078776,0.071283,0.0032217,0.18834,-0.20131,-0.0098723,0.081389,-0.027928,0.48826,0.15911,-0.073068,-0.12669,-0.011304,0.090841,0.42478,0.12012,-0.18181,0.12891,0.44021,-0.14498,0.091842,0.77444,0.17509,0.072245,-0.07289,0.087689,-0.023293,0.15069,0.025077
0.040185,-0.13686,0.12269,0.2281,-0.16637,-0.10412,-0.26757,0.09384,0.017245,0.17702,0.020829,0.167,0.2449,0.10571,0.11714,-0.10026,0.41602,-0.086559,-0.019703,0.32019,0.27352,0.0036082,0.32867,0.19723,-0.17875,0.0012036,0.085838,-0.033783,0.48169,-0.0068792,-0.21797,-0.10662,0.3664,0.1769,0.043664,0.003252,0.078604,0.29089,-0.1503,-0.067982,0.017554,-0.073583,0.1127,-0.0014694,0.1346,0.20724,0.23038,0.24158,-0.063803,0.096718,-0.31566,0.04515,0.35787,0.11412,0.12865,-0.072451,0.50012,0.49211,-0.047105,0.29582,-0.16945,0.086233,0.067329,0.47255,0.12594,-0.17236,-0.3037,-0.13931,0.25264,0.0027985,0.097864,-0.16869,-0.040399,-0.035773,-0.12148,0.13384,-0.046235,0.085457,-0.1404,0.035009,0.26539,-0.14938,0.20921,0.23226,-0.19288,-0.14902,-0.023382,0.20595,-0.1199,0.14185,-0.20488,0.088811,-0.050667,0.2972,0.0090487,-0.10145,0.14283,0.0010217,0.071493,0.14035
-0.014223,0.35003,-0.12357,0.39368,0.057463,-0.037634,0.50755,-0.063971,0.23889,-0.22997,0.21613,0.069973,0.00028773,-0.28647,0.066791,-0.18728,-0.27012,0.00054784,0.016839,0.045586,-0.036291,0.17055,0.031732,0.10455,-0.076075,0.18462,-0.07499,0.050472,0.33629,0.10081,0.19431,-0.15148,-0.069664,-0.018632,-0.22013,0.35699,-0.047292,0.13518,-0.074622,-0.18561,-0.09484,-0.23744,0.11066,0.20797,0.2257,0.25746,0.092009,0.28671,-0.01165,0.15924,0.13823,0.030723,0.22462,0.088486,-0.24804,0.10431,0.026764,0.029775,0.29795,-0.015968,0.092975,0.052832,-0.0065106,-0.032463,-0.15953,0.40097,0.22434,-0.16325,0.14188,-0.054562,0.080876,0.22489,0.55583,0.14123,0.043327,0.029087,-0.002773,0.4269,0.25821,0.054117,-0.0090764,0.17589,0.16451,0.034733,0.02526,-0.1679,0.31352,-0.17845,-0.17292,-0.22745,-0.087518,-0.11235,0.36237,0.38165,0.12079,0.067931,0.10854,0.082676,0.059363,0.2894
-0.058975,0.22102,-0.06746,0.40251,0.19573,0.080276,-0.048354,-0.044983,0.17571,0.4783,0.12507,0.042964,-0.04106,0.010036,-0.1142,0.072048,0.24909,0.062932,0.051139,0.0035173,0.033681,0.10999,0.016859,0.037965,0.0065851,-0.095376,0.094762,0.24868,0.27194,0.20565,0.19011,0.0030056,-0.10874,0.077892,0.48643,0.033257,-0.17536,0.43398,0.088075,-0.10777,0.33456,0.26742,-0.06769,-0.18453,0.42056,0.21114,-0.12219,-0.21249,0.00052791,0.32113,-0.043888,0.053883,0.20508,-0.085552,-0.19355,0.25615,0.099803,0.29613,-0.013495,-0.01256,-0.0023826,0.15727,-0.068653,0.12457,-0.16027,0.0056487,0.19417,0.0158,0.254,0.32179,-0.067833,-0.25867,0.0017113,0.30799,0.20966,-0.068562,-0.0055997,-0.092689,-0.13678,-0.054732,0.0322,0.047613,0.0089161,0.075377,0.12865,-0.10905,0.020792,-0.14308,0.14096,0.024666,0.04752,-0.032246,-0.28857,-0.078655,0.1913,-0.018397,0.19147,0.010268,0.25846,0.34459
0.088574,0.0048281,0.15256,-0.030738,0.2046,0.12663,-0.27152,0.037899,0.036087,-0.061923,0.0044643,-0.0023245,-0.092482,0.11619,-0.1452,0.30844,-0.1311,-0.050362,0.017586,0.51894,0.038658,0.52268,0.14099,0.27196,0.008911,-0.046036,-0.053235,0.21607,0.28935,0.25743,0.38582,0.11888,0.41898,0.20462,-0.079201,-0.11916,0.40316,0.071261,-0.13048,-0.17461,-0.16011,0.37013,-0.025275,-0.16384,-0.039874,-0.11429,0.123,0.064637,-0.041297,-0.29782,-0.08991,0.063037,-0.20466,0.052515,-0.093336,0.094705,0.19005,0.10861,-0.070207,-0.058439,0.16107,-0.19899,-0.10763,0.23587,0.27444,-0.084776,-0.054965,0.31767,0.031923,-0.10951,0.24576,-0.070334,-0.08957,0.079346,0.34124,0.039919,0.27056,0.11485,0.4148,0.041004,-0.10862,0.26126,0.25114,-0.22702,0.1892,-0.091417,0.0017567,-0.017781,0.1076,0.4482,-0.041311,-0.0005666,-0.17163,0.17858,-0.14203,0.23286,0.14515,0.41129,0.46951,-0.14348
0.10888,0.081219,0.24353,-0.078664,0.17443,-0.10097,-0.20229,-0.22933,0.14765,0.28301,-0.032665,-0.016981,0.053681,0.18105,-0.042704,-0.099925,0.27174,-0.19986,0.040126,-0.1676,0.30993,0.07441,0.056476,-0.010438,0.27087,0.029653,0.091796,0.18434,0.016907,-0.08231,0.21952,-0.060233,0.22513,0.071996,0.027053,0.10657,0.14677,-0.073077,0.0064532,0.20202,0.44124,-0.069803,0.19877,0.16142,0.31762,0.47631,-0.20474,0.13975,0.15952,-0.24462,-0.16932,0.11655,0.28059,-0.039472,-0.17236,0.20154,-0.010919,-0.054872,0.20596,0.063341,0.19656,0.13104,0.090352,0.26248,-0.088609,0.16198,-0.010325,0.043239,0.067578,-0.12171,0.037322,0.10542,0.10522,0.11984,0.0026803,-0.2914,0.06212,-0.028979,-0.24076,0.39795,-0.10146,0.13296,0.1344,0.20725,0.058487,0.064123,0.11193,-0.3456,0.16937,0.22609,0.2441,-0.049295,0.021219,-0.26494,-0.04813,-0.0011741,0.045421,-0.051381,0.017674,-0.078699
0.12725,0.26389,-0.1312,-0.011511,0.16606,0.028777,0.19614,-0.25329,0.23284,0.26063,0.12826,0.05769,0.091431,0.13032,0.038369,0.20045,0.4941,0.30247,0.17384,0.028287,0.21631,-0.20292,0.14148,-0.026253,0.052462,0.075837,0.23606,0.28027,0.16281,0.14197,0.048259,-0.12194,0.28049,0.16714,-0.16279,0.17531,-0.033427,-0.13358,0.15656,0.043795,-0.077364,0.15534,-0.1588,0.19642,0.023918,-0.16867,-0.09643,0.010601,0.18515,-0.013298,0.065242,0.13152,0.0036271,-0.075965,0.11229,-0.14062,0.0071665,-0.10755,0.20498,0.32829,0.13376,-0.028619,0.37958,0.0013282,0.086916,0.11481,-0.054243,0.1611,0.0097595,0.23992,0.028155,0.002928,0.20416,0.057234,0.13684,-0.12347,0.069787,-0.23185,0.12978,-0.074154,0.092402,0.24507,0.10756,0.14682,0.3275,-0.15203,0.19545,0.0069844,0.12608,0.12898,0.31551,-0.022189,0.19207,0.048147,0.017955,-0.013866,-0.23208,0.25802,0.15845,0.060531
0.35972,0.12769,0.21486,0.14448,0.077105,-0.15593,0.52294,0.078076,-0.074585,0.16903,-0.057392,-0.073847,0.055718,0.26604,0.094055,-0.20352,-0.11149,-0.10085,0.096409,-0.12638,0.069886,0.11229,-0.03603,-0.024626,0.1637,0.48521,-0.09551,0.009445,0.15808,0.19117,-0.22106,-0.062212,-0.012123,0.24553,0.17926,0.41186,-0.0086839,-0.21082,0.19776,0.14197,-0.12714,0.11796,0.29643,-0.18946,0.077368,0.074506,0.029963,-0.030782,-0.16577,0.27388,-0.050611,0.23049,-0.0085843,0.16591,0.24654,-0.082296,0.15607,-0.13685,0.35061,0.15859,0.076572,0.13902,0.12496,0.3079,-0.031307,-0.19078,0.059494,0.057546,-0.1956,-0.077726,0.086413,0.10144,0.019744,0.16947,-0.16278,-0.061857,-0.035873,-0.062575,0.15351,0.19459,-0.040184,-0.060919,0.3672,0.34079,-0.044037,-0.0041082,-0.22809,0.37189,-0.15114,-0.018184,0.20198,-0.087907,0.20553,-0.044744,0.0014581,0.094728,-0.098045,0.11901,0.084088,0.18524
0.088414,-0.046492,-0.13959,0.31906,0.34737,-0.036154,0.31216,-0.23324,-0.093835,-0.15813,-0.12416,0.061642,0.11644,0.11055,-0.061389,0.069988,-0.26661,0.31669,0.2259,0.54214,0.18233,-0.15034,-0.16728,-0.080419,0.15162,-0.20203,0.25889,0.30434,-0.010567,0.16913,0.24069,0.17187,0.071374,0.5188,0.03227,0.11881,-0.060248,0.0064112,-0.016041,-0.15256,-0.20171,0.36138,-0.14098,-0.20339,0.279,-0.19625,0.25136,0.13882,0.018578,0.066299,0.1048,0.14381,0.2168,0.0051262,0.22618,0.353,-0.13252,0.063525,0.35387,-0.25175,0.057571,0.18729,-0.058169,0.46589,0.14952,-0.063076,0.068043,0.0028239,-0.25292,0.068081,-0.089085,0.027984,0.20874,0.321,0.4108,0.1653,-0.27435,0.14141,0.13795,-0.082604,0.070202,0.10992,-0.10024,0.34609,0.080768,-0.095136,0.20965,-0.1246,-0.1601,0.074974,0.12458,-0.021816,0.29723,-0.021054,-0.10357,0.25289,0.083207,-0.13753,0.28316,0.12735
0.34306,0.52001,-0.096027,-0.26879,-0.15505,-0.13709,0.5151,0.16257,0.090955,0.15663,-0.16809,0.0055745,-0.22979,-0.11124,0.11785,-0.12345,0.19952,-0.1113,0.22767,0.20685,-0.2167,0.30982,0.11133,0.32117,0.22326,0.25122,0.29023,0.0026145,0.2411,-0.15979,0.32458,0.18194,0.20552,0.087562,-0.02328,-0.051448,0.30625,-0.11,0.059029,0.36262,0.22532,0.20495,-0.011287,0.41182,0.50221,-0.098806,-0.034936,-0.011571,0.074962,0.13965,0.29446,0.061768,0.072348,-0.034388,-0.10491,0.19684,0.0038391,0.11585,-0.18419,-0.0089467,0.11069,0.023013,-0.021842,0.15841,0.3775,-0.069412,0.086273,-0.26024,0.19987,-0.22222,0.14314,-0.030855,-0.12611,-0.13794,0.10715,0.00039858,-0.094444,0.25389,0.25204,-0.07672,-0.043859,0.072776,-0.13467,0.11541,0.021488,-0.13292,0.19602,-0.022125,0.27745,-0.22935,-0.055458,-0.070165,-0.093191,0.36157,0.0081186,0.33763,-0.11338,0.24462,0.2113,-0.022199
-0.26422,0.01555,-0.23028,0.18274,0.012448,-0.064254,0.13159,0.071102,-0.062244,0.19448,0.055158,-0.0013789,0.15456,-0.045909,-0.097582,0.53053,-0.068257,0.31996,-0.039244,0.37782,0.25914,-0.068239,0.11434,-0.034382,0.022706,0.2896,-0.052301,-0.0097798,-0.093549,-0.24938,0.0099896,0.088409,-0.0716,-0.11319,0.18646,0.26879,0.075658,0.32884,-0.093537,-0.3621,0.19277,0.44419,0.15717,0.23007,-0.070454,0.1867,-0.26081,0.065123,-0.1581,0.16972,0.35488,0.12819,-0.048453,0.034563,0.055056,-0.18422,0.32344,0.27016,0.037084,-0.11887,0.1204,-0.09017,0.66467,0.17452,0.16783,0.27998,-0.063785,-0.12841,0.20732,0.16923,0.12451,-0.055275,0.31496,0.15347,0.073935,-0.11342,-0.14252,0.12523,-0.035041,0.097542,0.13197,-0.1736,-0.022043,0.14034,-0.040586,-0.010422,-0.029153,-0.17511,-0.03994,-0.12017,-0.053212,0.36313,0.21372,0.11502,0.089575,0.21856,-0.073586,0.19229,0.07674,-0.084516
0.35114,0.065642,0.048152,0.33423,0.32892,0.10689,-0.0699,0.087494,-0.014438,-0.061,0.035424,0.47513,-0.13506,-0.28793,0.16696,0.08406,-0.072204,0.35503,-0.058909,-0.10259,-0.044321,0.033903,0.29683,-0.13779,-0.0045931,0.093053,-0.20696,0.30173,0.084655,-0.07378,0.011895,-0.28202,0.33875,0.34165,0.2292,0.17181,-0.11371,0.18337,0.10791,0.25746,0.14004,0.1648,0.10041,-0.27044,0.026457,-0.024171,-0.070282,0.0061357,0.19364,0.20404,0.038946,0.26834,-0.18844,-0.13869,0.38412,0.26565,-0.048028,-0.25363,0.20679,0.11329,-0.053155,0.28217,0.066362,-0.1032,0.19688,0.1379,-0.1533,0.36934,-0.16793,0.044314,0.097524,-0.033098,-0.031404,-0.058797,0.072855,0.018113,0.15059,0.099089,0.31263,0.15861,-0.015088,0.1456,0.17504,-0.090823,-0.11568,0.30527,0.0267,-0.11737,0.075469,0.052169,0.092192,0.048165,0.049475,0.032832,0.050816,0.021702,-0.0029585,-0.0446,-0.073218,0.16862
0.16066,-0.15328,0.23789,-0.048892,0.20757,-0.018335,-0.10758,-0.082368,0.18211,0.072588,0.11281,0.10744,0.08589,0.15092,0.11701,0.058482,0.11325,0.25748,0.059111,0.010876,0.14435,0.22104,0.25286,0.32091,0.058458,0.15489,0.13111,-0.030747,0.43835,0.46971,-0.26449,0.47305,-0.074578,0.23648,-0.21568,-0.019199,0.22941,-0.023006,-0.2565,0.2096,0.32765,0.34937,0.046282,-0.029842,0.39587,-0.13985,0.019211,-0.012475,-0.029106,0.016939,-0.10125,0.038264,-0.19101,-0.10885,0.16794,-0.079133,0.33689,0.10562,-0.15383,0.1102,0.10603,0.1328,0.11731,-0.063471,0.091126,-0.10462,0.087972,-0.14929,0.051644,0.25558,0.10382,0.049245,0.19755,0.47416,-0.12994,-0.09978,0.16701,0.095229,0.40801,-0.040552,-0.13145,0.1035,0.14724,-0.018954,-0.060215,0.11798,-0.08315,-0.19868,0.046168,0.090269,-0.16975,-0.12834,0.73106,-0.16906,0.021873,-0.09753,-0.0095631,0.21514,-0.18068,0.54056
0.21602,-0.11671,0.21299,-0.099681,0.049054,0.13235,0.13002,0.066598,0.37185,-0.23533,-0.058808,0.12962,0.29654,-0.10653,-0.093848,-0.2047,-0.15892,-0.024473,-0.073942,0.041142,0.041284,0.045049,-0.12728,-0.011298,-0.1289,0.018092,0.31966,0.29147,-0.12388,0.44396,0.1344,-0.058961,0.15708,0.32618,-0.083096,0.097333,0.019584,-0.015813,0.10336,0.0088908,0.19354,-0.17885,0.16628,-0.11714,0.066208,0.070831,0.30722,0.26885,0.46777,-0.13688,0.051731,-0.23099,-0.096874,-0.051873,0.067204,0.2144,0.38114,0.24428,0.017983,-0.15875,0.21994,0.32663,0.11862,0.13167,0.114,0.37138,-0.1851,0.31101,-0.17831,0.32721,-0.082868,0.14457,-0.079567,0.14422,-0.071052,-4.8454e-06,-0.12248,0.16393,-0.11445,0.17742,0.35445,0.24389,-0.16531,0.058677,-0.029053,-0.13239,-0.014145,-0.0034616,-0.13899,-0.063676,0.10066,0.40787,0.10847,0.049845,-0.082974,-0.073118,0.022624,0.16265,0.029917,-0.030907
0.29022,0.34078,0.30632,-0.003858,0.082326,0.11555,0.25629,-0.086169,0.010893,0.35271,0.096392,-0.23683,0.034123,0.37442,-0.090912,-0.010608,-0.12313,0.15524,0.071856,0.15991,0.092322,0.41642,-0.10407,0.28166,0.11727,0.25535,0.11779,0.092894,0.045775,-0.039986,0.2579,0.31016,0.010294,-0.1748,-0.18336,0.20474,-0.037818,-0.2065,-0.16307,0.14873,0.17542,0.17456,-0.31948,0.16054,0.33458,-0.22642,0.27207,0.40543,-0.22499,-0.0088212,0.34214,0.064357,-0.16863,0.18677,-0.0087681,0.069007,-0.13156,0.12485,0.03446,0.021295,0.2285,-0.083118,0.4371,-0.075549,0.27196,0.0076891,0.15701,-0.098681,0.07037,0.02555,0.13503,0.11023,-0.093699,0.015648,0.24234,0.32929,0.060003,0.10742,-0.12678,0.028746,-0.081755,-0.15084,0.049437,0.26362,0.18565,0.10274,-0.10909,-0.042517,0.46217,-0.046799,-0.14948,0.36278,-0.019269,-0.16469,0.069536,-0.22222,0.10367,-0.013001,0.15944,-0.070176
0.10393,-0.059483,0.32852,-0.17645,-0.006424,-0.2558,0.2419,0.051887,0.4905,0.097072,0.1234,0.40733,0.012648,0.048165,0.39677,-0.11488,0.21339,0.30351,0.35721,-0.045355,-0.20723,0.24057,0.21935,0.12049,0.14759,0.093097,0.16753,0.18906,0.2074,-0.10994,0.29901,-0.0060175,-0.046523,0.17431,-0.08065,-0.10396,0.1811,0.037795,-0.0043276,-0.090613,-0.12952,0.38188,-0.045856,-0.017902,0.035002,0.11248,-0.006724,-0.24118,0.016303,-0.046379,-0.17381,0.25551,0.35994,-0.010188,0.17135,-0.12908,-0.011015,0.03349,-0.011528,0.53593,-0.0052328,-0.057935,-0.21554,0.058757,0.092448,0.060128,0.054812,-0.16318,0.14528,-0.30073,0.15287,0.10174,0.024305,0.18974,-0.19972,-0.11986,0.23389,-0.15627,0.0070719,0.14559,0.1679,-0.081684,0.28895,0.14994,-0.054938,0.28088,0.25119,0.39805,0.38965,0.049699,0.090196,0.1296,0.064009,-0.21199,0.24634,-0.13855,-0.052591,0.13511,0.063699,-0.04503
-0.13133,-0.0032423,0.12202,-0.037277,0.067033,0.063554,0.18849,0.062162,0.32903,0.025691,0.063563,-0.27369,0.12176,0.37591,0.10911,0.3753,-0.015414,0.062075,-0.058453,-0.16404,-0.11504,-0.022139,0.33467,0.0010551,-0.09514,0.076197,0.12036,-0.022209,-0.10902,0.24068,-0.29256,0.25158,0.11612,0.11181,0.35288,0.12192,0.092769,0.15766,0.063438,0.13095,-0.039621,0.16707,0.082258,0.55454,-0.045375,-0.0089148,-0.0054642,-0.02051,0.32389,-0.093673,-0.17684,-0.043495,0.045951,-0.12614,-0.070448,-0.028052,0.20228,0.0061378,0.43918,-0.0016281,0.34175,0.024992,0.17954,-0.036126,0.11606,0.29777,-0.071315,-0.0034287,0.25625,-0.062695,0.37437,0.24614,-0.036972,0.46775,-0.12739,0.20684,0.50781,-0.050224,0.068639,0.25159,0.02837,-0.1023,0.16726,0.13753,-0.071223,0.056161,-0.064239,0.083638,-0.066048,0.22051,0.011182,0.049884,-0.18895,0.42357,-0.35305,0.071286,-0.13932,0.13019,0.10312,0.016551
0.12942,0.085201,-0.18291,-0.026871,0.23616,0.18219,-0.19731,-0.15091,0.29882,0.41442,0.039581,-0.077934,4.0266e-06,0.067122,0.048513,0.080179,0.066236,0.0051102,0.26488,-0.16488,0.074982,0.04397,0.097434,0.13284,0.040477,0.21283,-0.030714,-0.027283,0.38911,-0.22545,0.05944,0.32774,0.26437,0.15044,0.024435,0.090968,0.058695,0.020287,-0.24758,0.068113,0.23417,0.00051356,0.19202,0.3472,-0.096896,0.40804,-0.047415,0.045806,-0.012238,-0.0089196,-0.039147,0.076619,-0.1133,-0.049398,0.12761,-0.13837,0.26758,0.0018667,-0.01166,0.15418,0.32641,0.36634,0.25024,0.13774,0.0068039,-0.073126,-0.084479,-0.045417,-0.069323,0.23432,0.25052,-0.1677,-0.006313,0.32048,0.15253,0.049976,-0.17394,0.067674,-0.015385,-0.27916,0.018952,-0.012708,-0.030163,-0.024177,0.055795,-0.041246,0.41368,0.22222,0.097968,0.02994,-0.17123,0.10296,0.13681,0.33508,0.024715,-0.15347,-0.10708,0.10061,0.016759,0.3523
0.033281,0.22948,0.0088898,0.16327,0.22956,0.27537,-0.0029545,-0.063783,-0.18492,0.13752,-0.042004,0.071126,0.16496,0.010509,-0.16787,0.27651,0.026834,-0.062736,-0.36153,0.023462,0.14129,0.13563,0.049677,0.0037453,-0.041574,0.38604,-0.085324,0.042095,0.18459,0.33389,0.17826,-0.21742,0.053604,0.1245,-0.19231,0.48113,0.098735,-0.139,-0.14346,0.011535,0.17018,0.21079,0.72182,-0.15342,0.075482,0.13947,-0.1135,0.23195,-0.18078,0.27128,-0.037522,0.17207,0.089793,-0.095041,0.039219,0.49337,0.059168,-0.0099067,0.27447,0.4778,-0.087275,0.033145,-0.042672,-0.038909,0.14928,0.39721,-0.0061152,0.20287,-0.17334,-0.084167,0.10003,0.29523,-0.086189,-0.18494,-0.13242,-0.13986,0.083854,0.25625,0.12991,0.23433,0.082344,0.19111,0.13076,0.06234,0.018382,0.46638,-0.21656,-0.11063,-0.0067987,0.019822,-0.20456,0.11683,0.062364,0.04061,0.36364,-0.011333,0.0082818,-0.057858,0.072939,0.1076
0.040417,0.16055,0.036328,0.34461,0.0017074,0.25471,-0.18936,0.19668,-0.074709,0.20842,-0.034786,0.061542,0.27839,0.15123,0.49744,-0.15716,-0.34502,0.084239,0.24222,-0.17629,-0.21559,0.28196,-0.044162,-0.071047,0.11201,0.18146,-0.048414,-0.18336,-0.21844,0.41408,0.07477,0.22688,0.11673,-0.11365,0.24103,0.085588,-0.077387,0.0061081,0.13464,-0.14261,0.53841,0.064559,-0.24643,0.21175,0.4061,-0.16218,-0.12537,0.11718,0.23184,-0.084412,0.46625,0.040726,-0.098507,0.34987,-0.15255,0.1837,0.38373,0.22706,0.19856,-0.12821,0.16505,-0.26364,-0.064123,-0.070018,0.19614,0.25202,0.17117,-0.14841,0.36123,0.20291,0.043252,-0.1207,0.077561,-0.14231,0.14047,-0.096552,-0.080141,0.16673,0.023075,0.079639,0.16239,0.085745,0.059122,0.031479,0.21246,-0.13549,0.07589,-0.094083,0.095622,0.25406,-0.1305,0.057999,0.33256,0.08671,-0.027376,-0.058627,0.010265,0.050867,-0.102,0.32378
0.15561,0.3843,-0.2527,0.051676,-0.10008,0.018644,0.0063367,0.33408,0.076461,0.076895,0.29452,0.26022,0.51241,0.17958,0.1149,0.012215,0.19075,-0.28965,0.20454,0.19914,-0.018641,0.12205,0.05702,0.12666,0.021584,0.1535,0.14792,0.39732,-0.19391,0.1206,0.28197,-0.15303,0.16051,0.056143,0.035101,-0.02935,0.1594,0.22825,0.21564,0.34867,0.52665,0.47062,0.044149,0.064976,-0.16289,-0.13492,0.047629,-0.060113,-0.1101,-0.02909,0.094611,0.057269,-0.085948,-0.029987,0.28779,-0.32711,-0.073152,-0.10663,0.21223,-0.12075,-0.045643,0.27204,0.1171,0.24868,0.043376,0.63135,-0.29427,0.069647,-0.013693,0.057382,-0.14182,0.30884,0.099741,0.28643,0.1139,-0.15061,0.055694,0.29984,0.067959,0.22809,0.083241,0.22637,0.041193,-0.28954,0.17377,-0.10966,0.16651,0.1491,-0.029029,0.015903,0.29955,0.0209,-0.10903,-0.27928,0.059554,0.2275,0.47836,-0.0082369,0.080315,-0.023581
-0.27674,-0.062123,0.27223,0.42141,-0.21528,-0.21746,0.15644,0.055981,0.3303,-0.10712,0.038358,-0.040163,-0.040346,0.091045,-0.065098,0.0433,0.12906,-0.11703,-0.023743,0.23835,0.13505,-0.039458,0.24373,-0.058039,-0.1262,-0.00022074,0.14659,0.47508,-0.039742,-0.16657,0.14104,0.045657,0.1713,0.69808,-0.2785,-0.030787,0.056568,0.06827,0.062662,0.070765,-0.081105,-0.16077,0.26937,0.048644,0.18751,0.18045,-0.027827,0.055169,-0.017071,-0.073123,-0.18562,0.27647,-0.24614,-0.25256,0.13386,0.036461,-0.27236,0.25164,0.21548,-0.29788,0.56815,-0.12185,0.44844,0.035582,0.27693,-0.0047504,0.058576,0.012009,0.22515,-0.010779,0.062085,-0.096717,-0.10259,0.36529,0.025132,0.26697,0.010513,0.15635,-0.19929,0.1689,0.010619,0.72936,0.020639,0.02773,0.29695,0.27079,0.34227,0.16786,-0.069659,0.044666,0.21496,-0.28061,0.086527,0.42841,0.023595,-0.11519,0.12485,0.21149,0.030532,0.20217
0.15804,0.016347,0.30905,0.21028,0.027203,0.11752,0.033163,-0.10213,-0.14604,-0.03492,-0.086997,0.16361,0.076096,0.011688,0.040278,0.03362,-0.043554,0.18994,0.62981,0.18076,0.45249,0.29865,0.029247,0.20226,-0.093099,0.45511,0.053736,0.088701,0.026941,0.10472,0.050412,0.089633,0.69663,-0.069978,-0.0029809,0.1789,0.25424,-0.051565,0.19792,0.19139,-0.021811,0.058675,-0.05288,-0.11158,-0.031007,-0.1399,0.58441,0.20642,0.42736,0.18156,0.21465,-0.18256,-0.063283,0.075483,-0.011339,-0.25576,0.090044,0.38022,-0.2678,0.13131,0.16698,-0.12671,0.30163,-0.20278,0.30579,-0.19265,0.33338,0.46253,0.18228,-0.1538,0.10857,0.1611,0.22906,-0.08748,-0.24603,-0.12476,-0.20249,0.18781,-0.23506,-0.029649,-0.048615,0.08715,0.019126,-0.16842,-0.19821,0.28926,-0.14259,0.14422,0.16617,-0.012347,-0.045843,0.11114,-0.0088048,-0.048794,0.27694,-0.12406,0.096373,0.11753,-0.0055496,-0.076079
0.30664,-0.057932,0.21204,0.19736,0.35096,0.11191,-0.15248,0.3427,-0.078982,0.18394,0.011701,-0.07289,0.16284,0.088494,0.12547,0.13621,-0.070401,-0.037705,0.063258,0.32719,0.13857,-0.056727,0.35615,0.082832,0.20509,-0.16882,-0.0011284,0.070996,0.062712,0.16721,-0.02795,-0.086151,0.13286,-0.0070025,0.092703,0.11667,0.14894,0.03491,0.044144,0.22792,0.31763,-0.050861,0.068487,0.080634,0.04321,0.14487,0.18621,0.18464,-0.071331,0.0016284,0.14682,-0.027112,0.063514,0.075392,-0.07473,-0.16937,0.013322,0.35067,0.14673,0.20496,-0.011059,0.22256,-0.064257,0.25605,0.10211,-0.016727,0.13209,0.052848,-0.19929,0.23236,-0.14101,-0.065615,-0.0027594,0.13728,0.18868,-0.092645,0.36486,0.30499,0.079049,0.13092,0.046809,0.06664,0.041264,-0.061348,-0.15584,-0.080924,0.28859,-0.19058,0.21345,-0.048338,-0.024944,0.11696,-0.11801,0.33256,-0.22734,0.26707,0.11504,0.1606,0.17484,-0.19721
0.25219,0.00212,-0.058667,0.24392,-0.062851,0.26977,0.20028,0.040705,0.39913,0.33376,0.37567,-0.018815,-0.024083,0.18202,0.031466,-0.0077284,0.22535,-0.027791,-0.0481,0.25541,0.12211,0.11056,-0.055473,0.37358,-0.023205,-0.17813,0.21878,-0.111,-0.027925,-0.087927,-0.067356,-0.11503,-0.29346,0.26934,0.04979,-0.17774,0.32345,-0.15517,0.056534,-0.076672,0.056154,0.37032,-0.11173,0.15334,0.12713,0.24529,0.11076,0.23841,0.17379,-0.13752,0.28081,0.13646,-0.16269,-0.0070662,0.13086,0.42595,0.26681,-0.035126,0.23254,-0.058766,-0.063366,-0.05342,-0.040264,-0.0082134,0.088825,-0.071502,-0.13721,-0.022728,0.23042,0.44535,-0.17458,-0.13078,0.015845,-0.063759,0.29649,-0.028007,0.037997,0.1824,-0.048737,0.29512,0.16618,-0.077339,-0.11543,-0.085229,0.18002,-0.25623,0.10717,-0.085573,0.27888,0.31274,0.067202,0.058234,0.019317,0.04137,-0.048392,-0.034226,-0.048246,0.1521,0.094961,0.087027
-0.036765,0.096421,0.076263,-0.30134,0.20812,-0.13921,-0.12185,-0.027583,0.063725,0.52911,-0.13484,0.24092,-0.088409,-0.34026,-0.088791,0.15317,0.19054,0.00059487,0.14469,-0.30568,0.38152,0.072649,0.27022,-0.21802,0.10304,-0.095801,0.089102,0.081633,0.19421,0.028584,-0.045969,-0.12786,0.23372,-0.071323,0.19154,0.0042265,0.064733,0.21599,0.080266,0.035158,0.072837,0.55461,0.022251,-0.10755,-0.20177,0.21287,0.40176,0.14427,-0.12494,0.39802,-0.20858,-0.10317,0.034141,0.27435,0.022175,0.0588,0.45517,-0.021676,-0.15837,-0.021447,-0.091035,0.039954,0.27692,-0.024934,0.1122,0.22943,-0.073192,-0.016839,0.066322,0.16287,0.39651,-0.12061,0.09746,0.17919,-0.041596,0.17074,0.28421,-0.16584,0.014578,0.16775,0.27217,0.64527,0.034101,0.062458,0.21269,0.13499,0.15348,-0.26196,0.38545,-0.16525,0.090046,0.070787,-0.15064,0.16791,-0.030242,0.54513,-0.32987,0.1801,0.042324,-0.078944
0.09021,0.28736,-0.10115,0.25053,0.064744,0.28872,-0.31494,0.49569,-0.05005,0.11372,0.061131,0.20112,-0.071412,-0.13904,0.014953,-0.0071402,0.18185,0.0098316,0.14951,0.061176,0.058821,0.034192,0.22996,-0.053222,0.57898,-0.093499,-0.069765,0.084516,-0.13467,-0.16911,0.32166,-0.025634,0.30935,0.12396,-0.1305,0.014801,-0.042964,-0.15793,-0.056294,-0.069635,0.248,0.084178,0.19977,0.17946,0.26385,-0.068112,-0.012698,0.24802,-0.029541,0.18644,0.34954,-0.21576,-0.26063,0.33003,0.35806,-0.099386,0.07558,-0.096118,-0.15488,-0.01406,0.3118,-0.13283,-0.077684,0.14192,-0.01985,-0.021715,0.043759,0.15227,0.30908,0.37595,0.04492,-0.114,0.1034,-0.16033,0.16261,0.036227,0.05515,-0.30027,0.33185,-0.02972,0.27047,-0.27007,0.27471,-0.15745,0.11031,0.19929,-0.062042,-0.051954,-0.079332,-0.066919,0.16381,0.14857,0.37813,0.29553,0.42025,0.17518,0.29537,0.61507,0.28362,0.2519
-0.045204,0.041593,-0.1246,0.32754,-0.24682,-0.17702,0.23643,-0.091315,0.46276,0.023089,0.18759,0.035263,-0.20341,0.27232,0.28638,0.077061,-0.15471,-0.023648,-0.12118,0.34354,0.13577,0.10615,-0.089358,0.35256,0.071123,0.07994,0.070608,0.047105,-0.087385,-0.055405,-0.029003,-0.1169,0.14134,0.57246,0.015832,-0.031986,0.28346,0.23699,-0.11622,-0.070577,0.38896,0.18334,0.10368,0.28463,0.13398,0.24211,-0.20352,-0.11107,-0.06792,-0.025284,0.031105,0.045178,-0.11535,-0.1785,0.014971,0.0302,0.047417,-0.13536,0.24719,-0.023922,0.10384,-0.24139,-0.19423,0.076893,0.28763,0.11367,-0.2309,0.12543,0.20864,0.61421,0.026626,0.015383,0.56126,0.25215,0.11886,0.059119,0.048993,0.15193,0.37924,0.031053,0.1706,0.037786,-0.17474,-0.10872,0.11676,-0.008979,0.38482,0.21415,0.093006,-0.096105,0.074624,0.31584,0.33195,0.11032,0.13231,0.076559,0.09192,-0.15873,0.19546,-0.25621
0.057243,0.27279,0.15469,-0.083383,0.12875,-0.13248,0.016325,0.28506,-0.19493,-0.13754,0.22527,-0.068733,0.33155,-0.04547,-0.054149,0.27627,0.025389,0.05392,-0.11253,0.1605,-0.044336,-0.13766,0.052985,-0.076634,0.081688,0.0072873,0.010163,0.128,0.10063,0.26273,0.10353,0.083279,0.0014326,0.03388,0.087018,0.30706,0.035248,-0.06933,-0.0015173,-0.28534,0.37498,0.40575,-0.11094,-0.051432,-0.019226,0.33609,-0.16533,0.38441,0.23899,0.36584,0.26188,0.30116,-0.11098,0.1784,-0.10279,0.15496,-0.2154,-0.011671,0.35169,0.29691,-0.046972,0.074166,0.44917,-0.068809,0.45204,-0.0031791,0.1676,0.090203,0.10337,0.0047623,-0.25709,-0.21191,0.031346,0.010443,-0.022268,0.03186,0.0084393,0.39942,0.16402,0.043726,-0.11938,0.16642,-0.10979,-0.052681,-0.17096,0.089858,-0.13079,0.18346,-0.18971,-0.049615,0.21145,0.22773,0.055114,0.33446,0.19696,0.27955,-0.23794,0.12695,-0.068072,0.19369
-0.080209,0.24334,0.021516,0.47481,0.17887,-0.049716,0.18901,-0.17188,-0.0082571,0.052461,0.042615,0.084486,0.23191,0.03595,0.49159,0.20653,-0.0010151,0.089817,0.24115,0.15391,-0.071426,-0.11081,0.13238,0.22917,0.1973,0.065984,0.213,-0.17169,0.2951,-0.18276,-0.035692,0.16503,0.07708,0.041332,0.34726,-0.10786,0.14917,-0.20358,-0.1952,0.12205,0.52226,0.0039147,0.29182,0.36496,0.27105,-0.18412,0.27944,0.034735,-0.062485,0.13671,0.025291,0.097394,0.35117,0.057523,-0.15911,0.27462,-0.11011,-0.19712,0.16841,0.40057,-0.075576,0.011451,0.050666,0.23011,0.22999,0.035181,-0.0062007,0.064879,-0.23007,-0.01543,0.0014588,-0.047192,0.038575,0.059748,-0.077136,-0.12523,0.17512,0.010493,-0.0072933,0.18229,0.050917,-0.053152,0.05719,0.39984,0.48565,0.23608,0.48607,0.10241,0.076195,0.048846,-0.080064,-0.2298,0.26325,0.11988,0.018175,-0.040277,0.0027791,0.080621,0.00084618,0.082743
-0.050842,-0.055331,-0.023238,-0.13704,0.20126,0.025237,0.29209,-0.22374,0.24513,0.31676,0.091697,0.18436,-0.053961,0.10116,-0.076844,0.19813,0.11774,0.15303,-0.18018,0.32892,0.1105,0.10522,-0.091593,0.14471,0.042402,0.15933,0.0081941,-0.0025318,0.12903,0.22031,0.054533,0.24539,0.069455,-0.3164,0.23827,0.3918,0.1004,0.068277,-0.05121,0.043395,-0.28637,0.1037,0.15382,0.25789,0.26886,-0.11175,0.19747,-0.031998,0.027172,0.44258,0.1029,0.08959,0.17515,0.022568,-0.14597,0.2404,-0.10139,0.24793,-0.24402,0.26112,0.059657,-0.017871,0.17897,-0.061451,-0.075721,-0.09621,0.066967,-0.015315,0.25491,0.05248,0.17435,0.10701,0.083587,-0.059542,-0.094435,-0.13551,0.28632,-0.020236,0.20625,0.22912,-0.19504,-0.088132,0.03419,-0.21245,0.45468,0.22412,-0.091709,0.17566,-0.01146,0.054291,0.22664,-0.062984,0.049754,-0.037164,0.15718,0.58149,0.080446,0.0013525,-0.23336,0.061978
0.18637,-0.06239,0.14231,0.37712,-0.064718,0.042112,-0.074451,0.16801,0.031264,-0.13276,0.17003,0.17526,0.57346,0.28098,0.14809,0.3255,0.15372,0.0062544,-0.26249,-0.036235,0.24906,0.082085,-0.061054,-0.11617,0.27657,0.0013751,0.056952,0.0085954,-0.028625,0.019466,-0.065252,0.019043,0.013361,-0.10399,-0.15665,0.20937,0.49573,0.050343,0.1182,-0.060765,0.19343,0.38471,-0.036511,-0.14828,0.10638,0.087293,-0.079995,0.080644,-0.032241,0.14969,0.02192,0.018865,0.11359,-0.1021,0.15305,-0.10242,0.18226,0.12116,0.026954,0.13875,0.042395,-0.24469,0.21682,0.24888,-0.029399,0.29866,-0.01649,-0.011479,-0.068645,0.11357,-0.001479,0.15575,0.12658,-0.071248,-0.0010469,-0.11289,-0.05522,0.12811,-0.060151,0.46906,-0.15991,0.0075238,0.42409,0.088686,0.19704,0.1469,0.2762,0.23249,0.032159,-0.097441,0.3175,0.12994,-0.039293,0.14164,-0.088866,-0.011598,-0.018766,-0.11701,-0.10073,0.087864
-0.13317,-0.099379,0.098832,-0.0092221,0.1943,0.033713,0.25674,0.14259,8.8151e-05,0.19322,-0.098254,0.19722,0.0039078,-0.14504,0.099196,0.21963,0.045183,0.40273,-0.13175,-0.094647,0.041619,0.14439,-0.034226,0.079409,0.14447,0.17036,-0.076153,0.17483,0.24462,-0.24849,0.19463,-0.018454,0.099172,-0.2107,0.080732,-0.16617,0.097112,0.26484,-0.085887,0.19997,0.45703,0.1162,0.3759,0.20234,-0.041085,-0.20598,0.10583,-0.096652,-0.16344,0.012899,0.11933,0.17052,0.055891,0.057049,-0.0027015,0.052514,-0.045208,0.42068,0.22982,-0.022503,-0.2389,-0.056504,-0.11205,0.038857,0.23127,-0.042255,0.0032542,-0.032124,-0.10685,-0.030329,0.29769,0.10005,0.050258,0.14502,0.11465,0.03413,-0.047869,0.24768,0.28883,0.088131,0.64829,0.2389,0.034982,0.1773,-0.14689,0.044702,-0.12172,0.099022,0.41568,0.1477,-0.074849,0.096642,0.22645,0.2654,-0.094371,0.12872,0.052977,0.36048,0.34369,0.18536
0.3054,-0.26981,0.1229,-0.017378,0.19804,-0.012611,0.35022,0.020291,0.27791,0.12307,-0.14029,0.15677,0.074436,-0.099105,0.029486,0.010027,-0.13836,0.26487,-0.069766,-0.15204,0.33872,-0.2589,0.21391,0.10572,0.01059,0.24856,0.11429,-0.10553,0.25386,0.29132,0.29424,0.38922,0.10136,-0.13208,0.32586,0.11057,0.18937,-0.16433,-0.13343,0.091951,-0.067166,0.074388,0.41469,-0.0631,0.046398,-0.056418,-0.20195,0.050668,-0.088858,0.54021,0.31172,0.27138,0.087482,-0.11907,0.23101,0.40453,0.3056,-0.082324,0.052096,0.030364,0.25536,0.21191,-0.087399,-0.2423,0.087144,-0.0071175,-0.08449,0.077392,0.16245,0.14778,0.24764,0.29659,-0.031316,0.26619,-0.18513,0.10417,0.19075,0.13904,-0.16205,0.23435,0.081344,-0.17989,-0.29573,-0.041523,-0.11507,-0.016076,0.47669,0.12063,-0.099463,-0.021224,0.026242,0.1903,0.069751,0.01491,-0.014179,0.31236,0.043733,-0.061903,0.19412,0.16599
-0.14612,-0.088065,0.21184,0.29584,0.20351,0.035335,0.12219,-0.19504,-0.038841,0.29472,0.13896,-0.1197,0.23454,0.035197,0.022127,0.33858,0.0501,-0.025498,0.10343,-0.044013,-0.1871,0.14496,0.054205,0.18386,0.47843,-0.013724,0.050435,0.051651,0.26233,0.11798,0.23787,0.080347,0.43116,0.23121,-0.21906,0.043742,0.32638,0.061566,-0.014726,-0.14516,-0.0056108,0.15696,-0.15717,-0.078333,0.30602,-0.15875,-0.017412,0.11492,0.099851,0.015777,-0.033047,-0.10497,0.24729,0.50603,-0.027119,0.24829,0.11993,-0.10557,0.29297,-0.22567,0.08736,0.087838,0.054199,-0.10273,0.42347,-0.14182,-0.045402,0.040657,0.13312,0.11126,0.29223,0.011391,0.19038,0.15127,-0.021975,-0.087139,0.1509,0.10566,0.040752,-0.08562,0.031139,0.046727,0.17546,0.23856,-0.054726,0.22949,0.30767,0.26884,0.024654,0.16873,0.15161,0.30922,0.19133,-0.023281,-0.010093,0.088366,0.010013,0.13449,0.036362,0.020937
0.10004,-0.099889,0.14146,0.2109,0.10023,-0.052481,-0.11537,0.02439,0.063786,-0.17362,-0.057023,0.03939,0.050916,0.078998,0.008541,-0.06,-0.31174,0.030216,0.091545,0.15571,0.077648,0.38851,0.11293,0.10871,0.18233,-0.096686,0.14879,0.15399,-0.19121,0.22685,0.14767,0.3655,-0.077768,-0.092348,-0.1198,0.20463,0.24022,-0.072229,0.076444,0.028666,0.25492,0.27371,0.068793,0.27083,0.11239,0.24993,0.27642,0.056495,0.063257,-0.014404,0.49329,0.42672,-0.074649,0.12024,-0.16232,0.3266,-0.021659,0.14691,-0.33636,0.16946,0.17983,0.19085,-0.25281,0.50389,0.24215,0.17541,0.45976,-0.10564,-0.010847,0.27219,0.029834,-0.23633,0.30072,0.019174,-0.1107,-0.16614,0.0068479,0.0085272,0.048691,0.0020374,0.010471,0.0027929,0.096398,0.22869,0.32093,0.048924,0.052629,0.29989,0.00031863,0.1661,0.020951,0.15996,0.17242,0.11556,-0.15661,0.012292,0.11359,-0.024678,-0.050325,0.0036269
0.0068542,0.26285,-0.24669,0.28574,0.2794,0.27354,0.3314,-0.048689,0.12842,-0.20598,0.18386,0.11286,0.33713,0.41962,0.13799,0.35482,0.039157,0.012633,-0.11506,0.21375,0.17705,0.0038418,0.088381,0.43052,0.33606,-0.041643,-0.013438,0.11734,0.40931,0.0711,0.19554,0.42704,0.19463,0.27253,0.19232,0.069829,-0.050745,-0.060891,-0.034388,0.099486,0.29031,-0.0039603,-0.032884,-0.04895,0.25035,-0.14893,0.31497,-0.020527,-0.048266,0.18913,-0.057624,-0.053845,0.14487,0.05336,0.12004,0.1699,-0.022374,-0.087162,0.059305,0.071051,-0.18723,0.078893,-0.1277,0.035016,-0.029737,0.21706,0.082967,-0.020094,0.055708,0.12113,-0.032252,-0.0021719,0.32114,0.015204,0.2001,0.34377,0.19508,-0.12303,0.17189,0.072576,-0.081546,0.064418,-0.10049,0.015301,0.84855,0.093217,0.28093,0.016345,-0.06777,-0.051687,0.16435,-0.090097,0.036154,-0.039528,0.13209,0.15553,0.024105,-0.11821,0.67782,-0.20865
-0.19947,-0.18255,-0.27179,0.15346,0.1848,0.19749,0.57207,-0.083848,-0.13204,-0.2553,-0.032454,0.32584,-0.015251,0.15175,0.16271,-0.0197,0.14217,-0.1087,0.089052,-0.25078,0.0039134,0.13633,0.25267,0.29345,0.1077,0.38326,0.2079,0.15903,0.1873,-0.0035921,0.0051427,-0.13148,0.54052,-0.13796,-0.14037,0.22198,-0.092091,0.11037,-0.014283,-0.092413,-0.045511,0.010457,0.0054728,-0.049066,-0.16184,0.065339,0.24698,0.19937,0.066814,0.31086,-0.075074,0.17571,0.20397,0.1123,0.061495,0.047437,0.26919,0.20438,-0.096354,0.39557,-0.20257,0.30423,0.29387,0.0058055,0.57457,-0.18281,-0.14383,-0.12933,0.18551,0.10041,0.093529,0.41611,0.24427,-0.19786,0.15976,0.14557,-0.022156,0.071247,-0.098876,-0.060219,-0.0084227,0.06223,0.02923,0.31208,0.29038,-0.23339,0.064273,0.040142,-0.058353,0.26635,0.27052,0.19713,0.11976,0.22923,0.021804,0.15974,-0.078393,0.045205,0.11364,-0.11085
-0.01271,0.14725,0.29973,0.16847,0.23148,0.011858,-0.17185,0.24022,0.14377,0.036611,0.071201,0.014695,-0.095656,-0.14162,-0.10848,-0.13308,0.17227,-0.015776,-0.18101,0.29825,-0.17475,-0.070909,0.13983,0.053166,-0.044601,0.024087,0.32882,0.097512,-0.047474,0.016122,0.13005,0.090202,0.27815,-0.093862,0.19919,0.10886,0.55225,-0.095903,0.2731,0.36515,0.090651,0.26363,0.032684,0.28825,-0.18542,0.16544,-0.13168,0.010423,-0.11338,0.042316,0.11008,0.11794,0.0053339,0.19527,0.20643,0.20008,-0.11791,-0.0032456,0.2266,0.031509,-0.009842,0.02038,0.32648,-0.06218,-0.059887,0.49022,0.18664,-0.18522,0.19246,0.4251,0.20805,0.21434,0.095523,0.13884,0.15363,0.04136,0.25851,-0.11975,-0.058207,0.11876,0.35426,0.042637,0.069028,-0.044447,0.080862,0.25598,-0.081094,0.47339,0.041419,0.2311,0.0012904,0.18543,0.12967,-0.2297,-0.13721,0.035858,0.18604,0.12976,-0.13161,0.19843
0.15703,0.1536,0.21382,0.077503,0.10397,-0.15352,-0.052396,-0.11127,-0.037933,0.35896,-0.063571,-0.10728,0.35006,0.055668,0.56695,0.57504,0.08478,-0.097239,0.056659,-0.017003,0.33995,-0.11219,0.0038412,-0.1012,-0.023927,0.25988,0.1014,-0.092746,0.41109,-0.28467,0.23535,0.40035,0.27021,-0.026697,0.04076,0.20192,0.14239,-0.12074,-0.18813,0.69001,0.14441,-0.15003,0.12801,-0.11103,0.0043749,-0.0048901,0.1171,-0.057347,-0.29167,-0.099425,0.28143,0.22174,-0.10633,0.4235,-0.054645,0.19323,0.01887,0.17787,0.34357,-0.16912,-0.15293,-0.26686,-0.1638,0.25293,0.059528,0.12611,0.16185,-0.057058,0.37511,-0.031043,0.075421,-0.034173,0.030712,0.21097,-0.049787,0.011003,0.042584,0.15844,0.81828,-0.020773,0.11049,-0.003392,-0.17615,0.1233,0.18095,-0.046194,-0.040506,0.024664,0.18491,0.18714,0.21963,-0.069926,0.68374,-0.25887,-0.10456,0.092337,-0.13438,0.077326,0.39056,-0.022864
0.20547,0.16558,-0.19607,0.44267,-0.16341,-0.12542,-0.038466,-0.1409,0.058407,-0.066986,-0.12627,-0.30212,0.521,-0.078068,0.31584,0.13368,-0.15254,0.010064,0.040335,-0.34683,0.13021,-0.14134,-0.048126,0.14897,0.30603,-0.031155,-0.099344,0.27285,0.077351,-0.019106,0.22535,0.37281,0.38176,0.14639,-0.0030491,0.14314,0.38599,0.27125,-0.025354,0.2865,0.32253,0.07758,0.10183,0.22259,0.057239,-0.11781,0.44242,0.30928,0.016799,0.026429,0.018127,-0.21976,0.001428,0.040142,-0.18329,0.39039,-0.056617,0.26388,-0.011437,-0.048893,0.19366,0.14801,0.27277,-0.1202,0.20838,-0.048353,0.053944,0.35978,0.057256,0.01356,-0.22601,0.30858,0.056022,0.18191,0.051897,0.56215,0.067282,0.12538,0.21906,0.43574,-0.023931,0.046259,0.070638,0.33083,-0.11715,0.54348,-0.063985,0.027069,0.11084,0.080606,-0.11041,-0.062959,-0.088476,0.13411,0.0040882,-0.16063,0.14356,0.11406,0.19932,-0.032097
0.27098,0.019446,0.14256,0.25185,-0.065906,-0.25349,0.15503,0.23015,-0.10673,0.13853,0.20598,0.17711,0.053762,0.37486,-0.12427,0.16698,0.022613,-0.078719,0.062306,-0.17614,0.10631,-0.057853,-0.12443,0.19256,0.31186,-0.25411,-0.021121,0.10475,0.16172,0.32883,-0.0039204,-0.23421,0.25484,0.42433,0.56749,0.063135,0.18244,0.33129,0.017928,0.067728,-0.14613,0.16509,0.083447,0.24651,0.16869,0.18823,-0.14325,0.17585,0.37407,0.041915,0.32507,-0.019222,-0.15767,0.24105,0.024771,0.56482,-0.0060847,0.019546,0.085754,0.024103,0.064499,0.18883,0.11979,0.14921,0.35825,-0.03637,0.24339,-0.24524,0.14546,0.14446,-0.017497,0.37087,-0.13501,0.11123,0.042886,0.16562,-0.051885,0.21141,0.32618,0.18763,-0.22305,0.074899,0.16833,0.1507,0.047775,-0.094972,-0.089496,0.0079224,0.32456,0.054354,0.35509,0.073273,0.11849,0.017425,0.18272,0.076197,0.04583,-0.07688,0.16922,-0.13269
0.30808,-0.037156,-0.04792,0.013048,0.15024,0.030258,0.35951,-0.022907,-0.050298,0.10109,0.19151,0.051103,-0.12599,0.31175,-0.0011858,-0.080243,0.024112,-0.1705,-0.022964,0.11932,0.17507,0.063828,-0.22234,-0.21674,0.42046,0.3232,0.26222,-0.20953,0.54855,0.02548,-0.052011,-0.06388,0.29896,-0.13539,-0.038432,0.11181,-0.31175,0.15634,0.053188,-0.14185,-0.17434,-0.041359,-0.08654,0.24644,0.040542,0.12598,0.060378,0.072856,0.41905,0.036488,0.11901,0.10718,-0.058814,-0.12356,0.18504,0.13177,0.35583,0.21312,0.55496,0.51455,0.098215,0.063472,0.078826,-0.29193,-0.043851,0.40653,0.17231,-0.050317,0.096335,0.0009949,0.13777,0.096671,0.21504,0.3002,0.035508,0.36288,0.41555,-0.072318,-0.063755,0.2115,0.066675,0.10507,0.41298,-0.0085524,0.13017,0.28445,0.21168,-0.18594,0.014946,-0.20487,0.13847,0.42065,0.17815,0.088485,-0.21074,0.18216,-0.15083,-0.21425,0.065286,0.0019874
0.1728,-0.0030736,-0.059675,-0.022197,0.04462,0.12443,-0.096638,0.18175,0.054669,0.59734,0.36573,-0.034536,-0.01451,-0.0057258,0.38734,0.52614,-0.079627,-0.093898,-0.0010636,-0.0084615,0.26627,0.14512,0.24053,0.27563,0.18556,0.25445,0.035355,-0.22947,-0.1234,0.34881,0.31448,5.438e-05,-0.10495,0.33841,0.084962,0.063622,-0.048034,-0.12823,0.23078,0.15248,0.21153,0.1375,-0.038868,0.13215,0.47344,0.12687,0.043951,-0.0080905,-0.065992,0.11311,0.07317,-0.26391,0.034897,-0.007891,-0.053797,0.12377,-0.016685,-0.078013,-0.01141,0.12462,0.29275,-0.050917,0.26351,-0.27659,0.098789,-0.063336,0.081093,-0.23093,0.11559,-0.093099,-0.042723,0.17324,0.11996,0.17657,0.10049,0.10982,-0.070148,-0.13814,-0.03243,0.095679,-0.038137,0.026793,-0.35109,0.19197,0.28427,-0.049254,0.056852,-0.13138,0.53375,0.19763,-0.090154,0.70485,0.087731,0.29565,-0.036165,0.066945,0.047882,0.14438,-0.072425,-0.11384
0.086959,0.16107,0.54314,0.29257,0.35852,0.16715,0.042135,0.01064,0.15179,0.24978,-0.01779,0.066409,0.32757,0.4078,0.078879,0.0069991,-0.10753,0.13145,-0.1008,0.22021,-0.16035,0.077031,0.13842,-0.053069,0.024446,0.015307,0.14179,0.27134,0.13816,-0.24271,-0.063767,0.39066,-0.046003,0.40406,0.22662,-0.09481,-0.062732,0.19397,0.10503,0.13194,0.15773,0.028111,-0.1164,0.071616,0.23842,0.04714,0.13192,-0.038972,0.13237,0.72151,-0.078203,-0.20121,0.097538,0.1769,-0.040135,-0.20998,0.30944,0.23245,-0.12151,0.03921,0.18788,0.39704,0.19892,0.058267,-0.00042244,0.19493,0.34614,0.22872,0.041148,-0.074365,0.23184,0.11968,0.13904,-0.018168,0.15052,-0.095158,0.073596,0.14646,-0.075127,0.002733,0.13495,0.27685,-0.076521,0.29237,0.19501,0.028384,-0.010778,-0.22655,0.1153,-0.035556,0.40369,-0.24051,0.45763,0.072862,0.139,-0.08815,-0.14075,0.1149,-0.2988,0.43075
0.20908,0.088705,0.31127,0.24239,-0.1039,-0.19451,0.33117,-0.053912,-0.009692,0.22082,0.10719,-0.069136,0.40927,-0.11103,-0.0056739,0.027838,0.084803,0.067655,-0.053739,0.041243,0.48579,-0.24037,0.25492,-0.0446,-0.23648,-0.086962,-0.018672,0.10736,0.50699,0.29073,0.48598,-0.051061,-0.011089,-0.28431,0.1583,0.19359,-0.036001,-0.019754,-0.14353,-0.10256,0.3121,0.21351,0.031008,0.23455,0.22686,-0.19832,0.27178,0.23647,0.21921,-0.097629,-0.051446,0.30956,-0.072385,-0.11812,0.2663,0.43318,0.068209,0.06073,0.24669,-0.033332,0.013437,0.41907,0.10565,0.15225,0.029345,0.25268,0.041061,-0.11701,-0.029184,-0.016175,0.677,0.47598,-0.2365,0.26809,0.03306,0.38958,0.1458,0.13017,0.057749,0.49014,-0.14737,0.054482,0.064189,0.20238,0.1907,-0.22344,0.2015,-0.12899,-0.009558,0.15105,0.015974,0.19266,0.13453,0.33611,-0.090368,-0.13129,0.077324,0.34662,0.10634,-0.1296
-0.12595,-0.16028,-0.23417,-0.038926,0.23802,0.048302,-0.097467,0.29333,0.14565,0.12103,0.05433,0.058441,0.17577,0.42919,0.47084,-0.061965,0.010753,0.088335,-0.21328,-0.1679,0.41427,0.019984,0.10044,0.35857,0.029149,0.021577,0.15815,-0.096309,0.41263,0.031361,0.23981,-0.076537,0.39489,0.16937,0.14659,0.079638,0.088719,-0.041557,-0.086314,0.51958,0.37172,0.20667,-0.053479,-0.13644,0.11455,-0.042556,0.086009,0.11282,0.24232,0.083935,0.22386,0.3748,-0.15135,0.16622,0.20272,0.03287,0.15273,0.029934,0.22561,0.16838,-0.19416,0.043409,0.22387,-0.069808,-0.047707,0.17117,0.039539,-0.2548,-0.05523,0.14242,-0.032622,0.28441,0.40555,0.30217,0.02797,-0.067298,0.028713,0.18322,0.15373,-0.06413,-0.10218,0.24787,0.10056,0.25795,0.092086,0.25523,0.17051,-0.049839,0.12213,-0.22455,0.06321,-0.071632,0.45227,0.23432,0.14634,0.25547,-0.013011,0.17831,-0.11442,0.14005
-0.19403,0.38356,0.25043,0.25985,0.018845,0.027316,0.48723,0.14076,-0.08198,0.47316,0.024924,-0.13165,-0.17683,-0.14483,-0.12199,-0.31511,-0.14428,0.064113,0.028977,0.12637,-0.036864,0.33293,0.20874,0.046762,0.43977,-0.18246,0.031151,0.0091564,0.68152,0.2089,0.035319,-0.08485,-0.020378,0.13274,-0.23623,0.41192,0.089215,0.31577,0.18585,-0.19213,-0.00065982,0.30249,0.017202,-0.0050229,0.040055,0.50424,0.32118,0.041759,0.082993,0.097485,0.084533,0.070368,-0.075432,0.068269,0.034006,0.71765,0.20778,0.087489,-0.16175,0.29195,0.047368,-0.066866,-0.0034759,-0.1778,0.20193,-0.011179,0.045871,-0.078053,0.31272,0.2794,-0.13868,0.25098,0.023413,-0.10996,-0.058101,0.037709,0.16764,-0.074767,0.007937,0.16968,0.062337,0.37688,0.02412,0.19053,-0.036421,-0.053015,0.11637,-0.02004,0.0089352,-0.014778,-0.045154,-0.21722,0.14219,0.18351,-0.01127,0.23135,-0.0082501,0.26258,0.19605,0.17374
-0.18543,-0.0087299,-0.080193,0.13315,-0.016375,-0.28048,0.36946,0.2147,0.091244,-0.26222,0.10811,0.31129,0.421,0.27286,0.39358,0.19072,0.10148,-0.056729,0.16759,-0.037673,-0.090854,-0.041061,0.44111,0.061981,0.31829,0.20028,0.18599,-0.073747,0.11848,0.18324,0.085929,0.038197,-0.11702,-0.14794,0.00078238,0.46589,-0.011452,-0.08079,-0.0094071,-0.070015,0.099152,0.33726,0.075218,0.57179,0.066982,0.39326,0.35308,0.022467,0.28122,-0.0090595,0.28536,0.43291,0.02653,-0.11263,0.19333,0.47191,0.033787,-0.079811,0.35846,-0.035665,0.085326,0.3147,0.28707,0.02519,0.20193,0.056432,-0.070357,-0.28064,0.10577,-0.044498,0.038003,0.51041,0.003934,-0.25753,-0.10789,0.13443,0.27112,0.1015,-0.031473,0.0033125,-0.39413,0.49421,-0.017571,-0.11459,-0.027626,0.24375,-0.014675,0.10227,-0.030492,-0.11082,-0.16169,0.35929,0.32254,-0.099598,0.069823,0.10218,0.068577,0.43875,0.83642,-0.012117
0.12879,0.48557,0.22046,0.28996,0.15875,0.25596,-0.091676,0.12346,0.49171,0.25762,-0.057957,0.053813,-0.11319,0.12557,0.15486,0.20542,-0.056433,0.016085,-0.08668,0.092808,0.21039,0.15762,0.15011,0.22467,-0.047568,0.14652,-0.028999,0.18907,0.11995,-0.12229,0.20644,-0.089102,0.12084,0.30677,-0.11389,0.13629,0.24493,0.083041,0.18025,0.030066,0.16681,0.32448,0.15712,-0.19578,-0.060515,0.20513,0.1439,0.077873,0.40248,0.20958,-0.16091,0.48779,0.29681,-0.085833,0.21616,0.15412,0.4197,0.07986,0.1611,0.32257,0.43543,-0.05099,-0.09069,0.15357,-0.10754,-0.12281,0.26531,0.10423,0.11764,0.093188,0.061711,-0.047127,-0.30284,0.18158,0.1384,-0.04246,-0.022522,0.30351,0.31636,0.013427,0.3106,-0.054189,0.11514,0.1872,0.031064,0.093947,-0.19668,0.28537,0.1214,0.1574,0.16097,-0.12379,-0.092471,0.11754,0.20546,-0.082682,0.23973,-0.11964,-0.069245,0.0014713
0.07339,-0.030431,0.34718,-0.064833,-0.073568,0.40559,0.18188,0.26779,0.59691,0.25751,0.1307,0.11228,-0.025198,0.15156,-0.071523,-0.068163,-0.0016753,0.050938,-0.030085,0.040004,0.097916,0.27804,0.2296,0.13207,0.060292,0.28304,0.052813,-0.12278,0.408,0.82629,0.02504,0.035737,0.3454,0.17223,0.044233,0.36801,-0.049454,-0.11428,-0.096819,0.24634,0.023037,0.17491,0.019478,0.25436,0.019875,0.14992,0.26019,0.30867,0.28216,0.038731,-0.011561,0.054497,0.011321,0.18442,-0.11035,-0.036106,0.12099,0.12206,-0.019234,0.52196,0.023689,-0.044901,0.20008,0.12196,0.059088,0.32436,0.19589,-0.0089655,0.17115,0.24035,0.13007,-0.070062,0.28374,0.4044,-0.20806,-0.1744,0.18616,0.44848,0.20313,-0.10127,0.046275,0.40592,-0.021708,0.06518,0.21045,0.066083,-0.21703,0.26467,0.026039,0.21781,0.088786,0.32199,-0.15363,-0.19366,0.26482,0.073168,0.16325,0.11646,0.25061,0.30006
