0.043512,-0.0033981,0.038324,0.018485,-0.034103,0.024214,-0.0058808,0.013711,-0.024286,0.021564,0.057199,0.0051306,0.045385,0.028376,0.016996,-0.042826,0.0096292,0.033395,0.068788,0.046793,0.012822,0.0039385,0.019838,0.014993,0.023821,0.0090336,0.0057557,0.01767,0.022659,0.03199,0.031294,0.0011664,-0.0025402,0.04184,0.050863,0.0015348,0.021907,0.020468,0.047459,-0.032798,-0.0023299,-0.00087002,0.019165,-0.016921,0.040109,0.0048448,0.043996,0.043059,-0.01721,0.017666,0.0055108,0.058946,0.025021,0.011834,0.055017,-0.012519,0.0043616,0.07231,-0.0069523,-0.0153,0.012014,0.055207,0.0021415,0.014595,-0.011921,0.026172,0.00046582,-0.022171,0.028184,0.0026527,0.051107,0.049582,0.022384,-0.017533,0.010612,0.023091,-0.036758,-0.020831,0.023906,-0.0019821,0.0077728,0.036977,-0.001013,0.018499,0.010555,0.028221,-0.0061063,0.0098236,-0.00072709,-0.032086,0.00087614,0.055183,0.024322,-0.048696,0.013889,0.040979,-0.0070952,0.00858,0.025873,-0.035517
0.030197,-0.028526,0.016752,0.012116,0.02987,-0.019419,-0.0009149,0.0042774,-0.015921,-0.0015955,0.013218,0.066893,-0.030382,0.020001,0.026188,0.018228,0.065952,0.016365,-0.048191,0.017365,0.021426,0.042167,0.013791,0.025054,0.0086701,0.045148,-0.022557,0.026643,-0.00078716,-0.02741,-0.0029566,0.02804,0.0044989,0.0028254,-0.035053,0.044195,0.013158,0.012743,-0.02592,0.048854,-0.025554,0.0061961,0.016637,0.037308,-0.051166,-0.02019,0.00049322,0.0095722,0.0078108,0.05798,0.060816,0.01663,0.013302,0.0071808,0.0022521,0.0089437,-0.011356,0.024773,-0.0037482,0.050834,0.046821,0.015777,0.00030493,0.046484,-0.013691,0.0069999,-0.011095,0.0059163,0.02306,0.042483,-0.054131,0.0057588,-0.010595,0.024342,0.0065162,0.030907,0.0051096,0.02539,0.0019457,0.024477,0.021214,0.010344,-0.019779,0.040617,0.044898,-0.022892,0.014175,0.0043586,0.030461,0.019803,0.0030919,0.049566,0.0059372,0.054428,0.013372,0.026483,0.074051,0.013186,0.0048636,0.047017
-0.0057529,-0.024039,0.0099627,-0.0072755,0.048707,0.00088911,0.020482,0.049101,-0.0024116,-0.0015432,0.012981,0.047187,0.042445,-0.033723,0.012021,-0.019138,0.026588,0.0040228,0.016893,-0.035254,0.028901,0.0078998,0.0073313,0.02767,0.00030612,-0.015634,0.013388,0.037064,0.004171,-0.017845,0.026916,0.033523,-0.0045722,0.017889,0.0053802,-0.00037452,0.039765,-0.023375,0.055348,-0.015281,0.021045,-0.013954,-0.0085762,-0.0021797,0.032471,0.029876,0.041379,0.051828,-0.015828,0.015329,-0.032642,-0.0045404,0.017486,0.024296,-0.014575,-0.0003946,0.061718,0.032133,-0.035423,0.030124,-0.0072828,0.0065538,0.047704,0.033151,-0.012138,0.020917,0.024889,0.045244,0.0020434,0.020958,-0.063464,0.03283,-0.0090483,0.044071,0.039102,0.048303,-0.0011376,-0.00076491,-0.02548,-0.01081,0.041027,0.02979,0.010801,-0.006837,0.03781,0.011025,0.031353,-0.0084144,0.038817,0.0037911,0.021336,-0.027518,0.027099,0.010601,-0.015416,0.012541,0.020744,0.068159,0.038656,-0.0090496
-0.0063144,0.0073197,0.0054099,-0.037952,0.067525,0.013336,0.0063437,0.013327,-0.0044552,0.041115,0.022172,0.016734,-0.023469,0.022137,-0.014753,0.033301,0.0027257,0.023412,-0.0031098,0.0051887,-0.0082056,0.052276,-0.0071464,0.037725,-0.012438,0.025247,0.047106,-0.0022767,-0.023432,0.01688,0.032779,0.061061,0.0027099,0.016825,-0.023085,0.053829,0.0019326,0.0071316,0.039229,0.0058095,0.032869,0.012624,0.039452,0.045374,0.050595,0.026433,0.023661,-0.030118,-0.0025101,0.015669,0.00048053,0.02332,-0.016674,0.044705,0.010522,0.054097,0.026528,0.035549,0.01969,-0.012128,0.011108,-0.0091218,0.010707,0.0086543,0.013257,-0.019339,0.03039,0.030174,0.037634,0.016808,0.014315,0.004448,-0.025033,0.0065299,0.046108,0.043839,-0.071892,0.033704,0.023713,0.023906,0.034059,0.060864,-0.00018263,0.034084,0.030217,0.016202,0.001155,-0.001359,0.029063,-0.0070913,0.018038,0.011066,0.0060317,-0.014779,0.038851,0.029348,0.03344,0.067306,-0.021846,0.006847
-0.019516,0.012989,-0.0079718,-0.015226,0.0065323,0.008314,-0.019224,-0.039949,-0.01216,-0.0073294,-0.0029536,0.029887,-0.031012,-0.0024558,0.019438,0.00091529,-0.039079,-0.023807,-0.0058058,-0.012864,0.013063,0.033771,0.034735,0.01816,0.014859,0.027783,-0.0292,0.04167,-0.0079815,-0.010594,0.0097089,0.012074,0.030901,-0.0076683,0.047618,0.019346,0.059565,0.016324,0.012473,-0.013333,0.019259,0.023938,-0.021887,0.035061,-0.0083502,-0.041037,0.039817,-0.007448,0.00080065,-0.025971,-0.00057662,0.010513,-0.017977,0.02714,0.064979,0.050492,0.0028056,0.012732,-0.029596,-0.0063679,0.015817,0.048159,0.024836,-0.001063,-0.010732,0.012958,0.016222,0.045137,0.036129,0.012599,0.015742,-0.047705,0.015314,0.01735,0.0069798,0.014792,0.045824,0.033625,-0.004321,0.0050059,0.04774,-0.017799,0.03577,0.04065,0.009643,-0.007173,0.042349,0.022145,0.022556,-0.021411,-0.028175,-0.013987,-0.029215,0.021033,0.013462,0.026936,0.018872,0.012799,0.060064,0.00043355
0.0089797,0.0021862,0.028577,0.019284,0.0073289,0.018038,-0.018717,0.031469,0.019473,-0.0023131,0.0062269,-0.018348,0.013445,0.044854,-0.029891,-0.033764,-0.014122,0.06727,0.063018,0.048387,0.027994,0.0263,0.033202,0.023558,0.018808,0.033085,0.022106,0.009539,0.077795,-0.0085223,0.01542,0.05825,-0.052889,-0.0026511,-0.0084697,0.018927,-0.013966,0.047669,0.0070451,0.031515,0.018045,0.021143,0.044654,0.065439,0.01964,0.014369,0.013006,0.038206,0.017479,-0.022706,0.012939,0.0050048,-0.00045666,0.0018429,0.017801,0.035177,-0.020864,0.0016383,0.10566,0.013473,-0.027809,0.021893,0.02602,0.021326,0.0092794,0.024558,0.010857,0.0089669,0.025339,0.01422,3.0976e-05,0.010433,0.047199,0.0032535,-0.022332,0.020151,-0.00047115,-0.033154,0.03178,0.017478,0.02269,0.018808,0.0078691,-0.00034754,0.015761,0.013532,0.017765,0.0084837,-0.028851,0.065178,-0.018259,-0.025748,0.065103,0.040761,0.022535,-0.028108,0.019723,0.02941,0.027269,0.0029333
-0.013187,-0.017458,-0.0069843,-0.0041954,-0.0099445,0.011425,0.03688,-0.015887,0.015779,0.017042,0.021668,-0.012519,-0.010128,-0.0051625,0.03468,0.011853,-0.015419,0.010073,-0.015863,-0.010229,0.012848,0.0096179,0.024488,0.010397,0.014528,-0.007657,0.06673,0.0037505,0.0076822,0.0047279,-0.040249,0.040873,0.0095272,0.039635,0.066356,0.018926,0.0088549,0.0037654,-0.0026987,0.0074815,-0.016229,0.036016,-0.050476,0.052264,0.0075811,0.0033786,-0.034802,0.034252,0.013701,-0.0098139,0.031353,-0.0037585,0.019898,0.061743,-0.050011,0.011467,-0.022494,0.04477,0.026704,0.071909,0.015587,-0.022737,0.022477,0.021977,0.0039214,0.033995,-0.008524,0.0069968,0.071241,-0.011245,0.0091338,-0.014231,-0.015957,0.022414,0.011208,0.02553,-0.0026972,0.025516,0.0014271,-0.0055663,0.03494,-0.023527,0.019877,0.014907,-0.0033639,0.0065663,0.030726,0.060309,0.03894,0.03218,-0.018888,0.017333,-0.0062984,0.042628,0.052666,0.026495,0.038421,0.0018476,0.024443,0.0060553
-0.014217,0.045434,0.01669,0.0080967,-0.0027034,0.011135,0.014926,0.039317,-0.013883,0.016057,-0.022618,0.041454,-0.0049902,0.0043846,-0.020172,0.024508,-0.008827,0.0098154,0.015814,-0.054751,0.055087,-0.0060154,-0.01424,-0.0050526,-0.009738,-0.0044333,0.0010397,0.043018,0.0043111,-0.0076767,-0.0026827,0.016746,0.012432,0.046692,-0.0021922,0.024993,0.04552,0.016486,0.0031868,0.071898,0.014498,-0.017671,-0.0059891,-0.0024849,0.036076,0.051777,0.015639,0.0050052,-0.0033347,-0.031424,0.0093758,0.010052,-0.0015353,0.0095834,0.033194,-0.021577,0.050961,0.0054695,0.0099751,0.036154,0.025322,-0.002498,-0.022506,-0.021681,0.023795,0.021778,0.017178,-0.016691,0.025059,-0.021,0.034059,0.0054057,0.0019041,0.041402,0.016789,-0.0060782,0.014296,0.018348,0.010507,0.028929,0.04586,0.016596,0.02806,0.019254,0.023252,0.0033383,0.017205,0.013758,0.037059,-0.017608,-0.027508,0.0045008,0.013229,0.0071113,-0.0094687,-0.024467,0.019322,0.048362,-0.010446,0.074622
-0.05507,0.021282,-0.0024973,0.021514,0.010006,0.013642,-0.019042,-0.012054,0.039668,0.014515,0.017221,-0.0049471,0.01818,0.011028,-0.004322,-0.010074,0.015044,-0.019434,0.043052,0.0058466,0.0018824,-0.01664,-0.01093,0.040892,-0.039802,0.040268,0.017217,0.00024897,0.0075262,-0.0085953,-0.0060291,0.019393,0.020302,0.024702,0.037658,-0.004391,0.043476,0.024464,0.0058961,0.016662,0.055724,0.01347,-0.0062307,0.0057514,0.024017,-0.028951,0.02156,0.033324,-0.023031,0.0052599,0.028391,0.021241,-0.043667,0.039746,0.020374,0.038599,0.012223,-0.0054477,-0.014248,0.026043,-0.0073445,0.0095027,-0.010741,0.019425,0.0043727,0.022252,-0.010389,0.023586,-0.012332,-0.025887,0.074139,0.021029,0.0025079,0.0031663,0.014352,0.055329,-0.0096496,-0.017551,0.029397,-0.015284,-0.0010636,0.056794,0.077376,0.012585,0.012613,0.00095883,0.0022515,-0.026647,-0.0076948,0.0078456,0.050149,-0.010422,0.029648,0.042828,0.05988,0.046731,0.060089,0.034458,0.020702,-0.012497
0.0084422,0.026602,0.027963,0.058558,0.00015886,0.026026,0.026933,0.028256,-0.0031426,0.0054364,0.01646,0.039603,0.01502,0.0090639,-0.011715,-0.017859,0.035223,0.013526,-0.015905,0.029237,-0.031606,0.023887,0.027861,-0.010494,0.015024,-0.022632,-0.0078311,0.02319,-0.002621,0.024675,-0.010893,-0.00066799,0.025661,0.011976,-0.0065481,0.015306,0.035885,0.009992,0.0076696,0.031877,0.0064404,0.0026034,0.0077297,-0.010522,-0.0076478,0.039398,0.013847,0.018977,0.028156,0.068266,0.02714,0.02048,0.03593,0.11319,-0.013904,0.0074022,0.014692,-0.045132,0.0848,0.044667,0.011778,0.044326,0.036191,0.052716,-0.014313,-0.0091242,0.011359,0.041926,0.0020824,-0.021164,0.011995,0.059003,0.036637,0.013728,0.036648,0.052918,0.023848,0.0050967,0.0020802,0.04287,0.0084183,-0.016166,0.015985,0.0088428,0.0050996,-0.026949,0.010464,0.0016272,0.026958,0.030448,0.029498,-0.012789,-0.035414,0.017091,-0.0034962,-0.0097857,-0.01513,-0.0030968,0.01188,0.059535
0.00077273,0.012406,0.027641,-0.040106,0.019954,-0.034478,0.028742,-0.017463,0.0011568,0.02313,0.0058051,-0.021595,0.041138,-0.0012617,0.030785,0.017288,0.013101,-0.019477,-0.017217,-0.029269,0.0093656,0.014441,0.03652,-0.020147,0.0040925,0.016575,0.0031916,0.020131,0.041059,0.03228,-0.044295,0.056212,-0.014881,0.069661,-0.013495,0.0079625,0.015286,0.011918,0.0030892,0.0042356,-0.014365,0.036485,0.030787,0.011412,0.012699,0.036132,0.016066,-0.013274,0.0067552,0.065228,-0.0057984,0.02539,0.07886,-0.00083626,0.031103,-0.01696,0.023724,0.047429,0.03367,0.045277,0.02682,0.043154,-0.0010475,0.0083331,0.027781,0.019987,0.034499,0.0029902,0.023295,0.021165,0.054934,-0.0011935,-0.045749,-0.0038974,0.024229,0.028955,-0.016041,0.015894,0.0070045,0.030602,0.049877,-0.017298,0.0238,-0.026575,-0.007461,0.029218,-0.0014761,-0.0045977,-0.01601,0.051833,0.0088539,0.0030867,0.055291,-0.0047548,0.036141,0.0059174,0.032344,-0.005971,0.00068883,-0.011888
0.021149,0.0036551,0.029951,0.0046958,0.028806,0.022158,-0.012539,-0.0010074,0.01978,0.032667,0.05886,0.010497,0.022828,0.0066605,0.059978,0.0020236,0.023408,0.023709,-0.0032509,-0.002363,-0.037867,0.016417,0.041238,-0.0028203,-0.0053631,0.01436,0.017235,0.0098017,0.021161,-0.030048,-0.041501,-0.0016543,0.031409,0.028022,-0.00073379,0.00078372,-0.020964,0.0081913,0.031427,0.054222,0.024187,-0.015018,-0.010798,0.026577,0.028478,0.0017264,0.044877,0.014508,-0.021087,0.019243,0.014301,0.017653,0.058522,-0.014976,0.022153,0.01696,-0.01291,0.025169,-0.0092296,0.044933,0.011495,0.0097705,-0.0036194,-0.012499,0.079938,0.0083359,0.014007,0.014018,0.055265,0.0095355,0.0033862,-0.059808,-0.00097157,0.0093308,0.019635,0.0073223,0.015752,0.038265,0.0091245,-0.01229,0.013602,0.031543,-0.0057861,0.0073339,0.019147,0.041654,-0.011947,-0.0092948,0.032346,0.072324,0.047658,0.036169,0.027978,-0.015409,0.019943,-0.019365,0.024304,-0.0078543,0.018736,0.012539
-0.012875,0.036127,-0.025678,0.003094,0.042104,-0.031296,0.023098,-0.0011196,0.00613,-0.01462,0.025974,-0.016014,-0.033897,0.0098111,0.035863,-0.0019071,-0.034781,-0.0003929,0.021035,-0.0088286,0.030656,-0.024614,-0.026299,-0.019773,0.053957,0.019726,-0.021482,0.012213,-0.010283,0.027059,0.027306,0.019972,-0.00084848,0.06722,0.039653,0.026287,0.0062022,-0.033158,0.0042823,0.019987,-0.0039483,-0.042214,0.010164,-0.010287,0.036252,0.037294,-0.0020351,0.0087909,0.0098582,0.014375,0.039875,-0.00794,0.002966,-0.033887,-0.023256,0.0013735,-0.013657,-0.020429,0.025744,-0.021619,0.018894,0.0089909,0.0080464,0.051908,0.056378,0.051586,0.047764,-0.021884,-0.022793,0.012898,0.029131,0.049554,0.0010637,-0.0025075,0.015539,0.070359,-0.038198,0.062275,0.045538,0.027679,-0.038535,0.0011299,0.06445,0.0027336,0.027143,-0.0098065,-0.029658,0.018166,0.057776,0.0037686,0.037452,0.016176,-0.022631,0.0072227,-0.0098263,-0.021607,0.013457,0.018597,0.043278,0.014822
-0.010794,-0.028203,-0.014845,-0.027166,-0.0076002,0.0305,0.050577,-0.0098294,-0.03103,0.036497,-0.022421,0.032997,0.063346,0.0073474,-0.0024716,0.030035,-0.0015604,-0.030564,0.017942,0.0063833,-0.0087147,0.026415,-0.018612,0.055934,-0.0003067,-0.034929,0.043801,0.033475,0.020985,0.014723,-0.024019,0.032964,0.0040629,-0.010471,0.0008937,0.030559,-0.013584,0.0026831,0.03446,0.038345,0.02781,-0.025751,-0.0012357,0.049537,-0.025779,0.0019633,0.0061245,-0.012049,0.048957,0.054642,-0.0045137,0.023901,0.012958,0.01787,-0.011627,-0.012986,-0.014904,0.019049,-0.0096284,0.021916,0.016393,-0.045619,0.0084437,0.035027,-0.017808,0.019142,-0.003172,0.0058518,-0.069076,0.014452,0.016816,-0.0078602,-0.024818,0.0024501,-0.015458,-0.021488,0.038674,0.03724,-0.026944,0.010607,0.012797,0.022118,-0.0031,0.018141,0.044303,-0.003075,0.0075727,0.03025,0.013937,0.015493,0.02383,0.017574,-0.012939,-0.018346,0.042306,0.022711,-0.045941,-0.010331,0.01618,0.026955
0.014175,0.027508,0.011493,-0.016185,0.031083,0.01793,-0.023325,0.012086,0.025787,0.024328,0.026432,0.021998,0.021297,0.020849,-0.024234,0.035429,0.039318,-0.03445,0.024909,0.028693,0.035311,-0.0042606,0.050332,0.00066565,0.025614,-0.027745,0.030509,0.016064,-0.0068909,0.037699,0.06662,0.0064151,0.00018603,0.011404,0.010753,0.013919,0.036373,0.049237,0.001769,0.078102,0.05202,0.035431,0.0052549,0.038005,0.0018334,0.027118,-0.0025138,0.0076091,0.042005,0.021307,0.010766,0.026655,0.029013,0.021993,-0.013263,-0.017755,0.0021153,0.026107,0.0093539,0.02217,0.068075,0.021103,0.016453,0.0031538,0.04069,0.00098491,0.011385,-0.0030972,0.0054397,0.015755,0.028963,-0.020884,0.015229,0.028022,0.004562,-0.020561,-0.012313,-0.019827,0.011661,0.036131,0.041379,0.043112,0.018913,0.015643,-0.02264,0.017342,-0.017712,0.037193,-0.0044793,-0.00082,0.019467,0.030783,-0.011869,0.059205,0.054108,0.075342,0.013991,-0.022651,0.0086914,0.0066825
0.027119,0.015153,-0.01659,0.0047638,0.0012335,0.018819,0.032622,0.019796,0.011859,-0.0015737,-0.01993,0.0066761,0.01642,-0.021843,0.025691,-0.0037521,-0.041066,0.0022191,-0.00768,0.00042122,0.011091,-0.0076621,0.010798,0.026902,-0.016326,0.01002,0.017794,0.04922,0.018055,0.027376,0.04047,0.01458,0.038963,0.010135,0.025439,0.01764,0.016117,0.053799,0.052386,0.039781,-0.016705,0.029743,0.017166,0.037491,0.06227,0.04085,0.0072519,-0.042198,-0.010015,-0.0018591,0.028067,0.0015043,-0.0072801,0.00015138,0.014448,0.011357,0.048104,0.048021,-0.011384,-0.023558,0.048817,-0.00692,-0.018474,0.012521,0.020319,0.0027669,-0.0088854,-0.0065133,0.016521,0.047233,-0.040494,0.011949,0.01703,-0.018822,0.032295,0.0044437,-0.0048711,0.027054,0.028667,0.0047237,0.0074833,0.00083229,0.028328,0.043394,0.018998,-0.0015122,-0.00061537,0.012647,-0.019643,0.068344,0.015367,-0.00011121,0.035354,0.0028385,0.015916,0.0068417,0.027588,0.004364,0.034587,0.010598
0.023255,0.0082872,-0.014762,0.022285,0.0016427,0.0095944,-0.0089794,0.010459,0.0038783,0.024272,0.054424,0.0276,0.009918,0.013813,0.0024127,-0.0014935,0.041666,-0.010417,0.0058756,0.035647,0.01014,-0.0073318,-0.0033687,0.021076,0.014789,-0.014517,0.047096,-0.0077605,0.0042163,0.0094223,0.023125,-0.011213,-0.031413,-0.0099963,0.049396,0.012739,-0.015457,0.0068861,0.0053448,0.0047166,-0.014933,0.05125,-0.024078,0.0080055,0.0042152,0.033036,-0.0077124,-0.021033,0.0067728,0.093915,0.056382,-0.023389,0.016179,0.029422,0.0020413,0.01627,0.022504,0.013557,0.006192,0.0098663,0.031665,0.039575,0.045436,0.01507,0.011576,-0.0054238,0.033195,0.016962,0.026735,-0.013371,0.03316,0.01296,0.021978,0.013252,0.015848,-0.023452,8.1983e-05,0.038317,0.013462,0.034136,0.017123,0.0042153,0.029716,-0.0048679,0.02536,0.017905,-0.011365,0.0089704,0.013127,-0.014113,0.014593,0.020886,0.012081,-0.0058248,0.0037229,0.067946,0.0034691,0.050261,0.031154,0.0298
0.0066472,0.056684,0.014791,-0.0091614,-0.01492,-0.005145,0.0084376,0.0023965,0.010151,-0.0052162,0.0042688,0.00091464,0.0060755,0.065384,-0.0011942,0.038633,0.021326,0.0082864,-0.04101,-0.02273,0.0028214,0.0014472,-0.026741,0.016978,0.0085267,-0.0079348,0.045346,0.029446,0.025124,0.045404,0.018747,0.024788,0.015407,0.02668,-0.032967,-0.011406,-0.0027534,-0.013092,0.038225,0.0058317,-0.025986,0.0059001,0.039284,0.049491,0.036926,0.024233,0.0088961,0.013393,-0.011656,-0.0080636,0.03454,0.00029615,0.029236,0.0069294,0.10668,-0.033038,-0.020907,0.0056805,-0.010084,0.024812,-0.023833,-0.0079172,0.028856,0.02827,-0.009567,0.028712,0.024649,0.06727,-0.0046573,0.053323,0.041323,0.017398,0.02509,0.018805,0.017616,-0.016989,-0.00032924,0.030706,-0.0080958,0.035188,-0.020424,0.015479,-0.049697,-0.018638,-0.002067,0.042985,0.03218,0.0070231,0.0020444,-0.018417,0.0064411,0.014749,-0.0023741,-0.015023,0.047666,-0.0058997,-0.014691,-0.0050078,-0.00095438,0.016029
-0.0022305,-0.016308,-0.015163,-0.0014604,0.034844,0.023438,0.0053457,0.016319,0.066423,0.026886,0.035133,-0.0040122,0.020612,0.012165,0.064833,-0.015755,-0.016131,-0.049727,0.035758,0.04367,0.028995,-0.03557,0.019591,0.0036258,-0.037871,0.037535,0.010004,0.031042,0.029103,0.020301,0.013577,0.015978,0.046204,0.034395,0.022958,-0.0043275,0.01883,-0.012525,0.017459,-0.012995,0.026088,0.026926,-0.010447,-0.003989,0.016451,0.053983,0.042034,-0.013853,0.0074701,0.01445,-0.007484,0.012912,-0.0027379,-0.0080973,0.027891,-0.018034,-0.0078773,0.021373,0.034959,-0.0059774,0.026487,0.0047058,0.007674,-0.0078325,-0.0068734,0.0027936,-0.028531,0.023411,0.028742,-0.010958,0.025287,0.014565,0.043068,-0.030685,0.044748,0.02187,0.020977,0.038925,0.065422,-0.0086907,-0.027407,-0.0064227,0.02274,-0.010989,-0.029391,-0.054093,0.020528,0.03254,-0.0070319,0.014581,0.026833,-0.0031592,0.041159,-0.025024,-0.01975,0.022246,-0.022388,0.0073084,-0.013599,0.081708
-0.011397,0.02131,-0.026783,-0.0039239,0.03152,0.02045,-0.030821,-0.015007,-0.039033,0.022766,0.014657,-0.00081753,0.016205,0.032593,0.035226,-0.003564,-0.012536,0.012746,-0.0099935,0.00096728,0.049955,0.044075,0.010598,0.013136,0.0012408,0.0095154,-0.020156,-0.01652,0.0080359,0.034246,0.031386,0.0038259,-0.023845,0.016015,0.03001,0.0068716,0.056402,0.02984,0.022178,-0.0014331,0.030256,-0.070147,0.033203,0.026094,0.030773,-0.036472,-0.01199,0.0065872,0.0082983,0.026312,-0.016406,-0.015245,0.031975,0.010343,0.046142,0.014776,0.070076,0.076224,0.020138,0.00049697,-0.0063903,0.060628,-0.0061711,-0.042357,-0.037941,0.041729,0.011677,0.0086931,0.072346,0.0091069,0.0021236,-0.033451,0.038196,0.058883,0.0069826,0.035939,0.0011314,0.0079793,-0.025347,-0.013474,0.017969,-0.018094,0.048057,-0.061815,0.034465,-0.0085097,0.041094,0.019915,0.029456,0.019022,0.011244,-0.0087169,0.030203,0.015376,-0.0053284,0.012885,0.016667,-0.027553,0.023097,0.011421
-0.0011021,0.025501,0.013114,-0.013984,0.011041,-0.023165,0.035157,0.007922,0.038823,0.039561,0.015458,0.035788,-0.0026214,0.0040295,-0.0051731,-0.0044986,0.01387,0.0027783,0.070454,0.0037798,-0.036663,0.018196,0.01047,-0.0083508,-0.0015592,-0.030675,-0.0066539,0.018699,-0.0050485,0.010709,-0.027382,-0.021086,0.023634,0.020533,0.018869,-0.01493,-0.012028,0.0047092,0.02695,-0.004562,-0.01709,-0.0013755,0.016334,0.0089866,0.046674,-0.033098,0.01097,0.0063097,0.021198,0.064861,0.037277,0.048822,-0.0018474,0.028944,0.009277,-0.02457,0.023412,0.023555,0.016071,0.071646,0.036938,0.029839,0.012777,0.027638,0.049933,-0.0021607,0.04589,0.0053748,0.010361,0.018633,0.081957,-0.014767,0.049125,0.048129,0.013666,0.031948,0.018487,0.052749,0.021548,-0.028186,0.0043223,0.043927,-0.0092893,0.012839,0.014004,0.02192,0.028898,0.0013723,-0.017552,-0.022682,0.049623,0.0014224,0.026055,-0.011516,0.058081,-0.0044229,0.059463,0.0066172,0.082588,0.018816
-0.050279,0.0028774,0.010994,-0.013661,-0.0033577,0.018139,0.026724,-0.0028968,0.01125,0.0078205,-0.0092037,0.02119,0.036893,0.0048548,0.0031004,0.028718,0.020567,0.058679,0.040459,0.017516,0.025221,0.0043031,0.022258,-0.0034663,0.0039666,0.041177,6.6195e-05,-0.025622,0.015757,0.0051304,0.050611,0.007794,0.0082272,-0.0055883,0.0088966,0.014297,-0.024513,0.0023071,0.0073537,-0.013282,0.032502,-0.0099119,0.012753,0.029537,0.0069743,0.02413,0.033258,-0.0066878,0.036333,0.0081824,-0.016772,0.032664,0.022007,-0.036226,-0.001828,0.079798,0.031291,0.026054,-0.03429,0.0098361,0.00013077,0.015575,0.018917,0.025342,0.030714,-0.0083583,0.060678,-0.00040231,0.015849,-0.021049,0.0020977,0.05467,0.0016831,-0.0067982,0.027884,0.0071869,0.034654,-0.01629,0.00047724,-0.020405,0.041832,0.012135,0.023009,0.02326,0.011694,0.0027761,0.051463,0.01122,0.04409,0.0047765,0.029093,0.020179,0.091303,-0.0047517,0.032919,0.05317,0.01981,0.039932,0.025616,-0.00050926
0.0039184,0.016012,-0.0044026,-0.046934,-0.0087118,-0.014584,0.012407,-0.02492,-0.031848,0.02882,0.0089692,0.0015871,-0.037338,-0.019888,0.035991,0.0336,0.038202,0.044097,0.0048528,-0.01944,0.023279,-0.0013743,0.038935,-0.014124,0.02877,-0.0065656,0.023542,0.016068,0.061026,0.065622,-0.0016494,0.0076569,0.0085881,0.02074,0.029952,-0.029148,0.041003,-0.002277,0.042404,0.0093485,0.032496,0.019406,-0.013926,0.03173,0.044838,0.010694,0.0062248,0.043816,0.0030687,0.033655,0.0028495,0.062379,0.00079237,0.042047,-0.0075032,0.037539,0.015337,0.015237,0.030057,0.021854,0.0086032,0.027854,0.042323,0.019706,-0.00035606,-0.0019357,0.066135,0.023494,0.045934,-0.0025978,-0.033253,0.031062,-0.047549,0.010002,-0.019643,0.00053942,0.023408,0.060138,-0.01586,-0.010832,0.065434,0.00039332,0.006944,0.028487,0.023266,0.035143,-0.03058,0.0083125,-0.011042,0.029354,-0.01861,0.028814,0.010117,0.077015,-0.0029423,-0.024136,0.003559,-0.048252,0.010626,0.00013269
-0.030245,-0.0044104,-0.011364,-0.011712,0.011253,0.00282,0.0016836,0.008078,0.0063092,-0.022283,0.039945,-0.016794,0.014233,-0.0064529,-0.0086454,0.038477,0.010059,0.0063245,0.0225,0.013705,0.075422,0.015392,0.035308,0.0073917,0.018611,0.039935,0.012107,0.027972,0.00039659,0.02275,-0.036041,0.032733,0.025,0.017448,0.026802,0.041818,0.029973,0.013153,-0.014195,0.049758,-0.01515,-0.0092087,0.018706,0.069852,0.0083412,0.020104,0.0010083,-0.002978,-0.029243,-0.020415,0.031223,0.033209,-0.0074345,-0.061756,-0.04941,0.016801,0.0069975,0.0066865,-0.017517,0.040434,0.064586,0.022337,0.0098054,0.038961,-0.039025,0.013587,0.011487,0.013767,0.04832,0.04352,0.036869,-0.0035017,0.072192,-0.00097214,0.030587,-0.03811,0.024866,-0.0071064,0.033476,0.046958,0.0043604,0.01057,0.0082834,-0.029922,-0.00020081,-0.028101,0.022054,0.030488,0.021153,0.015317,-0.015375,0.02717,0.0040783,-0.022822,0.033602,0.027095,0.047141,-0.017826,0.012403,-0.0043957
-0.027502,0.033485,0.0091742,0.062904,0.036131,-0.028739,0.016056,-0.0036002,0.014614,-0.01257,-0.022303,0.010038,0.056345,0.01467,0.046503,0.029235,-0.011189,0.081814,0.039246,0.025538,0.010172,0.002135,0.030864,0.03521,0.044483,-0.0052264,0.065789,-0.017608,0.009152,-0.016049,0.031967,0.029318,0.0096575,0.038164,0.003449,0.072827,0.036807,0.046748,0.024389,0.015354,0.0068674,0.055012,0.0030284,0.0018678,0.049832,-0.041313,0.03323,-0.001635,0.04498,0.049197,-0.018056,0.039601,0.032897,0.05788,-0.029093,0.051317,-0.0010862,-0.013358,-0.0029013,-0.018344,-0.015644,-0.019214,0.054093,0.042253,-0.028115,0.0050275,-0.011676,-0.0031934,0.029366,0.029066,-0.0024218,0.01098,0.013758,0.0031639,-0.012797,0.0213,0.019318,0.029057,0.018779,-0.0019197,-0.011416,0.026563,0.0146,0.035423,-0.007877,-0.006305,0.039411,0.014241,0.05498,-0.014266,-0.025263,0.0044364,0.038288,-0.017647,0.066513,0.0055563,0.039785,0.00078799,0.028681,0.043862
0.0071745,0.0053558,0.0096584,-0.031161,-0.014593,0.012335,-0.0018616,0.0080997,-0.00023725,0.040677,-0.013104,-0.038916,-0.00012003,0.040137,-0.016129,0.058714,0.016984,0.022939,-0.0048666,-0.0024461,-0.00046932,-0.016528,-0.0037923,0.019339,0.001256,0.022928,0.022405,-0.013526,0.0018095,-0.0040042,0.027337,0.020662,0.04037,-0.0055956,0.0095655,-0.0037293,0.013024,-0.014821,-0.0082915,-0.00012647,-0.008496,0.025562,-0.00053429,-0.052067,0.012107,0.025408,-0.007252,0.012465,0.090253,-0.015863,0.015885,0.019224,-0.018596,0.03501,-0.0032197,-0.001798,-0.0053686,-0.023397,-0.017854,0.0042519,0.053916,0.015904,-0.039363,0.0032095,0.052474,0.012727,0.0096849,-0.022876,0.01727,-0.011546,0.020508,0.0086166,-0.0085586,0.01205,-0.012339,-0.024249,0.046468,-0.014177,0.022321,0.029774,0.021941,-0.01237,0.013396,-0.05375,0.060238,0.043691,0.029953,0.07553,-0.011036,0.025464,0.010484,0.042413,-0.022885,0.018146,0.040654,0.01059,0.037445,-0.027318,-0.029196,0.015282
0.015935,0.011431,0.0048063,-0.013231,0.00076371,0.021092,0.01678,0.061951,0.052261,1.9481e-05,-0.018926,0.0036728,0.0076426,-0.0066709,-0.037745,0.047406,0.058378,0.029404,0.0066529,0.032618,0.060245,-0.0014752,0.032988,0.0017536,-0.0041701,0.027676,0.03043,0.027072,0.059059,0.04837,0.012628,0.057174,-0.02758,0.018875,0.034974,-0.0073957,0.032971,-0.040783,0.02715,0.024657,0.024957,0.0097833,0.027035,0.030389,0.031767,0.0051606,0.00087257,0.022257,0.033713,-0.008726,0.029789,0.019446,0.041663,-0.017491,0.025911,0.020487,0.013003,0.03791,0.01579,0.040971,0.012332,0.0054079,0.043582,0.080798,0.023708,0.0016244,-0.016986,0.0037524,0.0057511,-0.018526,-0.0020479,0.026423,0.0021335,0.034224,-0.0137,0.028653,0.040085,-0.0014604,0.031289,0.00068095,0.053253,0.023645,-4.6948e-06,0.045105,0.023159,-0.0018435,0.037345,0.043203,-0.0010335,0.032704,0.015804,0.013316,-0.0091176,0.015982,0.043211,0.020717,0.014899,-0.0058212,-0.037191,0.017096
-0.026006,-0.00048488,0.0026458,0.0039848,0.038194,0.0018851,-0.0019168,-0.012098,0.018877,0.015462,-0.010602,-0.0098555,0.039738,0.040514,0.041544,0.019941,0.011117,0.048939,-0.032859,0.0095295,0.006976,0.0055683,0.049033,0.0028139,-0.0094127,0.044823,0.0084093,-0.036028,0.028593,0.016659,0.0088583,0.0074581,-0.019437,0.028587,-0.0024614,0.036569,-0.003642,-0.024479,0.064632,0.023639,0.049989,-0.016612,0.002184,-0.002942,0.039686,0.035463,0.025949,-0.04563,0.026359,-0.0041547,0.034212,-0.01841,-0.0048453,0.021638,0.0074392,0.052515,0.01453,0.035698,0.0048174,-0.0085331,-0.013953,0.0057612,-0.0014826,-0.02836,0.036601,0.020242,0.0083343,-0.0046804,-0.033264,-0.033333,0.012115,0.031855,0.014314,0.029248,0.01155,-0.030284,-0.00051644,-0.0003533,-0.0042547,0.0048394,-0.0052938,-0.037474,0.02498,-0.029155,0.0061056,0.010272,0.02431,0.026293,-0.01202,0.0029101,-0.0080168,0.028447,0.026425,0.054993,-0.0084531,0.028576,-0.015456,0.015125,0.025971,0.021387
-0.0023244,0.032632,0.033757,-0.0094355,0.054743,-0.0039264,0.022209,0.014527,-0.016924,0.017247,0.011011,-0.028258,-0.03712,-0.0092647,0.025138,0.018711,0.02149,0.037537,0.01586,-0.0035177,0.02089,-0.0034517,0.029454,0.01138,0.0063495,0.0060504,0.019475,0.0097013,-0.019159,0.0067941,0.011546,-0.0021463,0.035926,-0.00602,0.012648,0.012781,0.029851,0.005545,0.035828,0.0089886,0.035751,0.037171,0.037154,-0.0043739,0.048915,0.025874,0.034887,-0.011122,-0.0040636,0.049136,0.035902,-0.012433,9.987e-05,0.006534,-0.0050969,0.019222,-0.0069762,0.034021,-0.0067593,0.00058444,0.032578,-0.032851,-0.0094555,0.014623,0.033747,0.02978,0.025363,0.01833,0.025456,0.016349,-0.0070118,0.01227,0.036419,-0.013543,0.036172,-0.028729,0.030511,0.040226,-0.0030475,0.010412,-0.0038707,0.05004,0.0088653,-0.018791,-0.017558,0.058651,-0.028223,0.0093468,0.020197,0.043116,-0.011212,-0.0051974,0.0052841,0.023687,0.00038864,-0.035572,0.013455,0.018528,-0.0045993,0.008467
-0.024206,-0.010236,0.0053372,0.00014231,-0.025523,-0.011364,0.032522,0.051688,0.0618,0.023208,-0.0064973,0.00147,0.036629,-0.0039369,0.027461,0.032673,0.0094676,0.0094846,0.02383,0.045714,-0.0092708,0.041299,0.0016609,-0.002785,-0.0075533,0.049918,0.043238,0.017709,0.015475,0.062732,-0.0073523,0.027389,0.003158,-0.0077555,0.01644,0.012647,0.011014,0.0010635,0.016967,0.074945,0.045137,0.0015567,0.044273,0.02209,-0.021355,0.008524,0.015384,0.011283,0.004083,-0.046738,0.0077857,0.0067509,-0.00023809,-0.025205,-0.01065,0.024239,0.026341,0.016534,0.026547,0.035136,-0.018274,0.019801,0.018658,0.065873,-0.0023029,0.054462,0.001616,0.048011,0.026179,-0.03206,0.0068855,0.0093269,0.024604,0.012903,0.017631,0.029067,0.051627,0.040094,0.0078813,0.048283,0.030702,-0.0077008,0.010575,0.00054777,0.013941,0.0582,0.0093235,-0.0033198,0.02073,0.017193,0.039439,0.013891,0.0020961,-0.00050738,0.011679,0.066174,1.0618e-05,-0.0037612,0.01801,0.0022305
0.028151,-0.001012,-0.0255,-0.025192,-0.054665,-0.019668,0.040291,0.010263,-0.030928,0.034869,-0.0053157,0.0028783,0.041443,0.043629,0.035752,-0.030463,0.033926,0.049363,-0.0076798,0.010638,0.016509,-0.0065909,-0.015739,-0.013505,0.037628,0.0049624,0.0088544,-0.0045969,0.0047404,0.043542,0.029424,0.034664,0.029566,0.020038,0.053606,0.038115,0.00953,-0.0086496,-0.015098,-0.0016133,0.061195,0.051142,-0.012595,0.022663,0.015163,0.018875,0.043989,-0.020519,-0.019441,0.030334,0.025437,0.031273,0.037715,0.010765,0.035678,0.012837,0.015144,0.045178,0.021935,0.030224,0.011965,0.015115,-0.021402,0.019272,0.018138,-0.02604,0.026203,0.036056,-0.0034321,0.0091221,0.028618,0.00046375,0.0080374,0.048104,0.043064,-0.0097437,-0.0073044,0.023551,0.037898,0.0095599,0.044494,0.056129,0.0039544,0.035733,0.055146,0.028809,0.00035828,0.014883,0.012778,-0.016428,-0.026656,-0.0058751,0.0096644,0.029002,-0.023758,0.0099204,0.019202,0.020609,0.067535,0.053093
0.030448,-0.032925,0.0018715,0.010996,-0.0020094,0.025081,0.039586,-0.011818,0.033774,0.024515,-0.042536,-0.01325,-0.0091246,0.029626,0.0035245,0.025171,0.029488,-0.02866,0.057494,0.010297,0.011671,0.0092601,0.032918,-0.026311,-0.0015109,-0.021956,0.015181,-0.0023309,0.041558,0.00074675,0.030715,0.0073168,0.0065278,0.021837,-0.011544,0.054397,0.013272,0.040559,0.0089321,0.025159,-0.0076711,0.030463,-0.011013,-0.0097092,0.0074226,0.014157,0.012903,0.020301,-0.0063493,0.018552,-0.00055675,-0.016308,-0.02424,0.02038,-0.029249,0.01747,-0.0024269,-0.049025,0.013752,0.077579,0.024354,0.012772,0.055417,-0.018905,-0.012271,0.027964,0.010348,0.030227,0.052976,-0.035741,0.020679,0.004745,0.019353,0.058742,0.040271,-0.032914,0.059384,0.039631,0.020201,0.03623,0.0070888,-0.01561,0.043586,0.034815,0.014222,-0.0055332,0.0054878,-0.012409,-0.0064997,0.037503,0.0059325,0.026091,-0.0046039,0.0024909,0.00084155,-0.0025688,-0.020432,0.025607,-0.0095879,0.0016398
0.0081692,0.0062146,0.043194,0.01248,-0.013438,0.0065171,0.002031,0.052148,0.0065038,0.016405,0.039451,-0.009186,0.056337,0.00012533,0.011403,-0.046627,0.054059,-0.0078545,0.015984,-0.020023,0.0022107,-0.0010043,0.0029164,0.051519,0.038685,-0.024855,0.029221,0.021761,0.029279,0.021789,0.05351,0.01078,0.015222,0.0073201,0.01065,0.014985,-0.0048964,-0.010986,0.0015516,0.02344,-0.0033659,0.012208,0.0078612,0.0092607,0.0021614,-0.025571,-0.027688,0.011154,0.0050419,0.043638,0.0013235,0.0029684,-0.013715,0.013707,0.0013945,-0.0025703,0.019037,0.0019833,-0.0084358,0.053065,0.057685,-0.033536,-0.022777,0.0077642,0.0064496,0.044958,0.069798,-0.028219,-0.010045,0.032643,-0.02263,0.022246,0.0063504,0.02032,0.025107,0.06333,0.009969,0.036941,0.01355,0.0092708,0.004861,0.010457,-1.272e-05,-0.01396,-0.0018993,0.015031,0.03101,-0.030138,0.023248,0.045927,-0.0093409,-0.010428,0.030935,0.010603,-0.0098107,0.057382,-0.0014355,0.017303,0.057857,0.041976
0.01124,0.071604,0.019187,0.040134,0.0083339,0.017734,-0.016376,0.044834,-0.0023192,0.014589,0.01334,0.045593,-0.017924,0.039466,-0.020556,0.017618,-0.0040635,0.0092675,0.019837,0.015281,-0.035096,-0.0021833,-0.0083921,0.023643,0.0012027,0.023274,0.014217,0.010599,0.050053,0.017636,0.023405,0.015,0.026642,0.026453,0.0036473,-0.0065786,0.0010937,-0.012612,0.034505,0.028391,-0.001051,0.045632,0.012374,-0.0031598,0.050141,-0.023748,0.034694,-0.021289,0.043054,0.022875,0.0017958,0.055914,0.015967,0.026979,-0.015025,-0.0020796,0.023855,0.0048608,-0.019025,0.033809,-0.0096376,0.033038,0.022552,-0.0036484,0.0032798,-0.0036917,0.012937,-0.045945,0.012453,0.027518,0.041404,0.032427,-0.0018375,-0.0066222,-0.0033089,-0.021414,0.035741,0.028041,0.0093361,-0.0027771,-0.010331,0.029032,-0.029806,0.019548,0.0089947,0.022474,-0.042428,0.058974,0.0076068,0.0095422,0.03016,0.009626,0.01076,0.030038,0.010976,0.036617,0.0046344,-0.01333,0.0077155,0.018204
-0.016433,0.021599,-0.025415,-0.0045164,0.010717,0.0096507,0.029704,0.01238,0.028734,-0.026418,0.01036,0.02473,0.041434,-0.0012808,0.028607,0.020534,0.02197,0.011517,0.027827,-0.0099417,0.04483,0.025685,-0.020088,-0.0025314,0.02537,-0.013367,0.020878,0.0065079,-0.034627,0.073106,-0.027223,-0.0048864,0.013174,0.043233,-0.010702,0.023584,-0.0026233,-0.0068925,0.037737,0.012636,0.0094317,0.027543,0.025114,-0.0077234,0.022338,0.024388,-0.00012902,0.013367,0.015212,0.032986,0.019495,0.030978,0.02316,0.0045796,0.0066092,0.054366,-0.033739,0.0043533,0.026759,0.026491,0.011584,0.0032756,-0.021418,0.0052317,0.0075712,-0.038441,0.032363,-0.00096912,-0.02355,0.017153,0.033757,0.0030955,0.023757,0.032046,0.045918,0.037397,0.0061358,0.028709,-0.031514,0.016852,-0.010121,0.050098,-0.047619,0.024666,0.023871,0.032743,0.0177,0.0019249,-0.016925,0.025651,0.019836,0.0094303,0.024337,-0.030998,0.010267,0.029772,0.036308,0.01661,0.028364,-0.0035285
0.015414,0.017118,0.0023397,0.030778,0.035936,-0.012007,-0.015,0.013804,0.032237,0.0071769,0.036101,-0.024217,0.00087601,0.0087826,-0.026909,0.027884,0.030907,0.015488,0.017401,0.038887,0.063997,0.01626,-0.0091807,0.026528,-0.030803,0.00095204,0.0023244,0.014518,0.016533,0.037296,0.069932,-0.013795,-0.011228,0.04519,-0.0096225,0.032533,-0.0011152,0.030059,-0.011881,0.032073,-0.048044,-0.025936,-0.0075073,0.0036626,0.015494,-0.019726,-0.013872,0.058311,-0.0031584,0.049858,0.033619,-0.0094754,0.017171,0.033889,0.038398,-0.00257,0.016606,0.019006,0.034098,0.034158,0.064611,0.0075216,0.013121,-0.017981,0.0031631,0.030037,0.0098046,-0.02932,0.062783,0.077301,0.020516,0.024533,-0.0039289,-0.0038753,0.011565,0.0071499,0.037283,-0.037183,-0.021173,0.026588,0.015728,-0.0023915,0.0019618,0.026805,0.016874,-0.02029,0.0577,-0.0010866,-0.013821,0.024907,-0.021477,0.026396,-0.019024,0.032663,0.025595,-0.015945,-0.010128,0.051677,-0.046682,0.024516
-0.031492,-0.013964,-0.0080166,0.037863,-0.0038763,0.020847,0.0001659,0.008591,0.0036564,-0.001826,0.034328,0.062605,-0.0019281,-0.010814,0.016814,0.01145,-0.038657,0.024889,0.017111,-0.0026414,0.052076,0.036958,0.003755,0.026569,0.0079515,0.075998,0.059606,0.054979,0.016553,0.011525,-0.026217,0.019117,-0.0072514,-0.0050669,-0.027593,0.010586,0.022305,0.0092849,-0.007854,0.012798,0.034561,0.01979,-0.0064521,0.04227,-0.043586,0.0061145,0.00057385,0.015635,0.0387,0.042069,-0.005402,8.2576e-05,-0.0061222,0.030704,0.026454,0.020038,-0.011142,0.0064219,-0.019571,-0.028498,0.0058458,0.012979,0.020534,-0.0010686,0.023429,0.035621,0.052014,0.02868,-0.025936,0.021115,0.030367,-0.0057035,-0.00089725,-0.043115,0.018508,-0.021413,-0.018582,-0.031301,-0.03332,0.015652,0.018617,-0.00046639,-0.0017534,-0.01069,0.01092,0.0099618,-0.0215,0.01398,0.0096493,0.035645,-0.042227,0.009594,0.021471,0.04354,-0.032242,-0.010015,0.005238,-0.0027791,-0.050281,0.054121
-0.017516,0.011892,0.025341,-0.033606,-0.0058275,0.018636,0.0036425,0.022715,0.016284,0.0095478,-0.0084593,0.0095608,0.019174,0.026336,-0.0060447,-0.0041174,0.03265,-0.0062478,0.0096664,0.009557,-0.041513,0.046627,0.014869,0.013285,0.021831,0.036063,-0.022733,0.026734,-0.020451,0.02699,-0.027208,0.0224,-0.033494,-0.023843,0.0024238,0.07143,-0.0051699,0.016819,0.013003,0.0051368,0.028149,0.012908,0.023924,0.04561,0.0022209,-0.0099063,-0.0068524,0.0043719,-0.021155,0.039585,0.050909,-0.0050623,0.011111,-0.0087768,-0.013952,-0.015374,-0.00052803,0.0034481,0.011527,0.055151,0.03899,0.032018,-0.016562,0.025012,0.032681,-0.0025151,0.0030893,0.053169,0.017646,0.027478,-0.043347,0.069456,0.049336,0.012819,0.033855,0.039418,0.0015745,-0.030681,0.023416,-0.0019162,-0.0018027,0.026914,0.058842,0.027819,0.021782,0.021565,0.025351,0.015715,0.0026737,-0.019559,-0.0075525,0.013997,0.0028739,0.022758,-0.0094783,0.03255,0.028356,0.074615,0.021508,-0.006791
0.014965,0.0031297,-0.0014918,0.0068807,-0.0012639,0.047571,0.011574,-0.00068213,-0.0013742,-0.025647,0.026719,-0.014676,0.003389,-0.0058727,0.025171,0.025512,0.0045035,0.016141,-0.0012965,0.028353,0.006161,-0.044557,0.034574,0.016809,0.011374,0.081091,0.019286,0.03411,-0.03098,-0.0056879,0.017638,-0.023465,-0.019817,-0.026197,0.029696,0.0015393,0.018651,0.016186,0.034617,0.044596,0.020872,-0.021984,-0.0065999,-0.022078,0.056205,0.021446,0.070259,0.039225,0.0014716,0.0067988,-0.0024341,-0.0074335,0.021237,0.010639,-0.028889,-0.003383,0.027764,0.024695,-0.029586,-0.027034,-0.0053012,-0.01723,-0.0064505,-0.01092,-0.00046269,-0.00024588,0.027692,0.0077218,-0.023393,-0.0012273,-0.010338,-0.00038539,-0.012022,0.032865,-0.0052948,-0.0086206,0.014014,0.0013179,0.062471,0.023711,0.02235,0.017365,0.0019554,0.043901,0.056113,0.017743,0.021513,0.0069228,-0.027339,0.055277,0.031732,0.020038,0.051246,0.0068244,-0.0068198,0.0017506,0.021193,0.011839,0.010763,-0.026031
-0.010334,0.01609,0.049341,0.008211,0.023137,-0.0004971,-0.054757,0.014436,0.031543,0.028267,-0.015453,0.031072,-0.013761,0.029257,0.020095,0.017019,0.051083,0.014441,-0.011272,0.019442,0.078799,-0.017697,0.047459,0.0091518,0.038301,0.049622,0.036558,0.0217,0.042231,0.015966,-0.020558,0.0080907,-0.01942,0.042847,0.018778,0.033849,0.027986,0.040023,0.014036,0.012273,-0.0044026,0.0060046,-0.010704,0.035236,0.010634,0.01375,0.01767,0.013818,0.041068,-0.018933,0.0081694,0.027415,0.04256,0.080321,-0.024377,0.016441,-0.005201,0.011927,0.017695,-0.0026685,0.012434,0.010812,0.031468,-0.034931,-0.0010803,0.0052088,0.049448,0.013897,0.0042173,0.012187,-0.0059718,0.013582,0.0074236,-0.020079,-0.018364,0.080876,0.026339,-0.031707,-0.023582,0.042539,0.026884,-0.028575,0.0072053,0.048941,0.0115,-0.00021626,-0.012047,0.036469,0.0098314,0.042904,0.02942,0.037293,0.0010895,0.016414,-0.021451,0.028247,-0.013333,0.016619,-0.019176,0.024571
0.016035,-0.0084831,0.014844,0.026677,-0.02283,0.029652,0.024036,0.0032494,0.041687,-0.00046161,0.02182,0.0063577,-0.0022085,0.0016344,0.006322,-0.012554,0.023337,0.021405,-0.005758,-0.0086574,0.033981,-0.022188,-0.00058721,0.032192,-0.023224,0.013116,0.017642,0.0069999,0.020288,0.00027676,-0.0056025,0.05452,-0.011948,0.10129,-0.029713,0.010058,0.045025,-0.048258,0.0014158,0.036531,0.055709,-0.021697,-0.0096902,0.0012866,-0.010879,0.021991,0.044042,0.019341,0.018531,-0.032634,0.041417,0.016874,0.058202,-0.0039801,-0.014025,-0.011833,-0.023397,0.016186,0.029242,-0.014871,-0.011531,-0.0022293,0.017333,0.027015,0.033122,0.044155,0.005403,0.0031319,-0.06627,0.023733,0.070014,0.05748,0.030055,0.023232,0.0073823,0.017216,-0.016249,0.023318,-0.017247,0.0045156,0.013417,0.020065,0.074454,0.031949,0.0078496,0.013109,-0.017829,-0.01853,-0.00097682,0.030374,0.034474,0.024194,0.053942,0.037299,0.041005,0.015982,-0.02206,-0.016719,-0.01643,-0.0623
0.00063054,0.019861,0.030186,0.040251,0.015609,0.0052514,-0.0067618,0.027705,0.019735,-0.0032071,0.036316,0.010232,-0.0033517,-0.0058044,0.01958,0.023244,0.027319,-0.011044,-0.017641,0.02958,-0.012699,-0.03144,0.03104,0.028686,-0.0007784,0.030377,0.0072384,0.010012,0.0085579,0.02351,0.011875,0.02196,-0.0025174,0.016815,0.053319,0.002538,0.036826,0.041874,0.012041,-0.026315,0.017376,0.023302,0.086124,-0.0060014,-0.01474,0.044082,-0.005247,0.06615,0.034077,-0.029997,0.04249,0.030754,0.024581,-0.021619,-0.014598,-0.022448,0.0025077,0.020687,0.007135,-0.033759,-0.027575,0.038003,0.03574,-0.0094003,0.020297,0.0039687,0.034374,0.0065637,-0.025051,0.0067362,-0.0094148,0.037658,0.0093047,0.05057,-0.029462,0.010567,0.042423,0.020459,-0.0079415,-0.0055673,0.0128,0.014129,-0.046062,0.043342,0.053437,0.011,0.003431,0.017469,0.040975,0.015872,0.028486,0.043113,0.037408,-0.0096611,0.039788,0.0018008,0.026813,-0.031794,-0.044475,0.0017902
0.019951,0.023621,-0.00036367,0.027297,0.01379,-0.0022812,0.0036699,0.020661,0.020394,0.03724,0.0066008,0.011172,0.0023311,0.017613,0.027862,0.036335,-0.026348,0.045155,0.031993,0.016649,0.030028,0.015516,0.022873,0.031167,-0.035022,0.0070907,0.026788,0.023513,-0.00084605,0.029202,-0.0078044,0.012342,0.064538,0.0053654,-0.011516,-0.051951,0.022008,0.0039905,0.047746,-0.010812,-0.013698,0.018041,0.019381,-0.0058949,0.025252,0.030448,0.044532,0.029623,0.032503,-0.030456,0.027833,-0.005302,0.03219,0.021746,-0.041916,0.038516,0.0029983,-0.0014461,0.020042,0.016295,0.0020979,0.0048573,0.032751,0.0073186,0.025501,0.015877,0.030909,-0.0050345,0.0042046,-0.017521,-0.039324,-0.064385,0.036544,-0.014332,-0.036473,-0.01228,-0.005481,0.062378,0.002594,0.022912,-0.0090995,0.025572,-0.0037578,0.013705,-0.0038769,-0.045047,-0.01495,0.0076894,0.058917,0.0079826,0.021266,0.020514,0.027805,0.019155,0.043688,-0.017026,0.0311,-0.0026404,0.0018956,0.01571
0.0040464,-0.013371,-0.039538,-0.033272,0.026315,0.03289,0.032947,0.0089568,0.068567,0.011663,0.013375,0.013607,0.041834,0.027164,0.061029,0.026846,0.02044,0.033126,0.0090626,-0.0045051,-0.025724,0.059859,-0.0059283,0.0024787,0.001829,0.013348,0.0089934,-0.011322,0.021171,0.026076,0.0039539,0.034722,0.027995,0.01559,0.01154,0.013824,0.084745,-0.0060749,0.020721,0.015192,0.042267,0.020303,-0.0043445,0.028305,0.023323,-0.017618,0.067221,0.006287,0.0032036,0.024407,-0.037552,-0.034761,0.0015651,0.037013,-0.012394,0.030853,0.025306,0.025354,0.017064,-0.026555,0.00082854,-0.0078093,-0.036929,0.06923,0.022432,0.030307,0.063683,0.056634,-0.0047844,0.028249,0.013147,0.0071384,0.010351,0.0020062,0.057088,0.027464,0.06828,0.0074684,-0.011456,0.011949,-0.035687,0.01446,0.00031585,0.026173,0.0069982,0.034698,0.036783,0.021082,0.01719,0.015454,-0.010923,0.01492,-0.0039183,0.090328,0.053474,-0.0016026,0.013664,0.026057,-0.029735,0.0092884
0.020561,-0.040849,-0.013863,0.0039711,-0.011161,-0.0012476,-0.024316,0.018462,0.039427,0.029353,0.0093718,0.054664,0.036332,0.045738,-0.012277,-0.027295,-0.010529,-0.022518,0.018731,-0.020432,-0.010437,0.017101,0.013885,0.056554,0.0095597,0.032588,0.057604,0.034977,0.051294,0.019314,0.077838,0.010778,0.0411,-0.007609,-0.0063414,0.010609,0.018637,0.019869,0.0062067,0.022993,0.042023,0.0019715,0.015106,0.042935,-0.017337,0.00075346,0.047508,0.020003,-0.017888,0.008515,-0.015717,0.03932,-0.021133,0.0025267,0.0037628,0.020119,0.015348,0.037006,0.025653,-0.054773,0.056735,0.038629,0.028662,0.0089148,0.036942,0.014523,0.032925,-0.018099,-0.0024083,-0.011416,0.0012813,-0.0028253,0.027782,0.0092922,0.0095876,0.01777,0.031808,0.017528,0.045844,0.097984,-0.0077974,-0.016666,-0.011828,0.055126,0.024814,0.0088781,-0.018551,0.049014,-0.0092197,0.0036441,0.027643,0.036711,0.046051,0.04016,0.013853,0.017115,-0.006178,0.0064251,0.026011,0.022548
0.0092112,0.019906,-0.0058206,0.010314,0.018325,-0.022694,0.032738,-0.00078953,0.0054209,0.044802,0.021994,0.0081639,0.033498,-0.0097976,-0.0091539,0.00042905,-0.0048804,0.0029525,0.027639,0.0189,-0.022998,0.0073409,-0.037302,-0.018313,-0.010702,0.019735,0.012911,-0.0069265,0.018345,-0.015597,-0.034856,-0.040914,-0.008603,0.022213,0.049102,-0.0049452,0.051546,-0.0091824,0.018834,0.043386,-0.0066967,0.068083,-0.041636,-0.0064843,-0.022314,-0.012568,-0.031308,0.013704,0.014532,0.0041153,-0.0046151,0.0067612,0.048721,0.010202,0.035845,-0.0050683,0.008246,0.021473,-0.012165,0.0020682,0.034579,0.036,0.0096969,-0.0057992,0.017903,0.022904,0.044841,0.030882,0.058704,0.031355,0.013851,0.022076,0.010201,0.020704,-0.00090098,0.0043334,0.010788,0.047525,0.009588,0.03449,0.0099367,0.03221,0.0070889,0.022674,0.020721,-0.010644,-0.010691,-0.02829,0.01338,0.00053897,0.026676,0.020582,0.0085101,0.023857,-0.027701,-0.0026496,0.041839,0.015282,0.026279,0.038604
0.010641,0.00648,0.017024,-0.047963,-0.030809,-0.01568,0.031988,-0.0022676,0.01563,-0.047631,-0.011617,0.010361,0.0076803,0.004926,0.036168,0.021921,0.052044,0.0032669,-0.024055,-0.013041,-0.014029,0.056143,-0.0011888,0.09442,0.034197,0.0053785,0.020123,0.0055279,0.03281,0.012272,0.031785,0.016151,0.027714,0.049006,0.020581,0.012932,0.0095321,0.0040673,-0.0078774,0.049733,-0.0026535,0.060629,0.02984,0.026024,0.041495,-0.020394,0.063026,0.032983,0.014254,0.017566,0.015359,0.0081777,0.020124,0.014047,-0.0032003,0.021614,0.054377,0.011813,-0.021683,-0.006325,0.058419,0.017866,-0.031601,-0.0055796,0.038534,0.037868,0.022159,0.00351,0.059131,0.025291,0.022109,0.053493,0.01565,-0.032415,-0.026807,0.030867,0.017823,0.0040933,0.014763,-0.026681,-0.010382,0.017149,-0.018054,0.047465,0.05418,-0.013425,0.022421,0.061467,-0.014729,0.023048,0.015962,0.027645,0.031717,0.014901,0.0070092,-0.043143,0.0041961,-0.017091,-0.035435,0.064361
-0.045546,0.083784,0.012621,-0.01607,0.04108,-0.038244,-0.0043092,-0.035338,-0.050947,0.0045138,0.022476,-0.047079,-0.0092954,0.024026,0.0049331,0.036831,0.01596,-0.024301,-0.002532,0.030942,0.068456,-0.016193,-0.021488,-0.012804,0.0019925,0.0056048,0.087334,-0.003826,0.028277,-0.0078107,0.0592,-0.019548,0.045028,0.013233,-0.0080825,0.029304,0.032181,0.0097238,0.01082,0.053951,-0.011377,0.088156,0.0062137,0.0050825,-0.017125,0.00071363,0.049796,-0.041492,0.090368,-0.0087382,0.0078134,0.021192,0.010576,-0.024122,-0.0011271,0.031398,-0.012056,0.020776,0.048198,0.014981,0.016235,-0.024084,-0.014967,-0.0018151,0.023288,0.036838,-0.042959,0.026126,0.02514,-0.0072515,0.042184,0.037574,-0.0062216,0.061206,0.0061806,0.013049,0.0013118,-0.0099536,0.0021547,-0.025094,0.031273,0.035143,0.023111,0.0287,0.0096658,0.043899,0.0037056,0.0073816,0.048413,0.035041,-0.0025974,-0.01407,0.012887,0.027572,0.027151,0.00078251,-0.032574,0.010445,0.018858,-0.0057986
-0.0076635,-0.014872,-0.027712,-0.0073623,-0.013006,0.067976,-0.02585,0.049664,-0.0077101,0.034011,0.022727,0.016864,0.022866,0.017191,0.03108,-0.0061295,-0.0090364,-0.02013,-0.053947,0.0097665,0.025653,-0.014085,-0.010847,-0.0050716,0.007258,-0.012318,-0.010536,0.011854,-0.0084684,-0.0014684,0.050055,0.00937,0.03822,0.0103,0.034344,0.0087167,0.084174,-0.0072041,-0.019036,-0.010589,-0.025083,-0.0065754,0.025216,0.0094885,-0.027439,-0.037515,-0.0049293,0.03127,0.019699,-0.019761,0.037478,0.020595,-0.021497,0.0025996,-0.012054,0.018675,0.015175,0.060746,0.059609,0.028786,-0.046663,0.011731,0.070006,0.063198,0.016524,0.002048,0.0034317,-0.045102,0.049646,0.031155,0.063403,0.025775,0.026386,0.012368,0.033343,0.018464,0.021013,-0.0051067,0.017212,-0.014035,0.025761,-0.002044,0.037223,0.0092234,0.0024556,0.0056458,-0.026005,0.021307,0.03709,-0.030568,0.019254,0.0055498,0.04591,0.026636,0.018485,0.058534,0.022433,0.032608,-0.0095631,0.05256
0.002871,-0.0026535,-0.001093,-0.0046452,0.037539,0.0046037,0.0059556,0.0049699,-0.015128,0.064559,-0.0018285,-0.019761,-0.012273,0.023545,0.018157,0.040015,0.031829,-0.0041658,0.028401,0.00991,-0.0058808,-0.053976,-0.0015608,-0.011381,-0.050983,0.036602,-0.012439,0.00834,0.02022,0.00376,0.043702,-0.0010791,-0.047348,0.018826,0.036847,0.022019,0.021678,-0.0059655,0.034937,0.0086106,0.032367,0.041043,-0.0040587,0.0047588,0.030612,0.050789,0.067018,0.036072,-0.064791,-0.0033897,0.024657,-0.0044949,0.013554,0.0025624,0.051902,-0.0028978,0.024954,0.01531,0.0089955,0.047191,0.030527,0.00065353,0.025998,0.032433,0.0054434,0.020377,0.034025,0.02651,0.0080856,0.040184,0.031078,-0.020082,0.017732,0.031168,0.018334,0.015174,0.039148,0.012825,-0.037605,0.031383,0.017865,0.02472,0.02877,-0.0246,0.03037,0.031537,-0.019013,0.024259,0.014334,-0.0051557,0.017474,-0.0030958,0.023115,0.040355,-0.0097766,0.036236,-0.01634,0.035395,-0.00044062,-0.015842
-0.011531,-0.0097318,-0.0015682,-0.047156,0.016038,0.039415,0.040026,0.016311,0.025995,-0.030985,3.5788e-05,0.034889,-0.0053071,-0.020543,0.00084682,0.023982,-0.031358,0.018901,0.018812,-0.011003,-0.026816,-0.0081406,0.032359,0.036283,-0.0062944,-0.043661,0.034084,-0.0093482,-0.018209,0.038911,0.0031572,0.063989,0.0049792,0.015774,0.0033202,0.052868,0.0024434,-0.0067285,0.029401,-0.012591,-0.0075311,0.078271,0.013637,0.028079,0.0051561,0.02928,0.019822,0.025154,0.012917,0.017786,0.0078778,0.022926,-0.006637,0.0090778,0.01391,0.0046041,0.070184,-0.018503,0.052934,0.0012489,-0.011728,0.0092456,0.028176,0.023734,0.06905,0.013458,-0.0018893,0.039523,-0.0057899,-0.0077417,0.0028434,0.040678,0.00024703,0.0223,-0.036107,0.033167,0.025476,0.0043243,0.029804,-0.029611,0.018136,-0.014737,-0.024078,-0.0090484,0.049136,0.0429,-0.010008,0.016735,0.025583,0.039113,0.028032,-0.046018,-0.0063381,-0.019387,0.025666,0.040049,-0.01204,0.03764,0.029622,-0.0080235
0.017811,-0.010857,0.010107,-0.039693,0.028803,0.010209,-0.013547,0.0021959,0.0071392,0.050723,0.032411,-0.0019158,0.057405,0.010272,0.018185,0.0056963,-0.027644,0.053229,0.013552,0.0051555,0.010491,0.0026518,0.00042971,-0.012152,-0.0076515,0.029949,0.027639,0.0046744,0.019305,0.028435,-0.015785,-0.021826,0.054855,-0.0070053,0.034394,-0.020707,-0.024331,0.060544,-0.0025701,-0.022901,0.032024,-0.0082634,0.018353,-0.0044647,-0.0070976,-0.0092365,-0.021278,0.0041706,-0.028681,0.034585,0.026231,0.042822,-0.0094645,-0.031012,-0.0059047,0.0032654,0.053377,-0.020951,0.045857,-0.0017801,0.055875,-0.052936,0.0094637,-0.017866,-0.048999,0.0095867,0.059499,-0.0020881,-0.028223,0.033173,0.028671,0.047621,0.02592,0.011993,0.040718,0.018537,0.033777,0.052841,0.0073391,0.066637,0.016847,0.013772,-0.031023,-0.035745,0.040404,-0.0002318,0.001773,-0.0080935,0.0011041,-0.016765,0.011439,9.0061e-05,-0.023759,-0.0021876,0.000812,0.03435,-0.018948,-0.012972,0.021763,0.031188
-0.0011069,0.046608,-0.0084419,-0.010839,0.017428,0.010072,0.0006073,0.028317,-0.0063554,-0.0090397,0.016384,0.016408,-0.0036576,0.0031366,-0.013822,0.0093705,0.0082236,-0.023801,0.023774,0.0047394,0.054886,0.074651,-0.0017461,0.0179,-0.011142,0.018395,-0.021977,0.04175,-0.0051391,-0.023058,0.019627,-0.0029334,0.050395,0.020397,-0.021945,0.0045184,0.042874,0.0077581,-0.034835,0.075353,-0.010496,-0.014631,0.030778,0.010464,0.055811,-0.028725,0.026058,0.018081,0.031786,-0.0029429,0.033698,0.0075705,0.040949,-0.038379,0.031116,-0.019086,0.001001,-0.01538,-0.01811,0.039605,0.030714,-0.025852,0.02661,0.018148,-0.00072074,0.00092626,0.037748,-0.033357,-0.010573,0.0082637,0.0011245,-0.0047892,0.0030666,0.0075251,0.029171,-0.015584,-0.019932,0.037535,0.025517,0.055789,0.014729,0.059165,0.011169,-0.034834,0.032235,-0.011235,0.0035396,0.063353,0.0198,0.003134,0.042134,0.011361,0.0076643,0.048642,-0.006553,0.0073807,0.0013462,0.021195,-0.048466,-0.03099
0.019306,0.032846,-0.032243,0.032267,0.026982,0.036156,0.012599,-0.0048949,0.0037259,-0.0052338,0.015843,-0.021566,0.039285,-0.015236,0.0064783,0.029554,-0.0024416,0.045111,0.01398,0.061804,0.019318,-0.0083428,-0.053909,0.051564,0.010375,0.042476,0.0069408,0.0097782,0.036895,0.00047514,-0.020742,-0.014155,-0.016296,0.081315,0.012166,-0.0168,-0.010582,-0.018312,0.039097,-0.021088,-0.0085621,0.031142,0.0039014,0.048805,0.035563,0.021955,0.0082676,-0.0053933,0.0082137,0.027115,0.034886,-0.03896,0.054009,-0.0018864,0.046334,0.021927,-0.018773,0.07342,0.029868,-0.017181,-0.02864,0.0073418,0.04337,-0.0095168,0.060607,0.015758,0.048641,-0.0013982,0.048024,-0.011383,0.057032,0.0013678,0.026799,0.028643,-0.00039808,0.065718,0.050875,0.02195,0.038677,0.05591,0.025896,0.0014591,-0.030685,0.010294,0.0093273,0.035644,0.0047571,0.014079,0.01698,0.028778,-0.0061095,0.0037324,-0.000296,0.042761,0.0082229,-0.0013791,0.015191,0.018325,0.0078906,0.0046191
0.0070245,-0.01391,0.00099185,0.018205,0.0012745,-0.0072411,0.0063854,0.038205,-0.025354,-0.029879,-0.0013454,0.0065004,0.014016,0.008466,0.067075,0.030623,-0.021692,0.0030418,0.00021998,0.011152,-0.013496,0.0022238,0.029185,0.026759,0.0060531,0.011925,-0.014913,0.037236,0.020561,0.065653,0.041691,0.031324,0.0082724,0.030465,0.005596,-0.0014207,0.038346,-0.0033616,0.033943,-0.0083163,0.0030957,0.025087,0.0046392,0.022943,0.035517,0.06494,0.030182,-0.0074373,-0.0031855,-0.0078653,0.0011292,0.039936,0.035795,0.027354,0.0095493,0.027249,0.012227,0.022108,0.020257,0.062299,0.0058872,0.02007,-0.0093586,0.044202,0.0041959,0.0036027,0.01364,0.0030661,-0.0083596,0.086636,0.035491,0.040886,0.018858,0.037392,0.032722,0.00074566,0.055134,0.038901,0.025391,0.02555,0.061633,0.066211,-0.0092718,-0.0054851,-0.0085498,0.036973,0.019175,0.015074,-0.012496,0.0037384,0.022,-0.042551,0.016935,0.028405,0.012267,0.056128,0.024329,0.040684,0.024186,-0.018189
-0.022751,-0.043375,0.0091377,-0.025258,0.0057398,-0.053109,-0.007429,-0.016416,-0.0066661,-0.023943,0.056158,0.0099128,-0.023431,0.014322,0.020451,-0.013226,-0.017178,0.0029424,-0.0037876,0.0088411,-0.0017793,-0.020328,-0.025403,0.014904,-0.022089,0.010514,0.028289,-0.023112,0.041567,0.0155,0.04412,0.028721,0.019413,-0.019592,0.012914,0.018205,0.043854,0.05299,-0.033572,0.0033686,-0.037969,-0.02753,0.018718,-0.0024198,-0.032797,0.048048,0.020915,0.0084083,-0.018622,0.066961,0.0010751,0.0042381,0.0078077,0.035373,0.016671,-0.023469,0.053718,0.043359,0.006409,-0.0025189,0.041612,0.024092,0.0093534,0.010758,0.0219,0.016956,-0.0047909,0.0046126,0.022649,0.0045384,0.048121,0.054798,0.030378,0.042697,-0.042029,0.025661,-0.015155,-0.021732,0.020337,-0.0049009,0.04781,0.0017937,-0.036283,-0.045993,0.025061,0.073715,0.038028,0.033955,0.020962,0.0092961,0.03184,0.0051703,-0.031226,0.0082285,-0.013289,0.0049538,0.011032,-0.0010603,0.036564,0.033333
-0.00091576,-0.0037289,-0.035277,0.023678,0.080018,0.0049224,0.0094108,0.0067822,-0.0050669,0.006456,-0.0059942,0.012253,-0.0071914,0.043279,0.013436,0.033529,-0.019206,-0.032554,0.014133,0.024112,0.0076463,0.011946,0.034099,0.012226,0.015732,0.04547,-0.010549,0.04187,0.0093733,-0.022881,0.080106,0.0018572,0.026096,0.0092453,-0.019071,0.020238,0.01033,0.024369,0.018303,0.031013,0.0027207,-0.011068,0.00034944,0.041119,0.030366,0.011442,-0.036599,0.019351,-0.011303,0.022941,-0.010568,0.021831,0.0087271,0.035869,0.038693,0.035621,0.019733,0.052077,0.0023323,-0.007384,0.014019,-0.0097941,0.045253,0.050068,-0.030466,0.0057624,0.049153,0.023477,0.021457,0.074069,-0.014677,0.0054344,0.011504,0.017358,0.01068,0.064185,0.073842,0.034567,0.045074,-0.041666,-0.010148,0.072063,-0.039626,0.0032386,0.0013021,0.045303,0.00025069,0.006869,-0.047835,-0.0050996,0.017765,-0.010345,0.01608,0.037195,-0.0099273,-0.018332,-0.011712,-0.012832,0.0077005,-0.0032252
0.031013,0.01312,0.026217,-0.023935,-0.0183,-0.0030335,0.015053,0.010739,0.038513,0.020519,0.042168,-0.035646,-0.0040777,-0.0051967,-0.033065,-0.030175,0.043412,0.0088981,-0.012106,0.025013,0.028432,0.07037,0.014345,0.019212,0.050353,-0.017932,-0.019138,0.0039452,-0.015596,0.011091,-0.0030309,0.011916,0.018163,-0.018545,-0.014143,0.029701,-0.011949,0.014067,0.01165,-0.008061,-0.019548,0.025201,-0.017126,0.0086333,-0.025172,0.0055375,0.04606,-0.023077,-0.031849,0.012078,0.031731,-0.005133,0.041957,-0.014723,0.037583,0.017339,0.023304,0.038041,0.041172,-0.019848,-0.023481,0.054065,0.015482,-0.0072867,0.012315,0.019912,0.021701,0.051503,0.0014615,-0.00818,0.059359,-0.012691,0.015772,0.023439,-0.012684,0.010058,-0.0064917,0.019612,0.032841,0.042972,0.0013894,0.059684,0.043234,-0.021523,0.04742,0.01714,-0.0034921,0.069955,0.045072,0.035206,0.042851,0.018726,-0.020142,0.066286,-0.0074002,-0.018416,0.062442,0.032044,0.023475,-0.0049686
0.042172,0.017355,0.031264,-0.0070316,-0.037959,0.043593,0.014225,0.015033,0.049674,0.011523,0.051558,0.0304,-0.0083379,0.021574,0.017332,0.027236,0.020718,0.00067208,-0.032679,0.021644,0.063287,-0.0017355,0.0038062,0.014649,-0.024891,0.0091813,0.011462,0.017014,0.064651,-7.7967e-05,-0.043293,0.020292,-0.0022325,0.045122,-0.041822,0.022493,-0.020731,0.0096892,-0.0041592,0.0086433,-0.001372,0.0087594,-0.032636,-0.0079269,-0.0094872,0.032107,-0.044868,0.007197,0.0028376,-0.013698,0.0075469,0.027693,-0.012534,-0.050782,-0.011214,0.014751,0.02089,0.030988,0.047366,0.046446,0.0019091,0.040381,-0.0092704,0.043974,0.027034,0.032606,-0.025306,0.011539,-0.006401,0.053639,0.019092,0.008782,-0.010206,0.022251,0.055327,-0.0041448,0.021388,0.039784,0.039623,-0.014341,0.0052169,0.025688,0.025922,0.020953,0.020876,0.0049002,-0.0045295,0.02731,-0.014407,0.035197,0.0043005,0.025833,-0.016343,-8.6215e-05,-0.021439,0.033781,-0.0076615,0.015338,0.0013286,0.029207
-0.0019122,-0.0037079,-0.01106,0.016381,0.017645,-0.010949,0.04089,0.01278,0.017239,0.00092164,0.056225,-0.011973,0.024834,0.043527,0.034051,0.034513,0.031356,0.004144,-0.062002,0.011991,0.027654,-0.021674,0.0017226,0.0043315,0.025151,-0.023012,0.030949,0.019199,0.0089657,0.0081152,0.039045,0.015735,0.016231,-0.013319,-0.0047137,-0.0068801,0.0035914,0.033334,-0.059364,0.035159,0.013394,0.041097,-0.013436,-0.019003,0.030758,0.00045466,0.004461,0.012214,0.036367,0.0071843,-0.0034163,-0.0040895,0.028984,-0.0012825,-0.00079456,-0.02308,0.040721,-0.023827,0.015168,-0.0057936,-0.0027517,-0.023888,0.05137,-0.028459,0.035524,0.0074643,0.070864,-0.02912,0.017217,0.049997,-0.010578,0.031849,0.034229,0.029701,-0.0069439,0.010972,0.014218,0.0063812,0.014245,-6.0145e-05,0.011268,0.018257,0.030924,0.050091,0.048971,-0.01655,0.016072,0.079578,0.022742,-0.0029084,0.054696,0.039482,0.020855,0.035052,0.033675,-0.010854,-0.010294,-0.0043516,0.049008,-0.0011011
-0.0039429,0.0085445,0.0093023,-0.014427,0.031006,0.023546,0.04718,-0.012372,0.0085798,-0.01428,0.0082442,0.057961,-0.0051681,0.034653,0.0028338,0.023493,0.026057,0.019466,0.00035126,-0.017145,0.062406,0.040546,0.051888,0.020889,-0.028012,0.0013928,0.025124,0.031529,0.01351,0.01524,-0.012323,0.0034408,0.02178,0.0093324,0.030533,-0.02735,0.034997,0.017849,0.025532,-0.0072626,-0.010545,-0.030161,-0.0076187,0.027888,0.001081,0.018341,0.019002,0.016164,0.0036967,0.014403,-0.0041788,-0.043014,0.020264,0.040221,0.02139,0.020456,0.013762,0.01389,0.028893,-0.0017394,0.038423,0.0082468,0.0030871,-0.006463,-0.026067,-0.0021684,-0.0011687,0.0040984,0.054107,0.038713,0.025,0.045781,0.0087751,0.012383,-0.014048,0.045254,0.013548,0.047011,0.043948,0.032673,-0.012589,0.0029892,0.0068312,0.0068751,0.01728,-0.0062332,0.005816,0.051352,0.071936,-0.01877,0.010903,0.052237,-0.020196,-0.0077149,0.045156,0.0615,0.00069648,0.03217,0.031969,-0.012911
-0.00096842,-0.023275,0.026855,0.0087453,-0.029486,0.016149,-0.051652,0.022143,-0.017475,0.01274,0.0097203,0.013019,0.010525,0.037214,0.02428,0.007419,0.016402,0.027587,0.037014,-0.026831,-0.013181,0.036556,0.029791,0.045632,0.033743,0.035454,-0.011138,0.021981,-0.0002887,-0.047809,-0.011474,0.027736,0.017415,0.014228,-0.031907,0.0096798,-0.014003,0.043341,0.023759,0.025822,0.024755,0.046887,0.026753,0.0028672,0.037427,0.046277,0.023242,0.018041,0.011135,-0.017084,-0.0012503,0.03649,0.042359,0.014568,-0.0077899,-0.0063699,0.024395,0.04648,0.017024,0.0061817,-0.030597,0.01969,0.001021,-0.044124,0.0010002,0.018447,0.028861,-0.022755,-0.016293,0.024927,0.038835,0.003378,-0.0007231,0.044,0.0027701,0.042408,0.042841,0.0031781,-0.019559,0.0074745,0.0095035,0.0054214,0.018262,0.031873,0.018419,0.035413,-0.0060401,0.030051,0.026411,0.05228,0.039888,0.048199,0.034351,0.012856,0.037897,-0.0059504,-0.023692,0.022298,0.030656,0.0023606
0.0042371,-0.056465,0.031393,0.032898,-0.015236,-0.025944,-0.038656,0.024702,-0.012148,0.039775,-0.029621,0.041666,-0.015867,0.011019,0.010549,0.02054,-0.021066,-0.024037,0.015074,0.0073074,0.026767,0.02818,0.04665,0.040895,-0.019006,0.029051,-0.023076,0.062248,0.020722,-0.015296,0.052709,0.035455,0.02265,0.014958,-7.3067e-05,0.010806,0.00040849,-0.02137,-0.022989,0.0013323,0.041731,0.039813,0.029315,-0.0018182,-0.013867,0.022558,0.013971,0.053013,0.067816,0.048622,0.046115,0.0074118,-0.00076776,0.00031937,0.04037,0.032634,-0.027079,0.03957,0.008758,0.043605,0.018199,-0.0012468,-0.0069155,0.060493,-0.027969,0.015795,0.03621,0.045575,0.040106,-0.010484,0.064977,-0.0038936,0.037098,0.0091911,0.051928,0.0092423,-0.04065,0.038513,0.035678,0.035385,0.029072,0.045295,0.029829,0.003787,-0.0052186,0.032049,-0.0096601,-8.419e-05,0.037724,0.053646,0.0091233,0.012981,0.036005,0.03205,0.051653,0.019941,0.0039208,0.013216,0.029818,-0.022266
-0.028074,-0.0064362,0.019806,0.02093,-0.017952,-0.011086,-0.032607,-0.018157,0.030898,-0.018025,-0.0068068,0.046384,-0.01995,-0.0020296,-0.0052294,0.0023013,0.012511,0.016615,-0.004525,0.022733,-0.029286,0.040841,0.0054098,-0.0096777,0.0010054,0.038884,0.0047926,-0.00060755,-0.022101,0.023125,0.0057377,0.027365,0.084457,-0.029713,0.023248,-0.017602,0.068006,-0.023525,0.0073806,-0.016999,0.0044571,0.0036041,0.0063126,0.020553,0.019448,-0.010352,0.029438,0.015325,0.040431,0.011891,0.022064,-0.030339,-0.0029164,0.046692,0.013687,0.017195,0.029408,0.033043,0.015652,0.022499,0.059319,0.04023,0.0011971,0.0092068,-0.0095101,0.016044,0.024561,-0.037793,0.0076489,-0.026906,0.011052,0.0019843,-0.0027281,0.012103,-5.0387e-05,0.053221,0.019928,0.016756,-0.050938,0.052545,0.016373,-0.0021318,0.0042601,0.033627,0.0081766,0.026708,-0.0071156,0.035288,0.015988,0.040409,0.013234,-0.0035238,0.0079778,-0.018307,-0.0081395,0.02554,0.020039,0.038156,-0.0016254,0.028843
-0.024367,0.01049,0.00061423,-0.0018194,-0.0024687,0.021998,-0.037833,-0.0043842,0.036439,0.028837,0.0075589,0.017898,0.029814,0.0045975,0.057453,0.056057,0.061649,0.075641,0.016897,0.046859,-0.0094553,-0.017915,-0.0019334,-0.03927,0.0039622,0.059149,0.012552,0.0045334,0.00038362,-0.00761,-0.0026681,0.033682,-0.0063332,0.035557,0.0067398,-0.0083767,0.025372,0.025773,-0.042783,0.0152,0.0067248,0.0063933,0.030498,0.0024581,0.018154,0.020534,-0.0091224,0.056812,-0.032927,-0.027665,0.031932,0.010069,0.0063816,-0.017723,0.00090367,0.033826,0.0017239,0.052462,0.029053,0.054508,0.0062433,0.00099605,0.020959,0.012803,0.0016244,-0.012581,0.015152,0.014779,0.011281,0.049111,0.025258,0.021267,-0.013893,0.034245,-0.0014762,0.039807,-0.03147,0.0098301,-0.0029182,0.013687,0.016699,0.029576,0.05445,0.0031024,0.043697,-0.0041517,0.033146,0.0049449,-0.0046922,0.022574,0.0040795,0.038295,0.0021582,-0.043587,-0.0035744,0.018924,0.011114,0.00075853,0.045329,0.039634
0.019402,-0.025496,0.026449,-0.032292,-0.00065936,-0.010756,0.0037971,0.0091324,-0.021816,0.013627,-0.0045236,-0.012445,0.071912,0.054076,0.036814,0.028026,0.033478,0.0032106,0.029537,0.072348,0.0067117,0.0042095,-0.0029413,-0.010683,-0.0016875,0.002456,-0.03184,-0.034522,-0.034335,0.0148,0.022537,0.013462,-0.01473,-0.019036,0.02924,0.0031322,0.062164,0.015432,0.044377,0.02888,0.021442,0.0014259,0.026575,-0.014646,0.0033741,0.038745,-0.008011,0.012194,-0.023047,0.020137,0.0037245,-0.003996,0.019476,-0.017544,0.027363,0.010067,-0.058796,0.05509,-0.014552,0.031607,0.05585,0.02671,-0.018021,-0.011521,0.02329,-0.039346,0.015834,-0.017535,-0.02104,0.024664,0.009501,-0.0030305,0.021349,0.0075974,0.0018909,0.010454,0.069262,0.0075075,0.03381,-0.0039189,0.020285,0.069939,-0.045604,0.0083686,0.012775,0.0073433,-0.009205,-0.035995,0.010723,0.048613,-0.0293,0.036972,-0.005667,0.020084,-0.016445,0.020174,-0.026306,0.025114,-0.0065861,-0.017188
0.006713,-0.014589,0.048522,-0.021176,-0.019599,-0.026308,-0.0088252,0.010068,0.051299,0.042508,-0.0054458,0.015997,0.014324,-0.00083055,0.012058,0.0047058,0.030837,-0.032333,-0.018157,0.067603,0.013934,0.024796,0.038374,-0.0072758,-0.026567,-0.033687,-0.029303,0.01066,0.019149,-6.5564e-05,0.023486,-0.06388,0.014009,0.0223,0.0078983,-0.00092849,-0.019832,0.00087489,0.025873,0.03941,0.028932,-0.0089267,0.071623,0.016696,0.044535,0.054025,0.011138,0.0038912,0.06418,0.023157,0.01549,-0.009623,0.016002,0.050703,0.021073,0.084609,-0.0037404,0.00075828,0.030474,0.061697,-0.022711,0.067719,0.058543,0.03998,0.026057,-0.034368,-0.0011149,0.013295,0.019983,0.021062,0.046474,-0.015015,-0.024492,-0.036813,0.022964,0.052176,0.01801,0.053847,-0.015757,0.063917,0.024811,0.054192,0.02099,-0.030773,0.0032217,-0.026566,-0.023974,0.029468,-0.015864,0.014087,0.0062646,-0.024331,0.021254,-0.015159,0.01397,0.0082121,0.033029,0.024363,0.00070913,0.0036757
0.032315,-0.0075938,-0.0067096,0.020775,0.060232,0.04431,0.065169,0.012603,0.016613,-0.01691,0.0024598,0.031604,0.016777,0.026057,0.030794,-0.022111,3.3955e-05,-0.010981,0.023695,0.039145,0.013491,0.020538,-0.0044249,-0.020605,0.0027327,0.0018298,0.064135,0.0031002,0.013919,-0.027273,-0.0046029,0.078176,0.031924,-0.0089185,0.050786,0.020745,0.015388,-0.0024459,0.038152,0.024085,-0.028099,-0.008862,0.026411,0.012556,-0.0049459,0.013875,0.034894,-0.0030203,-0.030002,0.0031831,0.033296,0.013209,0.0051308,0.013222,0.01201,0.022192,-0.017473,0.0011351,0.041956,0.032468,0.030589,-0.0068794,0.029711,0.028439,0.0013459,0.00076674,0.0022153,-0.020216,0.044043,0.015054,0.013222,0.048654,0.011411,0.0013662,0.042366,0.058328,0.020423,0.028512,0.02707,-0.022339,0.004771,-0.0064465,-0.0057843,0.023824,0.014952,0.040254,-0.0015184,-0.015406,-0.011552,0.011822,0.031902,0.0035389,0.029786,0.038686,0.01583,0.016447,0.041496,0.0034657,0.00035782,0.010716
-0.021558,-0.0083941,0.0024124,0.011543,-0.010025,-0.014968,0.0090915,0.049705,0.0051818,0.013551,0.044301,0.028364,0.0066369,0.0094187,0.017792,0.037909,0.033174,0.062561,-0.013154,0.0097565,0.077245,0.026351,-0.011097,0.021126,0.024737,0.023152,-0.010343,0.035129,0.0081618,0.0072106,-0.0091127,0.0069875,-0.00040418,0.040081,0.016103,0.027579,-0.013935,-0.0096715,0.017113,-0.0089218,0.0039473,0.042734,0.019123,0.013805,0.0055384,0.049237,0.010756,-0.0032006,0.035674,-0.0097689,0.010616,0.029063,0.0081031,0.035756,-0.0043155,0.0058659,0.010204,0.030595,0.036005,0.028336,0.02894,0.046259,-0.0010942,0.027561,0.028797,0.028798,-0.013264,0.035424,0.0034545,0.029059,0.040176,0.003678,-0.021142,0.035939,0.0050657,0.0043915,0.034949,0.012337,0.017144,-0.036466,0.013096,0.047404,-0.0079903,0.038406,0.034535,0.026277,0.040985,0.045041,-0.022003,-0.028982,-0.013903,0.036772,0.016551,0.070386,-0.038483,0.045494,0.072935,0.00069241,0.00083656,0.028906
0.021619,-0.02131,0.032262,0.054006,-0.026611,0.014263,0.0010604,-0.0079193,0.015029,0.016466,-0.013911,0.011729,0.02012,0.011477,-0.0092087,0.016577,-0.0047225,0.044084,0.005214,0.0032195,-0.01357,0.012066,0.02641,0.038149,0.011602,0.026189,0.05424,0.005652,0.060356,-0.039754,-0.0088499,0.030056,0.043885,0.023301,-0.012954,0.024677,-0.0083319,0.001836,-0.019894,0.0058948,0.010223,0.025412,0.045616,0.020649,0.027409,0.010571,0.0097672,0.04382,0.013921,0.02966,0.034079,-0.036632,0.017635,0.029768,-0.046216,0.066637,0.035543,-0.0086037,0.0056968,0.069764,0.027369,0.031126,0.020647,0.015729,-0.0053874,0.020779,0.031964,-0.012664,0.036876,0.06984,0.032338,-0.018001,-0.039592,0.013,0.0071559,-0.01704,0.016961,0.0089754,0.011409,0.022471,0.025246,-0.022409,0.03646,-0.012504,0.0017477,-0.03679,0.030595,0.045615,0.0058143,0.042905,0.028187,0.074275,0.035627,-0.005639,-0.014904,0.023026,-0.013697,0.0078613,0.023983,0.021968
0.031216,0.01589,0.050357,-0.010204,0.02064,-0.013785,0.011623,0.03281,-0.0030002,0.0084539,-0.019382,0.00047195,0.051047,0.03066,-0.0040977,0.0019296,-0.0045803,0.039939,-0.014418,0.012938,0.020175,-0.0014872,0.028459,0.051555,-0.00020706,0.023229,0.030113,-0.0013691,-0.020046,0.0076643,-0.016739,0.0081889,0.0356,-0.016123,-0.013274,0.067666,-0.013826,0.020188,-0.019766,0.044354,-0.0012525,0.050189,-0.0069477,0.057214,-0.0078672,0.040907,0.028837,0.0098219,0.020837,-0.021347,-0.025527,0.041479,-0.01178,0.026186,0.020159,0.020981,-0.020867,-0.02166,0.048858,0.013419,0.00057733,-0.0020581,0.054698,0.020275,0.020132,0.007623,-0.0033059,0.013618,-0.020584,-0.0088523,0.033507,0.024546,0.024634,0.026229,-0.0057827,0.047801,0.027155,-0.016246,0.026128,0.021478,0.031725,0.017077,-0.0029019,-0.013452,-0.013907,0.0055222,0.009035,-0.010288,0.040113,0.015332,0.087426,0.018827,0.023269,0.014673,0.06197,0.05139,-0.017807,0.0098113,0.015858,-0.038629
-0.0070123,-0.005878,-0.0042886,0.017239,0.011324,-0.0012109,-0.0014747,-0.017234,0.012355,0.032158,0.013997,0.04863,-0.034177,0.033912,-0.0024701,0.042817,-0.0069418,0.0093522,-0.00063319,0.012935,-0.008044,-0.0012166,-0.015052,0.035894,0.059,0.024404,0.010219,0.045242,-0.0013836,-0.025354,0.026084,0.03501,0.011902,0.0047893,0.036284,-0.0031285,0.04303,-0.0095242,-0.007193,0.0094318,0.017297,0.051585,0.038902,0.059599,0.0012626,0.055392,0.017304,0.065491,0.02137,0.026924,0.032361,0.02668,-0.059543,-0.03485,0.00098386,0.0019404,-0.024468,0.02105,-0.0039675,0.091782,-0.0016523,0.011789,0.031568,0.01525,0.052533,0.053416,0.034698,-0.0078085,-0.010703,-0.026884,0.021982,0.035842,0.019431,0.007918,0.039125,0.054099,-0.0016278,0.029628,0.041527,0.032295,-0.014341,0.020936,-0.015152,0.018434,0.014474,0.033928,0.055977,0.045695,0.011208,0.023103,0.014455,0.023262,0.048023,-0.0036427,0.018377,-0.012711,0.0073732,0.0049615,0.018205,-0.011257
-0.0076087,-0.016667,0.011441,-0.0044843,0.019951,0.0087464,-0.020596,-0.039953,0.077481,0.0038943,0.034843,0.071813,0.0007371,0.015823,0.032384,0.035576,0.058211,-0.0024083,-0.013313,0.018151,-0.015643,0.014425,-0.028277,-0.0068861,-0.00075705,-0.01486,-0.014928,0.059696,-0.0054974,-0.018464,0.014158,0.025701,0.015117,0.047355,0.0070135,-0.0025511,0.02482,0.045721,0.044275,-0.0020878,-0.016294,0.042082,0.055109,0.031808,0.016336,0.022182,0.0032372,0.014041,0.0019042,-0.016264,0.031378,0.013276,0.023576,-0.0020632,0.0089317,0.029647,0.035673,0.04648,-0.0065829,0.021565,-0.014418,-0.011454,-0.0079695,-0.016872,0.055563,-0.020139,-0.020032,-0.0014966,-0.0054881,-0.025947,0.0075973,-0.030758,0.0010803,-0.012393,-0.022184,0.026643,0.0019408,-0.010075,-0.0037506,0.027555,-0.011908,0.050921,0.0078516,0.0045717,0.00084647,0.051031,0.0049478,0.0177,0.042918,0.021388,0.020068,-0.0066145,0.017316,-0.0096021,-0.018055,-0.0065768,-0.0075284,0.033678,0.0091677,0.02687
0.043614,0.020706,0.019858,-0.0020364,-0.01483,0.036852,-0.021922,-0.020508,0.025533,-0.038006,0.017073,0.041101,-0.011201,0.027364,0.018238,0.013715,0.0087896,0.013001,0.07138,0.012752,-0.023109,0.0074165,-0.023494,0.015772,0.0357,0.030495,0.022877,0.039597,0.0034808,0.039619,-0.016063,0.0079477,0.045718,0.022283,-0.01634,-0.024514,-0.013522,0.022653,0.03475,0.046133,-0.0013366,0.0081001,-0.0368,0.0083029,0.05505,-0.0058626,0.020367,-0.0053595,-0.041916,0.056121,0.065302,-0.0065597,-0.0038285,0.002352,0.025013,0.020622,-0.016601,0.048168,0.014556,0.029658,0.014433,0.01133,0.039822,-0.01317,0.041915,0.0081985,0.013282,0.019863,0.035188,-0.015999,0.057425,0.047484,0.028516,0.040589,0.051799,0.067877,0.016859,0.020991,0.036762,-0.011958,0.025424,-0.017133,0.036962,0.0045344,-0.0033461,0.096467,0.06014,0.045532,0.01424,0.059342,0.10331,0.058181,-0.021113,0.02841,-0.012281,0.0046809,0.0325,0.018308,-0.0022759,0.013019
0.012526,-0.013936,0.014422,0.07067,0.067509,0.0010864,-0.037796,0.0059163,-0.0091825,-0.0036838,-0.00049263,-0.02424,0.10031,0.013893,0.010487,0.0082148,0.05463,0.026484,-0.014821,-0.0013203,0.010138,0.0074859,0.027614,0.0129,0.014826,0.019807,0.0079957,0.025541,0.022486,0.016815,0.019798,0.018023,0.03622,0.044642,0.0033059,0.063051,0.017957,0.018081,0.018718,0.018183,0.035004,0.033492,-0.012245,0.016148,0.0055406,-0.030039,0.0031516,0.033549,0.0017382,0.028718,0.063936,-0.039249,0.03741,0.049766,0.0056995,-0.0092956,0.037365,0.0077709,0.018524,-0.020215,-0.0057284,0.019771,0.023263,0.071987,0.047801,-0.0055638,-0.003014,0.044468,0.016704,-0.0015292,-0.027972,0.051882,0.02707,0.032198,0.014191,0.00068631,0.03465,-0.032006,0.010209,-0.00015302,0.0081663,0.046419,0.053948,-0.012119,0.052491,0.00029371,0.030924,-0.011677,-0.018751,-0.0053536,0.040623,0.010303,0.010002,0.020234,0.015462,-0.0040372,0.012932,0.041551,0.0096285,0.025573
0.0011779,0.024043,-0.030123,0.021248,-0.0012073,0.017585,0.011446,0.02741,-0.057949,0.062734,0.026248,0.022969,-0.011948,0.01388,0.016449,-0.054938,0.046675,0.0060446,0.0022251,0.012135,0.046277,-3.0428e-05,0.050883,0.029942,0.013679,0.0077954,-0.010556,0.06931,0.027317,0.049475,0.058147,0.040539,-0.020013,-0.00089116,0.0054563,-0.027336,-0.01153,0.0026427,0.040533,0.040588,0.054632,0.027317,0.006278,0.039149,0.029413,0.020098,-0.0079443,0.01832,-0.017806,-0.020286,0.011624,0.013966,0.013855,0.030953,-0.015273,0.03883,0.02626,0.034984,0.03339,0.047191,0.030576,-0.01345,0.012165,0.01277,0.020834,0.014347,0.031081,-0.0050038,0.023091,0.047698,0.0112,0.023916,-0.013217,0.043206,0.0045119,0.009314,0.0025369,0.026298,-0.0061149,0.028613,0.05711,0.037557,0.01461,0.037076,0.02814,-0.016635,-0.031152,0.045086,0.0057776,0.058361,0.026366,0.0052834,0.054037,0.019857,-0.035303,0.049933,0.017558,0.025623,-0.016968,0.009438
0.028408,0.031035,0.0075995,-0.001554,0.043059,0.029094,-0.0039081,0.055457,0.0025791,0.0035804,-0.0060237,-0.0052474,0.023525,0.052696,-0.012269,-0.005019,0.0098066,0.037706,0.011204,0.0013788,-0.014085,0.0049301,-0.02498,0.024975,0.031925,0.012147,0.050881,0.071708,0.006228,0.052774,-0.013692,-0.0014091,0.044673,-0.011458,0.020851,0.056833,0.027721,0.0021258,-0.018234,-0.00032731,-0.0016468,0.017625,0.0456,-0.00063722,-0.018089,-0.013142,-0.02873,-0.018465,0.010692,0.035153,0.031852,0.015869,-0.00030365,-0.025987,-0.0092334,-0.034786,0.005231,0.036191,-0.009006,0.048428,0.042741,0.037174,-0.00012401,0.059079,0.0012509,0.030096,0.015562,0.012381,-0.0061554,0.026861,0.047655,-0.0039249,0.016989,0.02606,0.0059766,0.016301,-0.043387,0.016435,0.059371,0.0035055,-0.0014803,0.056144,0.021789,0.011862,0.0033468,0.021554,0.039833,-0.028334,0.0062286,0.028011,0.033774,0.017584,-0.047232,0.020956,0.023799,-0.025183,0.028422,0.020989,0.012653,0.044153
0.0055232,0.0082867,0.0081839,-0.027332,0.0059581,0.018875,0.03628,-0.040989,0.040868,0.011054,0.020545,0.043339,-0.020418,0.023708,0.046315,0.0016834,0.0028658,0.0096006,0.020253,0.028885,0.040291,0.035835,-0.027581,0.0036066,0.017561,0.016119,0.025001,0.029901,0.049673,0.013984,0.019863,0.02238,0.039426,0.023722,0.039455,0.044159,0.062507,0.04312,0.042743,0.0062879,-0.022664,0.016443,-0.0018681,-0.023307,0.018713,0.0031477,-0.019259,0.013711,0.016141,0.010058,-0.011108,-0.02628,0.040293,0.022872,0.049459,0.013152,0.0030016,0.033159,0.046467,0.032302,0.019393,0.016943,0.010184,0.023202,-0.02676,-0.010462,0.059594,-0.0016255,0.0085915,-0.0086546,-0.010356,0.045745,-0.0016285,0.0077556,0.014087,0.02368,0.0033318,0.033246,0.024689,-0.011954,0.0085106,-0.0097838,0.0023747,0.035203,0.01851,0.017058,-0.0017213,-0.0059024,-0.01178,-0.016412,0.030772,-0.021762,-0.0043521,0.049147,0.017362,0.026432,0.069178,0.06104,0.062351,-0.0043505
0.03722,0.0083824,0.016111,-0.0097629,0.03302,-0.0082895,-0.031069,-0.011004,-0.0015208,0.012968,-0.026765,-0.0036273,0.013712,-0.03832,0.019917,0.002785,0.032079,-0.01527,-0.047209,0.025978,0.062002,-0.0057906,-0.041738,-0.0068397,0.028504,-0.032952,-0.0043184,0.010586,0.0094768,0.021872,0.058877,0.035882,-0.021363,0.011528,0.016689,0.022376,0.024032,0.044231,0.03271,-0.012834,0.02258,0.0074827,0.017488,0.020308,-0.0045379,-0.024671,0.020878,-0.025333,-0.018275,-0.013902,0.02221,-0.0083237,0.015018,0.0012428,-0.011769,-0.017679,-0.0033086,-0.05008,0.0057356,0.0036977,-0.026489,0.0013961,0.041562,-0.010951,-0.0094525,0.021691,-0.0019419,-0.0056512,-0.024755,0.023745,-0.039211,0.026195,0.04108,0.058121,0.0088049,0.021761,0.043947,0.023857,-0.02635,0.047218,0.074813,0.037872,0.043497,0.0059755,-0.0026564,0.041904,0.00041019,0.036517,0.015982,0.055974,0.0014248,0.042778,0.031214,0.02045,0.052089,0.054074,0.059617,0.014863,0.018782,0.024667
0.07979,-0.040519,0.0021098,0.003979,-0.01644,0.031057,0.024564,0.027501,0.023903,-0.0026498,-0.00053596,0.036465,0.011206,0.020973,0.050412,0.036207,0.062495,0.054823,0.050402,-0.0059054,0.016608,0.015798,0.018527,-0.036727,0.0044447,0.035409,0.017909,-0.00534,0.014945,0.008264,-0.019129,-0.008948,0.017499,0.063153,0.0030371,0.024206,0.056607,0.0048894,-0.010458,-0.026515,-0.0029724,0.021391,-0.014585,0.013864,-0.037438,0.0021482,0.0086971,0.00010689,0.043959,-0.054769,0.0496,0.0079263,0.0047418,0.020654,0.020572,0.03032,-0.0022398,0.036324,0.032215,0.017292,0.0095039,0.031901,0.022915,-0.0075293,0.027357,-0.0064074,0.018932,-0.019614,0.0036637,-0.004081,-0.019329,0.01844,0.0075077,-0.0070959,-0.0025134,0.015032,-0.039957,0.0027101,0.022271,0.014557,0.028843,-0.013957,0.0094074,0.022092,-0.0087033,-0.01891,0.030692,0.032017,0.022376,0.013792,0.019137,0.010953,0.047167,-0.0015889,0.0099399,-0.0082435,-0.020352,0.011532,0.014089,0.026761
-0.02749,-0.010552,0.010326,0.017686,0.03606,-0.014718,0.019694,0.0008079,0.019058,0.0020232,0.034399,0.045976,0.019312,-0.045413,0.062013,0.027142,0.02471,0.0068908,0.022138,0.016328,0.016372,0.072519,-0.0062688,0.083364,0.04057,0.0069793,0.025461,0.01512,-0.0064855,-0.007149,0.058204,0.020483,-0.015857,0.043353,0.054053,0.027968,0.034411,0.021581,0.013975,0.031145,0.0058515,-0.012225,0.006751,0.030139,-0.0094213,0.034495,-0.023307,-0.024826,-0.059179,0.031827,0.028762,0.028196,-0.013906,0.042581,0.028542,0.03164,-0.023611,0.086623,0.049476,-0.036156,0.02294,0.065107,0.034069,0.020209,0.018344,0.0060869,-0.022141,0.0029743,0.0085866,0.017257,-0.0047166,0.027915,-0.056189,0.013762,0.041886,0.028429,0.048909,0.037689,0.030219,0.023137,0.0067927,0.0029587,0.013416,0.052888,0.0060787,0.056297,0.04533,0.035314,0.014392,-0.0049899,0.031081,-0.035526,0.038953,0.032593,0.033114,0.016449,0.026761,0.010962,0.029087,0.019957
-0.0050566,-0.0088176,0.0072291,0.017856,-0.015659,0.0025215,0.0040182,0.032376,0.00081447,0.010688,0.035897,-0.023561,-0.0067002,0.043753,0.031909,-0.0053513,0.0094519,0.030686,0.093182,0.041811,0.037395,0.016004,0.023367,0.031764,-0.031097,0.034355,0.034557,0.051205,-0.009707,-0.020428,-0.0024891,0.057621,0.035468,0.065311,0.00077057,-0.03612,0.043501,0.047789,-0.014655,-0.02979,-0.0036349,0.020838,0.036855,0.012064,0.023526,-0.0058849,0.042172,-0.00036721,0.009004,0.05598,-0.015094,0.010198,0.039595,0.0060413,0.0062985,-0.0019502,0.025453,0.034872,0.0099907,0.056894,0.00371,-0.0051308,0.033848,0.0099505,0.042809,-0.039992,0.031581,-0.0050966,-0.033819,-0.016308,0.0061714,0.011071,0.023381,-0.0042871,0.052803,-0.011109,0.039997,-0.014135,0.039132,-0.01922,0.029757,-0.022282,0.0092574,0.0010228,0.052928,0.021751,-0.006879,-0.019429,-0.034849,0.024214,0.014966,0.04755,0.027286,-0.0164,0.0073873,0.040215,0.058868,0.031833,0.024331,-0.0030866
0.042895,-0.016405,0.001069,-0.020538,0.03264,0.0039511,0.040092,-0.029289,-0.0085968,0.023549,0.019871,-0.046477,0.035608,0.021438,0.020831,0.027476,-0.030526,0.0030624,0.055003,0.036462,0.0015709,0.062134,0.0059144,-0.005336,0.022083,-0.021709,0.010685,0.0086887,0.03865,0.034761,0.036164,-0.022957,0.03844,0.0069749,0.058785,0.011334,0.018528,0.030081,0.0052431,0.012602,-0.0035671,0.050696,0.006767,-0.010891,-0.018211,-0.031801,-0.0027593,-0.012754,0.047453,-0.0032362,0.025317,0.040626,-0.010879,0.0075438,0.0067718,0.046689,-0.021484,0.024258,0.010175,0.011303,-0.0059425,-0.0072234,0.012496,0.033714,0.017456,0.02336,0.037194,0.03062,0.048076,-0.002219,0.013764,-0.00094933,0.063982,-0.0082956,-0.022047,0.025979,-0.031248,0.015552,0.044579,0.045783,0.015132,0.020703,0.018298,0.014363,0.0095172,0.031217,0.03878,0.014653,0.062301,-0.02631,-0.013414,0.0017908,0.03742,0.00557,-0.0013178,0.0074297,0.021638,0.028616,-0.00089309,0.038643
-0.030728,0.045248,0.0062386,0.034013,0.015626,-0.00044839,0.014237,-0.027704,-0.013662,0.01199,-0.015529,-0.018927,0.018843,0.0057156,-0.0054564,0.010013,-0.0092585,0.009982,-0.011199,0.0052772,0.04028,0.013846,-0.0011722,0.031739,0.070609,0.056545,-0.017937,0.02961,0.018299,-0.0028609,-0.0082964,0.021296,0.01544,-0.0036937,0.040947,0.032938,-0.0026747,-0.021508,0.049927,0.017704,0.054822,0.022861,0.072618,0.048544,-0.0053173,0.019176,-0.016771,0.011826,0.028008,0.076976,0.013951,0.0090971,-0.01077,-0.007821,-0.012379,-0.0027087,0.039289,-0.0067762,-0.037323,-0.013572,-0.047551,0.015071,-0.060525,-0.0034576,0.052143,0.010582,0.036424,-0.00078421,0.039322,0.0044054,0.029971,0.010341,-0.0063649,0.037696,0.068491,0.014327,0.010519,-0.0054426,0.053588,0.0654,-0.0099476,0.002223,-0.022311,0.023966,-0.0026405,0.05206,0.028152,0.020707,0.0098794,0.00034578,-0.028683,0.029154,0.05996,-0.028724,-0.011093,0.028885,-0.011807,0.026195,-0.026951,-6.9968e-05
0.014652,0.034111,-0.022321,0.052768,0.015506,0.026134,0.024928,0.011467,0.019177,0.019601,0.026272,-0.0012186,0.022334,0.020037,-0.011612,0.028031,0.053372,-0.018896,0.015724,0.032126,0.015028,0.035755,0.00035336,0.027897,0.069277,0.0049168,-0.0048983,0.014254,-0.015958,0.026821,0.032326,0.073718,0.050196,0.035447,0.042589,-0.0015163,0.051501,0.03777,0.053015,0.063252,0.048429,0.010601,0.012238,-0.0036321,0.010843,-0.016724,0.046409,-7.0597e-05,0.028754,0.00087922,0.014026,-0.014369,0.028435,0.01412,-0.004803,0.015526,-2.4219e-05,0.011958,0.027039,-0.041475,-0.009332,0.013467,0.056637,-0.017828,0.017341,0.016103,0.044056,0.005885,0.015185,-0.0063338,0.036625,-0.00019615,0.015004,0.042919,0.027289,0.03368,-0.0078248,0.024593,0.0027043,0.022064,0.0010938,0.025829,0.0081662,0.03594,0.023502,-0.020477,-0.0080164,0.0070133,-0.020204,0.020532,-0.0098008,0.060291,0.025042,0.017421,-0.034704,-0.0083664,-0.0028386,0.0041218,0.038055,-0.023078
-0.035342,-0.016774,0.021536,0.018707,-0.037868,-0.011193,0.0061973,0.023029,-0.046532,-0.038958,-0.026576,-0.0092991,-0.0011774,0.005629,0.050442,0.0051227,0.012986,0.01538,0.014396,0.034362,0.022265,-0.018057,-0.032931,0.029757,-0.0038952,-0.016665,0.033049,0.014043,0.001712,0.015364,0.025452,0.020468,-0.016342,-0.0032355,0.026705,0.025728,0.022737,0.0028072,-0.022172,0.028565,-0.025991,0.05537,0.012601,0.044012,-0.065873,0.027425,0.0054175,0.018166,0.065149,0.021574,0.011151,-0.0044609,0.01972,0.003844,0.027632,-0.037282,-0.015392,-3.3791e-05,0.0097559,0.04368,0.048867,0.0094654,0.050487,0.035799,0.07608,-0.003578,0.0020913,0.033002,0.012664,-0.00171,-0.0056928,0.028778,0.0080334,0.0097735,0.016062,-0.028249,0.0060446,0.058442,0.0066341,0.034544,0.040802,0.082575,-0.0075375,0.040742,0.0075155,0.0018651,0.05238,-0.010402,0.0084528,0.0029972,-0.022275,0.069737,0.017149,-0.0088019,-0.014232,0.038505,0.052233,0.0071937,0.02666,0.015212
-0.033511,-0.019559,0.001741,0.0037406,0.029063,-0.01499,0.0078567,0.038365,0.070117,0.021458,0.015388,-0.034758,0.015755,-0.041338,0.023696,0.030179,0.009313,0.04085,0.01783,0.044212,0.014287,0.0011332,-0.0083343,0.0046492,-0.0044025,0.025503,0.0061464,0.02007,0.011574,0.044845,0.017716,0.00052204,-0.0071172,0.034803,-0.021676,-0.0018295,-0.019487,-0.0046221,0.034825,0.039014,0.0026185,0.013444,0.0025447,0.091528,0.015946,-0.012927,-0.014069,0.033976,0.0099204,0.041755,0.013376,0.0053273,0.029245,0.039643,-0.0073889,0.036771,-0.0081044,-0.03156,0.040531,-0.0066961,0.0072578,0.014274,0.0057104,0.011126,-0.026163,0.042971,0.0020356,0.023848,-0.015557,0.0013323,0.0077751,0.010711,-0.027293,0.027068,0.034854,-0.0096746,0.029269,-0.0090134,0.03171,0.021705,0.023145,0.026946,0.019164,-0.036817,0.043918,0.01867,0.03737,0.039256,0.011571,0.034771,0.011068,-0.032723,-0.0062582,0.040408,-0.027285,-0.039665,0.00089756,0.022974,0.057638,0.054731
0.017866,-0.0084518,-0.024492,-0.025691,0.023761,-0.00039728,0.00061697,0.023975,-0.017497,0.019053,0.032689,0.055455,-0.017453,0.014233,-0.016465,0.018384,-0.010412,0.029065,-0.010284,0.044885,-0.022356,-0.010687,0.013086,0.016665,-0.015045,-0.041831,0.038343,0.00049073,0.047134,0.031277,0.0099448,0.0032979,0.0070001,0.026371,0.0065655,-0.036264,-0.00063784,0.027344,0.0092471,0.0064939,0.030504,0.052629,0.028641,0.028082,0.027498,0.023548,0.010522,0.027836,0.011266,0.0082002,0.00091323,-0.019922,0.012041,0.029873,0.032042,0.0073288,-0.029728,-0.01259,0.0086234,0.026169,-0.014845,0.014327,0.0046232,-0.021183,0.07242,0.0046543,0.045393,0.0098993,0.047244,0.024327,-0.017398,-0.011763,0.053788,0.023738,-0.013683,0.040728,0.014627,0.031034,0.0062354,0.0033921,0.019671,0.0072446,-0.0043067,0.0071959,0.02251,0.080181,-0.0051896,0.057606,-0.023399,-0.0019834,0.043392,0.048064,0.040672,0.029898,0.017851,0.0086532,-0.02257,0.011852,-0.0037641,-3.7382e-05
-0.064283,0.0068285,-0.012673,-0.0098437,-0.00024371,0.024721,0.0089325,0.040786,-0.053346,0.0092842,0.015838,-0.012139,0.012975,0.088588,0.023145,0.0082397,0.027514,0.046483,0.040961,-0.0018568,0.0011867,-0.040566,-0.024328,0.0077869,0.01432,-0.014314,0.050493,0.0026231,-0.015825,-0.0086959,0.024263,0.066268,0.015142,0.0093472,0.064766,0.02384,0.034892,-0.039924,-0.00092515,0.0021624,0.079825,0.040215,-0.0034385,0.026384,-0.031733,-0.0078692,0.053273,0.01591,0.014992,-0.02643,0.019792,0.030314,-0.013856,0.012712,0.0095558,-0.010504,0.015097,0.020421,0.057791,0.027147,0.0016468,0.022223,-0.01851,0.01614,0.025129,0.046094,0.017266,0.0087139,0.019942,0.05299,-0.021436,-0.008078,0.0080125,0.041244,-0.035715,0.0055292,0.055677,0.024354,0.0067638,0.037666,0.074665,0.053285,0.0097891,-0.019787,0.010331,0.0046049,0.05054,0.0046202,0.026809,0.057594,0.016656,0.0056223,0.036056,0.05008,0.003573,0.019932,0.042845,0.019322,-0.032674,-0.0029824
-0.0046697,0.030276,-0.014033,0.0061985,0.041659,0.0024521,0.0062997,-0.0094561,0.016778,0.044294,0.0081854,0.024615,0.050051,0.040394,0.005147,0.051245,0.021412,0.01147,-0.019171,0.012974,-0.01625,0.02669,0.0046488,0.036912,0.018636,0.011874,0.028137,-0.009353,-0.0044005,0.027933,0.046616,-0.017723,0.0004822,0.02738,0.010292,0.018644,0.008894,0.010751,0.024178,-0.011226,0.0087468,0.029114,-0.0054485,0.031722,0.0098173,-0.016218,-0.014484,-0.024611,-0.013225,-0.0054537,0.02417,-0.010226,0.015726,0.030062,0.04672,0.036957,0.059637,0.039352,0.026327,0.073939,0.0095306,-0.005379,0.017626,0.016585,0.032645,0.0030809,0.010837,-0.023088,0.015035,0.036467,-0.020612,-0.04521,0.038473,0.051474,0.01698,-0.0066458,0.039982,-0.0069782,0.035094,0.0034325,0.0059622,0.024528,0.038461,0.02986,0.01823,0.011768,0.034699,0.0054846,-0.017838,0.043036,0.026523,0.061005,-0.015862,0.040303,0.052744,0.0067446,0.020182,0.03873,0.026868,0.026954
0.011548,-0.020727,0.013084,-0.0035453,0.02471,0.0075252,-0.016227,-0.0098709,0.010234,0.025028,0.00053894,-0.00050272,-0.0086491,-0.00019455,0.071864,-0.02954,0.0032897,0.033881,-0.011113,0.014085,-0.0038551,0.021204,-0.027783,0.023623,0.00058666,0.018997,-0.030357,-0.016903,0.037387,-0.046725,0.015607,0.0088449,0.02085,0.036328,-0.013252,0.049263,-0.0088587,0.01416,0.0051985,0.040379,-0.0035083,0.040863,-0.0063771,0.022182,-0.005201,0.075328,0.023401,0.055188,0.020062,-0.026954,0.062461,0.022594,0.0078057,-0.016405,-0.0023949,0.02683,0.014622,0.010495,-0.0040755,0.013616,0.022256,0.011362,0.0070627,0.014748,0.01878,0.053307,0.0052993,0.026614,-0.0073813,0.029778,0.046478,0.057289,0.066142,0.021417,-0.0066857,-0.01207,-0.0019402,0.016811,0.03743,0.0047995,-0.042568,-0.0015853,0.022295,0.030399,0.064259,0.0043214,-0.032811,-0.019766,0.017836,0.0021499,0.027572,-0.023852,0.027716,-0.048129,-0.0027227,0.043626,-0.019256,0.063777,0.027645,0.01574
0.019818,0.00043214,0.014643,-0.023349,-0.0020943,0.027246,-5.4671e-08,0.0079827,-0.0039511,0.043823,0.016562,0.029218,0.018374,0.046025,-0.0073222,0.05935,0.0076287,-0.004472,0.013136,-0.014846,0.003071,0.01048,-0.030292,-0.030859,0.059265,0.057279,0.011712,-0.036442,0.0093039,0.0099348,0.03479,0.016926,0.075649,0.0083951,0.049429,0.0354,0.039185,0.044591,0.046873,0.025383,-0.0032967,-0.0023465,-0.014475,0.078802,0.018528,0.021905,0.031611,0.056585,0.018825,0.028456,0.014036,0.015674,0.0089253,-0.01028,0.00049044,0.027721,-0.03825,0.018364,0.037911,0.049113,0.004972,0.026563,0.0086231,0.00060563,-0.020594,-0.00516,0.030113,0.013716,0.036574,-0.031607,-0.010451,0.010253,-0.015702,0.017029,0.038358,0.0018012,-0.057659,0.0035574,-0.0048582,0.012871,0.030868,0.047519,-0.030103,-0.023112,0.014641,-0.0045856,-0.027648,0.025883,0.0027538,0.010954,0.044405,0.01092,-0.067944,-0.01613,0.030934,-0.0040229,0.0089341,0.028357,0.011417,0.0084302
-0.0041373,0.031595,0.029159,0.0040192,0.039131,0.077663,-0.0084837,0.017655,-0.034023,-0.0088825,-0.050066,0.019393,0.036373,-0.03713,0.0019764,-0.0051802,0.020278,0.024664,0.051289,0.00085222,-0.047634,-0.00071079,-0.020318,0.003745,0.010568,0.015716,0.024314,-0.0091155,-0.0021791,0.032375,0.013739,0.033768,0.03386,0.01388,-0.010262,0.010043,0.034291,0.017169,0.040788,0.018941,0.014282,-0.015656,0.039705,0.034717,-0.015025,0.02693,0.053508,0.029886,0.051878,0.020791,-0.016559,0.021795,0.0028329,0.011852,0.0123,-0.0014628,-0.020867,0.0012072,0.0055526,-0.015512,0.03573,0.0063459,-0.0061783,-0.012404,-0.012932,0.0016747,0.013553,0.045289,-0.021658,0.045696,-0.0064688,0.010504,-0.0030038,0.025583,0.034853,-0.014813,-0.0060922,0.01663,0.031258,-0.0038291,-0.0069438,-0.036505,0.041243,-0.011228,0.0052802,0.048818,-0.0045965,0.046023,0.029123,0.034863,0.040177,-0.00039206,0.051538,-0.010875,0.037806,0.029591,-0.0062093,0.052146,0.023558,0.008881
0.061769,0.012958,0.015966,0.011654,-0.003023,-0.015508,0.019601,-0.0015083,0.022627,-0.0123,0.025745,0.038186,0.03619,-0.036197,0.044635,-0.0048516,-0.022519,-0.0018175,0.0051756,0.052301,0.012089,-0.011485,0.042479,0.042549,0.02591,0.010493,0.027602,0.0052896,0.01076,0.008313,0.010272,0.020391,-0.026878,0.080094,0.031288,-0.015907,-0.014651,0.00068765,-0.0020748,0.011089,-0.0502,-0.0050731,0.012073,0.016667,-0.010464,0.017869,0.015042,-0.00031796,0.016556,0.0094424,-0.0028931,0.059431,0.0010162,0.038913,-0.017445,-0.01444,0.013591,-0.024268,0.038579,0.0077369,0.019937,0.059604,0.064662,0.040039,0.039167,0.013569,0.01525,-0.012093,0.022339,0.031095,0.049417,0.037034,-0.016105,0.041958,-0.028118,0.015375,-0.039755,0.023455,0.011695,-0.019175,0.019912,0.0093853,-0.020963,0.0042059,0.013135,0.019818,0.02553,-0.026753,-0.014854,0.0076474,0.026056,0.046772,-0.0097374,0.029959,0.01458,0.028429,0.0088677,0.027031,-0.0041881,0.021348
0.032802,0.04549,-0.025282,0.010935,-0.010085,0.025629,-0.028573,0.010859,0.00035397,-0.020214,0.039226,-0.02929,0.0015138,-0.0047964,0.019256,-0.010568,-0.024507,0.020993,0.0012484,-0.011752,0.0097882,0.013361,0.00096944,0.0005159,0.0094207,0.049827,0.0088814,0.033921,-0.011377,0.015422,0.029333,0.0080477,0.028207,0.057569,0.011314,0.046739,0.021109,-0.0045446,-0.017436,0.0092181,-0.010675,-0.0017231,0.051258,0.00048649,0.035079,0.00083617,0.0047763,-0.011064,0.084411,0.010496,0.010657,-0.028188,-0.0058932,0.038141,0.0084066,0.037277,0.0010047,0.029743,0.017363,0.049926,0.02001,0.06603,0.016603,0.032847,0.028713,-0.0014873,-0.022952,0.068591,0.054552,-0.01076,-0.014825,0.022688,0.0077787,-0.019718,-0.015214,0.046308,-0.0063377,0.013073,0.094538,0.022486,0.0048422,-0.0050695,0.012694,0.016043,-0.0055576,-0.0071128,0.022005,0.016645,-0.022645,-0.0033158,0.043721,0.010777,-0.0055257,-0.0023307,0.011457,0.018684,0.012766,0.029007,0.058448,0.049146
-0.0043376,0.039715,0.026562,0.0085747,0.0046269,-0.013373,0.0065831,0.030588,-0.0006415,0.027952,0.00046001,0.021952,0.025695,-0.004205,-0.0092494,0.015678,0.011093,-0.014583,-0.0077658,0.037327,0.0032808,0.0045619,-0.0048064,0.013734,-0.0049676,-0.013944,0.070175,0.0025494,0.00081238,0.025768,0.022348,0.018661,0.0044178,0.010176,0.044849,0.051449,-0.0020656,0.018205,-0.051718,-0.0015845,-0.00072205,-0.027322,0.0030026,0.049908,0.0059268,0.018374,-0.018723,-0.029376,-0.014163,0.0088686,0.037564,0.0078561,-0.0073925,0.002095,0.00068589,0.022111,-0.0079689,0.051077,-0.0019319,0.043869,0.038348,-0.0090376,-0.013441,0.019287,0.011119,0.00010072,-0.021871,0.0077611,0.016399,0.017882,-0.032323,0.021733,0.02534,0.020546,0.033026,-0.029113,0.019189,0.0093071,-0.010737,0.048792,0.0091582,0.041003,0.02088,-0.013232,0.03703,-0.004097,0.031098,0.0304,0.0054135,-0.0063013,-0.016702,-0.035917,0.0023548,-0.010248,-0.041086,0.01816,0.011,-0.024317,0.026054,0.0013695
0.042443,0.010795,0.020288,-0.0021928,0.018437,0.01485,0.061197,0.021277,-0.024569,-0.015316,0.017915,0.0014733,0.021821,-0.031507,0.03262,0.0038215,0.027303,0.080744,-0.010119,-0.0077838,0.014655,-0.018275,-0.0075291,0.026652,0.023834,0.0069891,0.003949,0.048149,0.023676,0.068584,0.039114,0.0077814,-0.0089159,0.023413,0.02031,0.043393,0.03058,0.015613,0.016617,0.052788,0.045148,0.031621,0.041914,0.033829,0.0075057,0.027989,-0.028158,0.009059,-0.0068985,0.02268,0.011628,0.036674,0.01727,0.036321,0.050764,-0.0353,0.0067546,0.0048188,-0.0047124,-0.0097058,0.020228,0.021842,0.00068271,-0.034568,0.030848,0.010478,-0.01026,0.035914,0.020889,-0.013374,0.065551,0.046239,0.029386,0.0052953,0.010156,0.033876,0.0035833,0.038785,0.0188,0.069447,0.021204,0.0082233,0.022152,0.0082373,0.029013,0.03714,0.016745,0.05056,0.031751,0.071472,0.027321,0.023897,0.032922,0.015021,0.01103,0.017589,0.059261,0.0089411,0.017469,0.036091
-0.011317,0.00077294,-0.0048753,0.015421,0.013297,0.096532,0.035335,-0.018319,-0.029993,0.052586,-0.053765,0.011806,0.030257,0.031211,0.019812,-0.026686,0.040115,0.012621,0.016475,0.045826,0.015517,0.052948,0.027732,0.080103,0.047501,0.016454,0.014675,0.070902,-0.028297,-0.025327,0.066014,0.057535,0.03454,0.019066,0.015282,0.0050002,0.019307,0.020739,0.057184,0.0063278,0.060214,0.018733,0.036899,0.039344,-0.018966,-0.020456,0.017652,-0.021042,-0.022196,0.012527,-0.041291,0.041421,0.031206,0.014294,-0.0071728,0.025724,0.018031,-0.021856,0.032228,0.018676,0.011497,-0.02924,0.020307,0.02381,-0.02237,0.017618,-0.014553,0.015403,0.031287,-0.028295,0.026515,0.018907,-0.013858,0.015373,0.026851,0.069411,0.024555,0.01602,0.043291,0.046776,-0.031098,0.016939,0.010131,0.037909,0.020059,0.028972,-0.022384,0.033195,0.038107,0.014208,0.026874,0.0095983,-0.01065,0.030456,0.0079926,0.041907,-0.00068041,-0.011668,-0.0073953,0.017013
0.034293,-0.0047276,0.0096416,-0.002374,-0.011,0.027754,0.023341,-0.0024511,-0.049575,-0.0069859,0.087841,-0.011343,0.014831,0.03532,-0.013813,0.059853,0.032008,0.0093686,-0.010113,-0.0024611,-0.0013855,-0.017704,0.0082884,0.01909,-0.01741,0.03794,0.022343,0.0052387,0.0055747,-0.023422,-0.0053351,0.043367,0.017773,-0.0055517,0.054118,0.047263,0.010748,-0.030013,-0.0098764,0.020678,-0.014426,0.014507,0.010661,0.037202,0.015073,0.042514,0.0062823,0.019995,0.028913,-0.0043353,0.0095889,-0.0044395,0.042386,0.058801,0.013987,-0.041713,-0.013407,0.069242,0.015557,-0.0069933,0.017741,0.052778,-0.0057074,0.017975,0.015116,0.016382,0.038426,0.041945,-0.0036952,0.01488,0.052941,0.022042,0.0091192,0.014429,0.013369,-0.0078206,0.018479,0.0053183,-0.0081922,0.033485,0.0033818,0.016894,0.015427,-0.018546,0.023436,-0.042512,0.029217,0.0016174,0.0018427,-0.012428,0.0047744,-0.025975,0.020032,0.050906,0.0041219,0.044252,0.0090296,0.023548,-0.014843,0.0058261
0.022679,0.015911,-0.015834,-0.017884,0.017695,-0.024272,-0.0088564,0.012782,-0.024297,0.012908,0.04628,0.058024,0.021796,-0.024628,0.011692,0.023435,0.014849,-0.020373,-0.03907,0.029881,0.028161,0.00041559,0.023891,0.021517,0.01765,0.053223,-0.026081,0.022418,-0.010085,-0.028268,-0.043393,0.017135,0.011221,-0.014936,0.027115,0.034611,0.028587,0.069121,0.0030954,-0.0072011,0.020261,-0.0048365,0.049741,0.029674,0.032362,-0.023683,0.0075025,-0.006988,-0.0048145,0.037418,0.039285,0.038523,0.01552,0.041584,0.054758,0.0082449,0.0084641,0.033742,0.024842,0.01202,0.0087256,0.0075253,-0.017275,0.0082901,0.034868,0.0043421,0.027616,-0.020561,-0.0053214,0.02185,0.031351,0.02265,0.0067536,-0.0011845,0.070584,0.0077774,0.0017065,-0.0072479,0.011534,-0.025813,0.027286,0.032516,-0.0045991,0.049409,-0.0089749,-0.0244,0.066389,0.055531,-0.0093068,0.020941,0.0033286,-0.014306,0.058493,0.016357,0.04343,0.034215,-0.0057116,0.029165,-0.028344,0.011884
