0.13011,-0.041733,0.075018,0.0071479,-0.030444,-0.040474,-0.17558,0.041488,-0.015212,0.077757,0.034439,-0.089093,0.096816,0.089699,0.24657,-0.066627,0.087938,-0.003178,0.070509,0.043389,0.14074,0.042557,0.24014,-0.035872,-0.15847,6.7655e-05,-0.015874,0.1529,0.059909,-0.019727,0.20622,0.065117,0.20952,0.080797,-0.057519,0.029573,0.05623,-0.071953,0.15807,0.088883,-0.037825,-0.0060918,0.13133,0.068709,0.12299,-0.022172,0.028222,-0.13833,-0.020726,0.078192,-0.16561,-0.034151,-0.040502,-0.015225,0.12259,-0.11806,-0.093239,0.15803,0.23579,-0.06075,0.10272,0.044482,0.11673,0.28776,0.088799,0.11019,-0.082685,0.04962,0.16844,0.065155,0.046257,0.025156,-0.036007,0.12465,-0.044265,-0.044582,-0.14641,0.076461,0.13484,0.063757,0.096771,0.10517,0.075648,0.016458,0.14218,-0.008522,-0.038277,-0.072097,-0.18206,-0.017173,-0.055425,0.15693,0.17632,0.047388,0.078615,0.10536,0.067214,-0.090643,0.024694,0.0077288
-0.14509,0.021255,0.077587,0.045917,-0.066858,0.18763,0.016216,0.23927,-0.019248,-0.0046192,0.050834,0.2303,0.024019,-0.007765,0.074779,0.024378,0.0023256,-0.20413,0.022326,0.086228,-0.010423,0.1186,0.10801,0.18904,0.1123,-0.042619,-0.17765,0.12016,0.04866,-0.058926,0.04316,-0.0045569,-0.10101,0.082915,0.047686,-0.16055,0.08736,-0.097248,-0.0052118,0.05438,-0.1332,0.23996,0.22914,0.10505,0.086354,-0.046547,-0.1397,0.038433,0.079709,0.035295,0.10855,-0.10417,-0.06924,-0.12314,0.075141,-0.012792,0.077758,-0.071536,-0.0012217,0.088288,0.09553,0.10442,-0.10643,-0.048402,0.056126,0.030457,-0.036322,0.17574,0.34757,-0.026698,-0.10287,-0.0028732,-0.0010101,0.010563,-0.017099,-0.02863,0.095468,-0.098434,-0.040186,0.052732,0.091282,-0.070902,0.15095,0.16598,0.15985,0.061245,0.096168,0.014175,-0.021749,0.25195,-0.06665,0.18719,-0.14438,0.021156,0.1959,0.033982,0.038991,0.070019,0.016146,-0.043383
-0.010272,0.0087652,-0.082874,-0.02593,0.23324,0.096816,0.057169,0.069835,0.15537,-0.069346,0.062263,-0.095094,0.045055,0.088045,-0.030368,-0.069912,-0.047351,-0.15508,0.089403,-0.01234,0.017826,-0.031076,0.26906,-0.17416,0.087119,0.13265,-0.080118,-0.060497,0.04941,-0.12435,0.24436,0.054566,0.0013441,0.091969,-0.013718,0.17918,0.099292,-0.00067474,0.21719,0.17761,0.026973,0.13721,-0.061489,0.13775,0.00095032,0.012471,0.32913,0.027423,-0.043203,0.066616,-0.0092752,-0.028585,-0.062762,0.15586,0.033677,0.16734,0.075705,-0.14713,-0.12944,0.19847,-0.047084,0.06465,0.30524,0.07633,0.09059,0.084127,-0.011075,-0.020628,0.050341,-0.089267,-0.019516,0.1088,0.079257,0.018255,0.098945,-0.046857,0.15988,0.019321,-0.092544,-0.029287,0.14534,-0.16282,0.18042,0.075061,0.10484,-0.061391,-0.1298,0.08311,-0.18656,0.19156,-0.15323,0.23185,-0.075746,0.29056,0.1968,-0.026034,-0.054764,-0.11188,-0.0041372,0.038726
-0.10583,0.060432,-0.058178,0.1334,0.090312,-0.030852,-0.16243,0.1195,-0.025516,0.10654,0.12961,-0.054949,-0.017219,0.12595,0.031079,0.038854,0.17233,-0.020809,-0.11283,0.03927,0.034779,0.12746,-0.12113,0.035561,0.029797,0.042628,0.021342,-0.036447,0.065631,-0.072158,0.19358,-0.033316,0.12136,-0.05278,0.10122,0.08453,-0.02242,-0.016605,0.09833,0.055683,0.11207,0.17184,0.078061,-0.036123,0.044864,-0.02791,-0.018881,-0.16038,0.07026,0.018572,0.045674,-0.096056,-0.035449,0.073766,0.0071197,-0.14572,-0.22417,0.11425,-0.024047,0.058962,0.10116,0.093057,-0.025936,0.16273,-0.073794,0.016554,0.095423,0.12604,0.2783,-0.052323,-0.0090748,0.014247,-0.056941,-0.020426,0.034108,-0.028396,0.01077,-0.018383,0.1376,0.061851,0.090345,-0.0015804,0.12971,-0.018057,0.1473,0.074597,-0.14506,-0.0057114,0.14535,-0.018333,0.06125,-0.096691,-0.020227,0.17055,-0.094045,0.22124,-0.060523,0.040202,0.11814,-0.16743
0.0048162,-0.095332,-0.021019,-0.071701,0.01281,-0.035413,-0.022215,-0.017234,-0.035277,0.13802,0.13788,0.23717,-0.057201,-0.00064003,-0.12624,0.21042,0.19814,0.033616,0.12216,-0.052833,-0.11265,0.10148,0.010293,0.085199,-0.01,-0.093191,-0.14878,0.040481,0.057556,0.0091118,-0.22477,-0.043271,0.093803,0.04805,0.014441,-0.065624,0.027616,0.12562,0.07605,0.01643,0.059845,-0.016505,-0.053597,0.078104,0.027096,0.098931,0.11692,0.012818,-0.11742,-0.1039,-0.018922,0.16442,-0.11692,0.26367,0.13632,0.21757,-0.014559,-0.23226,0.090674,0.28704,-0.10668,0.025266,-0.09664,0.040961,-0.050088,0.156,0.16658,-0.053718,0.12412,0.071435,0.032235,0.026175,0.11094,0.13014,0.016374,-0.095142,-0.083344,0.176,0.003979,-0.064276,0.10957,0.14678,-0.12999,-0.12647,-0.030075,0.059184,0.1156,0.040441,0.14829,0.18722,-0.064163,-0.087041,0.039576,-0.077217,-0.03776,-0.10845,0.14833,-0.091696,0.13126,-0.033107
0.10502,0.1783,-0.12184,0.0067497,0.0052985,0.03209,0.18118,-0.0098633,0.32753,0.06124,-0.14373,-0.072023,-0.050491,0.16585,-0.041757,0.09163,0.085695,0.2324,0.059889,-0.086272,0.14825,-0.023365,0.023671,-0.049961,-0.038031,0.048589,0.045993,-0.064976,0.13419,-0.10005,0.08712,0.031704,-0.0090181,0.13045,0.096749,0.14291,0.25234,0.074501,0.20304,0.011362,0.15925,-0.07149,0.10304,-0.052283,0.17678,-0.014344,-0.046497,-0.03634,0.024596,-0.042821,0.037712,-0.0052799,-0.085389,-0.18414,0.0015224,-0.08139,0.007246,0.17266,-0.057336,0.10246,0.23022,-0.091765,0.074579,-0.14637,0.068767,0.0059009,0.067234,0.038224,0.10399,-0.0032247,-0.036961,-0.010589,0.050758,0.15364,0.11092,0.049509,0.15013,0.14411,0.094119,0.16989,0.07259,-0.080675,-0.0066296,0.21632,-0.0039526,0.031754,0.16174,0.041014,0.079531,0.098047,-0.063026,0.011598,0.22144,0.064281,0.070581,-0.050211,0.037689,-0.049858,0.10317,-0.024515
0.042775,0.15515,0.16152,0.092862,0.02734,0.066808,0.1123,0.17353,0.077848,0.13304,0.056233,0.25681,-0.015781,0.077099,0.17292,0.040147,0.053739,0.057712,0.083814,-0.09233,0.04311,-0.11418,0.0014153,0.18205,0.02763,0.021421,-0.031946,0.15902,-0.13722,-0.017816,0.10264,-0.040363,0.0021307,-0.081552,0.35501,0.037186,0.10927,-0.033052,0.095201,0.10715,-0.078177,0.16606,0.011487,0.096577,0.0072301,0.01329,-0.059698,0.016236,-0.021533,0.015437,0.067916,0.020363,-0.034487,-0.0036072,-0.018201,-0.11433,-0.026896,-0.011963,0.21625,0.17777,0.026936,-0.11816,-0.0099637,0.061107,-0.053148,0.11991,0.18305,0.079639,0.11332,0.17154,0.065743,0.016623,-0.14043,-0.084489,-0.051,0.13495,-0.034977,-0.12404,-0.097851,-0.0594,0.060858,-0.046897,0.088286,-0.0067499,0.042353,0.056588,0.31581,0.014462,0.0074921,0.16214,0.027544,-0.15553,-0.15113,-0.029941,0.14669,0.001017,0.082507,-0.143,-0.029983,-0.11371
-0.012733,0.02427,0.064208,0.12405,0.20877,0.17731,0.023796,0.13739,0.054959,0.05731,0.0038232,0.07443,0.13364,0.076744,-0.13561,-0.19257,-0.074617,0.014492,-0.073777,0.14712,0.47682,-0.047192,0.029128,0.032064,0.30118,-0.089884,0.20759,0.026151,0.061368,0.074286,0.19473,-0.1139,0.092466,0.038281,-0.059501,0.10884,0.15958,-0.076984,-0.114,0.16594,0.15467,-0.010052,0.2727,0.07281,-0.019267,-0.068997,-0.10249,-0.032445,-0.22939,0.12192,0.21996,-0.005986,0.024935,0.22562,-0.015441,0.024947,0.062636,0.025823,0.2435,-0.14749,0.0093903,0.18123,-0.021304,-0.02699,0.048334,0.04625,0.092749,-0.12887,0.22074,-0.031264,0.30649,0.022814,-0.016088,0.10041,-0.15722,-0.10076,-0.077454,0.068263,0.015259,-0.019795,0.14504,0.2114,0.063968,-0.19606,0.11067,0.012518,-0.014505,0.18214,0.048483,0.066965,0.012462,0.0017828,-0.054509,0.014161,-0.1004,-0.046498,0.01808,0.032478,0.21421,0.15459
-0.22042,0.18757,-0.080802,0.16216,-0.090717,-0.064605,-0.05886,-0.02309,0.17712,-0.045678,0.22628,0.047645,-0.022332,-0.074532,0.1331,0.14181,0.073636,-0.13671,0.025024,0.2347,0.15356,0.18911,0.064374,-0.099097,-0.084989,-0.028643,0.083069,0.037305,0.015204,0.0041122,0.05054,0.20236,-0.065246,0.068883,-0.12389,0.0060035,-0.0010413,0.27843,0.14241,-0.052561,0.31793,-0.097361,0.032189,-0.081786,-0.012454,0.20641,0.1087,-0.12789,0.019646,-0.018313,0.13938,-0.060916,-0.094421,-0.071659,-0.038185,0.093421,0.10498,-0.1364,0.177,0.0077323,-0.11028,0.12357,0.062125,-0.00060964,-0.011973,-0.021547,0.040093,0.12192,0.10474,0.026556,-0.015524,-0.056412,-0.026509,0.15712,-0.095395,0.17346,0.29927,-0.015079,-0.00052242,-0.061657,-0.083979,0.12649,-0.10259,-0.024661,-0.054711,0.203,0.029184,-0.13882,0.00015901,0.038946,-0.002439,-0.020075,0.0056072,0.14535,0.0037379,0.083521,-0.060304,-0.043878,0.058933,0.037471
0.003036,0.033134,-0.026539,0.039347,-0.14539,0.052626,0.21397,0.17189,-0.08302,0.029399,-0.038474,0.059224,0.030493,0.02959,0.015106,0.011948,0.098858,-0.087648,-0.058313,0.012956,-0.028459,0.23812,-0.049773,-0.034939,-0.0045903,-0.064083,0.027381,0.051682,-0.18011,-0.10833,-0.0069109,0.039738,0.19477,0.0075639,0.070823,0.12363,0.041832,0.0034576,-0.022398,-0.14972,-0.087333,0.2616,0.046988,0.22409,-0.034535,-0.17905,0.10214,-0.026724,0.058331,0.17824,0.011386,-0.031867,0.20334,0.086692,0.16484,0.015936,0.030315,0.038594,0.059685,0.066068,0.17412,0.011358,-0.08142,0.16309,0.0019155,0.068981,-0.1112,0.089992,0.023913,-0.030361,0.11884,0.14124,-0.020764,0.10255,0.25186,0.27046,-0.1274,0.12638,0.024067,0.059746,-0.041773,0.16247,0.094106,-0.040195,0.16736,-0.095336,0.025132,-0.03952,-0.043459,-0.11669,0.12413,0.076205,0.060613,-0.0090437,0.033678,-0.053824,0.08465,0.022555,0.17673,0.071353
0.049887,-0.069127,0.15997,-0.030335,-0.030435,0.058633,-0.068709,-0.05008,-0.060555,-0.18882,-0.060708,0.25129,0.116,0.10806,0.15082,0.044748,0.081069,0.00080025,-0.1041,0.0080593,0.1063,-0.0020606,0.0030599,0.012838,0.10359,0.015895,-0.047166,0.059582,0.0060297,-0.035496,0.23344,-0.046219,0.017686,-0.016595,-0.092177,0.032225,0.064484,-0.034124,0.069065,-0.098081,-0.14694,0.088497,-0.14099,0.14486,0.19016,0.093462,-0.061025,-0.069818,0.17732,0.030418,0.025874,-0.02042,0.10258,0.083096,0.16959,-0.035793,-0.083966,0.091053,-0.12541,0.032108,0.17624,0.076765,0.16019,-7.4062e-05,0.058305,0.21274,-0.017694,-0.088975,-0.061183,0.10779,0.1081,-0.044728,-0.017161,0.19872,0.1603,0.12819,-0.022162,-0.068757,-0.091065,-0.063729,0.0024755,0.00026754,-0.030479,-0.066303,0.19568,0.18496,0.096951,-0.070289,-0.025493,-0.18109,0.09093,-0.052006,0.18314,-0.096716,0.19119,0.0070945,0.12334,-0.077833,0.022046,0.066032
0.069039,0.11995,0.1076,0.049887,-0.031868,-0.0036967,0.28788,0.064327,-0.11686,0.016393,0.13208,0.015784,-0.016728,0.045287,0.046999,0.11002,-0.054313,0.20944,-0.07336,0.098496,-0.049774,0.3145,0.28097,0.086274,0.20636,0.0078677,0.16179,0.17204,0.27856,0.10289,-0.084492,0.035035,-0.017736,0.11195,-0.064023,-0.11095,0.11664,0.059247,0.075262,-0.16173,-0.012464,0.14472,0.064215,0.15246,0.060581,0.066463,0.021001,0.10285,0.078034,-0.11845,0.19362,0.2816,0.30786,-0.055922,-0.045231,-0.1818,-0.11533,0.08083,0.14315,-0.023368,0.12922,-0.052163,0.0077146,-0.083681,0.13766,0.022127,-0.023977,9.557e-05,-0.19001,0.011361,-0.17451,-0.049169,0.15094,0.072163,-0.0068528,0.094695,0.086391,-0.030941,0.24502,0.13459,0.23177,-0.088692,-0.13873,-0.083802,0.18133,-0.064196,0.052425,0.0033783,0.014978,-0.052325,0.10634,-0.0066843,0.021926,0.075809,0.029793,0.10244,-0.061263,0.1367,-0.083164,0.037976
0.096179,-0.028978,-0.072631,0.097534,-0.11944,0.11095,0.02604,0.10782,0.017444,0.028701,-0.049805,0.00501,-0.074169,-0.070669,0.031177,-0.043354,-0.13552,-0.069621,0.17425,-0.16668,0.14192,-0.056783,-0.027806,-0.033483,0.22621,0.042154,0.023295,0.079829,0.10319,0.22419,0.13492,0.007746,-0.12053,0.21833,0.18337,-0.029022,0.061713,0.16244,0.032106,0.038311,0.19568,0.20525,0.062858,0.080972,0.17335,0.22525,0.14336,0.11446,-0.024015,0.071938,0.14346,0.11248,0.059403,0.043525,0.082927,0.12334,0.0030706,0.12656,-0.0040546,0.063945,-0.0080044,-0.031661,0.3035,0.060875,0.052138,0.29524,-0.11316,0.17729,0.16727,0.11337,0.038123,-0.028374,-0.17907,0.21521,0.14559,0.10797,0.028998,0.0057177,0.040141,0.098364,0.17029,-0.011996,0.10462,-0.13741,0.088022,0.16763,-0.021819,0.032024,-0.052108,0.074644,0.11109,-0.039849,0.02689,-0.031722,0.071745,-0.19444,-0.11908,0.093411,0.08562,-0.020302
-0.030027,-0.0438,0.19475,-0.089909,0.058465,0.055223,0.16058,0.073703,0.010344,-0.015663,-0.026226,0.045137,-0.025933,0.23093,0.088489,0.089009,0.2575,0.040209,-0.01697,-0.019774,-0.11676,0.1998,0.32302,0.17226,0.089499,-0.059052,-0.067547,-0.026631,0.093545,-0.051943,0.024543,0.0086029,-0.12823,-0.12067,-0.13008,-0.043673,-0.034437,0.067802,-0.040927,0.26163,0.0556,0.044097,0.13917,-0.024938,0.16604,-0.07069,0.017699,-0.035678,0.1265,0.023998,-0.0074309,0.091634,-0.092155,-0.039248,-0.069515,-0.064662,0.041542,0.1135,-0.086208,-0.088107,-0.0065717,0.093916,0.093842,-0.1518,0.0033168,0.13873,0.26084,0.26863,-0.073557,0.089939,-0.092911,0.034314,0.17201,-0.021182,-0.15833,0.00021362,0.095091,0.077087,-0.057109,0.094241,0.061744,-0.10745,0.10281,-0.03741,0.33084,0.058894,0.014449,-0.11781,0.083554,-0.065429,0.057654,0.17984,-0.13152,0.11414,0.1052,0.059496,0.072693,-0.034233,0.092111,0.18336
0.10938,0.1775,0.18355,0.26904,-0.037901,-0.0044664,0.14165,-0.059189,0.22789,0.0075409,-0.14201,-0.010185,0.15196,-0.088678,0.00084039,0.19563,0.064229,0.0783,-0.18031,0.00065554,0.14666,0.11303,0.17594,0.13191,0.11468,-0.013157,0.0097021,0.25948,0.15919,0.0978,-0.045417,0.10029,0.0046786,-0.04506,-0.0086855,0.030984,0.23501,0.042593,-0.041983,0.096797,0.24992,0.15982,0.021551,-0.0090942,-0.16189,0.052778,0.11888,-0.011445,0.088846,-0.15373,-0.038154,-0.11414,-0.084755,-0.17864,0.23992,0.03911,0.067579,-0.10163,0.010363,-0.04946,0.08097,0.26686,0.12371,-0.060107,0.1152,0.1796,0.087415,0.27393,0.12915,0.04042,-0.11831,0.11416,0.017037,0.0086279,0.032851,-0.057358,-0.0073477,-0.1135,0.13122,0.11987,0.035713,0.060002,0.18938,0.041078,0.0014119,0.020878,-0.13058,0.068026,-0.10274,-0.073595,0.20594,0.438,-0.035923,-0.034221,-0.020705,0.18568,-0.044411,0.019121,0.04537,0.041422
0.040877,-0.037017,-0.12706,0.12509,0.082556,0.022196,0.073624,-0.0053352,0.12204,0.22183,-0.16051,-0.082976,0.052291,-0.17305,-0.020232,-0.085832,-0.03614,-0.13935,-0.02167,-0.12613,0.043588,-0.20387,0.1466,-0.0053195,0.26207,0.039472,-0.0058009,0.1607,-0.0087027,0.24918,0.069413,-0.068191,0.068055,-0.033274,0.095474,0.36395,-0.06258,0.23562,0.20533,0.15009,-0.039614,-0.083765,0.22164,0.28924,0.082531,0.14827,0.15429,-0.024466,0.045003,0.0097232,0.26071,0.023071,-0.079998,0.12292,-0.06511,0.042823,0.041842,0.042146,0.091371,0.14802,0.11107,0.13231,0.16382,-0.069496,0.069585,0.048998,-0.040101,0.024085,-0.055525,0.066719,-0.12295,-0.098823,-0.012782,-0.10539,0.042003,0.023704,0.17748,0.032349,0.17939,0.26524,-0.011992,-0.011126,0.16314,0.072679,0.15722,-0.023243,-0.085305,0.11514,-0.042953,-0.011312,0.1627,0.084641,0.10183,-0.03045,0.20812,0.12047,-0.00068201,0.06772,0.050518,-0.079544
0.064576,0.076615,0.025363,0.088513,0.085125,0.091326,0.049234,-0.1793,0.099832,0.010621,0.059137,0.16873,-0.033526,0.012312,-0.072483,0.10272,-0.012662,-0.061883,-0.1079,-0.031514,0.051476,0.029454,0.18107,-0.062733,0.025249,-0.17697,-0.029985,0.059794,0.047037,0.030473,-0.038811,-0.07759,-0.16717,-0.04526,-0.074724,0.061448,-0.045907,0.026488,0.064816,0.28511,0.055553,-0.055406,0.059181,-0.087879,-0.023368,0.08609,0.23277,0.13007,-0.098405,0.32915,0.055458,-0.13749,0.13504,0.33775,0.17427,0.0098993,0.095285,-0.09538,0.094583,-0.16199,0.10326,-0.018886,0.18424,0.055797,0.10278,-0.023502,0.10935,-0.098783,0.026988,0.14581,0.15691,0.050674,0.0070615,-0.081033,-0.012363,0.089719,0.026667,-0.070724,0.024599,-0.034584,0.053799,0.076054,0.078387,-0.038819,0.0055751,-0.044149,0.096702,0.075289,0.03713,0.14104,-0.029689,0.10802,0.045095,0.1221,0.086271,0.059606,-0.04904,-0.072364,0.052179,0.11866
-0.0011458,0.014963,-0.090287,0.041967,-0.092186,0.16733,0.055815,-0.069596,0.16586,0.1574,0.047555,-0.041667,0.17602,0.14609,0.0044875,0.29698,-0.016826,-0.06486,0.17493,0.10174,-0.053056,0.18358,-0.10902,-0.078243,-0.086215,0.022223,0.091837,0.046157,0.041319,0.18896,0.093319,-0.21489,-0.027096,0.024981,0.1088,0.063375,0.054484,-0.10959,0.088681,0.1415,-0.10521,-0.00088484,0.16209,-0.12468,0.3524,0.017648,-0.11573,0.14811,0.08737,-0.13949,0.14067,-0.061266,0.080635,0.17561,-0.030011,-0.013125,0.0861,-0.10961,-0.033977,-0.0097513,0.10113,-0.11017,-0.077643,0.052287,-0.13587,0.13557,-0.030812,0.19704,0.33274,0.24311,0.06085,0.050807,-0.147,-0.0056513,0.16984,0.025029,0.21325,0.089454,-0.038543,0.11505,0.1064,0.00054552,-0.11082,0.015457,-0.020086,0.12112,0.0059747,0.08073,0.064455,-0.047558,0.024133,0.020791,-0.015731,-0.039782,0.11971,0.26205,0.21235,0.08419,-0.015297,-0.13317
0.18761,0.11817,0.058032,0.14224,0.12329,-0.15152,0.20953,0.017018,0.12707,0.084748,-0.081197,0.070425,0.23066,-0.022278,0.016348,0.09579,0.12991,0.092207,0.15905,0.1564,0.15518,-0.0033976,0.29027,-0.0013582,-0.13214,-0.062692,0.017315,-0.038133,-0.052483,0.018021,0.027386,0.044201,0.098669,0.0071936,0.0015165,0.11778,-0.013323,0.14395,-0.06157,0.054421,0.14833,-0.05633,-0.032735,-0.19297,0.19947,0.049674,0.22045,0.1223,0.095832,0.029959,0.071506,-0.056242,0.06937,-0.038931,0.0060922,-0.031261,0.02686,-0.0045,0.09938,-0.1371,0.10214,0.27612,0.025601,0.0067332,-0.043676,0.075006,-0.15308,0.022914,0.026951,0.050814,-0.16769,0.20467,0.10066,-0.085342,-0.094474,-0.002694,-0.025526,-0.0059522,0.33932,0.16091,-0.1651,0.023109,0.014855,-0.079799,-0.11139,-0.022462,-0.072489,-0.10553,0.0061552,0.08415,0.026735,-0.036628,0.0036633,-0.0096295,-0.029613,0.27996,-0.17981,0.16131,-0.054891,0.092989
0.031467,-0.058808,0.071684,0.10552,0.14339,-0.050162,0.085648,-0.049187,0.092969,-0.092163,0.18543,0.0098624,0.17757,-0.061093,0.23575,0.0329,-0.014938,0.00568,-0.032003,0.072107,0.10185,0.15457,-0.034778,-0.068648,-0.052405,0.058175,-0.0070671,0.029255,0.16641,0.037689,0.11343,-0.034917,-0.0053518,-0.032878,0.12247,-0.013125,0.1824,-0.060428,-0.049952,0.030319,0.17084,-0.082977,-0.13489,0.086561,0.18712,-0.054059,-0.06507,0.17511,0.061804,0.016659,0.15376,-0.14748,-0.0092419,0.0024173,0.10243,0.20999,0.0091978,0.11949,0.22911,0.087877,0.12211,0.12019,0.10049,0.1593,0.051801,-0.039623,0.054166,-0.044464,0.068179,0.027826,0.10612,0.30707,0.098809,-0.067347,-0.16252,-0.090398,-0.12317,0.088664,-0.01037,0.19282,0.073406,-0.18899,0.0083233,-0.12566,-0.1002,-0.033907,-0.0080295,-0.020955,0.049112,0.024234,0.14355,-0.00041442,0.058576,0.063264,0.2254,0.083188,0.084697,0.13646,-0.03203,-0.012529
0.26256,-0.10925,0.060455,-0.10024,-0.10646,-0.08332,0.22236,-0.11738,0.059862,-0.035994,0.021809,0.29231,0.07065,0.21944,0.12171,0.22027,0.14143,-0.076438,0.27769,-0.12939,0.27226,0.015408,-0.05274,0.14913,0.086751,0.18445,0.041891,-0.11849,-0.067939,0.2104,0.2056,0.10628,0.077388,-0.046286,-0.023593,0.085133,-0.040554,-0.0056698,0.047449,-0.044487,-0.10243,-0.12576,-0.013234,0.097426,-0.10517,-0.051511,-0.12605,0.058824,0.17252,0.046548,-0.093904,0.12449,-0.068138,0.11857,0.0039037,-0.13639,0.096198,0.023491,-0.065041,0.069658,0.045022,0.11774,-0.14516,0.074345,-0.035274,0.028709,0.043259,-0.061684,0.14356,-0.080088,0.20849,-0.13136,0.15505,0.10136,-0.10284,0.10188,0.20341,-0.065376,0.019507,0.0068544,0.11908,0.2753,0.22094,0.1436,0.012247,-0.063061,0.021432,0.15716,0.1227,-0.024283,0.2233,-0.028304,0.1667,0.078405,-0.078118,0.13939,-0.011409,0.061523,0.085098,0.04282
0.21245,-0.078797,0.07899,-0.0045795,0.20203,-0.074203,0.016324,0.24406,0.014959,0.17343,0.022495,0.0030384,0.1495,-0.10328,-0.025649,0.15898,-0.097359,0.1437,0.072052,0.1624,-0.082393,0.1206,0.04556,0.054701,0.20253,0.13069,-0.03329,0.040289,0.13829,0.057733,-0.11631,0.01013,-0.042386,-0.074398,0.073129,0.033576,0.036619,-0.042526,-0.058279,0.032725,-0.053806,0.30846,0.072085,0.17146,-0.011572,0.12922,0.063259,0.12189,0.078139,-0.019005,-0.058589,0.10849,0.14454,0.033644,0.13585,-0.044024,-0.079861,0.063769,-0.050444,0.20948,-0.031617,-0.11462,0.21269,0.10305,-0.072388,0.022206,0.049523,0.19367,0.034701,0.20505,-0.0031758,0.064007,0.019308,0.095242,0.15471,0.020001,-0.047135,0.20339,0.11614,0.13958,0.1327,0.22191,-0.16729,0.1705,0.0098712,0.041184,0.062085,0.069816,0.018798,0.048781,0.028554,-0.060385,0.042405,0.044063,-0.10713,0.084339,0.11401,0.044138,0.017471,-0.064475
0.18012,-0.027078,-0.0057047,-0.015589,-0.031055,-0.072458,0.21729,-0.10353,0.033201,0.19303,0.088552,0.0086302,0.21715,0.21196,0.14491,-0.047504,0.062659,-0.050089,0.10877,0.10881,0.30223,0.012623,0.088293,0.099332,0.22174,0.14737,0.12166,0.11301,0.25779,0.067353,0.20985,0.066869,-0.079796,0.11562,0.21807,-0.0060313,0.1718,0.03683,0.06677,0.16982,-0.028155,0.072186,-0.10287,0.087301,0.24911,-0.016645,0.12991,-0.14435,0.019188,0.17464,-0.031789,0.033263,0.064771,-0.097369,0.0023766,0.030579,-0.024639,0.1959,-0.12219,0.10248,-0.086472,0.047292,-0.014205,-0.045963,0.061575,0.15221,0.049941,0.10261,0.026424,-0.13966,-0.060966,0.037366,0.20302,0.070543,0.016276,0.10618,-0.15032,-0.02292,0.0039949,0.042941,0.14819,0.079905,-0.12418,0.10948,0.22807,-0.11547,0.098572,-0.052581,0.021449,-0.10259,0.015551,-0.035605,0.084624,0.17308,0.15372,-0.054451,-0.003714,-0.03662,0.017967,-0.13301
0.13307,-0.10469,0.22296,-0.087019,0.00372,0.068176,0.10789,0.057311,-0.0090189,0.14676,-0.010807,0.059227,-0.021973,0.092204,-0.0054409,-0.12252,0.12887,-0.12788,-0.030937,0.26737,-0.081817,0.049116,0.12323,-0.23866,0.060962,0.35798,0.3737,0.044006,0.11707,-0.075526,-0.18371,0.091491,-0.027998,0.0020765,-0.082606,-0.19742,-0.036864,0.036498,-0.0034892,0.029317,-0.01032,-0.082434,0.069156,-0.042244,0.084897,0.094071,0.050895,0.060024,0.22033,0.038887,0.29678,0.10852,-0.102,-0.015258,-0.20183,-0.023197,0.20735,0.00027053,0.016595,0.042697,-0.059773,0.11303,0.07889,0.15366,-0.0022057,0.062296,-0.036958,-0.095845,0.21396,0.037871,-0.019022,0.12538,0.089957,0.044164,-0.01406,-0.11251,-0.070346,0.12804,0.14948,0.11774,0.15102,0.17695,0.16102,0.055513,-0.0055711,-0.017377,-0.095695,-0.0833,0.039173,-0.16915,-0.01242,0.10977,-0.00060616,-0.053095,0.11342,0.082143,0.091388,0.068149,0.25444,0.0599
0.061392,0.16655,0.052786,0.019849,0.12559,0.031292,0.039313,0.023875,0.025407,-0.075891,0.16813,-0.023992,0.075824,0.088339,-0.0098536,-0.075519,0.087235,-0.092012,0.15023,-0.051692,0.051214,0.14509,-0.049522,0.067573,0.16562,-0.019778,-0.10428,0.033336,-0.031354,0.03216,-0.12405,0.021,0.24667,-0.068338,0.068063,0.15856,0.079701,0.06231,0.12065,0.099712,-0.021491,0.13512,0.049011,-0.018806,-0.076454,-0.10166,0.065867,0.12914,0.16258,0.20496,-0.12668,0.032512,0.21956,0.053464,0.064715,0.13686,0.058597,0.25944,-0.029552,0.018181,0.08887,0.072585,0.094812,-0.019109,0.006057,0.076006,0.1377,0.18633,-0.11251,0.27915,-0.024532,0.025316,0.12348,0.029719,-0.10027,0.0323,0.12565,-0.037373,0.013378,0.086013,0.045255,0.20282,0.069606,0.11755,0.09815,0.00042193,0.014954,0.099413,0.24494,0.11485,0.13371,0.028431,-0.048129,0.067053,0.13397,-0.00054003,0.059673,0.00037861,-0.1146,0.16481
0.11076,0.058399,-0.096319,-0.026659,0.016665,0.034021,0.055238,0.23612,-0.045888,-0.015006,0.0088847,-0.14176,-0.036061,0.15553,0.20482,0.0070403,0.19557,0.10122,0.016799,-0.20578,0.23842,-0.04997,-0.10225,0.060517,0.022248,0.057381,0.001155,0.077193,-0.095758,-0.12295,0.41678,-0.010904,0.31715,-0.005068,0.030375,0.058622,0.13366,-0.021946,0.15196,-0.05286,0.20185,0.062541,-0.087262,-0.11833,-0.073975,0.018175,0.10522,0.013554,0.15175,-0.011857,0.088273,-0.021892,-0.025783,0.17929,0.12703,0.092378,0.14749,-0.024097,0.12466,0.057074,0.14323,0.055139,-0.067753,0.094094,0.12138,0.078557,0.25854,0.016729,0.2925,0.30721,-0.028395,0.090389,-0.12674,-0.096955,-0.021283,-0.060744,-0.03058,-0.0027868,0.020609,-0.021601,-0.032654,-0.013186,0.096359,-0.041973,0.18037,0.093406,0.013235,0.3681,0.062817,-0.031112,0.02457,-0.043976,0.15608,-0.035267,0.13326,0.032054,0.1264,-0.0031645,0.091318,-0.055053
-0.092383,0.19927,-0.095692,-0.075422,-0.17174,0.17892,0.22178,-0.054716,0.19651,0.15363,-0.080328,0.14437,-0.0058775,-0.079805,0.015942,0.022411,-0.041393,-0.0048406,0.094779,0.13232,-0.023265,-0.014629,-0.01664,0.024434,0.0054225,0.01271,-0.040723,-0.1419,0.0020006,0.39069,0.35656,0.22822,0.052746,0.18462,0.029587,0.18985,0.2559,-0.14398,0.10369,0.10782,0.076099,-0.012932,0.12196,0.16813,0.19715,0.077302,-0.025094,0.14581,0.058176,0.021325,0.050661,0.10429,0.060054,-0.045405,0.036603,-0.085139,-0.05113,0.18678,-0.0077382,-0.12107,0.034121,-0.045767,0.20161,0.067917,-0.0021799,-0.056253,0.033837,0.098849,-0.014104,-0.10841,-0.23626,0.18346,0.021288,0.2454,0.047155,0.075609,0.1985,0.048039,-0.012978,-0.094846,0.067807,0.16068,0.09294,0.0121,-0.072689,0.09592,0.013591,0.1101,-0.040291,0.078156,0.0091708,0.11997,0.19516,0.053399,-0.020064,-0.020555,0.16884,0.068971,-0.017853,0.14174
-0.0030095,-0.087182,-0.05298,-0.061087,0.14401,0.0071666,0.072524,0.26308,0.068144,0.093194,-0.070025,-0.16628,0.13105,0.096142,0.059227,0.16701,0.11748,0.099438,-0.0018211,0.099732,0.22856,0.021623,0.026899,0.18969,-0.027505,0.0024773,0.16792,-0.022224,0.057502,0.013712,0.28886,0.0052188,0.03127,0.22043,0.13046,0.089554,0.13081,-0.12096,0.076097,-0.00043717,0.082159,-0.10017,-0.04049,-0.023497,0.055326,-0.02958,-0.050089,-0.11853,-0.11173,0.28475,0.1614,-0.033729,0.0066818,0.087439,0.21493,0.13949,-0.045452,-0.047132,0.067928,0.15905,-0.0018464,-0.054332,0.095322,0.10058,0.27178,-0.074711,0.087016,0.085337,0.15156,-0.05217,0.033073,-0.025551,-0.13536,-0.017939,0.026456,0.054331,0.22126,-0.051672,0.22867,0.084857,-0.0037504,-0.22099,0.02017,-0.058583,-0.042092,0.02044,0.09015,0.041658,0.042257,-0.020584,0.092357,-0.1268,0.079186,-0.0085854,-0.03041,0.01019,-0.08029,0.054807,0.24449,0.053324
-0.073995,-0.095389,0.12766,-0.11788,0.20573,0.19192,0.12319,-0.08758,-0.15773,0.062143,-0.016608,0.016679,0.076927,0.0014136,0.010985,0.021952,-0.050346,-0.020385,0.25781,-0.0016777,0.068828,-0.062548,-0.037245,-0.088411,0.0056782,0.0031328,0.042173,-0.112,0.034035,0.035448,0.19775,-0.11358,-0.01806,0.020279,-0.016369,0.095188,0.12907,0.011027,0.19044,0.00081997,-0.067459,0.12545,0.01162,-0.048811,0.024914,-0.023722,0.046039,-0.11779,0.019776,0.27252,0.083455,-0.099191,0.12625,-0.022596,0.087451,0.091495,-0.0059157,0.46037,0.01387,-0.081831,0.035939,-0.080615,0.25556,-0.057974,0.18159,0.14923,0.028734,-0.0059768,0.039105,0.090499,0.082352,-0.1111,-0.037906,0.048565,0.010024,-0.24576,-0.018415,0.22104,0.22285,0.19298,-0.0051441,0.27884,-0.068562,-0.08995,-0.037083,-0.033185,0.049702,0.077532,-0.056279,-0.177,0.12322,-0.045806,-0.061949,-0.051284,-0.12964,-0.013301,0.011922,0.25983,0.18834,0.011654
0.054114,0.088891,0.019954,0.18547,0.079049,-0.00026678,0.081034,-0.023152,0.32036,-0.021401,0.11749,0.059928,0.069178,0.0017071,0.14676,0.036715,0.013403,-0.03628,0.064266,0.028023,0.070415,0.084813,0.2118,-0.06687,-0.011651,-0.14244,0.23266,0.20493,-0.13684,0.058136,-0.038781,-0.040418,-0.11218,0.016673,-0.073428,0.1184,-0.085659,0.036154,0.013852,0.16565,0.025295,-0.060642,0.045997,0.12711,-0.025273,0.1416,0.022818,0.0015841,-0.13805,-0.10715,0.065668,0.028373,-0.023176,-0.13201,-0.023266,0.077757,0.087926,0.15447,0.26201,0.26151,-0.047816,0.074269,0.26707,0.21411,-0.038034,0.1155,0.096346,-0.025173,-0.15744,0.14807,0.076191,-0.046819,0.17005,0.3425,-0.15819,0.0038962,0.19492,0.25586,-0.13123,0.20926,0.023657,0.05953,0.063103,-0.13347,0.27349,0.15135,0.077588,-0.0086912,0.04118,0.19553,0.0013599,-0.21504,0.039025,0.026931,0.13885,0.15523,0.073553,0.25586,0.23134,-0.02631
-0.12872,-5.0431e-05,-0.056621,0.074408,-0.024593,-0.027844,-0.019294,-0.069398,0.017595,0.24328,0.098281,0.074235,-0.020918,-0.094937,0.037337,-0.01368,-0.14707,0.17673,0.1547,0.28773,-0.00052791,0.010852,-0.010011,-0.026091,0.12612,-0.09654,0.092304,0.018634,0.047645,0.085962,-0.01786,-0.024812,0.014353,0.441,0.33116,0.04063,-0.084607,0.13076,-0.053589,-0.019495,-0.13774,0.12222,-0.028833,-0.0048914,0.07666,0.035645,0.053146,0.10483,0.04196,0.21326,0.154,0.045486,0.48795,0.15203,-0.013694,-0.0043795,0.25637,0.055269,-0.002163,-0.052952,0.0049351,0.032712,0.06643,-0.012981,-0.090247,0.011549,0.10027,0.20978,0.071944,0.11386,-0.064122,0.046319,0.14586,0.10556,0.088936,0.080087,0.026855,0.094623,0.1276,0.12696,-0.11164,0.055448,0.10654,0.13853,0.03742,0.025828,-0.02575,-0.040198,0.0034144,0.10915,0.037944,0.084412,0.016407,0.13213,0.068007,0.044787,0.10202,0.019008,0.20668,-0.089719
-0.097589,-0.030803,0.060021,-0.16134,0.015856,0.052602,-0.10121,0.16974,0.15281,0.036228,-0.05788,0.13207,-0.01426,0.023014,0.017685,0.17013,-0.15864,-0.069224,-0.13152,0.15138,0.057777,0.19159,0.18236,-0.0096219,0.0093589,0.036655,0.018031,0.045421,0.0037809,0.17039,0.045394,-0.00029247,0.087867,-0.026897,0.042284,0.032341,0.013668,0.26161,0.038741,0.052849,-0.0042102,-0.0024578,0.20511,0.10256,-0.041355,0.18701,0.024997,0.039611,-0.12984,-0.137,-0.16873,0.18053,0.054071,0.013972,-0.054377,-0.13995,0.016778,0.12079,-0.11182,0.059505,0.029116,0.038695,0.12617,-0.15847,-0.09095,0.038463,0.075517,-0.073362,0.15884,-0.0049722,0.051059,0.094826,0.067083,0.088915,-0.0018905,0.092537,-0.026405,0.016189,-0.12069,0.082666,0.03251,0.11251,0.11736,0.039625,-0.00044294,0.052283,-0.17302,0.025924,-0.13089,-0.072931,-0.050336,0.096883,-0.067803,-0.10512,0.065313,-0.07846,0.14254,0.18595,0.12195,0.016431
0.10493,0.071929,0.056843,0.19381,0.11055,0.10853,0.012331,0.030461,0.03028,-0.021175,0.17423,0.06851,0.23139,-0.027731,0.163,-0.079775,0.15737,-0.032049,0.23927,0.13654,0.076921,0.048565,-0.07049,-0.023436,0.020761,-0.063521,-0.02536,0.18238,0.0083429,0.018531,0.11968,-0.073672,-0.029887,0.14528,0.021474,-0.17526,0.074604,-0.037204,-0.029086,0.093888,0.26909,-0.012141,-0.042669,0.094593,-0.019087,0.069762,-0.10997,-0.055069,0.021717,-0.16069,0.0015904,0.1626,-0.014829,-0.080184,0.010046,0.011653,0.10096,0.18016,-0.13239,0.031187,0.045277,0.0626,-0.049631,0.03504,0.074476,0.068658,0.16128,0.02083,-0.026728,-0.098379,-0.0080756,0.11983,0.14321,-0.036683,0.055965,0.048273,-0.16406,0.026159,-0.032674,0.19786,0.10315,0.028389,0.20157,-0.042591,0.050378,-0.061494,-0.074958,-0.14932,0.1745,0.14129,0.13836,-0.079396,0.055947,-0.05356,-0.075414,0.0083762,-0.13666,-0.03909,-0.061905,0.13326
0.0032947,0.19624,0.044174,-0.0081672,0.075421,0.034864,0.14643,-0.044951,0.24236,0.092149,-0.053485,0.0044592,-0.052344,0.098065,-0.10682,0.1346,0.052739,0.1358,0.1258,0.25462,-0.059481,-0.097677,0.18646,-0.1419,0.097502,0.23238,-0.15254,0.2751,0.19031,-0.017353,0.00014492,0.12814,0.15877,0.18808,-0.03612,-0.11166,-0.17974,-0.027432,-0.030985,0.033101,0.22129,-0.0085633,-0.064471,-0.039811,0.13913,-0.067862,0.012755,0.074748,0.19229,0.10922,-0.11294,-0.063407,-0.072999,0.14564,-0.0099411,0.094704,-0.15775,-0.14638,0.16602,0.21368,0.028075,0.037264,0.11331,0.03601,0.051951,0.086525,0.13724,-0.15891,0.10415,-0.089184,0.10647,0.13705,-0.065073,-0.23138,0.071275,-0.11053,-0.012676,-0.0011837,-0.12665,-0.12526,0.31816,0.16301,0.052342,-0.0057338,0.13708,0.26043,-0.18126,0.24042,-0.11241,0.088168,0.1211,0.020932,0.056968,0.24834,-0.033492,-0.055617,0.047477,-0.038988,0.25166,0.038978
-0.068796,0.0066804,-0.07033,-0.050031,0.016759,0.23628,0.11068,0.090207,0.078804,0.063971,0.056854,-0.1102,0.059219,0.26524,0.031102,-0.085451,0.042835,0.22678,0.031879,0.10846,-0.0082754,0.14956,0.096701,-0.074044,0.049016,0.025466,0.013954,0.043807,0.13847,-0.052687,-0.032225,0.052017,-0.058822,0.022823,0.13613,0.057198,-0.1552,0.19679,-0.11674,-0.0074441,0.11235,-0.031587,0.21015,-0.087936,0.050683,0.10226,-0.011042,0.089682,0.07541,0.10187,0.037548,0.1131,-0.10046,-0.0044105,-0.061141,0.0058782,0.048043,-0.057187,-0.056134,0.17147,-0.10963,-0.024403,-0.097034,-0.082746,0.03451,0.041827,0.22232,0.27009,0.003023,-0.026505,0.11989,0.19093,0.008486,0.030755,0.13111,-0.053135,0.04848,0.14918,-0.21051,0.21327,0.031773,0.091845,0.0004904,0.013138,0.071146,-0.049366,-0.014578,0.075347,0.10194,0.096595,0.16876,-0.013402,-0.12226,-0.065761,0.0066944,0.099484,0.05999,0.063391,-0.054028,-0.0052167
0.043883,0.19142,-0.081257,-0.016985,-0.065281,0.0028906,0.18543,0.039191,0.14374,0.10044,-0.027089,0.080486,0.19093,0.20813,-0.027431,-0.12137,-0.019485,-0.054271,-0.01073,0.099684,0.051219,0.12885,-0.014286,0.15753,0.31786,0.081547,0.13516,-0.044807,-0.047412,0.0065398,0.21895,0.094262,0.021637,-0.026699,0.070896,0.14095,0.080047,0.1258,-0.10702,0.051062,0.081718,0.008916,-0.11078,-0.14384,0.1024,0.022964,-0.023854,0.05488,0.038011,0.3196,0.078885,0.0054745,0.14448,0.024195,0.15903,0.095625,0.021301,0.090884,0.35449,-0.10155,0.095582,-0.082999,-0.049646,0.038553,0.0055315,0.14409,-0.02102,-0.061779,-0.06543,0.17838,-0.085244,-0.01628,0.020602,0.034716,-0.034676,0.13214,0.20397,-0.041285,-0.070366,0.14943,-0.053147,-0.038448,0.21892,0.044212,0.053182,-0.040771,0.30519,-0.014219,-0.11347,0.017656,0.089117,-0.072617,0.033649,0.095289,0.053586,-0.10699,0.029725,0.085283,0.0019237,0.00029164
0.14005,-0.0047393,0.016946,0.19312,0.077894,0.19021,-0.078497,0.037184,-0.045986,0.13156,-0.035475,0.043602,-0.019569,-0.040655,0.087865,-0.01158,0.063474,-0.058446,0.059534,0.063601,0.016249,0.31758,-0.14263,0.093408,0.035894,-0.060109,0.14642,-0.094213,0.044386,0.13117,-0.13141,0.094367,-0.086503,-0.072328,0.08184,-0.081793,0.043257,0.085653,0.021769,0.15115,0.092317,0.015824,-0.036297,0.13159,-0.11649,0.060157,0.041955,0.0029054,-0.11935,-0.12374,0.16414,0.02719,-0.098637,0.041239,0.20224,0.093956,0.047737,0.07223,0.10728,0.06956,-0.012545,0.11677,0.016787,-0.088707,-0.08647,-0.048034,-0.10255,0.13358,0.16223,0.010688,0.085846,0.077609,0.032917,0.062885,0.072027,0.027429,0.1252,0.052131,0.19263,-0.046825,0.10792,0.071404,0.080079,-0.134,0.032493,0.15295,-0.0037538,0.12,0.034771,-0.004479,-0.044225,0.12124,0.064682,0.13401,0.040727,0.11148,-0.050837,0.174,-0.043225,0.051576
0.09976,0.042196,-0.036902,-0.1123,0.0059846,0.12586,0.077593,0.1367,0.1108,0.19098,-0.099642,0.082371,0.095411,-0.03774,-0.021162,0.13155,0.4026,0.1567,-0.036821,0.070111,0.10253,-0.024844,0.084295,0.039833,0.24504,0.078006,0.0028306,-0.055298,-0.07263,0.14907,0.16204,-0.00031583,-0.069178,0.15599,0.016592,0.33491,0.016113,0.13339,-0.14296,0.0073851,0.12975,0.10328,-0.0043883,-0.0061267,0.12769,-0.16136,-0.05677,0.088225,-0.068737,0.13529,0.013026,-0.029188,0.076966,0.21258,0.12535,0.0059723,-0.059724,-0.027052,-0.027021,0.18309,0.17149,-0.041618,-0.065149,0.055942,0.069452,0.026049,-0.013853,-0.099515,-0.027914,0.01111,0.061703,0.12418,-0.075762,-0.1341,-0.063526,-0.10093,0.058245,0.11335,-0.00040671,0.085966,0.10113,0.1395,-0.065857,0.097928,0.017958,0.1332,-0.098881,0.092046,0.1334,0.060021,0.020089,0.053094,-0.067131,0.2207,-0.083782,0.07455,-0.17698,0.10821,0.18968,0.087323
-0.00687,-0.057297,0.14198,0.1884,0.13138,0.11446,0.028661,-0.039,0.019267,-0.039419,0.2136,0.17408,0.15645,0.096283,-0.033713,0.17743,0.29794,0.05404,-0.059681,0.16773,0.06255,-0.010465,-0.043555,0.1144,0.26144,0.068524,0.21647,0.073073,-0.11884,-0.07032,0.0035324,-0.066787,-0.026898,0.11809,0.1316,0.019152,0.01602,-0.10946,0.033575,-0.046183,-0.02533,-0.071114,-0.18704,0.027682,0.1154,-0.12802,0.11515,0.12729,-0.11646,-0.039126,-0.312,-0.16683,-0.047306,0.24474,0.19504,0.084326,0.066634,0.011301,-0.19539,-0.088361,-0.1119,0.099123,0.039727,-0.042133,-0.044465,-0.054598,0.11002,-0.068264,-0.16773,0.0085203,0.031172,0.091165,0.096143,0.22435,-0.1671,0.11608,0.018391,0.10893,-0.076986,0.089674,0.083102,0.05867,-0.046889,-0.028808,-0.15044,-0.037809,0.024555,-0.097611,0.036061,-0.057508,0.14195,0.12069,-0.048636,0.1947,0.017057,-0.087942,0.21773,-0.011386,0.033358,0.14877
-0.11988,0.058987,-0.040982,0.098469,0.15478,0.044411,-0.093624,-0.037057,-0.028747,0.28874,-0.10148,0.34221,-0.12669,-0.075715,0.19944,0.09737,0.097008,0.26736,-0.14032,-0.10137,0.097119,0.018133,0.1177,0.065083,0.13884,0.061787,0.15909,0.17878,0.14088,-0.037327,-0.10575,-0.054252,-0.027711,0.15369,-0.03969,0.02217,0.11403,0.17296,-0.10152,0.0092063,-0.082758,0.034763,-0.021528,-0.11096,0.16902,0.30408,-0.10001,0.11905,0.15134,0.12477,0.069725,-0.14731,0.12233,0.007387,0.018792,0.13048,0.10117,-0.016775,0.029774,-0.13782,0.006551,0.023098,-0.011356,0.015939,-0.064804,0.00077411,0.2022,-0.085349,-0.090164,-0.11327,-0.047189,0.088012,0.37286,0.022792,0.10079,0.081179,0.0049075,-0.098936,0.048758,-0.10888,0.088184,0.012501,0.18705,0.13116,0.14015,0.38002,0.055796,0.12043,-0.13338,0.18482,0.26627,0.087815,-0.042459,0.1042,-0.058835,0.081614,0.069314,0.082002,0.22344,-0.088129
0.044917,-0.06776,0.029822,0.07887,0.060205,0.26138,0.05924,-0.12672,0.3193,0.13822,0.1154,0.096604,0.033706,0.13188,0.10208,-0.033428,0.24904,-0.0031538,0.0097694,0.11215,-0.0044112,0.054519,0.11203,0.12279,0.082,-0.1943,0.11635,-0.01408,0.11187,0.055339,-0.054115,0.22867,0.088559,0.10062,-0.055385,-0.019685,-0.018705,-0.0483,-0.16126,0.019774,-0.0075279,-0.0085998,0.07264,0.17783,0.045634,-0.034268,0.19683,0.07124,0.082274,-0.0507,-0.14709,-0.04337,0.11758,0.0074063,-0.006833,-0.016278,-0.15991,0.091069,0.096288,0.062624,-0.076392,-0.015165,0.026776,-0.098688,-0.091829,0.10478,-0.050079,0.13855,0.13393,0.021334,-0.050978,-0.02788,0.049755,-0.0067311,0.069144,0.045008,0.094273,0.034321,0.0032512,-0.093005,0.013925,0.10891,0.40655,0.092011,-0.018783,0.14688,-0.11624,0.07769,-0.073682,-0.017077,0.18464,-0.083653,-0.011831,-0.066859,0.15841,-0.047523,-0.093946,0.14041,0.050902,0.062242
0.12941,0.17045,0.044256,0.12797,0.1079,-0.090702,0.053864,0.006009,-0.037531,-0.097095,-0.013693,0.26135,-0.051242,-0.038064,0.00022321,0.034598,-0.0072942,0.14786,0.15522,0.076346,0.10594,-0.040559,0.0074049,-0.01304,-0.076406,0.0017645,-0.034544,-0.014177,-0.07002,0.28022,0.0093985,0.094557,-0.053153,0.09451,0.14248,-0.082619,-0.025593,0.11515,0.078278,0.027748,-0.030192,0.060736,0.15416,0.010902,-0.06489,0.019211,-0.067372,-0.051992,-0.038972,-0.033248,0.22922,0.13157,0.023897,-0.057945,-0.08703,0.01689,-0.1393,-0.1601,0.13922,-0.034256,-0.052148,0.083836,0.22846,0.11012,0.042423,0.037346,0.20965,0.024174,0.31344,0.080694,0.32702,-0.056853,0.06532,0.22752,-0.08344,0.0040709,0.13094,0.017704,-0.048547,-0.045523,0.037716,0.025354,-0.011419,-0.045444,0.16247,0.025025,0.15624,0.18304,-0.021506,0.0042465,0.085174,0.10263,0.052788,0.0064734,0.050643,0.13373,0.28531,-0.0010388,0.080424,0.095752
0.059272,-0.038426,0.096741,-0.0050357,0.11984,0.044534,-0.03307,0.040524,0.050223,0.10866,-0.041552,0.3,-0.021679,0.13184,0.16822,0.13376,-0.16057,-0.022418,-0.0094264,0.092047,-0.081637,0.18307,0.0056141,0.1057,-0.059989,-0.18391,-0.036134,0.0031583,0.018987,-0.11091,0.14565,0.031223,0.040887,0.027108,0.23189,-0.029315,0.090067,0.028947,0.027754,0.06844,0.09737,0.17384,0.1131,-0.016689,0.077194,0.062326,-0.038055,-0.0010578,-0.00028262,0.17545,0.23741,0.056984,-0.020189,-0.16427,0.0071485,0.072182,-0.055115,0.23117,0.15556,0.085549,-0.02776,0.29135,0.10094,0.14578,0.16954,0.056439,0.011511,0.14938,0.14855,0.035306,0.053109,-0.025551,0.19766,-0.24727,-0.092351,0.15793,0.089959,0.11693,0.13176,0.09885,0.032478,0.012304,0.12101,0.044554,0.040292,-0.04673,-0.058971,0.069325,0.24948,0.21989,0.038172,-0.11518,-0.012233,-0.054547,0.1178,0.24708,-0.12106,-0.075223,0.0040421,-0.17165
-0.23569,0.05172,-0.12936,-0.0061088,0.20772,0.13561,0.0058976,0.33116,0.17908,-0.16489,0.063969,0.12168,-0.092653,-0.067621,0.21366,0.030966,0.053136,0.15731,-0.10345,-0.026864,0.15092,0.2435,0.037219,0.01999,0.20975,-0.03414,0.0077861,0.0093146,-0.059764,0.10062,-0.03206,-0.10457,0.03981,0.07611,-0.047205,0.1727,0.06995,-0.037336,0.21071,-0.04845,0.26185,0.12254,0.021434,-0.054379,-0.016442,0.011896,0.16629,-0.015744,0.007469,0.0060627,0.10891,0.13891,0.094472,-0.12247,0.021475,0.072451,-0.14628,0.19158,-0.17664,-0.016225,0.11651,-0.039895,-0.1893,0.19262,0.042651,-0.052601,0.091779,0.061646,-0.005605,0.011781,0.062702,0.041554,0.019711,0.057658,-0.16594,-0.042328,0.13438,0.11247,0.11098,0.23491,-0.11956,0.10733,0.019779,-0.13781,0.035363,0.14918,0.074338,0.15887,-0.051045,0.069058,-0.099311,0.16111,0.085352,0.31717,0.16774,-0.046594,0.035834,0.10238,0.26239,-0.027862
0.03343,0.15955,0.016159,0.11066,-0.036294,0.03606,-0.044787,0.23581,-0.068552,0.218,0.014432,0.028797,-0.0067517,-0.028999,0.023918,-0.12893,0.12607,0.034212,-0.14194,0.044205,0.24177,0.038078,-0.010356,-0.07851,0.17742,0.19047,0.16858,0.1853,0.25045,0.15799,0.026546,0.11627,0.19507,0.24717,0.068098,-0.018881,0.023676,-0.10433,0.31387,0.03245,0.08014,-0.07702,0.093168,0.017685,-0.055982,-0.049184,0.18313,-0.10851,0.06161,0.0042778,0.21581,-0.17408,-0.11746,-0.093126,-0.097555,0.062232,0.027838,0.15753,0.22567,0.0157,0.0060759,0.12993,-0.11785,-0.014889,0.23717,0.18102,0.067323,-0.064776,0.038126,-0.15915,0.14009,-0.013561,-0.051337,0.042405,0.22675,0.1498,0.12967,0.031645,0.057417,0.060147,0.12263,-0.019705,-0.026708,0.20967,-0.044117,0.06751,0.078892,0.006626,0.06751,0.083631,-0.12666,-0.074084,0.11386,0.14047,-0.013683,0.079146,0.086258,0.060213,0.050515,0.034683
0.103,0.099783,-0.14414,-0.039714,-0.096339,0.074603,0.070025,0.055052,0.11156,-0.018064,-0.16047,0.08767,0.17008,-0.014986,0.17141,-0.14371,0.11486,-0.17382,0.29655,0.003299,0.071981,0.074304,0.017817,-0.1573,-0.19348,0.07208,0.24007,-0.0086988,-0.066999,0.025462,-0.090805,-0.063209,0.011144,-0.029799,0.063123,0.056472,0.031016,0.2076,-0.0063564,0.058004,-0.033397,0.070603,0.07506,-0.12136,-0.0059144,0.17704,0.14982,0.23947,0.092581,0.093083,-0.13733,0.01485,0.15772,0.088674,0.026726,-0.00033562,0.051184,0.089485,0.17039,-0.026522,0.03046,0.093176,0.034099,-0.019916,0.0036942,-0.033388,-0.046458,0.027298,-0.018109,-0.10579,0.1068,0.030208,0.08875,0.051973,-0.057705,-0.042554,0.078459,0.20969,0.056405,0.0046096,0.022859,0.061926,-0.010531,0.15499,0.046948,0.11242,0.10308,0.11759,0.05847,0.48457,-0.031716,-0.041384,0.036277,0.13783,0.026492,0.071868,0.06043,0.0064477,-0.016103,0.3428
0.10315,0.20251,-0.025721,-0.1004,-0.067191,0.064967,0.03243,0.0026629,0.08065,-0.029667,0.031912,0.099546,0.0651,0.070542,0.0243,0.021866,0.031873,0.04687,-0.043033,0.11091,-0.042465,0.074381,0.11773,-0.042199,0.11229,-0.0027334,-0.074779,0.17666,0.25029,0.056968,0.19209,-0.0082974,0.20691,-0.085087,-0.090593,0.072397,-0.0062318,0.17829,0.028156,0.23895,-0.024906,0.010949,0.14861,-0.037297,0.041874,-0.068917,0.0076261,0.06273,-0.010211,0.23253,0.041927,0.065347,0.015933,-0.086232,0.15919,-0.032702,0.11514,0.20252,0.14274,-0.097262,0.027943,-0.014202,0.026728,-0.014627,-0.026049,0.19408,0.12591,0.17753,0.056037,0.013869,0.21135,0.19051,0.18579,-0.0032171,0.11795,-0.021644,0.21085,-0.033528,0.26218,0.0015507,0.11374,0.081885,0.18124,-0.045169,0.030848,0.019596,-0.053888,-0.04519,-0.15077,0.021407,-0.058436,0.04527,0.019609,0.22299,-0.058641,0.0020585,-0.021611,0.10791,0.13053,0.045514
0.018299,-0.046636,0.13812,-0.060389,-0.051747,-0.019477,0.068546,0.14027,0.051213,0.11787,0.16324,-0.083332,0.02568,0.11592,-0.072339,-0.0748,-0.10485,0.11374,0.089473,0.023179,0.26969,-0.11553,-0.13684,-0.056759,0.095631,0.13288,0.14353,-0.046637,0.014915,-0.016456,0.033442,0.26826,0.21066,0.031385,-0.014608,0.034083,0.10398,0.23347,0.093792,0.12269,-0.10667,0.021425,0.0024159,0.020432,0.29521,0.018043,0.15577,0.079769,0.25203,-0.098323,0.27705,0.0062214,0.017481,0.22371,0.054627,-0.0024134,0.074713,0.15002,-0.0037489,-0.081579,0.083169,0.019532,0.015574,0.13109,-0.017311,0.10807,-0.074698,0.10197,-0.035403,0.016167,-0.089857,-0.13418,0.0012376,0.05833,0.1114,0.083752,0.12873,0.075485,-0.0095677,-0.0066557,-0.072271,0.19243,0.00036819,0.11134,0.01155,0.15202,0.14558,0.09997,0.10403,-0.083675,-0.10861,0.23281,0.077916,0.040757,0.16587,-0.071821,0.060482,0.064043,-0.049784,-0.12068
-0.134,0.00062129,0.040602,-0.0030928,-0.074051,0.12076,-0.046425,0.14725,0.082923,0.078098,0.019016,0.10587,-0.026357,0.10076,-0.018273,-0.0038319,-0.073139,0.0067182,-0.1938,0.03387,0.2134,-0.037238,-0.057725,0.0095878,-0.1213,0.17402,0.16035,0.042668,0.12554,0.0071737,0.043393,-0.053694,0.062714,-0.13427,0.1833,0.2494,-0.14943,-0.016402,0.036693,-0.049312,-0.038379,0.10926,0.21348,-0.038144,0.078553,-0.066379,0.064647,0.1299,0.12302,0.13793,0.058588,0.17506,0.026021,0.10973,0.05204,0.039501,-0.024913,-0.0014678,-0.021968,0.15214,0.106,0.052893,0.055698,0.086419,-0.020923,0.022016,-0.016523,-0.041655,0.080381,0.10421,0.091669,0.052433,0.21229,0.16844,0.14186,-0.055046,-0.067752,0.21108,-0.037423,0.043743,0.12821,0.059595,0.079403,0.22689,0.022574,0.02059,0.025015,0.028016,0.02668,0.12813,-0.021488,0.060378,0.27922,0.041467,-0.015396,-0.050283,0.044045,0.0022432,0.025907,0.06007
-0.062434,-0.020812,-0.15079,0.019514,-0.11099,0.14454,0.080853,-0.059008,0.0005253,0.05672,-0.052207,0.065394,-0.11309,0.12082,0.13797,-0.05238,0.21637,0.092507,-0.054026,-0.21824,0.086541,0.32398,0.04528,0.14225,-0.068488,0.12354,-0.12836,-0.018421,0.087597,-0.067579,0.047549,0.17998,0.0022951,0.19337,0.091708,0.29361,0.056082,-0.022076,0.078952,-0.0079093,0.20643,0.070814,-0.048647,-0.061178,0.013457,-0.05718,0.10446,0.073462,-0.049912,0.093879,0.023971,-0.042334,0.14598,0.073143,-0.14552,-0.17059,0.036703,0.1046,0.12181,0.21005,0.056356,-0.069102,-0.074722,-0.064931,-0.024882,-0.037153,0.12278,0.067755,-0.12368,-0.0011738,-0.031032,-0.038851,0.074,0.064019,0.024531,0.0028336,0.1616,0.11664,-0.11032,0.21975,0.06205,0.022119,-0.066581,-0.1066,0.12022,0.39114,-0.034169,-0.040312,-0.0057056,0.13547,-0.10136,-0.0027691,0.3793,0.12138,-0.014564,0.04902,0.15263,0.031816,0.052546,0.010036
0.052781,-0.18483,0.013855,0.10394,-0.14198,0.072776,-0.036144,-0.011145,0.10946,0.13774,-0.023021,0.076515,0.036784,-0.0029167,-0.037635,0.068935,0.12194,0.01829,0.057004,0.12864,0.27674,-0.13483,0.28075,0.21819,-0.083487,0.21811,0.03968,0.076696,0.1755,0.12965,0.031651,-0.10914,0.049482,0.064523,0.11841,0.1752,-0.011401,0.14109,0.023628,0.058373,0.083098,-0.098577,0.073345,0.0093655,0.18613,-0.0072141,0.2035,-0.0031293,-0.042302,0.0053162,-0.21774,0.016135,0.067698,0.05658,0.090784,0.011312,0.28904,0.17804,0.10864,0.11976,-0.084373,0.073707,0.047428,0.14057,0.22659,-0.043557,-0.13473,-0.067938,0.2417,0.077599,0.023481,0.0088445,0.12427,-0.057832,-0.023099,0.073154,0.013386,0.043399,0.0034498,0.12173,-0.021866,-0.079339,-0.015211,0.15004,0.11692,-0.068125,-0.13529,0.026055,-0.028075,-0.074653,-0.01411,0.032009,-0.015807,0.17625,-0.06489,0.016547,0.059821,-0.051051,0.11788,0.13667
0.12099,0.13035,-0.06871,0.0099566,0.13595,0.086775,0.2027,-0.023617,0.30494,-0.088539,0.26294,-0.038085,0.19309,-0.17491,0.045797,-0.16252,-0.088684,0.10754,0.18665,0.062505,-0.029675,-0.010588,-0.017741,-0.0088401,-0.039563,0.10637,-0.066313,0.061195,0.23219,0.053485,0.036666,-0.13515,0.082872,-0.021404,-0.030791,0.22684,-0.079764,0.071028,-0.12716,-0.078583,-0.10004,-0.11728,0.0076193,-0.042663,0.16877,0.25234,0.052668,0.090676,-0.040235,0.022892,0.09122,0.093753,0.26752,-0.11317,-0.10692,0.12255,-0.017767,0.019421,0.19989,-0.0063071,0.072464,0.02276,-0.066587,-0.11754,-0.081675,0.12757,0.14924,-0.013852,-0.056059,0.049971,0.040387,0.20679,0.34429,0.070843,0.018092,-0.052178,0.25981,0.30726,0.11584,0.14206,-0.04702,0.12386,0.073154,-0.057517,0.1399,0.029946,0.24751,-0.024055,-0.1156,-0.050724,0.018478,-0.050484,0.035329,-0.0069163,0.041528,-0.040062,0.084277,0.1982,0.13405,0.27743
-0.0034865,0.21551,-0.044269,-0.090691,0.20354,0.005873,0.082226,0.037095,0.15262,0.21207,0.13005,0.15946,-0.13044,0.089815,-0.13242,0.047539,0.078622,-0.01223,0.063657,0.013622,0.034296,0.14419,0.10502,-0.061678,0.024665,0.1403,0.07275,0.038572,0.1591,-0.046238,0.217,0.016437,-0.02409,0.1269,0.11797,0.058464,-0.064651,0.061496,0.017097,0.042103,0.30827,0.051714,0.12952,0.040873,0.15347,0.035925,-0.079107,-0.12599,0.041893,0.21506,0.030777,-0.0073444,0.26771,-0.027092,-0.0064739,0.12689,0.17128,0.13912,-0.11956,0.06144,0.29902,0.0098454,-0.022996,0.08244,0.068568,0.059587,0.10178,-0.13941,0.193,0.084132,-0.0084838,-0.12202,-0.0040802,0.44816,0.081129,-0.089109,-0.087175,0.031719,-0.12072,0.0058832,0.17025,0.30987,-0.0043653,-0.08086,0.1549,0.023088,0.16012,-0.11935,0.059185,-0.033179,0.16841,0.070929,-0.082873,0.046101,0.062793,-0.097153,0.14782,0.077839,0.092838,0.15542
0.069177,0.10178,0.089669,-0.065629,0.11785,0.043934,-0.13018,0.05999,-0.035775,0.068646,0.036633,-0.094358,-0.035408,-0.014404,-0.10682,0.11396,0.03062,0.018896,-0.039331,0.23505,-0.033798,0.18487,-0.057769,0.14282,-0.072671,0.14846,0.077526,0.079662,0.13267,0.11475,0.21126,-0.0098966,0.23606,0.011126,-0.1285,-0.11392,0.10457,0.097271,0.13256,-0.2464,-0.16151,0.27841,-0.054719,-0.050114,0.12068,-0.077911,-0.031532,0.053753,0.0065192,-0.058374,-0.068897,-0.21818,0.10208,0.062038,-0.037591,0.12277,0.036923,0.096493,-0.023096,-0.073494,0.2055,-0.13697,-0.12785,0.072458,0.068954,-0.076125,-0.061726,0.13515,0.19721,-0.013951,0.12839,0.093254,0.11784,0.12072,0.32511,0.020846,0.16951,0.057325,0.22746,0.17068,-0.070588,0.011482,0.07679,-0.073953,0.16113,0.077731,-0.036283,-0.072356,0.077963,0.1494,0.077048,0.069899,-0.056931,0.27549,-0.033126,0.047309,-0.085368,0.32539,0.1192,-0.12367
0.18278,0.14359,0.064728,0.0054445,0.1904,0.070162,-0.019495,-0.097794,0.048318,0.13447,-0.0309,0.014698,0.22714,0.19384,0.061957,-0.022406,0.28139,0.11974,-0.086242,0.0080154,0.050704,0.12865,0.14724,0.023518,0.28718,0.18745,-0.043833,0.089858,-0.0035934,0.12511,0.060414,-0.010741,0.032693,0.1936,0.0079731,0.17124,0.11815,-0.078544,0.062851,0.18572,0.24558,0.045456,0.030156,0.11341,0.12527,0.23327,-0.12646,0.079819,0.15378,0.056525,0.01544,0.073204,0.089112,0.042803,0.080916,0.067302,0.10594,0.0061032,0.01328,0.047916,-0.0036963,0.10439,-0.037505,0.14004,-0.068112,0.097728,-0.031708,-0.018746,0.18255,0.034441,-0.02262,0.1011,-0.055097,0.19317,-0.033882,-0.088625,0.1262,0.19273,-0.057945,0.28263,0.096256,0.069393,-0.024408,-0.042172,0.075608,0.17871,-0.031735,-0.14264,0.060617,0.12427,0.15316,-0.10775,0.090496,-0.022934,-0.096918,0.13459,0.17515,0.10653,-0.046925,-0.017626
0.13767,-0.0095628,-0.10859,-0.16944,0.095768,-0.075262,0.033232,-0.032057,-0.029448,0.062787,0.14561,0.067618,0.094379,0.11349,0.012557,0.20666,0.17646,-0.022232,0.15253,0.14622,0.097759,-0.11791,0.056807,0.064585,-0.0378,0.11586,0.25895,0.23749,0.13058,0.084461,0.081507,-0.11486,0.097059,0.035265,-0.075589,0.18843,0.064319,-0.067356,0.16005,0.099039,-0.11507,-0.026017,-0.12334,0.12887,0.15533,-0.043825,0.068948,-0.048353,0.11848,0.09602,0.045246,0.065929,0.042087,0.052773,0.11938,-0.026855,0.077901,0.03399,0.099986,-0.0013991,0.26193,0.016944,0.028019,0.022584,0.10884,0.14132,-0.18463,-0.091867,0.044573,0.18824,0.3156,0.0039581,0.28747,0.089769,-0.11228,0.059561,0.072661,-0.18632,-0.021782,0.015941,0.10839,0.06369,0.063733,0.034002,0.030814,0.12086,0.022771,0.13344,0.067883,0.12881,0.017889,0.024373,0.115,0.0014426,-0.1314,-0.083969,-0.10308,0.09261,0.27601,0.015302
0.11579,0.0074566,0.1464,0.10439,0.15403,-0.060934,0.021822,-0.00091485,0.057122,0.12031,0.011402,-0.10286,-0.045841,0.20359,-0.0066238,-0.19607,-0.13402,-0.039535,0.068736,0.082934,-0.027108,0.09003,0.014451,0.062649,-0.028674,0.10585,-0.064298,-0.042905,0.025637,0.10539,-0.023764,-0.14828,0.059406,0.068494,0.1692,0.12491,-0.041142,-0.085097,0.21681,0.12878,-0.048249,-0.056115,0.090714,-0.089708,0.069586,0.042095,-0.014436,0.035695,-0.14137,0.053169,-0.004599,0.1744,-0.041056,0.17227,0.30484,-0.01202,-0.012533,0.029994,0.19175,0.070203,-0.0046565,-0.11235,0.1542,0.063845,0.13283,-0.027675,0.06973,0.017751,-0.033276,0.016715,-0.023756,0.085917,0.071869,0.013528,0.011052,0.098842,0.11597,-0.033908,0.10355,-0.059197,-0.045644,0.13009,0.047429,0.12709,0.0038583,-0.07669,-0.00024438,0.11572,-0.10893,0.064512,-0.044529,-0.039509,-0.079546,0.034014,0.05047,0.0033306,-0.019645,0.012485,0.049233,0.092809
0.21381,0.13352,-0.12429,0.36584,0.074666,-0.052003,0.17163,-0.17893,-0.00088935,-0.020787,-0.0085026,-0.055707,0.086183,0.10265,-0.012949,-0.0021782,-0.09419,0.079173,0.15177,0.21284,0.1319,0.079488,-0.037033,-0.023122,0.22954,0.049089,0.23398,0.11004,0.010299,0.12498,0.2817,0.17711,0.033527,0.32735,-0.022081,0.04223,-0.047501,0.10686,0.11004,-0.050927,-0.078531,0.037353,-0.1615,-0.10621,0.21419,-0.025943,0.15406,0.019537,0.089679,-0.018371,0.1259,0.042524,0.0091002,0.016564,0.053333,0.21089,0.11663,0.21293,0.084985,-0.18108,-0.046003,0.0047116,-0.090561,-0.02378,0.044094,-0.12878,0.050392,0.14814,-0.1074,-0.03035,0.11839,0.045433,0.19518,0.14244,0.10925,0.12117,-0.25226,0.12363,0.060788,0.026088,0.097838,0.096058,0.11574,0.031128,0.12893,0.14993,0.049664,-0.021458,-0.036167,0.1605,0.069408,-0.11492,0.11423,0.068243,-0.080714,0.15331,0.052234,-0.043541,0.12939,0.045122
0.18989,0.30864,0.057013,-0.20622,-0.0061497,-0.08003,0.057181,0.059173,0.10566,0.042157,-0.15456,0.061752,-0.065566,-0.094191,0.15249,0.07069,0.14375,-0.13458,0.042563,0.16498,-0.043006,0.090239,0.0448,0.077311,0.042459,0.13025,0.093434,0.076389,0.20158,-0.10651,0.052574,0.47647,0.058821,0.11445,0.051546,-0.088776,0.19744,-0.058663,0.055583,0.1788,0.050168,0.20515,0.025081,0.28471,0.21679,0.097231,-0.0416,-0.047333,0.040908,-0.0003024,0.16645,0.20128,0.14737,0.12896,0.050955,0.19121,0.052329,0.19288,-0.11766,-0.041294,-0.087825,0.10556,-0.11131,0.17712,0.1284,-0.002215,-0.015237,-0.076154,-0.034831,-0.02099,0.12243,-0.10188,-0.093262,-0.003422,-0.014054,-0.0017327,0.042626,0.21862,0.028418,-0.062422,-0.052484,0.019034,0.018164,0.038104,-0.032819,-0.011965,0.21849,0.0055118,0.18612,-0.056732,-0.051417,0.022628,-0.086219,0.21929,-0.028316,0.2398,0.11029,0.35966,0.090867,0.047453
-0.038723,0.012068,-0.10783,0.13893,0.014295,-0.019814,0.04267,0.074033,-0.013248,-3.3695e-05,-0.034686,-0.043745,0.16642,-0.011495,0.0098418,0.12214,0.043153,0.17472,-0.13811,0.1195,0.055201,-0.014317,0.016453,-0.015967,0.079167,0.058279,-0.026164,0.12719,0.035045,-0.12527,0.058997,0.10016,0.023998,-0.11702,0.057244,0.1337,-0.050246,0.035187,-0.19253,-0.10926,0.17417,0.19218,0.12637,0.10121,-0.050386,0.10436,-0.13375,0.025221,0.018018,0.01027,0.020676,0.078802,0.013145,0.05582,0.0064719,-0.018073,0.16251,0.11318,0.15956,0.010526,-0.10033,-0.077133,0.32027,0.15679,0.11846,0.20238,0.030849,-0.070584,0.076198,0.16345,0.11926,0.097809,0.2594,0.13321,0.08318,-0.090007,-0.052278,0.051814,0.0059496,-0.010038,0.032184,-0.017629,0.10558,0.087138,0.012241,0.0071626,-0.06661,-0.011178,0.0095486,0.12793,-0.081715,0.22197,0.079735,0.021399,0.16877,0.12415,-0.0063779,-0.051402,-0.0099994,-0.0015042
0.1211,0.098022,-0.042355,0.19,0.17669,-0.018344,-0.033452,-0.058797,-0.12937,-0.088013,0.0085567,0.48751,-0.064706,-0.0058946,0.065136,-0.0028124,-0.13447,0.16826,-0.065631,-0.013895,0.052014,0.027401,0.023843,-0.12521,0.0074547,0.099547,-0.17933,0.069317,-0.013585,-0.14804,-0.028181,-0.089944,0.13656,0.17673,0.1425,0.081008,-0.071526,0.19122,0.0096041,0.086919,-0.037045,-0.04052,0.060317,-0.091699,-0.026329,0.075178,0.0046899,-0.020121,0.091162,0.157,0.10698,0.099611,-0.17951,-0.06162,0.18313,0.070169,0.063188,0.032508,0.256,0.076938,0.050039,0.095993,0.074504,-0.12459,0.074343,0.084389,-0.104,0.056297,-0.058416,0.075774,0.073667,0.027143,0.011719,0.092287,0.12941,0.061363,-0.051179,0.24125,0.28456,0.058468,-0.05869,0.0040272,0.070546,-0.0018844,-0.098718,0.2076,0.14703,-0.077299,0.033724,-0.047447,0.058033,0.33317,-0.0091239,0.0068934,-0.068154,0.21626,-0.065948,0.1016,0.068597,0.037566
0.25387,-0.1218,0.31646,-0.083496,0.15866,0.04052,-0.1699,-0.051676,0.20923,0.10801,0.087696,-0.0027789,0.06429,0.070272,0.18488,0.035521,-0.025429,0.054122,0.087851,-0.17588,0.06818,0.17346,0.23913,0.090502,0.0072911,0.12403,0.050324,0.038735,0.26948,0.22908,-0.26557,0.19947,0.02402,0.1894,-0.18442,-0.017342,0.041658,0.10917,-0.12381,0.21225,0.1154,0.20889,0.072212,-0.040113,0.17991,-0.05172,0.1059,-0.15287,-0.022064,0.11463,0.00028534,0.17432,-0.094594,-0.066239,0.045993,-0.20618,0.29186,0.10681,0.018868,0.038908,0.13105,0.19543,-0.018281,-0.044919,-0.11385,0.066166,-0.035999,-0.054674,-0.006913,0.18194,0.065607,-0.022474,0.094907,0.23984,0.0020011,0.0058169,-0.020898,-0.084914,0.039315,-0.0694,-0.16601,0.10534,0.174,0.15762,0.096788,0.0086869,0.045154,-0.16359,0.053167,0.039826,-0.13275,-0.14625,0.30754,-0.088052,0.054445,0.090521,-0.045931,0.21839,-0.070262,0.38935
0.12201,-0.11386,0.20837,-0.052178,0.099723,0.0028593,0.03977,0.16505,0.34534,-0.013978,0.02978,0.084595,0.029684,0.033294,-0.011453,-0.047157,-0.19374,0.0073273,0.029323,0.024785,0.091998,0.12966,-0.056422,-0.10452,-0.095839,0.030276,-0.0081023,0.29539,-0.12842,0.24009,0.20229,-0.10707,0.20635,0.17821,-0.022687,-0.070594,-0.13439,0.00243,0.055243,0.0081526,0.39638,0.054396,0.053476,-0.013611,0.13293,0.015383,0.19981,0.20172,0.36683,-0.020305,0.0077617,-0.091871,-0.066884,-0.10126,0.049154,0.085235,0.25258,0.059439,-0.075507,-0.0028801,-0.024466,0.1378,0.039482,0.086039,-0.037818,0.13831,-0.050461,0.20006,0.012265,0.094973,0.072861,0.0011663,0.030656,0.027357,0.13845,0.20599,-0.071607,0.26221,-0.17966,0.24968,0.39565,0.088012,-0.059753,0.08169,-0.08286,-0.023825,0.053448,-0.07521,0.073098,0.17728,0.029849,0.27097,0.082806,0.059879,0.061753,-0.11985,0.0039766,0.041579,0.076976,-0.078389
0.20239,0.3717,0.19173,-0.027148,0.061035,0.047088,0.067261,-0.030432,-0.024627,0.41419,0.15584,-0.060034,-0.063465,0.19442,-0.035032,-0.089554,0.050898,0.13683,0.086052,0.076527,0.047335,0.17958,0.12194,0.11523,-0.00077176,0.19358,0.096372,-0.053602,-0.085955,0.12216,0.15915,-0.066861,0.0087978,-0.066644,-0.075504,0.080784,0.026034,-0.026484,-0.015309,0.16169,0.043342,0.25134,-0.15649,0.050932,0.085501,-0.15453,0.26519,0.083723,-0.03986,-0.11729,0.1835,0.31177,-0.042542,0.11026,0.050804,0.061508,0.087576,0.13129,0.028761,0.07281,0.2483,-0.054421,0.16921,0.1137,0.10217,0.097793,0.16656,0.063861,-0.0013199,-0.026317,-0.032323,-0.039695,-0.085781,-0.0053459,0.027016,0.2712,0.098895,0.031547,-0.14072,0.056077,-0.093935,-0.12503,0.0047152,0.095871,0.17995,0.1697,0.032944,-0.019613,0.20656,0.089897,0.091846,0.055671,-0.023764,-0.11435,0.053392,-0.14438,0.082409,0.059213,0.13245,-0.019562
0.15947,0.15505,0.17384,-0.10784,-0.068498,-0.043862,0.1059,-0.021162,0.033451,0.11483,-0.00988,0.18629,0.017597,-0.081078,0.24296,0.092232,0.090697,0.18799,0.26288,0.032938,-0.1878,0.092891,0.0070962,-0.063188,0.019177,0.23984,0.049532,0.10761,0.2359,-0.033273,0.06236,0.14823,0.040085,0.070303,-0.074947,-0.017051,0.058906,-0.086436,0.01012,-0.022525,-0.11058,0.1057,-0.010901,0.21161,0.049812,0.0116,-0.10084,0.013506,-0.045668,0.053243,-0.015279,0.0917,0.044736,-0.059015,0.0684,-0.0073352,0.1515,-0.044707,-0.029653,0.19735,-0.04212,-0.016269,-0.10946,-0.0059538,0.094718,0.021775,0.046649,-0.10129,0.18854,-0.02281,0.056489,0.13064,-0.079089,0.11086,-0.17982,0.024686,0.047587,-0.041384,-0.035246,0.10975,0.025414,0.12925,0.29401,-0.02727,0.029392,0.20115,0.24709,0.092554,0.068463,-0.13874,-0.031599,0.13311,0.16373,-0.081847,0.25208,-0.10159,-0.00626,0.029517,0.067188,0.014464
0.0086785,-0.012564,0.16834,0.1581,0.0948,0.0019115,0.0044477,0.073872,-0.00022748,0.11355,0.04791,-0.18938,0.088682,0.24969,0.11328,-0.022966,-0.010327,0.0021751,0.1107,0.24478,-0.042346,0.065142,0.14645,0.018143,0.042027,0.15288,0.14859,-0.11665,-0.024635,-0.0075362,0.00726,0.1394,0.14521,0.044299,0.13209,0.1051,0.15069,0.073593,0.1603,0.075778,-0.062736,0.18627,0.012086,0.41468,-0.0039005,0.10259,-0.057373,-0.070888,0.075848,-0.00019883,-0.08263,0.039907,0.10608,0.06598,0.0018665,-0.074901,0.09098,0.16217,0.12581,-0.0010496,0.34118,-0.0038004,0.073269,0.10245,0.040222,0.038985,0.14453,-0.055514,0.094726,-0.084991,0.22269,0.035793,0.068405,0.15273,-0.1569,0.11461,0.37379,-0.12106,0.013609,0.032644,-0.07557,0.0015249,0.086729,0.034463,0.0040427,-0.0087812,-0.057368,0.0059613,0.0022045,0.18328,-0.061701,0.16705,-0.155,0.10954,-0.091844,0.1535,-0.056956,0.019132,0.13114,-0.060638
-0.017649,0.15786,0.076248,-0.081145,-0.021553,0.12574,-0.034062,-0.004556,0.20476,0.40486,-0.10468,0.05731,0.030937,0.004702,0.0089683,0.19317,0.19741,0.039739,0.11335,0.025603,0.0031197,-0.070514,0.2153,-0.072957,0.049525,-0.025026,0.077987,0.032221,0.23553,-0.034249,0.02335,0.19718,0.048014,0.17135,0.027401,0.024724,-0.038372,0.079842,0.040925,0.064889,0.15845,-0.043565,0.17985,0.30309,-0.022132,0.23372,-0.079296,0.12485,0.053037,-0.022982,-0.081909,0.12784,0.061379,0.03567,0.10364,0.11018,0.024405,-0.094476,-0.021739,0.15831,0.25086,0.20021,0.27459,0.044152,0.0045705,-0.010076,-0.052649,0.054346,0.022595,0.027599,0.20577,-0.11828,-0.079843,0.051497,0.17188,0.12489,-0.18372,0.086469,-0.10937,0.036324,-0.010556,0.10914,-0.023981,0.045058,0.0062338,0.10195,0.059905,0.21689,-0.082751,0.04886,-0.09198,-0.15795,0.24992,0.17969,0.074737,-0.06744,-0.063361,0.14338,0.036229,0.092795
0.13852,-0.032702,0.12674,0.038758,0.12754,0.010312,0.012358,0.039166,0.088302,-0.0086694,-0.0294,0.16439,0.1292,0.22241,0.010494,0.12589,0.12758,-0.11597,-0.055643,0.071353,-0.0097306,0.096783,0.10348,-0.01802,0.080584,0.0369,0.16126,-0.10305,0.17184,0.17278,0.063471,-0.0136,-0.0029625,0.12789,0.014353,0.096974,-0.023711,0.046661,0.057437,0.041755,-0.031606,0.12121,0.21072,-0.017362,-0.032535,-0.013208,-0.10421,0.088637,-0.0051745,0.15376,0.14312,0.10963,0.084908,-0.077906,-0.13492,0.2315,0.02491,-0.049157,0.033364,0.17509,0.056065,-0.0955,0.0052696,-0.05896,0.057345,0.17904,0.0099191,0.077895,-0.097174,-0.091916,0.099624,0.23957,-0.038539,-0.040302,-0.1249,-0.088427,0.12445,0.11284,0.26931,0.17313,0.066455,0.23043,-0.016373,0.055811,-0.026196,0.22368,-0.13841,0.023951,0.16741,-0.0035584,-0.11712,0.093346,-0.036174,0.15255,0.14065,0.1316,0.0069776,0.030495,0.0010846,0.098485
0.017959,-0.014881,0.088315,0.13884,-0.054933,0.22092,0.017172,-0.00071314,0.084255,0.19277,0.11033,-0.0015153,0.0886,0.10048,0.22177,-0.042528,-0.079113,0.15053,0.13304,-0.15642,-0.074385,0.03195,-0.11666,0.12807,0.043061,0.2323,-0.079123,-0.13333,-0.12091,0.13347,0.16696,0.14378,0.1456,0.055263,0.10461,-0.013611,-0.13864,-0.049083,0.10078,-0.022902,0.19283,0.030342,-0.076131,0.2647,0.12537,0.012134,-0.0081612,0.055686,-0.02791,-0.10384,0.15728,0.11769,-0.077827,0.23362,-0.075263,-0.0024055,0.16279,0.23911,0.12091,-0.010659,0.21708,-0.043176,-0.04501,0.098687,0.04912,0.090211,0.081775,-0.045412,0.29508,0.085305,0.039015,-0.18853,0.086811,0.026056,-0.011636,-0.0082277,0.058787,0.021467,-0.016874,0.17071,-0.01613,0.28344,-0.021026,-0.055782,0.10575,0.0061993,0.0040257,0.15159,0.0097523,0.15933,-0.165,-0.037596,0.17933,-5.0744e-05,-0.02158,0.13366,0.0027216,0.098817,-0.033336,0.10353
0.18004,0.16488,-0.13717,0.17854,-0.033556,0.0092022,0.11403,0.05865,-0.0015945,-0.00178,0.0022334,0.16607,0.23204,0.0748,0.015343,0.076989,0.054377,0.017896,0.25125,0.020534,0.09286,0.028979,0.10134,0.14331,-0.058977,0.091046,0.1483,0.19746,-0.068577,0.065641,0.026222,0.087557,0.077042,-0.0023241,-0.02162,0.007904,0.018676,0.099702,-0.002396,0.14596,0.20207,0.1624,0.077704,0.079973,-0.0090092,-0.14252,0.060572,0.0034018,-0.11687,-0.14463,-0.0054001,-0.014102,-0.014052,0.077497,0.093358,-0.02106,-0.055564,0.02819,0.087203,-0.076565,-0.040876,0.010034,0.028469,0.10123,0.027857,0.2621,-0.18917,-0.058467,-0.023918,0.086373,-0.064501,0.13766,-0.086897,0.25653,0.097756,-0.033737,0.025131,0.17458,0.13043,0.13258,0.021458,0.017999,-0.027225,-0.044742,0.037065,-0.17411,0.095123,0.29155,0.012284,0.062663,0.17446,0.14705,-0.027323,-0.07516,0.024815,0.138,0.26834,-0.034098,0.25346,-0.050393
-0.085268,0.014761,0.16722,0.12187,0.028425,-0.13394,0.19479,0.15439,0.26414,-0.14037,-0.068546,0.018926,0.092533,0.19312,-0.089439,0.069216,0.095555,0.064665,-0.037347,0.28907,0.085545,-0.033334,0.18642,0.048002,-0.069541,0.032988,0.18483,0.18014,-0.16588,-0.15201,-0.024143,-0.069263,0.20003,0.20497,-0.0022431,0.034163,0.049203,0.046023,-0.070613,0.029522,-0.047029,-0.011748,0.2255,0.092275,0.075203,0.095741,0.034105,-0.063774,0.016781,0.045179,-0.11032,0.14933,-0.27596,-0.043001,0.0235,0.13018,-0.16006,0.15388,0.072477,-0.015976,0.24576,-0.081936,0.31625,0.08451,0.19736,-0.10567,-0.051109,0.019511,-0.1049,0.041718,0.21745,0.064544,-0.016308,0.10534,-0.055353,0.22775,0.091485,0.090987,-0.057501,0.049038,0.14191,0.41692,0.066563,-0.0089995,0.16786,0.14304,0.20001,-0.033641,0.053177,0.036216,0.25409,-0.25122,0.080837,0.18877,0.20036,-0.010447,0.16022,-0.021336,-0.030614,0.0021079
0.12151,0.016149,0.27968,-0.0041091,0.042817,0.072266,0.080011,0.033947,-0.056976,-0.007494,-0.07197,0.19116,-0.010334,-0.094034,-0.0089157,0.025413,-0.075029,0.16211,0.33899,0.11274,0.12584,0.33031,0.062938,0.094955,-0.10102,0.18399,-0.0041728,0.0091014,-0.066744,0.15747,-0.052394,0.0043373,0.40439,0.009123,-0.073,0.0098645,0.18165,-0.037508,0.026742,0.2098,0.029027,0.24989,0.079731,0.062179,0.012807,-0.055242,0.16715,0.18805,0.30742,0.193,0.10088,-0.040779,-0.075521,0.070541,-0.071402,-0.094581,-0.040434,0.061709,-0.042395,0.19251,0.091753,0.010379,0.31882,0.12259,0.19676,0.084031,0.29039,0.059665,-0.039481,0.004157,0.19525,0.16493,0.2212,-0.023051,-0.058211,-0.022844,-0.13956,0.064197,-0.17406,0.02491,0.0044372,-0.031408,-0.042677,0.013373,-0.10886,0.049537,-0.063653,0.26936,0.12142,0.036865,0.039447,0.062426,-0.050058,-0.063814,0.26972,-0.14318,0.049671,0.1199,-0.090115,-0.046716
0.13484,0.03455,0.23555,0.10475,0.20681,0.0679,-0.21686,0.08437,-0.021632,0.049324,-0.029059,0.089062,0.17597,0.07035,0.13304,0.105,-0.013556,-0.1449,0.0050952,0.24191,0.15898,-0.044415,0.26159,0.14601,0.14365,-0.085621,-0.044524,-0.0336,0.059514,0.027695,0.077805,-0.026161,0.089875,0.11063,0.016122,0.062645,0.22571,0.19074,-0.06107,-0.013477,0.11579,-0.085002,0.19406,0.11294,0.10444,0.021675,0.16473,0.045454,-0.14704,0.037876,0.064653,0.028552,-0.059656,-0.021326,-0.040486,-0.047142,-0.0072449,0.15918,-0.0033836,-0.030262,-0.060882,-0.073882,-0.10875,0.054379,0.10977,-0.052669,-0.064296,-0.060181,0.022425,-0.0092256,-0.12199,-0.072573,0.05238,-0.070218,0.09077,0.15186,0.19258,0.077338,-0.058738,0.18794,-0.041722,0.095504,0.03,0.019149,-0.082925,-0.11549,0.21553,-0.14844,0.15939,0.16698,-0.035626,0.14851,0.035492,0.22913,-0.13594,0.043465,-0.053011,0.22546,0.19512,-0.032352
0.29388,0.065718,-0.030127,0.12856,0.10219,0.10125,0.12555,-0.086159,0.12106,0.0091086,0.094011,0.059949,0.037913,-0.015873,0.11414,-0.091374,0.236,0.093999,-0.062727,0.12747,0.077562,0.15159,-0.058848,0.12475,0.068097,-0.090487,0.081922,-0.042294,0.10815,0.016592,0.12095,0.10282,-0.022467,0.14911,0.043248,-0.10161,0.20493,0.025173,0.038247,-0.023978,-0.060011,0.16237,-0.17711,-0.014576,0.17026,0.045634,0.093897,0.078041,-0.046324,0.1175,0.38834,0.13754,-0.066201,0.0040244,-0.10503,0.19833,-0.053724,0.093899,0.075528,-0.0044073,-0.015016,-0.0023147,0.23178,-0.13031,0.14807,0.16613,0.055588,-0.07478,0.14918,0.082463,0.008465,-0.15031,-0.083098,-0.13411,0.18424,0.01933,-0.086428,0.05171,0.12906,0.18173,-0.018561,-0.10504,0.06658,0.10502,0.12469,0.13406,0.14594,0.16533,0.12487,0.055671,0.11585,0.094943,0.058924,0.04233,-0.018265,0.019689,0.1481,0.057572,-0.051459,0.099663
0.033477,0.079285,0.085219,-0.16153,0.20235,-0.07813,-0.042973,0.13966,-0.018598,0.31132,0.068973,-0.048828,0.12668,-0.21172,-0.15773,0.10666,0.13912,-0.048157,0.081373,-0.19157,0.17961,0.063007,0.091496,-0.037286,0.11077,0.12627,0.16624,0.079183,0.15507,0.10488,0.22422,0.031076,0.27639,0.072863,0.044949,0.033949,0.11438,0.11693,0.058393,0.048507,0.05573,0.36369,-0.026152,-0.13958,-0.05137,0.034243,0.0015021,0.13983,0.083742,0.25367,-0.12737,-0.13899,-0.036503,0.2231,0.047102,-0.016009,0.21829,0.033105,0.024138,0.0024775,-0.10701,0.19522,0.037607,0.13026,0.047781,0.097227,-0.038425,0.10535,0.12412,-0.034877,0.17962,0.026017,-0.058369,0.06548,-0.00053095,0.13423,0.20898,-0.03171,-0.047734,0.13181,0.17281,0.3367,0.06236,0.13633,0.28414,0.030914,0.024335,-0.12752,0.025521,-0.031575,0.0058846,0.3052,-0.015949,0.1039,-0.027457,0.10484,-0.1807,0.19788,-0.035381,-0.0011501
-0.040363,0.25607,-0.044766,-0.00094172,0.095148,0.18227,-0.17936,0.17598,-0.022058,0.078889,0.037503,0.033301,-0.033732,-0.053934,-0.071496,0.039876,0.044751,0.061203,0.047005,0.12612,0.11691,0.021842,0.27768,0.044433,0.19693,0.050166,-0.17891,0.16861,0.019585,0.08985,0.12816,0.019117,0.092886,-0.10534,-0.12038,-0.04447,0.0028444,-0.12456,-0.082763,0.0025781,0.17563,0.1108,0.15315,0.044405,0.18191,-0.07401,-0.12088,0.1193,-0.0048692,0.012717,0.14028,-0.11978,-0.17475,0.12581,0.039407,-0.08625,0.12248,0.10191,-0.04165,0.16023,0.32201,0.035274,-0.033671,0.10915,-0.02059,-0.00092978,0.0026477,0.04397,0.11988,0.16777,0.092642,-0.14734,0.03216,0.022057,0.088283,0.0071182,0.024608,-0.14218,0.16481,0.037592,0.013298,-0.054681,0.071752,-0.11979,-0.091514,0.17897,-0.069464,-0.01566,0.022034,0.065177,0.24361,0.043419,0.14569,0.012513,0.012664,0.024741,0.081011,0.18964,0.10091,0.053641
0.054594,0.13802,-0.0056011,0.18948,-0.059403,-0.064098,0.10893,-0.086408,0.19793,0.049998,0.061671,0.0081085,-0.13535,0.26717,0.021533,0.074412,0.082034,0.098406,-0.079654,0.063546,0.0060376,0.039427,-0.14113,0.23273,-0.018595,-0.08543,0.08741,0.35812,-0.1206,-0.11534,-0.12512,-0.0077654,0.090221,0.32108,0.25889,0.14822,0.057432,0.14206,-0.12307,0.039558,0.11692,0.10411,0.28863,0.22287,-0.034038,0.058085,-0.11437,-0.08709,-0.081754,0.0011758,0.070951,-0.052262,-0.051124,-0.13286,-0.052633,-0.099634,-0.0022317,0.02409,0.1489,-0.088429,0.057897,-0.014317,-0.060318,0.033572,0.21215,0.17827,-0.045205,0.13686,0.074059,0.23547,0.0085874,0.0018979,0.28314,0.24233,0.042556,-0.038901,-0.023028,0.066292,0.31387,0.072727,0.22294,0.30463,-0.079303,-0.077661,0.008268,0.1471,0.091772,-0.02188,0.12466,-0.10427,-0.12145,0.1471,0.17247,-0.0783,0.17997,0.0075727,0.013083,-0.13054,0.06984,-0.051237
-0.00013501,0.17504,0.073831,-0.055316,-0.038767,-0.019484,0.09472,0.20364,0.080773,0.13738,-0.02185,0.11843,0.17942,-0.085712,0.088772,0.099375,-0.1098,0.081798,0.030791,0.1365,-0.072574,0.055188,-0.078975,-0.060177,0.10764,0.013446,-0.087404,0.10752,-0.036726,0.10027,0.05683,0.060021,0.044112,-0.070189,0.13985,0.23534,0.083248,-0.075801,0.032555,-0.1762,-0.0059091,0.24154,-0.064231,-0.037994,0.030537,0.21516,-0.17656,0.28292,0.30041,0.20793,0.1179,0.21601,0.079498,0.022451,0.11524,0.060311,-0.028075,0.022456,0.12003,0.076682,0.01682,-0.036791,0.092932,-0.041442,0.24742,0.14818,0.13269,0.047151,0.075726,-0.054528,-0.11574,-0.054289,-0.032252,0.071792,0.1601,0.098508,0.14582,0.25555,0.10664,-0.042558,-0.060252,0.096854,0.035197,-0.085221,-0.10449,0.050812,-0.13127,0.095159,-0.1253,-0.069784,0.10959,0.11143,0.066916,0.35608,0.02298,0.20225,-0.0783,0.062672,0.093178,0.13211
0.045088,0.076697,0.17425,0.10559,0.12071,-0.048669,0.025971,-0.020821,0.18069,-0.04559,0.082773,0.080543,0.071861,-0.054585,0.13281,-0.041338,-0.055519,0.14308,0.10459,0.080041,-0.099312,-0.066937,0.14119,0.065693,-0.032053,-0.097595,0.049258,0.006212,0.30289,-0.053459,0.013935,0.23046,0.033464,0.1783,0.13844,-0.088382,0.14471,-0.17181,-0.044494,0.13942,0.24538,0.047054,0.2019,0.10818,0.16504,-0.076577,-0.032134,-0.15328,-0.043826,0.13137,-0.073476,0.024476,0.088375,-0.041011,-0.05142,0.1763,0.13538,-0.21322,0.026794,0.2525,-0.04981,-0.0070075,0.19245,0.13164,-0.029612,0.074493,-0.11294,0.068268,-0.09026,0.0017269,-0.0021056,-0.040092,-0.012178,0.079784,0.014418,0.045323,0.13641,-0.045348,0.098189,0.23666,0.12481,0.072019,-0.026576,0.0010425,0.1365,0.10352,0.24047,0.069969,0.042497,0.28914,0.03051,-0.21074,0.10979,0.094914,-0.086945,0.051894,0.040949,-0.043893,0.10682,0.10439
0.13265,-0.0083781,-0.09155,-0.15056,0.25734,0.061402,0.21224,-0.016577,0.066172,0.046993,0.08118,0.20018,0.19863,0.008356,0.23977,0.0067083,0.031266,0.065617,-0.11614,0.18647,0.016113,0.070521,0.0069174,0.13205,0.026707,0.22095,-0.041641,-0.049413,0.11804,0.11477,0.15617,0.11954,0.032729,-0.070362,0.0081079,0.27993,0.19309,0.13121,-0.048798,0.036223,-0.13474,0.022679,0.11423,0.19049,0.15681,-0.0099571,0.12369,0.050093,0.069571,0.086269,0.078142,0.11814,0.095924,0.039051,-0.057752,0.19256,-0.056164,0.090656,-0.097717,0.24681,0.15414,0.11266,0.29221,-0.088619,0.048056,0.016649,0.049338,0.04356,0.020291,0.14577,0.15832,0.22599,0.077491,-0.0094591,-0.024322,-0.090718,0.15165,0.0069175,0.079267,0.18484,-0.034386,-0.13069,-0.012719,0.080975,0.10102,-0.1578,0.09063,-0.11638,-0.069755,0.11472,0.1254,0.090991,0.16805,-0.073117,0.17062,0.25156,-0.081998,-0.018112,-0.00050104,0.036562
-0.027847,-0.064778,0.12808,0.17914,0.11733,-0.060466,0.023108,0.097187,0.11128,-0.13915,0.084298,0.15796,0.31512,0.24893,0.12423,0.16742,0.28078,-0.010519,-0.042327,0.033854,-0.097053,0.17143,-0.11544,0.19633,0.15867,0.092138,0.17846,-0.057605,0.067252,-0.040034,0.022129,0.063601,0.23174,-0.0018148,-0.15281,0.11801,0.11446,0.050524,0.090919,0.023883,-0.096098,0.24669,-0.25167,-0.022364,0.070724,0.0808,-0.066228,-0.055713,0.034281,0.059108,0.1082,0.13323,-0.060679,0.12557,0.046033,0.083343,0.013715,0.37579,0.076055,0.064756,0.25344,0.03701,0.13567,0.33771,0.045251,0.061136,0.021943,0.046111,0.014938,0.00039759,0.091121,0.023391,0.074913,0.10159,0.094984,-0.076062,0.062609,0.16712,0.16892,0.10793,-0.016994,0.035566,0.16795,0.024848,0.14445,0.20789,0.29864,0.10292,-0.024164,-0.011999,0.19942,0.062942,0.014265,0.042566,0.06568,-0.051611,-0.027037,0.075811,0.058452,0.049286
-0.03294,-0.013072,0.065242,-0.012445,0.079389,0.24637,0.1185,-0.0013603,-0.10594,0.038943,-0.018251,0.061864,0.038679,0.031809,0.097544,-0.017706,-0.082759,0.20772,0.0018071,0.075511,0.063225,-0.037577,-0.0083277,0.0365,0.15826,0.1601,0.20736,0.23953,0.075757,-0.13225,0.091689,0.092824,0.045124,0.11112,0.12866,-0.053983,0.017654,0.16564,-0.075771,0.1709,0.077581,0.058392,0.18942,0.077151,0.025497,0.064634,0.27074,0.0085186,0.056622,0.14826,0.002849,0.061034,0.15979,-0.062066,0.050682,0.11889,0.089038,0.15991,0.17106,0.017613,-0.12069,0.047936,0.087396,0.072852,0.18542,-0.13202,0.03041,0.10164,0.031393,0.10137,0.042705,0.091566,-0.0041795,-0.076393,0.02428,0.019485,0.067199,0.19052,0.44835,-0.11781,0.17716,0.042814,0.082203,0.091182,0.033832,0.22089,-0.040108,0.044097,-0.022804,0.11884,0.063002,0.041766,0.23094,0.05334,0.015199,0.18965,0.12196,0.11369,0.18872,-0.018011
0.12089,-0.14942,0.038903,0.022562,0.03176,0.065763,0.0027156,0.15475,0.092487,-0.027873,0.15064,-0.032962,0.1881,0.010626,-0.048278,-0.017971,-0.12583,0.062297,0.21246,0.051437,0.15722,-0.21754,0.078757,0.066021,0.050904,0.18554,0.0015313,-0.047883,0.36468,0.077178,0.027749,0.0024045,0.093103,0.052182,0.13747,0.099624,0.075107,0.096078,0.034352,0.12453,0.022536,0.021077,0.13822,0.12709,0.029288,-0.11417,-0.13596,0.055425,0.13574,0.23102,0.14564,0.21317,-0.029402,0.14703,0.13945,0.19042,0.24199,-0.009599,-0.16078,0.086359,0.14919,0.0026497,0.08182,-0.016656,0.058638,0.0079613,-0.0094037,0.10299,0.14504,0.073536,0.09157,0.14254,0.039025,-0.026135,-0.093037,0.03938,0.24732,-0.025728,-0.13495,-0.0036932,0.06766,-0.099945,-0.084177,0.15636,0.057029,0.068898,0.10999,0.37475,0.024291,0.1741,-0.07171,-0.09058,8.8138e-05,-0.064209,-0.1327,0.11481,0.02807,-0.013215,0.024268,0.31193
-0.1408,0.075863,0.25204,0.11519,-0.021939,0.065284,0.22202,-0.018871,0.042569,0.1789,-0.015456,-0.10644,0.28403,-0.093499,-0.034892,0.26454,-0.013665,-0.034722,0.058921,0.018958,0.0092114,0.12322,0.067775,-0.077439,0.10779,-0.045943,-0.031872,0.26458,0.091115,0.11389,0.13146,0.010247,0.1103,0.16857,-0.12697,0.098199,0.16986,0.0045583,-0.036157,0.16903,0.050048,0.20756,0.018384,0.16457,0.19036,-0.031478,0.0054719,0.19529,0.028277,-0.053721,0.10334,0.056676,0.10427,0.16302,-0.047777,0.28443,-0.043204,-0.012988,0.14708,-0.073077,0.01397,0.051195,-0.067607,-0.0098072,0.32091,-0.075039,-0.019251,0.03474,0.1626,0.086152,0.093444,-0.0051635,0.15995,0.11201,0.2448,0.14972,0.020456,-0.0055543,0.07176,0.10697,-0.073555,0.068069,0.09768,0.1879,-0.16896,0.16293,0.0060485,0.057247,0.1162,0.025669,0.050328,0.23495,0.055661,-0.066126,0.091063,0.03364,0.031754,0.042791,0.019905,0.04138
0.18266,-0.016203,0.048205,0.18891,0.070691,0.042379,-0.086394,0.18037,-0.052459,0.05031,0.10277,-0.088102,-0.032295,0.136,0.061301,0.0047937,-0.16062,0.095257,0.2047,0.037406,0.039463,0.118,-0.01483,0.17783,0.032266,-0.066073,0.03696,0.043444,-0.047197,0.11748,0.0031011,0.28514,0.040363,-0.062961,0.024718,0.203,0.12165,0.026628,0.15145,-0.045539,0.15842,0.16268,0.13028,0.17637,0.31691,0.023251,0.12401,0.0056988,0.13624,-0.015486,0.26089,0.16385,0.053712,-0.069937,-0.054059,0.11512,-0.03871,0.032837,-0.13598,0.093924,0.11954,0.17743,-0.16285,0.22959,0.14148,0.1101,0.33773,0.037794,0.049822,0.12906,0.080765,-0.11263,0.080633,0.13205,-0.030651,0.018584,-0.032615,-0.0061599,0.035024,0.0011224,0.012011,-0.00086904,0.16817,0.055638,0.22895,0.10694,0.066803,0.32525,0.09624,0.10011,-0.0091206,0.10482,0.027325,0.15371,0.018753,-0.095243,0.042214,0.066602,-0.038483,-0.10654
0.043856,0.18433,-0.06667,0.15332,0.21349,0.098189,0.19277,-0.0067734,0.11599,-0.081204,-0.10886,0.091118,0.25266,-0.017862,0.24143,0.18496,0.019784,0.11565,0.10306,0.11787,0.14646,0.038296,0.11717,0.15625,0.056567,-0.023705,0.018087,0.065731,0.14445,0.18193,0.1236,0.19256,0.091336,0.14313,-0.056687,0.10518,-0.008267,-0.088909,0.092668,0.087544,-0.063802,0.24593,-0.058624,0.18152,0.053479,0.042335,0.068921,0.083792,0.053624,0.15435,0.0067149,1.9758e-05,0.077724,-0.029028,0.098905,0.10842,-0.077817,-0.020909,-0.061526,0.096236,-0.11258,0.13536,0.007211,0.1917,0.072322,-0.033881,-0.0010458,0.010073,-0.012782,-0.043795,-0.096807,-0.12396,0.13465,0.015326,0.083686,0.15156,0.03794,0.052321,0.077086,0.14857,-0.10977,0.15337,-0.076781,0.045381,0.17556,0.09329,0.12626,0.0021609,-0.12974,-0.04375,0.0082501,0.12253,0.071437,-0.014443,-0.053469,0.069637,0.080909,-0.064798,0.46724,-0.067964
-0.07767,-0.067748,-0.0075629,0.028756,0.10115,-0.11449,0.21181,-0.069179,-0.032236,-0.08767,0.040638,0.22703,-0.013144,0.10913,-0.031048,0.022399,0.061648,-0.026886,0.029547,-0.059025,0.014927,-0.082217,-0.033858,0.12569,0.0659,0.2968,0.015221,0.18601,0.16407,0.11807,0.024429,-0.18019,0.25222,-0.045391,0.0030813,0.087683,-0.10938,0.061717,0.18319,0.10557,0.069405,0.30179,0.010486,0.17027,-0.040693,-0.025343,0.02509,0.091284,-0.027503,0.19336,0.20936,0.20057,0.078681,0.11751,-0.028598,0.039704,0.067122,0.038383,0.034174,0.17848,-0.12265,0.079218,0.16804,0.03628,0.077472,0.074111,-0.10582,-0.013006,0.011811,0.04277,0.16959,0.16821,0.20912,-0.043772,0.072703,-0.084375,0.041864,0.0038862,0.085867,-0.082657,-0.014019,0.096357,-0.027963,0.12777,0.12216,-0.094589,0.079241,0.091429,-0.030505,0.12992,0.037731,0.11128,0.062213,0.090891,-0.045231,-0.094733,0.080032,0.14326,0.19899,0.0040339
-0.0047123,0.26541,-0.028109,0.11347,0.19867,-0.09224,-0.067652,0.069831,0.12029,0.026648,0.056178,0.12414,-0.096456,0.028109,0.083599,-0.14243,0.062183,0.094932,-0.019604,0.18637,-0.14477,-0.0818,0.11013,0.075154,-0.061372,0.0042624,0.14203,0.011758,0.10375,-0.014885,0.039911,0.11381,0.071096,-0.0060374,-0.052918,0.12334,0.064135,0.0039283,0.17083,0.13097,-0.003413,0.050014,0.031619,0.22234,-0.013875,0.13484,-0.066656,0.090646,0.0018302,-0.082438,0.011949,-0.0012866,-0.10061,0.083208,0.18927,0.14019,-0.1251,-0.033854,0.057414,0.12059,0.064597,0.0095239,0.18698,0.012274,0.15428,0.14823,0.15953,-0.089285,0.13371,0.12474,0.10893,0.21452,0.13286,0.0080563,0.020979,0.15321,0.18284,-0.078934,0.019077,0.065995,0.28621,-0.060743,0.1402,-0.05824,0.011472,0.14597,-0.026944,0.41459,0.036113,-0.027637,-0.077188,0.16592,0.026947,-0.1562,-0.093652,-0.031442,0.12237,-0.027174,-0.068347,0.080744
0.17807,0.17454,-0.059068,0.13708,-0.082139,-0.097084,-0.0174,0.091091,-0.073118,0.090944,0.031025,0.058085,0.23598,0.063701,0.22506,0.17899,0.098964,-0.052945,0.17449,0.028184,-0.0005932,-0.093115,-0.035432,-0.074445,0.060147,0.022105,0.051621,-0.077718,0.36395,-0.12731,0.035734,0.2428,0.14323,0.070013,0.1896,0.17208,0.042649,-0.13904,-0.058463,0.17716,0.11789,-0.045919,0.17121,0.038707,0.0033768,0.0079167,0.14859,-0.071608,-0.1519,0.051978,0.14192,0.22389,-0.18848,0.20565,0.079571,0.019928,0.18885,0.012711,0.26068,-0.068482,-0.072233,-0.1968,-0.088513,0.23127,0.057623,0.063182,0.06301,0.081235,0.18654,0.052601,-0.013567,0.047179,0.063914,0.34462,-0.046482,-0.070507,0.17875,0.053192,0.27622,-0.01279,-0.0086279,-0.017052,-0.091844,-0.05945,0.15596,0.038105,-0.031447,-0.046518,0.091993,0.20248,0.097294,-0.070479,0.29796,-0.011599,-0.021912,0.11414,0.00032067,-0.01668,0.21746,-0.081315
-0.023492,0.11857,0.036591,0.058626,0.083846,-0.11563,0.073881,-0.035989,0.030015,-0.069266,-0.058153,-0.11765,0.20027,-0.01322,0.045,0.14421,-0.037287,-0.063072,0.017468,-0.11874,0.096687,-0.0043752,0.0056796,0.061734,0.1668,-0.015726,0.098109,0.098354,0.15854,0.090965,0.09853,0.15574,0.18302,-0.069264,0.085437,0.16508,0.19907,0.24331,0.050073,0.17282,0.12277,0.076173,0.086616,0.011748,0.047351,-0.14586,0.19838,0.079515,0.010893,0.012438,-0.016681,-0.12712,-0.0056225,0.11768,0.0061146,0.1667,0.21472,0.23976,-0.025979,0.070534,0.062288,0.068315,0.19394,0.0098952,0.13974,0.072651,-0.035683,0.00027965,0.017858,-0.023793,0.010609,0.32595,0.090992,0.072726,-0.005864,0.17302,0.08533,-0.0040046,0.1603,0.18293,-0.089071,0.051893,-0.015752,0.20799,-0.094576,0.24413,0.051541,0.052238,0.088654,0.066815,0.011088,0.043045,-0.031181,0.088537,0.23877,-0.036255,0.06908,0.038233,0.10725,-0.11707
0.19304,0.15088,0.017054,0.076618,0.12672,-0.1465,0.018975,0.038738,0.021395,0.19586,0.1645,0.088711,0.11396,0.16489,0.033177,0.030606,0.0061438,0.053921,-0.00041841,-0.099522,-0.074167,-0.092895,-0.020676,0.11828,0.070417,-0.11486,0.014268,-0.09721,-0.045103,0.13076,0.023999,-0.088949,0.23525,0.32849,0.25482,0.079388,-0.1283,0.18303,0.20976,0.0094259,-0.054385,0.2822,0.0033777,0.094412,0.10822,0.23486,-0.027679,0.14258,0.169,-0.087134,0.23216,0.045256,-0.030765,0.06062,0.13565,0.40299,0.039511,-0.0061769,-0.0198,0.0076664,0.089452,0.021147,0.2002,0.024991,0.14915,-0.029164,0.20463,-0.082298,0.11404,0.10821,0.1344,0.1593,0.081373,0.087624,0.069669,0.089496,0.018375,0.14757,0.20301,0.069578,-0.26167,0.26869,0.13647,0.10904,0.024066,0.089977,0.0071734,0.036341,0.023312,-0.13976,0.24213,-0.039885,0.12619,-0.096064,0.051595,-0.074672,0.025597,0.15044,0.091893,-0.084927
0.31107,0.143,0.014142,-0.034937,0.23224,0.21233,0.31326,-0.043963,0.048121,0.20018,0.015465,0.093792,-0.085334,0.07309,0.076727,0.13751,0.0047689,-0.085288,-0.015839,0.17999,-0.091515,0.065606,-0.023868,-0.13763,0.42158,0.22482,0.031256,-0.034144,0.2757,0.13588,-0.06858,0.0068005,0.22915,0.029161,-0.037368,0.16443,-0.10533,0.17746,-0.06416,-0.063172,-0.029091,-0.070154,-0.15712,0.2112,0.046084,0.10493,0.077909,0.022639,0.11973,0.098872,0.072014,0.017649,0.11716,-0.0022847,0.073324,0.012669,0.13157,0.052425,0.25629,0.23088,0.10843,0.089265,0.19479,-0.11667,0.010188,0.26351,0.047476,0.012954,-0.0087853,0.077677,0.10316,0.029789,-0.03491,0.12783,0.053188,0.053846,0.03375,0.1167,-0.084107,0.097964,0.19641,0.058723,0.13069,-0.031118,0.096567,0.16593,0.035201,-0.0010524,0.081269,0.036582,0.16325,0.0034735,0.013754,0.074638,-0.1651,0.059757,-0.091197,-0.16197,0.052923,0.013974
0.2027,0.014489,0.015774,0.044709,0.10076,0.27518,0.010897,0.076102,-0.043609,0.22304,0.056698,0.04597,-0.05481,0.001608,0.17058,0.23559,0.088378,0.071481,-0.048827,0.012546,0.035972,0.14745,0.041233,0.097263,0.1374,0.28877,0.17306,-0.063665,0.14805,0.24172,0.099962,0.048071,-0.06249,0.15008,0.024199,0.039462,0.011485,-0.15512,0.033421,0.11631,0.063239,-0.0072876,0.060573,0.11285,0.25149,0.24076,0.14497,-0.042328,0.26229,0.0086721,0.068202,-0.093936,0.060863,0.092503,-0.036773,0.17971,0.19804,0.031664,-0.011097,0.24636,0.070995,-0.011814,0.18507,-0.070799,0.073374,-0.06995,0.055979,-0.038929,-0.047784,0.12164,-0.045407,0.2944,0.13634,0.038865,0.090366,0.0024557,-0.06173,0.057637,0.04824,-0.025942,-0.11715,0.04533,-0.10972,0.054817,0.14086,-0.017508,0.1868,0.07103,0.41418,0.17462,-0.069915,0.28985,0.27789,0.075343,0.014817,0.063714,0.0034838,0.026515,0.020248,0.087809
0.092889,0.12047,0.11305,0.14858,0.10643,-0.062323,0.11476,0.047779,0.28584,0.025524,-0.02924,0.018586,0.248,0.066052,0.042628,0.024667,-0.03786,0.053353,0.0087808,0.094775,-0.039132,-0.017356,0.50079,0.081999,0.0021318,-0.079682,0.092814,0.12583,0.14708,-0.076987,-0.080416,0.11026,-0.080527,0.41185,0.073831,-0.021951,0.13382,0.14449,0.030763,0.18428,0.0015297,-0.044256,-0.089827,0.038,-0.090068,0.22637,0.10504,0.1409,0.04784,0.30431,-0.15575,-0.14915,0.12728,-0.075927,0.063625,-0.075281,0.29163,0.019801,0.088511,0.15792,0.19915,0.33446,0.12928,0.14173,0.048133,0.19319,0.15684,0.1586,-0.012317,-0.070313,0.31174,0.20548,0.12032,0.031995,0.13556,0.030495,-0.006062,0.11923,-0.0429,-0.062191,0.16021,0.027516,-0.033357,0.16248,0.026418,0.10923,0.10778,-0.065894,0.012396,-0.05661,0.097592,-0.027352,0.23312,0.11349,0.10615,-0.095944,-0.025637,0.13076,-0.13393,0.098289
0.1709,0.070238,0.060771,0.053844,-0.0571,-0.080724,0.12845,0.027796,0.039568,0.34463,0.017245,-0.045317,0.12529,-0.077334,-0.052338,-0.10019,0.12251,0.024144,-0.12497,0.14822,0.075804,0.03568,0.072914,-0.063815,-0.17669,-0.011125,0.026382,0.099877,0.14691,0.19265,0.17035,0.0056789,-0.058208,-0.059978,0.022452,0.14981,0.055511,0.11921,-0.0061431,0.05531,0.04941,0.0037255,-0.071543,0.017638,0.050197,-0.11824,0.05548,0.069675,0.27683,-0.075987,0.0691,0.15952,-0.093308,-0.055122,0.17895,0.36614,-0.037577,0.1469,0.068689,-0.0070633,-0.039668,0.19967,0.054371,0.13788,0.037924,0.099052,-0.021681,-0.06285,-0.0038048,-0.11996,0.40267,0.077891,-0.11676,0.20928,-0.075794,0.076361,0.053875,0.11503,0.25404,0.30611,-0.093971,-0.083499,0.11715,0.15584,0.16497,-0.072195,0.092408,-0.10008,-0.085954,0.081772,0.069803,0.099013,0.17809,0.18133,-0.073963,0.14222,0.10005,0.27322,0.12138,-0.022702
0.037905,-0.07445,-0.036438,0.10514,0.078796,0.053082,-0.047355,0.17736,0.071107,0.07728,-0.024981,0.17851,0.17518,0.16829,0.11611,-0.0062451,0.061546,0.1659,-0.22025,-0.12586,0.25205,0.038636,0.050308,0.24841,0.06261,0.098519,0.20783,-0.079683,0.17422,0.077657,0.13249,0.010362,-0.0198,0.12583,0.14137,0.037821,0.089322,-0.015242,-0.10859,0.28652,0.12559,0.24178,-0.04023,-0.007005,0.026619,-0.033363,0.03192,-0.037032,0.10534,0.018984,0.10596,0.23944,-0.17103,0.056016,0.056952,0.072199,0.16164,0.11645,0.033546,0.085623,-0.052886,0.045533,0.20126,-0.041023,-0.041731,0.033564,0.053571,-0.046187,-0.068053,0.2178,-0.046042,0.075379,0.1453,0.19321,0.096843,-0.00055082,0.028246,0.10428,0.076759,0.031653,0.018381,0.14865,0.093103,-0.05578,0.022093,0.21649,0.099771,0.14102,0.1931,-0.065044,0.080329,-0.15628,0.19146,0.002471,-0.075276,0.045033,0.081923,-0.030934,0.015937,0.050154
-0.014903,0.23479,0.12463,0.10606,0.06471,-0.02037,0.29258,0.11116,-0.04266,0.015861,0.092122,0.074351,0.096298,-0.18703,-0.067272,-0.18185,-0.073312,0.085409,-0.03813,-0.05689,-0.0093404,0.20017,0.011213,-0.016564,0.11787,0.050942,0.09702,-0.047465,0.27408,0.080992,0.23875,-0.05756,0.0076009,0.11579,-0.059448,0.36618,0.060306,0.25415,0.084968,-0.055761,0.068596,0.23282,0.026997,-0.073295,-0.04838,0.18749,0.18333,0.053062,0.095736,0.1913,-0.075915,0.20474,0.10857,-0.0024814,0.017201,0.30072,0.12773,0.18412,-0.064133,-0.00097358,-0.017934,-0.046375,0.11495,-0.16538,0.14123,0.054345,-0.035601,0.050584,0.092531,0.33942,-0.040125,0.00042535,0.101,-0.06515,-0.13368,0.10736,0.061148,-0.076107,0.093186,0.052309,0.14166,0.085674,-0.010967,0.054575,0.15875,0.03192,0.15759,-0.017827,0.19706,-0.019064,0.0029679,-0.087749,0.035142,0.04897,-0.015086,0.22432,-0.0013793,0.16334,0.16218,0.26034
-0.034756,0.13647,0.050597,0.11677,-0.024593,-0.062845,0.25828,0.13925,-0.013676,-0.061747,-0.080536,0.12035,0.10143,0.15529,0.17198,-0.030525,-0.0027634,0.0077616,0.064123,-0.019038,-0.037026,-0.053272,0.089206,0.18552,0.26024,0.19049,0.026441,-0.10955,0.027491,0.046583,0.21615,0.0037406,-0.14744,-0.10176,-0.081232,0.27889,-0.12819,-0.090121,0.20592,-0.02403,0.02044,0.023394,0.086213,0.1646,0.061953,0.17163,0.18861,0.032551,0.11738,0.060399,0.18386,0.2615,0.017504,-0.030982,0.038264,0.12839,-0.098873,-0.1011,0.16563,0.047087,0.062626,0.11779,0.20304,0.033207,0.083955,0.072591,-0.084955,-0.15662,0.086756,0.098709,-0.034862,0.21896,0.079888,-0.074044,-0.028433,0.12232,0.2475,0.003579,0.036649,0.09099,-0.20449,0.17461,0.025326,-0.074991,0.12937,0.062138,0.023599,0.14409,0.094257,0.072441,0.06507,0.099287,0.06858,0.0097818,0.061127,0.15442,0.12185,0.11347,0.20906,-0.021585
0.029651,0.22619,0.14928,0.11853,0.046906,0.13907,0.0079029,0.082858,0.17508,0.082621,-0.038798,0.04102,-0.21619,0.10121,0.11309,0.16483,-0.096749,0.04787,-0.051706,0.072437,0.10989,-0.014572,0.018047,0.25477,-0.032816,0.013508,0.033102,0.21678,0.05289,-0.039804,0.056022,0.044259,0.10347,0.20884,0.010247,0.043325,0.19287,0.048161,0.030639,0.042814,0.1058,0.13017,0.27264,0.0039675,0.020103,0.14123,0.16033,0.16124,0.29239,0.10425,0.012808,0.17905,0.13888,-0.12716,0.032432,0.068173,0.090851,0.092483,0.10535,0.052439,0.2523,0.19008,0.032227,0.10705,-0.054224,-0.13192,0.18963,0.11702,0.11124,-0.00095678,0.14773,0.084345,-0.25223,-0.0024082,0.090719,-0.069494,-0.12559,0.013504,0.25307,0.16474,0.13718,-0.11052,0.0040385,0.088777,0.13966,-0.044487,-0.009796,0.23467,-0.037577,0.060191,0.022791,-0.058529,-0.017162,0.12596,0.13075,-0.054171,0.069459,0.095622,0.095546,-0.0065236
0.20084,0.0065828,0.11238,0.028191,0.03449,0.21712,0.26279,0.038821,0.24186,0.049178,-0.025895,0.19626,-0.075033,-0.010861,-0.026925,0.13606,0.10564,0.10671,-0.14357,-0.01771,0.085298,-0.030527,0.025826,0.033408,0.10888,0.16667,0.0845,-0.064263,-0.044623,0.42417,-0.0031024,-0.03405,0.16018,0.23156,0.13492,0.023857,0.0012678,0.092269,-0.087567,0.025864,0.049544,0.020968,0.13869,0.066958,0.067828,-0.03807,0.13304,0.21396,0.089427,0.073337,0.12485,0.01517,0.025377,0.052526,0.053612,0.075065,0.062165,0.020963,0.020268,0.24527,0.031233,-0.019644,0.064127,0.074656,-0.018402,0.1713,0.17817,0.16041,0.088431,0.14931,0.13996,0.042603,0.12301,0.045938,0.013898,0.0096357,0.15096,0.12874,0.11204,-0.070319,-0.10149,0.12529,0.072585,0.070624,-0.049568,0.096465,-0.096254,0.31837,-0.0015081,0.059971,0.075068,0.053336,0.015523,-0.053136,0.2161,-0.016788,0.02353,0.20413,0.044127,0.23224
