0.084546,0.28573,0.11774,0.01787,0.344,0.23895,-0.22972,-0.077482,-0.11838,0.013046,-0.14934,-0.30611,0.076319,-0.081163,0.075744,0.13718,0.35873,-0.0043475,-0.17282,-0.19618,0.12404,0.17935,0.42186,0.050886,-0.17406,0.014344,-0.0094029,0.2856,0.16361,-0.10448,-0.029876,-0.14744,0.48033,0.24647,-0.074983,0.13721,-0.086744,-0.2277,0.20227,-0.11254,-0.093245,-0.020901,0.15424,0.037647,0.39783,-0.016648,-0.26975,0.028556,-0.1673,0.1192,-0.11057,-0.064424,-0.0077855,-0.016442,0.27132,-0.0081783,-0.27072,-0.028518,0.10231,-0.22054,0.048135,-0.12122,0.080749,0.40318,0.23475,-0.011464,0.019031,0.014843,0.15773,0.19473,-0.043099,-0.24957,-0.2729,0.27247,-0.14216,0.13358,-0.19425,-0.090142,-0.067493,-0.16144,-0.010524,0.55372,-0.086463,0.29478,0.51111,-0.12777,0.23831,-0.18343,-0.28591,-0.033845,-0.30374,0.36908,0.46089,0.15141,0.35941,-0.11525,-0.27116,-0.22044,-0.071653,0.27996
-0.15844,-0.070251,-0.045704,0.11538,-0.38435,0.38546,0.19777,0.21512,-0.15477,0.15135,0.037187,0.38707,0.17749,-0.12794,0.095445,0.16832,0.15409,-0.30845,-0.091669,0.20338,0.03379,0.14238,0.29767,0.40441,0.049192,-0.2661,-0.11786,0.16036,0.14322,0.012603,-0.017296,0.12336,-0.21233,0.098344,0.39387,-0.31381,0.044667,-0.2066,0.087901,0.10407,0.0019531,0.47732,0.46775,0.22601,0.3708,-0.13323,-0.15734,-0.067014,0.076875,-0.061409,0.081408,-0.19061,0.31013,-0.28755,0.13838,-0.11802,0.45567,0.042207,0.15672,0.15597,0.048617,0.31247,-0.23835,-0.22788,0.23036,-0.0041021,0.040107,0.50828,0.35894,-0.19621,-0.15284,0.35311,-0.16366,0.064073,-0.073357,-0.084683,0.067275,-0.23864,-0.19671,0.11123,0.078262,-0.32137,0.20748,0.41467,0.36268,0.18419,0.28437,-0.27074,0.019754,0.121,-0.1355,0.37494,-0.32789,-0.19637,0.23286,-0.21913,-0.1331,-0.017358,0.095961,-0.043251
-0.029834,0.089955,-0.122,-0.13932,0.43552,0.22638,0.25569,0.097357,0.51993,-0.18672,0.088487,-0.22781,0.21173,0.27073,0.1889,-0.13977,-0.16169,-0.10742,0.10306,-0.062998,-0.12402,-0.093647,0.16048,-0.28636,0.12341,0.21602,-0.20171,0.018732,0.21086,-0.21772,0.28902,-0.091187,0.049926,0.026146,-0.21794,0.15778,-0.14563,0.061226,0.607,0.65766,0.10868,0.29295,0.09987,-0.053243,0.028528,0.41374,0.85642,-0.20269,0.32497,-0.057828,-0.18041,0.11057,0.21722,0.58101,0.10139,0.27825,0.054042,-0.080518,-0.066905,0.39062,0.2129,0.13941,0.34137,0.13957,-0.10464,-0.035833,-0.027972,-0.21593,0.14324,-0.29142,-0.072984,0.076041,0.098893,-0.032828,-0.01304,-0.23133,0.53984,0.0052802,0.014822,0.00019024,0.44549,-0.16877,0.073571,0.38128,0.18713,-0.1517,-0.22991,0.025693,-0.34394,0.33997,-0.38045,0.69754,-0.18448,0.3624,0.6629,0.079133,-0.22199,0.10937,-0.14746,-0.11028
-0.054656,0.13912,-0.022829,0.071988,0.081243,-0.16936,-0.2066,0.34328,0.20185,0.12974,0.46951,-0.18959,0.13292,0.25598,0.44377,0.22876,0.19096,-0.28213,-0.09911,-0.18487,0.27567,-0.00061015,-0.32236,-0.083623,0.50868,-0.11137,0.19227,0.076064,0.39863,0.21818,0.40045,-0.3467,0.023833,0.0059778,0.27504,0.030392,-0.30744,-0.030348,0.27966,0.45253,0.18299,0.091209,-0.088465,-0.12857,0.13264,-0.021394,0.0086675,-0.0064952,0.23464,0.018181,-0.011145,-0.33303,-0.061858,0.18983,-0.084072,-0.26486,-0.37287,0.1725,0.047073,0.18662,0.27477,0.27422,0.085045,-0.059688,-0.16269,-0.026523,0.40484,0.43728,0.48201,-0.044032,-0.0040486,-0.0084297,-0.13813,0.12239,-0.068046,0.17848,0.10533,-0.12091,0.21943,0.20666,0.51217,-0.15906,0.061848,0.14636,0.21439,0.059744,-0.4054,-0.040823,0.11874,0.019801,0.35581,-0.18911,-0.0089964,0.54184,-0.19725,0.31593,-0.15999,0.012541,0.064371,-0.29362
-0.15192,-0.082602,-0.044254,-0.32212,0.16282,0.11024,0.072919,0.32467,0.051839,0.40518,0.06489,0.21627,-0.23585,0.1524,-0.29146,0.12919,0.44796,-0.035596,0.24127,-0.30933,0.12829,-0.11162,0.16179,0.28206,0.38459,0.2413,-0.034391,-0.1099,-0.12531,0.1415,-0.32597,0.13898,0.046916,0.124,-0.054454,-0.037606,0.10113,-0.024391,0.043041,0.062877,0.25421,-0.083596,0.06958,0.089149,0.28657,0.39503,0.12363,0.024756,-0.026795,-0.036887,-0.11402,0.47053,-0.45197,0.69388,0.39106,0.30636,-0.088729,-0.38309,0.72089,0.080466,-0.30018,-0.16018,-0.34775,0.05152,-0.0026844,0.30227,0.26049,-0.29756,-0.064809,-0.065752,0.27185,0.32211,-0.12035,0.092,0.25962,-0.2415,-0.077692,0.16566,0.030443,-0.29595,0.23682,0.31056,-0.10667,-0.039252,0.06178,0.35927,0.054102,0.49596,0.31178,0.28882,0.06474,-0.016534,-0.046634,-0.28366,0.024555,-0.14757,0.33538,-0.27215,0.075159,-0.18969
0.18191,0.43386,-0.31195,0.15739,-0.13488,0.26159,0.074809,-0.07593,0.53676,0.10468,-0.15641,0.025238,-0.059342,0.023335,-0.021993,0.24766,0.20204,0.52628,0.13465,-0.14468,0.31495,0.060757,0.013118,-0.11363,-0.19958,-0.050305,0.077998,-0.089065,-0.041302,-0.069994,0.0037071,0.045108,0.08313,0.2863,0.32641,0.2519,0.24197,0.49952,0.50982,0.015252,0.14904,-0.21247,-0.075815,-0.16162,0.15029,0.24192,-0.030717,-0.24269,-0.010027,0.023604,-0.049384,-0.049759,-0.18724,-0.27798,-0.0030485,0.025027,-0.11522,0.21456,-0.21209,0.39625,0.62308,-0.13062,-0.059789,-0.30607,-0.089394,-0.056731,-0.064602,0.22296,-0.079504,-0.083307,-0.17803,-0.16582,-0.14178,0.10915,0.38161,-0.17344,0.39184,0.11681,0.059257,0.25887,0.028787,-0.036124,-0.082417,0.26811,-0.16713,0.016239,-0.043584,0.48177,0.06133,0.025647,0.23182,0.095438,0.24846,0.012244,0.085105,-0.040578,0.17933,0.050682,-0.12028,-0.081744
0.12614,0.1673,0.29151,0.016024,0.3566,0.17387,0.06637,0.491,0.2475,0.33402,0.068483,0.57431,-0.1415,0.38005,0.062861,0.30911,0.17353,0.067389,0.11635,-0.21888,0.078074,-0.21131,0.047263,0.24154,0.14434,-0.033427,-0.15762,0.37948,-0.038816,0.21597,0.40605,0.08841,-0.08139,-0.033979,0.318,0.11243,0.1874,-0.1126,0.26839,0.037633,-0.043263,0.11518,0.23429,0.27229,-0.21578,0.27022,-0.029547,-0.018912,0.2178,-0.107,-0.13378,0.25644,0.03044,-0.2175,0.13793,-0.02405,0.35206,-0.26297,0.3879,0.16795,-0.1949,-0.11941,-0.019678,0.13669,-0.18393,-0.072192,0.54449,0.23368,0.34493,0.50167,0.30007,-0.01254,-0.11357,-0.36458,-0.064895,-0.041043,-0.0084908,-0.35552,-0.094758,-0.029148,0.20201,-0.062035,0.043587,0.089887,0.16102,0.14099,0.48599,-0.074545,0.15832,-0.0018533,0.10071,-0.27976,-0.17778,-0.1588,0.083004,-0.11605,0.18583,-0.22483,-0.037414,-0.30204
-0.098427,-0.065378,-0.036634,0.32466,0.043122,0.46913,0.20493,0.035701,0.39613,-0.14859,0.028716,-0.1054,0.31284,0.092308,-0.31838,-0.084655,-0.24002,-0.034233,0.097355,0.33409,1.0143,-0.058116,0.066911,0.04757,0.67565,-0.080154,0.57126,-0.31199,0.098698,-0.030885,0.13256,-0.16109,0.073456,-0.10851,0.075992,-0.2334,-0.05057,0.04867,-0.18847,-0.038955,0.2369,0.024461,0.73137,0.40233,-0.0023238,-0.26566,-0.21601,-0.2534,-0.15384,-0.01297,0.52976,0.14942,0.0219,0.56392,0.016435,0.013446,-0.11212,-0.12512,0.80273,-0.42298,-0.29015,0.39297,0.31609,-0.11684,0.10301,0.012758,-0.04734,-0.2164,0.57426,-0.021745,0.03402,0.14293,0.14392,0.17323,-0.20938,-0.11878,-0.18944,-0.053357,-0.21086,0.2171,0.31213,0.31735,0.09731,-0.23691,0.12056,0.18735,0.046813,0.42685,0.004553,-0.014599,0.1854,-0.083824,-0.29506,-0.14768,-0.12502,0.055284,0.2845,0.16188,0.31654,-0.012801
-0.3638,0.46949,0.047414,0.27289,-0.19927,-0.1099,-0.035144,0.15083,0.28473,-0.144,0.33243,-0.13708,0.030864,0.02998,0.3678,0.36483,0.037073,-0.34267,0.10712,0.189,0.36068,0.28329,0.079319,-0.080696,0.1618,0.11018,0.19398,-0.097635,-0.18908,0.21408,0.23585,0.12691,-0.039415,0.21518,-0.18133,0.17255,-0.12688,0.40675,0.7483,-0.017006,0.60617,0.14636,0.071376,-0.23298,0.094045,0.70218,0.081721,-0.47221,0.21683,-0.032648,0.11769,-0.28128,0.019739,-0.22863,-0.17272,0.26255,0.18969,0.067368,0.38008,0.20979,-0.045464,0.080667,0.3732,-0.11446,-0.066976,-0.068663,0.38808,0.25765,-0.11288,0.19237,-0.012104,-0.13156,-0.14239,0.081833,-0.11325,0.51691,0.70421,0.19723,-0.132,0.10171,-0.21531,0.25953,-0.15146,-0.018206,-0.12138,-0.014991,-0.036985,-0.32401,-0.020335,0.39743,-0.13219,0.34749,-0.024424,-0.053838,0.06912,0.026656,-0.28765,-0.19426,-0.045025,0.19586
0.0062104,-0.092469,-0.0011231,0.14792,-0.25066,0.1151,0.41557,0.18695,-0.17426,-0.014927,-0.23916,0.35093,0.30332,0.030934,-0.0052223,-0.072675,0.12577,-0.098237,-0.060906,-0.13095,0.018611,-0.0087952,-0.19792,0.29115,0.1348,0.2461,0.01768,0.1421,-0.28787,-0.32934,0.43595,0.20697,0.25452,0.17181,0.11213,0.33764,-0.11762,0.19266,-0.077912,-0.28161,0.089451,0.299,-0.068958,0.22716,0.30575,-0.44814,0.084275,-0.094083,-0.0064952,0.28314,0.0061386,-0.049121,0.11024,0.15058,0.42023,-0.061924,0.17002,0.3657,-0.037611,0.30414,0.28186,-0.12051,-0.07937,0.16707,0.23892,0.18314,-0.36893,0.26429,0.051105,-0.13663,0.051399,0.50633,0.26731,0.28685,0.16248,0.097272,-0.066502,-0.069706,0.19771,-0.11679,0.077313,0.11163,-0.0066705,-0.13268,-0.020642,-0.10337,0.063767,-0.086945,0.098362,-0.15329,0.32881,0.018782,0.13148,-0.2997,0.30776,-0.037219,0.051389,0.17119,0.46447,-0.22186
0.33182,-0.073021,-0.095049,-0.0602,0.30332,0.13852,-0.206,0.12784,0.1428,-0.41059,0.1414,0.3447,0.0067164,0.30577,0.35504,0.14731,0.19141,0.23279,0.098653,0.4561,0.20199,0.11633,0.023171,0.27696,0.088596,0.037725,-0.053234,0.21394,0.074225,-0.093459,0.33073,-0.081816,-0.041586,-0.05919,-0.093313,0.1212,0.34959,-0.19412,0.23033,-0.17245,-0.16675,-0.0060117,0.089781,0.049561,0.63668,-0.027577,-0.22338,-0.029042,0.4403,0.087124,0.010067,-0.044569,-0.037622,0.23052,0.088741,-0.0069922,-0.18176,0.029522,-0.4507,-0.037818,0.016481,-0.16361,0.23168,-0.0456,0.030362,0.27852,0.023128,-0.28462,-0.080736,0.03179,0.091683,0.028662,-0.14687,0.53066,0.12906,-0.21659,0.16436,0.013502,0.032202,-0.22062,0.14536,0.13077,-0.0103,0.10474,0.35302,0.096853,-0.050859,-0.10527,-0.018494,-0.1936,0.20753,0.1236,0.16717,-0.17135,0.47463,-0.11813,0.34131,-0.0296,0.04361,0.061608
0.019889,0.22441,-0.11611,-0.13915,-0.21464,-0.092091,0.62856,-0.1332,-0.4375,-0.11422,-0.16627,-0.038052,-0.0030162,-0.089566,-0.12086,0.23742,-0.089376,0.26668,0.17387,0.2203,-0.076094,0.25381,0.39074,0.26544,0.46957,0.14143,0.18013,0.18772,0.38238,0.2171,0.069913,0.33231,-0.23781,0.20885,-0.31326,-0.2564,0.21731,0.30896,-0.03419,-0.064365,-0.29,0.14158,0.33871,0.13716,0.044093,0.1463,-0.091238,0.060781,0.32276,-0.2918,0.22392,0.91871,0.58025,0.15873,-0.31448,-0.26986,-0.19977,0.10756,0.33699,-0.19817,0.37948,-0.052336,0.23487,0.26049,-0.015995,0.010213,-0.0072528,-0.020337,-0.39979,-0.13207,-0.43693,0.38572,-0.045845,0.023801,-0.35235,0.12482,0.60635,-0.28706,0.2181,-0.02305,0.32766,-0.26837,-0.21535,-0.1318,0.26144,-0.07002,0.26075,0.30996,0.034674,0.09327,-0.019615,-0.085056,0.22359,0.31938,0.13282,0.094601,-0.1343,0.48612,-0.11845,0.12929
0.10747,-0.22617,-0.16867,0.037218,-0.35909,0.73518,-0.27064,0.4235,0.38753,0.16243,0.32153,0.30408,0.064743,-0.18334,-0.13293,0.018886,-0.14829,-0.17513,0.31177,-0.24744,0.65279,0.15303,-0.0965,-0.016289,0.2242,-0.00062064,-0.027697,-0.15533,0.23712,0.20282,0.44631,-0.062519,-0.27011,0.041113,0.23554,-0.18985,0.30133,0.50991,-0.12771,-0.06563,0.51088,0.37064,-0.17096,0.19351,0.3736,0.31044,0.025062,0.099614,-0.024998,0.089579,0.15726,0.32758,0.11288,0.090051,0.23511,0.096937,-0.076863,-0.097534,0.16539,0.31793,0.098684,0.11361,0.60196,-0.075961,-0.11094,0.13916,-0.51797,0.23672,0.08751,0.24151,-0.049165,0.0015022,-0.26353,0.45629,0.15466,-0.14272,0.18589,-0.28249,0.057534,0.29429,0.15622,-0.25194,-0.12681,-0.32729,0.10363,0.24189,0.27029,-0.10988,-0.17775,0.22484,0.018174,-0.27485,0.039,-0.0075198,-0.056027,-0.3454,-0.16361,0.034602,0.060848,0.037248
-0.14432,-0.13418,0.71072,-0.051396,0.084421,0.090235,0.1638,0.24471,0.25849,-0.12388,0.39277,-0.2314,-0.03867,0.325,0.067792,-0.14017,0.84514,0.29349,-0.040301,0.10777,-0.43067,0.25939,0.49141,0.36618,0.04873,-0.19393,-0.11509,-0.2555,0.052228,0.041893,-0.26081,-0.25963,-0.27428,-0.020297,-0.25093,-0.21625,0.21511,0.15396,0.14162,0.2954,0.0093207,0.071491,-0.030351,0.25666,0.46039,-0.062758,0.044363,0.09988,-0.15329,0.0063746,0.30019,0.20349,-0.071671,-0.13328,-0.032747,-0.00032553,0.3758,-0.11277,-0.086704,-0.042708,-0.027506,0.32874,0.53548,-0.26921,0.065177,0.12057,0.75236,0.34002,0.13849,0.090183,-0.2431,-0.16203,0.26568,0.11256,-0.30832,0.2076,0.39262,0.30977,0.045582,-0.012986,-0.091344,0.29365,0.023271,-0.065381,0.51839,0.092389,-0.36847,-0.25821,0.2614,0.11121,-0.13621,0.61791,0.27798,0.13145,0.33959,-0.031182,0.81988,-0.034668,0.16086,0.16519
-0.19442,0.31772,0.64365,0.55315,0.075858,0.16547,0.15684,-0.20959,0.8171,0.22039,-0.14215,0.1188,0.62404,-0.16979,-0.11392,0.44501,0.27741,-0.12449,-0.3879,-0.25303,0.055695,0.28674,0.39989,0.12451,0.026346,-0.028822,0.089959,0.44055,0.19784,0.15174,-0.062911,0.082535,0.14904,-0.33791,0.0597,0.44477,0.22642,-0.10798,-0.16554,0.1215,0.16943,0.019173,0.024195,-0.23009,-0.36466,0.16768,0.13313,-0.20214,0.40601,-0.19757,-0.12079,-0.35617,-0.28898,-0.056222,0.43227,-0.04224,0.22207,-0.12093,-0.075593,0.22119,-0.097128,0.6182,0.30596,-0.23147,0.29464,0.022245,0.09899,0.50206,-0.0021351,0.034764,-0.31985,0.57076,-0.25138,-0.0099973,-0.021083,-0.11964,0.1963,-0.044226,0.1871,0.17022,0.23226,0.13041,0.045713,-0.20881,0.46952,-0.13883,-0.069069,0.13988,-0.12428,-0.23584,0.49132,1.0151,-0.17891,-0.12115,-0.37538,0.17653,-0.060318,0.074878,-0.13246,0.31466
-0.041401,-0.20245,-0.24969,0.16241,0.16496,0.23619,0.074262,-0.26294,0.38325,0.5279,-0.12009,-0.21035,0.1481,-0.19655,0.07395,-0.19018,-0.045426,-0.21511,0.33243,-0.15771,-0.091751,-0.20301,0.46591,0.18203,0.62898,0.25016,0.04145,0.0065369,0.0035561,0.31598,0.31308,-0.25323,0.053834,-0.20878,-0.0067705,0.30602,-0.23773,0.67862,0.71356,0.42284,0.36384,-0.030072,0.13834,0.12853,0.23539,-0.0083153,0.33599,0.054793,-0.052943,-0.092048,0.43513,0.042397,-0.035975,0.23098,-0.12386,0.077672,-0.066857,0.15224,0.033879,0.28651,0.12486,0.27613,0.42538,-0.13883,0.21426,-0.049543,-0.0065354,0.045625,-0.023414,-0.13745,-0.11233,0.10148,0.032138,0.025876,0.43606,0.031575,0.37093,-0.189,0.37842,0.71025,0.078933,-0.22746,0.17762,0.0051727,0.17564,-0.29887,-0.038206,0.23871,-0.12202,-0.033824,0.25118,-0.12136,0.14184,-0.08216,0.60384,0.016743,-0.20584,-0.044807,-0.12613,-0.099298
-0.21014,-0.20101,0.22348,0.01289,0.043098,0.42546,-0.16636,-0.16948,0.1259,-0.15856,0.17482,0.24643,0.26316,0.18289,-0.24558,0.24396,-0.011317,-0.066553,-0.057758,-0.18813,0.12377,0.026312,0.38345,-0.23463,-0.011065,-0.22551,-0.18643,0.11726,0.37184,-0.029125,-0.013786,0.03392,-0.20517,-0.14491,-0.2277,0.16592,-0.1318,0.036102,0.015498,0.11553,0.37711,0.48286,0.35611,-0.24276,0.20638,-0.016735,0.71528,0.23214,0.13914,0.31966,0.020907,-0.30357,0.56063,0.71132,0.090176,0.22011,0.25933,0.084151,0.23317,-0.08063,0.0047224,-0.15315,0.17576,-0.065405,0.50307,-0.15665,0.18156,-0.23758,0.067329,0.43478,0.20912,0.23845,0.33209,-0.23379,-0.20649,0.15906,-0.058832,-0.16806,-0.3165,-0.17699,-0.042738,0.074056,-0.07946,0.19476,-0.0051135,-0.023882,0.20426,-0.035715,0.049126,0.27979,-0.14147,0.53865,0.40632,0.11895,0.10034,-0.094688,0.063705,-0.26673,-0.0087183,0.11169
-0.05009,-0.06418,-0.1125,-0.21917,-0.22625,0.15888,0.035343,-0.12977,0.24298,0.31202,-0.036512,-0.16378,0.29315,-0.065316,0.21858,0.49045,-0.1022,0.19607,0.59465,-0.11356,0.090803,0.43144,0.26833,-0.089851,-0.22376,0.132,0.18436,-0.00064747,0.10943,0.44561,-0.027771,-0.41655,0.09561,-0.036068,0.17992,0.25979,0.066996,-0.060744,0.081083,0.24383,-0.2332,-0.19299,-0.022297,-0.35238,0.90484,0.037782,-0.20383,-0.1081,0.15525,-0.20014,0.2673,0.25411,-0.11221,-0.047651,0.11808,-0.16795,0.14998,0.072571,0.036957,0.30681,0.16041,0.11104,-0.19883,0.085875,-0.1676,0.15848,-0.028175,0.20618,0.37978,0.19601,0.016831,0.27209,-0.32246,-0.039427,0.61477,0.64085,0.56708,0.1904,-0.1539,0.052249,0.25157,0.30722,-0.24668,-0.10563,-0.11772,0.17157,-0.049424,0.25844,0.11038,0.11234,0.12198,-0.049823,-0.23656,-0.2049,0.21657,0.073042,0.53543,-0.12214,0.118,-0.0029827
0.45281,0.22217,-0.014047,0.16978,-0.081639,-0.043473,0.23613,-0.17977,0.31664,-0.16594,0.069915,0.45359,0.15039,0.1081,-0.072927,-0.12905,0.76071,0.12195,0.23342,0.4759,0.089271,0.14784,0.68021,-0.16467,-0.19798,-0.037404,0.17304,-0.069517,0.084846,0.19996,-0.12878,0.20481,0.010828,-0.0099333,-0.10222,0.24235,-0.030184,0.46657,-0.039783,0.12189,0.20139,-0.081764,-0.15282,-0.20252,0.37427,-0.12978,0.45769,0.086334,-0.02474,0.22415,0.32701,-0.054831,0.1272,0.45316,-0.13975,-0.056091,0.042564,0.13312,0.13532,-0.23781,0.4194,0.27348,0.1607,0.25571,0.036732,0.0037166,0.15432,-0.16797,0.058519,0.2225,-0.34156,0.27757,0.0731,-0.03359,-0.13616,0.038865,0.12506,-0.17289,0.17516,0.31624,-0.030159,0.53059,-0.0082348,-0.26392,-0.38324,-0.017644,-0.3547,-0.10999,0.059833,0.18408,0.081721,-0.061814,-0.086729,0.13796,0.11557,0.4699,-0.2908,-0.048769,-0.13739,0.26851
0.093522,-0.0048378,0.18088,0.1391,0.038227,-0.19522,0.39561,-0.1182,0.13595,-0.20259,0.25478,-0.11428,0.40386,-0.096227,0.21096,0.18968,0.046727,0.10635,-0.11162,0.33285,0.087652,0.364,0.17612,-0.27387,0.041638,0.19091,0.44245,-0.14415,0.23456,0.035577,-0.0050096,-0.066171,0.24075,-0.014482,0.19721,-0.058498,0.25932,-0.17462,-0.058562,0.086151,0.29412,-0.037211,-0.19195,0.34304,0.14739,0.16534,-0.044371,0.80329,-0.069433,-0.026184,0.29126,-0.32061,0.057251,0.014903,0.15152,0.63127,-0.19911,0.18322,0.66958,0.31622,-0.03126,0.51698,0.62093,0.21937,0.099036,-0.20414,-0.18291,0.089164,-0.11401,0.20988,0.42739,0.71185,0.45047,0.18838,-0.1342,-0.045774,-0.17036,-0.10034,0.063942,0.27325,0.043576,-0.17693,-0.22232,-0.1415,-0.40809,-0.01498,-0.050357,0.068477,-0.2508,-0.23626,0.1833,0.077319,0.34118,0.074196,0.41437,0.3558,-0.082807,0.48854,-0.23246,0.076588
0.20877,0.11276,0.14932,-0.23123,-0.2579,-0.18843,0.70488,-0.22674,-0.22253,-0.031063,-0.19187,0.402,0.39082,0.42175,0.30184,0.42476,-0.0049552,-0.17426,0.57123,-0.40648,0.42475,-0.053848,0.012376,0.13843,0.33813,0.41534,0.2725,-0.17616,-0.18585,0.34553,0.47696,0.4651,0.2567,0.13311,-0.061394,-0.0034527,-0.14858,0.28389,-0.23698,0.021447,-0.23119,0.061743,-0.15739,-0.22376,-0.32022,0.077953,-0.1175,0.4585,0.12769,-0.19347,-0.22258,0.16815,-0.21682,-0.11775,-0.079117,0.064071,0.15188,-0.02202,-0.088838,-0.0066684,-0.2064,0.20061,0.025478,0.13652,0.056201,-0.0092061,-0.010599,0.20345,0.20433,-0.27018,0.15184,-0.018164,0.023344,0.036075,-0.16409,0.12487,0.041705,-0.3126,0.051101,0.19074,0.063765,0.56316,0.44079,0.14905,0.36806,-0.29949,0.18112,0.51366,0.32714,0.1589,0.25797,-0.15391,0.25706,0.40393,-0.24139,0.16692,-0.20704,0.23591,0.088763,0.098991
0.44631,-0.097568,0.43755,0.080896,0.371,-0.1362,0.027392,0.32974,-0.1102,0.15071,0.10459,-0.24534,0.11683,-0.02969,-0.17291,0.33081,0.11923,0.22227,0.11776,0.70978,-0.18668,0.33466,0.19164,0.2979,0.33235,0.22077,0.081064,0.43028,0.16402,0.19311,-0.14021,-0.11812,-0.043755,-0.13612,-0.090877,-0.16755,0.055597,-0.20532,-0.020455,0.14725,-0.012182,0.4544,0.32249,-0.1247,0.051792,0.032993,-0.086166,0.15074,0.13344,-0.0081556,0.071539,-0.07658,0.27173,0.45203,0.085458,-0.15724,-0.052307,-0.020269,0.0076808,0.49516,0.12709,-0.23517,0.31067,0.053546,-0.24574,0.24762,0.19038,-0.096751,-0.23632,0.31519,0.35963,-0.063256,0.12753,0.31998,-0.05744,0.035186,0.0056373,0.44949,-0.051741,0.24042,0.089903,0.17591,-0.074426,-0.018409,0.10741,0.067469,0.026748,-0.20887,-0.10482,-0.099002,0.16269,-0.12863,0.036896,0.0038549,-0.28629,0.032637,0.16417,0.12515,0.13137,-0.13645
0.43333,0.10158,-0.16152,0.15529,-0.13459,-0.25736,0.62877,-0.31866,-0.1575,0.24083,-0.18975,0.04134,0.55501,0.36266,0.01138,0.095983,0.2385,-0.41977,0.2232,-0.10478,0.41858,-0.16872,0.11793,0.028663,0.6833,0.15767,0.52729,0.063791,0.21874,0.057824,0.22368,0.044786,0.056868,0.34519,0.29392,-0.076676,0.38227,-0.11244,-0.11083,0.38974,-0.14555,0.16134,-0.033732,0.11458,0.25309,0.16054,0.3078,-0.10616,-0.028651,0.080963,-0.1531,0.12443,0.030419,-0.11424,0.41824,0.10968,-0.15582,0.04381,-0.28492,0.16484,0.038359,-0.13263,-0.10056,0.02397,0.016382,0.6456,-0.04745,0.063188,-0.10837,-0.12727,0.082851,-0.030835,0.29178,0.058138,-0.22438,0.37949,-0.26211,-0.038058,-0.27401,0.49271,-0.024585,0.052741,-0.37083,0.14448,0.20127,0.037918,-0.015537,-0.13589,0.0098529,-0.21134,0.12533,-0.25858,0.10462,0.26599,0.34932,-0.16619,0.10102,-0.032245,0.081883,-0.21112
0.12416,-0.16003,0.46822,-0.117,-0.095157,0.23139,0.17046,0.26466,-0.23449,0.29053,-0.036619,0.16581,-0.26365,0.30423,0.14995,-0.13875,0.19385,-0.34633,-0.11032,0.70394,-0.26279,0.34539,0.13355,-0.36198,-0.1024,0.39634,0.32979,-0.051872,0.23581,-0.37551,-0.21576,0.078855,0.037799,-0.025041,-0.10903,-0.11159,-0.27834,0.20162,0.044338,-0.15815,-0.007605,-0.22953,0.16955,-0.23183,0.11125,0.089731,-0.027824,0.15855,0.27771,0.49683,0.90001,0.07709,0.037227,0.043977,-0.30923,0.096474,-0.15038,-0.027798,-0.19181,0.30198,0.10074,0.23686,0.17033,0.21059,0.28339,-0.11982,-0.092801,-0.3291,0.25746,-0.12733,-0.10693,0.19235,0.0065312,-0.20626,-0.0081218,0.069881,-0.022224,0.66385,0.023403,-0.072823,0.54522,0.088589,0.55421,0.39708,0.17175,-0.018728,0.066516,-0.22389,0.00052651,-0.25923,0.17809,0.032727,0.17201,-0.13941,0.20532,0.34838,0.069574,-0.041976,0.68105,0.22627
-0.0016744,0.076336,0.39153,-0.12921,-0.019961,-0.019,0.22309,-0.033619,0.2216,-0.29558,0.28211,0.16716,0.035896,0.060899,0.014963,-0.26989,-0.016139,0.058245,0.30569,-0.26824,-0.10981,0.38358,-0.26763,0.23799,0.45353,-0.053053,-0.25998,-0.0012225,-0.39259,-0.010787,-0.25951,0.15391,0.28517,-0.076356,0.27997,0.094651,-0.21078,-0.03745,0.58933,0.23125,-0.17075,-0.038296,0.35925,-0.11507,-0.10185,-0.10083,-0.19334,0.57974,0.59307,0.10076,-0.31737,0.090369,0.41076,-0.10343,0.30576,0.2086,-0.017921,0.38154,-0.10848,0.095112,0.0052509,0.92487,0.023614,-0.14839,0.077933,0.037805,0.28033,0.17962,-0.11946,0.55222,0.022262,0.16926,0.17802,0.10216,0.26364,0.15575,-0.099768,0.19963,0.0055745,0.17945,-0.021069,0.79471,0.15892,-0.19701,-0.13512,0.088781,-0.031103,0.036153,0.47865,0.28576,0.26107,0.13382,-0.13952,0.27861,-0.08969,-0.11184,-0.34459,0.10649,-0.27357,0.016563
0.038797,0.07007,-0.15633,-0.014737,-0.018092,-0.20615,0.078899,0.86055,0.015307,0.11674,-0.18611,-0.23775,-0.12375,0.29617,0.17394,-0.0092154,0.23582,-0.095213,0.36932,-0.46282,0.51548,0.044599,-0.36558,0.12246,0.10324,0.11282,-0.11592,0.078249,0.083422,-0.21961,0.71185,0.087979,0.19819,0.011819,0.35922,0.060541,0.29793,0.052908,0.34724,-0.047331,0.31548,0.14692,0.061442,-0.096119,-0.22617,0.12468,0.14663,-0.093673,0.21471,-0.18226,-0.0996,-0.40231,0.34542,0.30824,0.2521,0.028579,0.17234,-0.068228,0.28184,0.34011,0.36762,-0.013957,0.10358,0.28219,0.12856,0.07957,0.23353,-0.14602,0.3826,0.88702,-0.03477,0.6762,-0.10153,0.10361,-0.40634,-0.25872,-0.20638,0.033711,-0.11497,-0.11465,0.23232,0.061639,-0.0027149,0.29128,-0.059107,0.12945,-0.39454,-0.0061131,0.18815,0.037048,0.4489,-0.27439,0.1797,-0.059647,0.30815,0.076207,0.070573,0.039904,-0.10973,-0.084803
-0.17979,0.38942,-0.3639,0.18807,-0.19085,0.067192,0.58205,-0.095426,0.26787,0.2632,0.0096699,0.26777,0.071858,-0.095579,0.15171,0.11912,-0.07374,-0.06681,0.020967,0.2763,-0.0084332,0.078624,0.027894,-0.093438,-0.15255,0.14679,-0.0036536,-0.26345,0.0096348,0.94237,0.86933,0.56983,0.22832,0.23378,0.28491,0.35388,0.28668,-0.24269,0.32581,0.5673,0.023046,0.10124,0.073183,-0.055857,0.074058,0.20337,-0.10134,0.1926,0.19635,0.039796,0.020332,0.18849,-0.031469,0.016001,-0.039512,-0.033886,0.045859,0.069811,-0.13968,-0.27882,0.027203,0.18417,0.6736,-0.074307,-0.081494,-0.074769,0.24712,0.031555,-0.011258,-0.15952,-0.53156,0.20322,0.040479,0.56394,0.057642,0.058929,0.1934,0.17091,-0.1959,0.026652,0.077621,0.11124,0.077612,0.24615,-0.24085,-0.009752,-0.26019,0.058843,0.0065718,0.34999,0.13523,0.57878,0.27154,0.12125,-0.054897,0.1485,0.36283,0.29485,-0.12777,0.033643
-0.07942,-0.30547,-0.092936,-0.16834,-0.063668,0.1249,0.04345,0.59765,-0.01867,0.02556,-0.097459,-0.29287,-0.078057,0.22636,0.17472,0.36755,0.042088,0.5267,0.077397,0.24824,0.29232,0.24383,-0.20909,0.28787,0.26269,0.16321,-0.062831,-0.085106,-0.091393,0.014734,0.30219,0.12189,0.52265,0.28087,0.76229,-0.047042,0.015656,-0.044601,-0.073468,0.0059352,0.23701,-0.20723,-0.049036,-0.020986,0.38385,-0.41388,0.082012,0.023444,-0.15387,0.59749,0.26634,0.057723,-0.10869,-0.20643,0.53393,0.34316,-0.17314,-0.18419,-0.028456,0.27175,0.060661,-0.1149,-0.13326,0.030325,0.50037,-0.16262,0.075798,0.15266,0.27589,-0.092264,-0.012975,-0.15848,-0.20238,0.22316,-0.042676,0.084552,0.44668,-0.095787,0.90938,0.20915,0.010738,-0.081092,-0.0915,0.14178,-0.13303,-0.00069558,0.097763,-0.14888,0.077203,0.23468,0.42436,-0.10829,0.20306,-0.10151,-0.28984,-0.12485,-0.087888,0.058208,0.41679,0.33771
-0.11189,-0.060734,0.1214,-0.12838,0.26608,1.2262,-0.03218,0.024696,-0.22638,0.19292,-0.26113,0.26156,0.24649,0.12078,-0.075666,-0.079858,0.088167,-0.013093,0.19862,-0.080862,0.19739,-0.19181,-0.051784,0.031468,0.014707,0.066696,0.0037804,-0.30048,0.22732,0.13568,0.75122,-0.1715,-0.0044613,0.037088,-0.096675,0.19688,0.47104,0.22637,0.45763,0.079398,-0.20419,0.052988,0.067437,0.072195,-0.17021,-0.024343,-0.098513,-0.080586,0.10017,0.11919,0.072676,0.0075941,0.26308,-0.041846,0.017122,0.5009,0.15664,0.54182,0.45424,-0.015964,-0.12014,-0.15168,0.94733,0.0075753,0.45938,-0.027916,-0.015654,-0.06488,-0.21633,0.14622,0.091705,-0.17637,-0.20144,0.1909,-0.017707,-0.45051,0.16182,0.39134,0.55534,-0.16672,-0.11854,0.76695,-0.064249,-0.12489,-0.089256,-0.10193,0.10136,0.17274,-0.051634,-0.27703,0.36413,-0.11088,-0.15554,-0.037081,0.01636,0.033905,-0.11404,0.20378,0.28708,-0.14561
0.48591,0.54976,0.32751,0.42322,0.035141,-0.038212,-0.031706,-0.20138,0.59687,0.090988,0.38174,0.15709,-0.23477,-0.11617,-0.11898,0.087477,0.033442,0.074447,0.29024,-0.17861,0.067717,0.02767,0.60343,-0.035118,-0.21461,-0.37478,0.25465,0.24571,-0.012633,0.1585,-0.24617,0.20378,0.32703,0.45857,0.079294,0.23951,-0.26154,-0.10939,0.1098,0.38636,0.38515,-0.228,0.14699,0.28378,0.059244,0.31389,0.10705,-0.23216,-0.1612,-0.044443,-0.070396,0.031193,-0.3272,-0.097764,0.24537,-0.073733,0.17628,0.11151,0.20059,0.54027,-0.093835,0.12404,0.61789,0.46323,-0.15378,0.31091,-0.17574,-0.05467,-0.21748,0.13973,-0.055958,-0.035459,0.043773,0.41566,-0.27308,0.21045,0.21146,0.22122,-0.22828,0.15128,0.2801,0.19997,0.14018,-0.25098,0.33701,-0.2003,0.36784,-0.34083,-0.046566,0.059137,-0.12489,-0.47958,0.26088,-0.080342,0.094048,0.39781,0.40283,0.71929,0.44213,-0.017369
-0.2015,-0.070569,-0.12749,0.29463,0.22952,0.039425,-0.20901,-0.27811,0.18476,0.50266,0.53067,0.038001,-0.35501,-0.26314,0.049862,-0.044744,-0.13956,0.2235,0.3962,0.65583,0.011344,-0.14847,-0.012026,0.021369,0.74238,-0.11813,-0.11537,-0.14339,0.24819,0.073001,-0.019491,-0.10114,-0.28106,0.55828,0.42174,-0.0046379,-0.068517,0.35051,-0.16463,0.25439,0.19561,0.26354,-0.25023,-0.2563,0.12832,0.27647,-0.10083,0.101,0.013992,0.13825,0.0091961,-0.099122,0.82566,0.23672,-0.093693,-0.1527,0.66438,-0.071795,0.0059658,-0.13863,0.021898,-0.057309,0.12401,0.39437,-0.1784,-0.12146,-0.02671,0.3254,0.22948,0.083975,-0.098521,0.19458,0.19098,0.17659,0.12988,0.27356,0.30937,0.19137,-0.11123,0.15948,-0.28412,0.015016,0.16546,0.36859,-0.24042,0.059104,0.1586,-0.19884,-0.075665,0.0098841,0.024588,0.15704,-0.10348,0.377,-0.057948,-0.096906,0.3505,0.015989,0.37758,-0.066385
-0.15659,-0.13655,0.22262,-0.38624,0.10482,0.04933,-0.14472,0.18583,0.21261,0.035664,0.0032487,0.19003,-0.11629,0.073313,-0.14611,0.60588,-0.15471,0.41988,-0.15546,0.013869,0.017913,0.18989,0.20295,0.41507,0.092425,0.30894,0.057614,0.25462,-0.13382,0.54933,-0.026708,-0.0402,0.038947,-0.25685,0.12675,-0.24743,0.23505,0.71483,0.15178,0.076075,0.26281,-0.053852,0.547,0.031495,0.11871,0.33772,0.067479,0.3779,-0.035326,-0.31362,-0.15599,0.25302,0.081107,0.43972,0.060769,-0.29198,0.53404,0.3678,-0.28999,0.031272,0.15277,0.16634,-0.0066229,0.064168,0.12682,0.13735,0.62381,-0.28493,-0.211,0.16111,0.029382,0.31013,0.36428,0.019562,-0.24456,0.24805,-0.087104,-0.20489,0.11714,0.029747,0.053947,0.059213,0.39144,-0.025119,0.064944,-0.14186,-0.33843,0.061538,0.016588,-0.19024,-0.12484,-0.062321,0.12715,-0.11408,0.26911,-0.13835,0.42965,0.10901,0.22289,-0.10082
0.095709,0.23691,-0.058769,0.26469,0.29437,0.095776,0.14949,-0.16268,0.31048,0.53062,0.26129,0.15609,0.23759,0.00077875,0.075319,-0.15125,0.11763,-0.14585,0.57589,0.22142,0.15404,0.25774,-0.17108,-0.13667,-0.20925,-0.15611,-0.068802,0.079896,0.012723,-0.070411,0.14652,-0.2224,0.038654,0.41464,-0.051281,-0.38095,0.13471,0.026157,0.016624,0.0069435,0.6369,0.27385,-0.0058525,0.24677,0.45663,0.34246,-0.016553,0.22934,0.14431,-0.14769,0.24718,0.13452,-0.26356,-0.15554,-0.055548,0.020514,-0.26019,0.29031,-0.27479,-0.16863,0.096669,0.34607,-0.19694,-0.10991,-0.19017,0.088289,0.30876,0.30489,0.25171,-0.30334,0.68706,-0.19689,0.69457,0.11352,-0.038317,-0.19348,0.093894,-0.040776,0.14893,0.49134,-0.057479,-0.018972,0.19978,0.029207,0.049408,-0.081013,-0.13649,-0.18084,0.27032,0.27213,0.32643,0.060119,-0.052575,-0.12199,-0.10869,-0.01879,0.085075,-0.075879,-0.20028,0.21353
0.054044,0.15617,0.3746,0.089313,0.15357,0.044458,0.35236,0.13294,0.27353,-0.020674,-0.068482,-0.10945,0.029133,-0.023007,-0.14042,0.16882,-0.11304,0.35885,0.15955,0.78997,0.050201,-0.083725,0.091444,-0.13903,0.08985,0.6141,-0.20705,0.24726,0.055483,-0.079743,-0.019006,0.60266,0.39046,0.10471,-0.18935,-0.17644,-0.2181,0.28302,-0.21265,-0.019964,0.4058,-0.003475,0.25146,0.0074696,0.099775,-0.15945,-0.066156,0.19331,0.14316,-0.036815,-0.047149,-0.22452,-0.33286,0.11206,-0.1475,0.071827,-0.24104,-0.22374,0.2379,0.17228,-0.16463,0.076762,0.61043,0.22467,0.069122,-0.061797,0.51865,-0.21823,0.014406,-0.33058,0.0049463,0.039847,-0.26824,-0.29289,0.096937,-0.10964,-0.15712,-0.22767,-0.24856,-0.2096,0.49089,0.14803,0.058825,0.081808,0.32282,0.39175,-0.27731,0.44072,0.14459,-0.14486,0.23585,-0.12946,0.19611,0.21117,0.059065,-0.22146,0.22527,0.032565,0.50775,0.27489
-0.119,-0.25761,-0.35029,-0.046076,-0.07433,0.14564,0.12077,-0.25009,-0.015026,0.22952,0.2375,-0.1662,0.27293,0.39006,-0.11098,-0.28846,0.20361,0.66944,0.065533,0.26112,0.075368,0.49506,0.11517,0.078809,0.18461,0.03933,0.29689,0.33758,0.54518,-0.15176,0.11078,-0.041133,-0.069908,-0.22513,0.47033,-0.0016518,-0.0037451,0.72567,-0.12066,0.14387,-0.14746,-0.023501,0.62674,-0.025508,-0.17747,-0.21339,0.12928,-0.17533,-0.0062928,-0.055793,-0.19828,0.16991,-0.10098,-0.18535,-0.27358,-0.17812,0.060356,-0.050139,-0.09354,0.17063,-0.15398,-0.094965,-0.010774,-0.16002,0.28157,0.33422,0.29631,0.38807,-0.0078402,-0.23887,0.11816,0.27395,0.29647,-0.20417,0.35258,0.012646,0.38274,0.35986,0.218,0.34844,0.55312,-0.17118,0.27976,0.048029,0.33068,-0.12252,-0.017786,0.22169,0.12159,0.14782,0.33264,0.12929,-0.12322,0.27054,0.22738,-0.071463,0.082241,0.079051,0.0039656,0.19316
0.054121,-0.0086522,-0.095535,-0.053467,0.017452,-0.18539,0.26216,-0.13153,0.027394,0.56029,0.0088876,0.014657,0.80749,0.14662,0.0068718,-0.042599,-0.049077,-0.063666,-0.088198,0.1864,0.052926,0.47364,-0.11925,0.5799,0.88188,-0.19628,0.35157,-0.14822,-0.12321,-0.13876,0.076534,0.035806,0.14616,-0.019957,-0.096161,0.48072,0.33255,-0.0073066,-0.0072986,0.2133,0.11405,0.21098,-0.18089,-0.36768,-0.008726,0.15986,-0.025137,-0.093966,0.011007,0.4066,-0.064492,-0.12021,0.2899,0.081746,0.32753,0.3395,-0.050082,0.091782,0.59473,0.069469,0.023756,-0.17517,-0.15567,0.13785,0.030894,0.18726,-0.2055,-0.27605,-0.2212,0.36628,-0.1702,0.26057,0.077647,0.22624,0.065039,0.15048,0.053145,0.098735,-0.16044,0.40253,-0.13153,0.19757,0.30353,-0.025664,-0.050947,-0.14174,0.10356,-0.066519,-0.33327,0.12885,0.11472,-0.19522,0.092338,-0.11079,0.22064,-0.06366,-0.017256,0.16153,0.22823,0.17623
0.75895,-0.20192,0.472,0.44083,0.021593,0.37014,-0.12131,0.19836,-0.023742,0.45428,-0.14558,-0.087848,0.0093981,-0.060501,0.33298,-0.056288,0.23741,-0.28493,-0.0055279,-0.016768,-0.19736,0.38732,-0.23652,-0.057792,0.21876,-0.12056,-0.05827,-0.28097,0.013266,-0.025515,-0.068583,0.36464,0.071268,-0.064707,0.095936,-0.15046,0.14708,0.036078,0.42995,0.074242,0.17358,-0.15844,-0.12595,0.27948,0.16588,-0.026775,0.34045,0.33002,-0.1392,-0.1863,0.34698,0.21394,-0.14408,0.2,0.22541,0.19016,0.16715,0.18335,0.24973,0.42493,-0.036025,0.20461,0.20152,-0.065431,-0.27617,0.060836,-0.31708,0.3172,0.086956,-0.023003,-0.10032,0.29461,-0.28961,0.39047,-0.037906,0.020832,0.014443,0.32477,0.71563,0.054085,0.057896,0.071774,0.063713,0.020458,-0.034771,0.36737,0.17614,-0.016643,-0.021711,-0.17773,0.69339,0.096879,-0.058665,0.13846,-0.080225,0.32908,-0.1688,0.16803,-0.00096881,0.10753
0.2077,0.41475,0.30852,-0.13428,0.045045,0.20729,0.025022,0.17766,-0.041554,0.27846,-0.23584,-0.13649,-0.030944,-0.010196,0.12098,0.35976,0.80288,0.63802,-0.17429,0.001767,0.26312,-0.091554,0.15847,0.10326,0.39998,-0.051593,-0.11462,-0.33431,-0.17232,0.052098,-0.10249,-0.16313,-0.033017,0.40223,0.27107,0.22612,-0.012785,0.36933,-0.37498,0.22175,-0.033108,0.43836,0.10824,0.094147,0.20244,-0.088419,-0.0021659,0.078193,-0.14891,0.032448,0.30065,-0.058775,0.31061,0.80693,0.27786,0.33797,-0.1883,0.026546,0.029554,0.0014429,0.38877,-0.14202,-0.028848,-0.14792,0.20522,0.1661,0.0076893,-0.36891,0.016261,0.011983,0.12339,0.13836,-0.084625,-0.27716,-0.033109,-0.19506,0.041884,0.046997,-0.058866,0.45967,0.25873,0.40022,-0.19606,-0.0010251,0.22779,0.26346,-0.35798,0.38104,0.34378,0.090668,0.12213,0.089348,-0.25217,0.13442,-0.05887,-0.040408,-0.37099,0.1931,0.37384,0.069822
-0.18726,0.0073187,0.56545,0.40609,0.19102,0.012765,0.0035719,0.013098,0.047272,0.036975,0.041852,0.33568,0.21795,0.5323,-0.081505,0.32625,0.41485,0.12015,-0.18597,0.23195,0.17894,-0.029187,-0.25366,0.26535,0.24525,0.11896,-0.0091348,-0.19097,-0.23348,-0.12579,0.080688,0.042512,0.04879,0.56789,-0.049908,0.20372,0.0083906,-0.20639,-0.3306,0.19285,0.26616,-0.057334,-0.10295,0.23682,0.10877,-0.21604,0.04524,0.17623,-0.016191,-0.115,-0.51889,-0.23102,-0.28519,0.20269,0.27202,-0.12466,0.1838,-0.028277,-0.30296,-0.31142,-0.19149,0.28454,0.18621,0.08258,-0.013475,0.16353,0.17613,-0.16647,-0.14038,0.11272,0.19652,0.14485,0.2548,0.43813,-0.11622,0.64632,0.021618,0.46175,-0.18368,0.070055,0.42475,0.047439,0.015832,0.13713,-0.27396,-0.08847,-0.053988,-0.39515,0.19666,0.013815,0.29895,0.14663,0.085383,0.63568,0.14523,-0.0040579,0.69988,0.030859,0.020078,0.5919
-0.37264,0.082111,-0.1609,0.020507,0.47787,-0.1839,0.16288,-0.17269,-0.26531,0.51228,-0.20855,0.45889,-0.050617,-0.07687,0.34604,0.10214,0.22095,0.92871,-0.32262,-0.25859,0.064556,0.0589,0.20997,0.078436,0.043818,0.09715,0.26247,0.41584,0.14034,-0.12109,-0.043952,0.024154,-0.19611,0.049558,-0.13986,-0.13523,0.089674,0.13883,-0.28329,0.04067,-0.20958,-0.060149,-0.052404,-0.095258,0.0021461,0.20177,-0.28143,0.32506,0.1569,0.15403,0.097441,-0.16637,-0.068592,-0.17238,-0.0061241,0.34609,0.48636,-0.064422,0.37432,-0.29742,0.23302,-0.14401,0.16931,-0.046638,-0.20323,-0.070903,0.37852,-0.18389,-0.13413,-0.12176,-0.286,0.19372,0.43003,-0.020957,0.33884,0.57868,0.028836,-0.1993,0.17457,-0.3133,0.091069,0.11538,0.14195,0.019585,0.18205,0.55422,0.35566,0.058474,-0.11001,-0.053632,0.37998,0.46612,0.13496,0.4053,-0.095683,0.19589,0.53829,0.22125,0.43096,-0.20217
0.29213,-0.24964,0.16035,0.17725,0.48651,0.10901,-0.021067,-0.23569,0.52454,0.6549,0.22581,0.21031,0.058866,-0.018007,0.18461,0.15118,0.58974,-0.04367,0.078338,0.031932,-0.0039598,0.40302,0.1042,0.28481,-0.0098476,-0.41465,0.14851,0.40824,-0.097383,0.36839,-0.064836,0.30326,-0.10343,-0.13546,-0.048094,-0.15403,-0.24967,-0.0085253,-0.25607,0.067423,-0.0032672,-0.2608,0.16044,0.69247,0.03913,-0.10812,0.24048,-0.094978,-0.15161,-0.08618,-0.17791,-0.22194,-0.11754,0.3185,0.25401,-0.0023295,0.050243,0.063331,0.11079,0.13369,-0.12971,-0.093043,0.1179,0.091394,-0.087477,-0.19955,0.049527,-0.10328,0.46981,-0.16101,-0.20587,0.025311,0.087937,0.076624,0.15952,0.088657,0.3504,0.070049,0.17044,-0.12942,-0.090035,0.14952,0.3287,0.37177,0.041814,0.30559,0.23047,0.40528,-0.26997,-0.030562,0.17656,-0.010264,0.037717,-0.34655,0.051403,-0.21097,0.066292,0.25882,0.11953,0.55998
0.24877,0.14022,0.085248,0.070227,0.046373,-0.21691,0.136,-0.0014315,-0.079307,-0.0086591,-0.076715,0.49065,-0.24138,0.036264,-0.045069,0.073181,-0.13785,0.34535,0.19528,0.089945,0.50184,0.2621,-0.23478,-0.095622,-0.12063,0.36835,-0.21588,0.026496,-0.13987,0.73193,0.037501,-0.0090628,-0.11441,0.10269,0.1406,-0.21551,-0.077338,0.19703,-0.14045,0.35792,-0.12423,0.04523,0.37361,-0.19904,-0.089616,-0.021605,-0.15919,0.060946,-0.25622,0.13962,0.06146,0.34172,-0.11648,0.43276,0.031944,0.25123,-0.10171,-0.20459,-0.17559,-0.011848,0.074531,-0.081003,0.51481,0.23638,-0.0090685,0.35934,0.17258,0.26372,0.45657,0.091766,0.50969,-0.083172,0.15915,0.28789,-0.092143,0.10729,0.16799,-0.023901,-0.23832,0.15343,0.23479,0.085603,0.013343,-0.30883,0.19917,-0.037989,0.35334,0.38507,0.32616,-0.045675,0.060314,0.29398,0.19041,-0.10405,0.01247,0.47054,0.19754,0.092919,0.22799,0.09882
-0.099597,-0.22221,0.045874,-0.25229,0.22608,0.060668,-0.09774,-0.031762,0.28112,0.12147,0.0060853,0.49359,0.097374,0.47495,0.2155,0.23091,-0.38022,0.10674,-0.035514,-0.055308,-0.18289,0.36915,0.23094,0.2994,-0.22044,-0.34863,0.19166,-0.11318,0.075855,-0.09862,0.24005,-0.15091,-0.22092,-0.030181,0.39819,-0.1867,0.080204,0.19024,0.179,0.039058,0.28992,0.55144,0.32138,-0.12472,0.16724,0.17365,-0.012085,-0.017022,-0.22252,0.30837,0.086661,0.20508,-0.2085,-0.16806,0.34598,-0.17599,0.21234,0.69037,0.35768,0.22168,-0.15658,0.59939,-0.1102,0.25991,0.19128,0.17175,-0.07695,0.18804,0.049839,0.031946,0.36407,0.078847,0.32065,-0.47388,0.12102,0.64055,0.27448,0.051526,0.44037,0.26861,0.021282,-0.19289,0.0032486,-0.017658,0.06258,-0.033207,-0.13793,0.30466,0.60709,0.26309,0.29888,-0.16529,0.046423,-0.22027,0.33201,0.32788,-0.1337,0.0020181,0.078485,-0.078917
-0.11762,-0.149,-0.24924,0.081949,0.22179,0.2547,0.087543,0.55514,0.44691,-0.1791,0.20331,0.49483,-0.022505,-0.11735,-0.32987,-0.1742,0.27208,0.21199,-0.2487,0.21186,0.35822,0.18534,-0.053392,-0.15147,0.53314,0.1133,0.014886,0.19321,-0.12818,-0.07328,0.061663,-0.13155,0.2974,0.19593,-0.18426,0.21348,-0.10569,0.15204,0.56911,-0.26826,0.33992,0.18822,0.43905,-0.16468,-0.30154,0.071006,0.073466,-0.03806,-0.14808,-0.041165,0.31858,0.53071,0.37824,-0.17296,0.46187,0.11893,-0.31764,0.25711,-0.18461,0.32007,0.068652,0.35509,-0.33333,0.54399,-0.024823,-0.19206,0.0076111,0.037784,0.13183,0.12984,-0.022753,0.50055,-0.26464,-0.020918,-0.13643,-0.065714,0.13513,0.045458,0.39467,0.17233,-0.13944,0.15764,0.004908,-0.19959,0.38389,0.0079729,0.010847,0.22764,-0.10656,0.35493,-0.14154,0.34882,0.64676,0.43543,0.35224,-0.13822,0.09874,0.17693,0.18224,-0.051899
-0.015167,0.47316,-0.15523,0.096017,0.17909,-0.1158,-0.018547,0.5268,-0.17601,0.47456,-0.014709,-0.12425,0.058459,-0.18482,-0.096111,-0.18897,0.20611,0.024711,-0.0077914,0.18971,0.77069,0.098098,0.27531,-0.17845,0.010696,0.33988,0.20708,0.19146,0.045683,0.050302,-0.096026,0.083739,0.29145,0.70529,-0.0358,-0.17285,-0.23815,0.14523,0.1493,0.077779,0.053745,-0.14862,0.43825,-0.1027,0.20158,-0.32876,0.14605,-0.17446,0.42143,0.073003,0.51738,-0.38424,-0.24823,-0.14509,0.015807,-0.10627,-0.068518,0.16878,0.28532,0.1406,-0.13438,0.15557,-0.30873,0.050022,0.054534,-0.022416,0.11957,-0.17765,0.17038,-0.09722,0.72346,0.11414,0.31915,-0.25629,0.41934,-0.033116,0.40106,-0.11843,-0.015537,-0.071868,0.50633,-0.052105,-0.12293,0.16354,0.0028919,-0.038074,0.25432,0.028447,0.14927,0.15712,-0.19576,-0.30791,-0.11876,0.095947,-0.10857,0.26285,0.53499,0.2436,-0.14496,0.56834
0.14896,0.18466,-0.36029,-0.088618,-0.29987,-0.053768,-0.14712,0.40697,0.16852,-0.26929,-0.020907,0.3671,0.80896,0.22124,0.67933,-0.044458,0.033449,-0.44292,0.55758,-0.016284,0.14605,0.11402,0.075025,0.076663,-0.29132,0.074984,1.1098,0.1033,-0.24948,0.15082,-0.17544,0.1222,0.26158,-0.043566,0.15936,0.1643,0.20529,0.38608,0.34773,0.028365,0.082912,-0.055198,0.056797,-0.31929,0.40302,0.037028,0.1539,0.74855,0.24663,0.04587,-0.20948,-0.019202,0.029155,0.23811,-0.21184,0.17252,0.25539,0.19394,0.082193,0.23166,0.40506,0.056575,0.35388,0.095355,0.33148,-0.22453,-0.039717,0.23344,-0.25995,-0.38853,0.24781,0.11762,0.075184,-0.010258,-0.07447,-0.17309,0.19353,0.1197,-0.20404,0.053428,0.020952,0.10878,-0.0062108,0.37788,0.15524,0.38386,0.57541,0.052573,0.09088,0.66121,0.081985,-0.14122,0.24636,-0.17334,0.14031,0.25998,0.08262,0.11983,0.07011,0.4202
0.18652,0.18433,-0.036852,-0.1146,0.056713,0.27591,-0.17544,0.37241,0.27472,0.15221,0.17502,0.040952,-0.25668,0.09848,-0.088659,0.021328,0.18683,0.17559,0.039196,0.41688,-0.11903,0.07879,0.22729,-0.03131,0.10878,0.15125,-0.17282,0.22383,0.2148,0.050887,-0.10553,-0.2383,0.27985,-0.16036,0.21943,0.30257,-0.072474,0.22049,-0.090544,0.5759,-0.057554,-0.077481,-0.15255,-0.14749,-0.054233,0.11703,0.028824,0.16996,0.08397,0.23296,-0.057407,0.13192,0.083158,-0.22274,0.51605,-0.034486,0.19081,0.37105,0.33192,-0.33057,0.15834,0.005693,0.71354,-0.073469,-0.019844,0.35711,-0.12644,0.49567,0.11694,0.14272,0.40681,-0.11854,0.60657,-0.034099,0.54037,-0.20134,0.24398,0.29212,0.4681,0.13424,0.026329,0.37193,0.6242,-0.11044,0.018782,0.135,0.093688,-0.21854,-0.28722,0.11939,-0.057339,-0.071061,-0.26581,0.069897,-0.17929,0.016446,-0.24452,0.21291,0.60122,0.17788
0.14145,-0.34317,-0.10363,-0.085211,-0.1551,-0.078024,0.15277,0.24726,0.45532,0.10413,0.20648,-0.08276,-0.14204,0.10998,-0.07498,-0.38095,-0.12827,0.4238,0.027138,0.027403,0.25972,-0.036113,-0.063601,0.033333,0.12394,0.16725,0.027061,-0.20766,0.33463,-0.33493,0.0043891,0.41394,0.34063,0.027587,-0.12505,0.39372,0.20994,0.53339,0.068141,0.22968,-0.092046,0.012169,-0.0073663,-0.12545,0.16226,0.08611,0.24009,0.2617,0.2062,0.1792,0.27973,0.29856,-0.0060521,0.61541,0.20485,-0.11763,0.12302,0.35127,0.08654,0.11458,0.13469,0.34876,0.13865,0.0010195,-0.20892,0.095812,0.05066,0.32455,-0.020167,0.1889,-0.17528,-0.45472,-0.060604,0.10153,-0.036104,0.46131,0.2451,-0.0019029,-0.2274,0.047496,-0.29161,0.14535,0.0071588,0.50813,-0.14562,0.12063,0.67339,0.075894,-0.063224,0.06155,0.22764,0.85192,0.27323,-0.18722,0.25775,-0.15778,0.50101,0.043196,0.0083022,-0.14875
0.028055,-0.096054,0.21381,0.084341,-0.22154,-0.0034338,0.17566,0.10548,-0.19307,0.10659,0.072424,-0.13321,-0.061961,0.42598,0.029927,0.11868,-0.20146,-0.03688,-0.021179,-0.075632,0.39279,-0.1564,-0.082421,0.26089,-0.024209,0.43036,0.22973,0.10257,0.33268,-0.050347,0.37139,-0.09898,0.28674,-0.25598,0.59135,0.56936,-0.35896,-0.064454,0.12495,-0.052829,0.081147,0.19511,0.32249,0.2563,0.37866,0.23186,-0.091104,0.092151,0.2188,0.10606,0.085782,0.20515,0.36292,0.32598,0.26485,0.12844,-0.26535,-0.026684,0.076749,0.1016,0.22745,-0.20322,-0.079138,-0.041865,-0.10472,-0.049231,-0.12621,-0.14919,-0.21115,0.0085988,-0.078143,-0.070789,0.42919,0.53391,0.1689,-0.13031,0.027634,0.090711,-0.42494,0.4177,0.22971,0.0090904,0.19694,0.47638,0.065574,0.05934,0.068879,-0.07877,-0.26799,0.019247,-0.063307,-0.14503,0.69701,-0.036648,0.1364,-0.17875,0.24675,0.017215,0.025647,0.041837
-0.1535,-0.048067,-0.20319,0.050038,-0.21041,0.027898,0.55982,0.092509,0.26247,-0.13848,-0.1078,0.015606,-0.11447,0.37388,0.35581,-0.22551,0.44681,0.27741,-0.13412,-0.49716,0.12488,0.65161,0.11788,0.029089,-0.38548,0.23289,-0.20752,-0.031441,0.14038,-0.19255,0.50493,0.56249,0.10421,0.49632,0.086356,0.57194,-0.1465,-0.020783,0.055975,0.14304,0.15279,-0.071386,-0.09141,0.065094,-0.048392,-0.2123,0.090999,0.20174,-0.091759,-0.021094,-0.042777,-0.047037,0.073101,0.24172,-0.22356,-0.16168,-0.20926,0.4917,0.098002,0.34729,0.15746,-0.074307,-0.1682,-0.039251,-0.099848,-0.1854,0.24908,0.079679,-0.029703,0.25268,-0.27121,-0.0003189,0.072353,0.042942,0.1155,-0.26846,0.067651,0.32536,-0.085128,0.79891,0.27054,0.042813,-0.172,-0.11314,0.2535,0.66213,0.21256,-0.20806,0.10086,0.4127,-0.21572,0.096327,0.88602,0.20987,0.078933,-0.12343,-0.04667,-0.10461,0.397,0.0041942
0.044437,-0.25401,0.39529,0.22221,-0.20826,-0.23062,-0.35185,-0.031295,0.098453,0.24322,0.033737,0.27427,0.29754,0.12587,0.18941,-0.045081,0.70674,0.069351,-0.076966,0.36369,0.30421,-0.030536,0.70218,0.44957,-0.2689,0.01878,0.2753,-0.11212,0.13736,0.013592,-0.15188,-0.13452,0.67691,0.24621,-0.0099156,0.10695,0.086254,0.36051,-0.14556,-0.02541,0.015306,-0.066175,0.23463,-0.036149,0.21252,0.32076,0.44664,0.077123,0.17186,0.19122,-0.37493,0.033662,0.56639,0.034338,0.31714,0.12695,0.47704,0.92279,0.02392,0.39825,-0.0090416,0.1527,-0.0017012,0.64501,-0.0079691,-0.070216,-0.37461,-0.054016,0.42076,0.060987,0.10594,-0.1129,0.19301,-0.10664,-0.17143,0.099357,-0.071392,0.01541,-0.20817,0.065579,0.18577,-0.31817,0.055162,0.074984,-0.079813,-0.27219,-0.051617,0.47389,-0.32486,-0.044708,-0.34239,-0.02854,-0.11651,0.46238,0.060146,-0.21905,0.1242,-0.074206,0.23475,0.16125
0.060762,0.54075,-0.22605,0.42955,0.17597,0.20263,0.5066,0.015075,0.45381,-0.30645,0.47947,0.025822,0.3238,-0.32062,0.046235,-0.32092,-0.35735,0.036626,0.14117,-0.020674,-0.058964,0.17394,0.10618,-0.10741,-0.017118,0.17862,-0.13766,-0.023093,0.52191,-0.059977,0.44254,-0.025885,-0.057128,0.010489,-0.26433,0.36827,0.07439,0.088947,-0.22203,-0.42933,-0.026057,-0.41737,0.21593,0.063623,0.2441,0.41351,0.16877,0.39065,-0.0021879,0.12757,0.25173,-0.073295,0.46952,0.2036,-0.27515,0.1099,0.16902,0.012674,0.27291,0.022619,0.048296,0.17268,0.036092,0.019966,-0.18743,0.42517,0.49809,-0.046647,-0.099747,0.25988,0.07427,0.48826,0.5618,0.35775,0.03641,0.31441,0.089265,0.50275,0.3544,0.0947,0.14734,0.069766,0.23953,-0.0043338,-0.14729,-0.14133,0.42425,-0.21008,-0.22662,-0.067239,-0.071649,-0.071744,0.40045,0.31715,0.097582,-0.1097,0.029801,-0.010015,0.4474,0.48736
-0.091018,0.17723,-0.10803,0.037166,0.32753,0.017113,0.075513,-0.097711,0.28991,0.43643,0.15182,0.18965,-0.19996,0.12466,-0.11956,0.0245,0.4403,-0.10986,0.17337,0.092259,-0.13436,0.14712,0.11379,-0.034541,0.11952,-0.092609,0.20588,0.16116,0.22291,0.088956,0.27156,-0.042515,-0.1127,0.028037,0.60983,0.074179,-0.15586,0.33411,-0.086906,-0.19932,0.57843,0.2853,-0.30671,-0.11035,0.42934,0.34469,-0.17588,-0.18486,0.0785,0.53128,-0.23479,-0.035852,0.24579,-0.040052,-0.17961,0.45299,0.37931,0.36298,-0.03714,-0.0017243,0.19227,0.068131,-0.019594,0.15322,-0.1059,0.041203,0.18626,0.010783,0.28914,0.32717,0.043913,-0.36665,0.069982,0.32997,0.3628,-0.13916,-0.024631,0.19943,-0.056149,-0.081202,-0.055454,0.22777,0.14751,0.0092687,0.14194,-0.14702,0.096709,-0.18687,0.20893,0.036692,0.29495,-0.0021762,-0.3711,-0.091604,0.30956,-0.084854,0.23638,0.15064,0.27677,0.2873
0.020076,0.0079104,0.23816,0.024643,0.25682,0.35767,-0.3766,-0.018347,0.026735,-0.07315,0.052204,-0.10889,-0.35036,0.0053147,-0.13839,0.42223,-0.12519,0.088605,-0.025578,0.65105,0.027093,0.67988,0.025596,0.20408,0.0053163,-0.0055541,0.14369,0.3233,0.28371,0.06558,0.63218,-0.016533,0.37241,0.091991,-0.20195,-0.060547,0.62578,0.029713,-0.11606,-0.32743,-0.21329,0.53681,-0.14102,-0.14697,0.13422,-0.23236,0.17992,0.12064,-0.078236,-0.31218,-0.14706,0.081491,-0.24358,0.13551,-0.13706,0.025869,0.13435,0.15175,-0.1558,-0.15952,0.070066,-0.28635,-0.2457,0.33311,0.12786,0.11082,-0.2324,0.38151,0.18009,-0.057161,0.4349,0.1217,-0.079328,0.136,0.28993,-0.063061,0.31126,0.41727,0.59692,0.14989,-0.24071,0.013912,0.30257,-0.31877,0.40318,0.16801,-0.089729,-0.10599,0.1619,0.51489,0.21852,-0.1027,-0.27879,0.33704,0.065992,0.26169,0.071205,0.49613,0.42591,-0.33611
0.28992,0.12712,0.14421,-0.072362,0.15234,-0.065739,-0.14894,-0.16484,-0.12892,0.46137,-0.13919,-0.036749,0.04787,-0.0046457,-0.099847,0.19342,0.31811,0.0028414,0.10768,-0.1175,0.53103,0.19667,0.14416,0.15671,0.52787,-0.026276,0.085314,0.07736,-0.070912,0.0042238,0.075441,-0.20342,0.020563,0.10457,0.031424,0.1763,0.28188,-0.1029,0.098732,0.34298,0.54161,-0.068784,0.042596,0.25979,0.45694,0.65523,-0.29162,0.15001,0.60258,-0.16974,-0.2406,-0.13038,0.28358,-0.080667,-0.25376,0.34533,-0.093195,-0.10549,0.34822,0.1067,0.42697,0.28733,-0.06483,0.23142,0.077864,0.12535,0.075798,-0.074966,0.14721,-0.11058,-0.19652,0.15377,-0.015219,0.12021,0.060952,-0.29885,0.099674,-0.052399,-0.27589,0.75695,0.082593,0.14811,-0.017665,0.24908,-0.049735,0.1266,0.28476,-0.3354,0.11506,0.31878,0.27001,-0.029699,0.19532,-0.24423,-0.16217,0.093954,0.10404,-0.023329,0.027294,0.036798
0.10459,0.068243,-0.23001,-0.21851,0.43331,0.0060493,0.27262,-0.32926,0.024239,0.18572,0.052995,0.14208,0.37795,-0.024023,0.026634,0.22401,0.81024,0.4085,0.1942,0.10481,0.46685,-0.26295,-0.011883,-0.12042,0.095638,0.01463,0.1688,0.46117,0.12809,0.27286,-0.10196,-0.28416,0.15348,0.30388,-0.25426,0.097523,-0.036538,-0.013824,0.18967,0.096951,-0.10334,-0.016476,-0.21495,0.29881,0.18164,-0.035507,0.093645,0.085431,0.21998,0.076386,0.075495,0.32704,0.13823,0.0092306,0.16061,-0.17232,0.02924,-0.22625,0.29087,0.16823,0.33685,-0.18147,0.389,0.11959,-0.0070056,0.18866,-0.23819,0.20297,0.14572,0.68343,0.27494,-0.2487,0.58518,-0.10873,0.17741,-0.092475,0.10352,-0.23362,-0.031231,0.022411,0.21607,0.3146,0.088296,0.26922,0.28314,-0.040767,0.1611,0.096815,0.064491,0.051341,0.25305,-0.16397,0.45387,-0.12541,-0.046926,-0.14855,-0.21398,0.24916,0.4866,0.072145
0.42525,0.35814,0.086457,0.30905,0.22411,-0.17193,0.57178,0.4411,-0.24855,0.36909,-0.025941,-0.1015,-0.10504,0.34677,-0.037689,-0.1679,-0.1479,-0.083658,0.10899,-0.17181,-0.0057562,-0.0056292,0.0078842,0.10785,0.032913,0.43471,-0.093851,0.0057617,0.027594,0.29991,-0.25042,-0.066418,0.091574,0.18942,0.4018,0.45236,0.088868,-0.2973,0.24271,0.25339,-0.094629,0.23797,0.47237,-0.33637,0.04441,0.13732,-0.028696,-0.071086,-0.32261,0.12198,-0.095374,0.28057,-0.019191,0.087956,0.36919,-0.1392,0.045407,-0.19799,0.53441,0.19128,0.048338,0.076586,0.19829,0.14622,0.065002,-0.21576,0.096939,0.12166,-0.056619,-0.19486,0.32969,0.20056,0.046206,0.075367,-0.21473,-0.030008,-0.043765,0.015759,0.085959,0.1604,-0.17659,-0.036666,0.37131,0.66518,0.026135,-0.11413,0.0016815,0.49184,-0.11819,0.07766,0.046277,-0.24455,0.081162,0.070288,0.0048734,0.17699,0.22751,0.065194,0.14906,0.10184
0.15506,0.0045193,-0.1609,0.47626,0.48662,-0.092772,0.41293,-0.26953,0.028794,-0.23094,-0.16492,0.063223,0.073248,0.16677,-0.11954,0.053071,-0.28126,0.12878,0.42713,0.65934,0.21923,-0.17656,0.0074641,-0.30007,0.39961,-0.14978,0.50617,0.35937,0.053017,0.090642,0.55466,0.37724,0.15393,1.2347,0.074672,0.17842,-0.030397,0.1454,0.10993,-0.10224,-0.23816,0.31921,-0.34991,-0.18939,0.30316,-0.011485,0.26226,0.16486,0.030262,0.015791,0.22864,0.12727,0.32021,0.10384,-0.11786,0.93223,-0.17739,0.062576,0.40102,-0.25179,-0.063645,0.26399,-0.097377,0.52021,0.1828,-0.1389,0.16233,-0.071086,-0.34254,0.021299,0.043711,0.18207,0.22892,0.34911,0.28681,0.21289,-0.27781,0.38747,0.036797,-0.20782,-0.084715,7.7262e-05,-0.081661,0.33432,0.21604,0.13535,0.084869,-0.22732,-0.093085,-0.010877,-0.0021675,-0.098745,0.27461,-0.10814,-0.1372,0.39359,0.071456,-0.082243,0.34364,0.070913
0.59024,0.42356,-0.14626,-0.34049,-0.034582,-0.23956,0.49074,0.0096091,0.10378,0.24252,-0.20321,0.058805,-0.25819,-0.19,-0.0095151,-0.094263,0.29847,-0.31313,0.12196,0.16095,-0.2639,0.24877,0.23954,0.39117,0.22626,0.19692,0.47351,-0.040229,0.42836,-0.29772,0.50801,0.41536,0.20671,0.20162,0.20354,-0.14838,0.66376,-0.17143,0.080715,0.38509,0.29563,0.10361,0.02104,0.5703,0.7492,-0.032163,-0.028336,-0.092617,-0.015709,-0.019848,0.26132,0.19427,-0.0086527,-0.10123,-0.0026581,0.29883,-0.079785,-0.13444,-0.26784,-0.17972,0.1188,-0.018355,-0.12754,0.16372,0.38998,0.03574,-0.08779,-0.22017,0.087616,-0.36868,0.41156,-0.11778,-0.093416,-0.068183,0.092153,-0.0055239,-0.078591,0.44772,0.047312,-0.014545,-0.14608,0.064053,-0.090237,0.21004,0.056943,-0.17313,0.12953,-0.045877,0.46339,-0.37144,0.15151,0.033045,-0.055313,0.35165,-0.1037,0.56176,0.035007,0.38584,0.27875,-0.068615
-0.26777,-0.07368,-0.18827,0.30424,-0.054692,-0.15093,0.021516,0.12247,0.13664,0.12241,-0.040368,-0.061398,0.16858,-0.02404,-0.088243,0.58468,-0.093506,0.35685,-0.033593,0.71309,0.19475,-0.0098501,0.30045,0.071977,0.037089,0.55229,-0.056953,0.042486,-0.14567,-0.3511,-0.10389,0.17795,0.087,-0.12855,0.12745,0.28553,0.1536,0.3782,-0.023491,-0.40589,0.20844,0.4373,0.048791,0.31924,-0.14646,0.29786,-0.2127,0.12929,-0.22105,0.16886,0.41984,-0.044383,0.1143,0.014299,-0.059125,-0.065388,0.60201,0.45119,0.24229,-0.12057,-0.040329,0.017647,0.64969,0.33168,0.086055,0.28459,-0.077699,0.011982,0.37243,0.15174,0.28538,-0.13796,0.45364,0.17897,0.19671,-0.15587,-0.22487,0.29878,-0.21364,0.15282,0.25189,-0.11875,0.21552,0.053139,0.01835,-0.12113,0.11176,-0.23388,-0.016895,-0.1525,-0.13292,0.2712,0.099719,0.044372,0.13727,0.17873,-0.029929,0.06165,-0.06981,-0.00066784
0.30351,0.26197,0.17554,0.4634,0.50058,0.011546,0.042233,0.075729,-0.022486,-0.16338,0.1477,0.67636,-0.20037,-0.27393,0.13208,0.13918,-0.33907,0.33785,-0.13837,-0.16909,0.066275,0.072487,0.28518,-0.23819,0.022299,-0.091894,0.011672,0.35272,-0.092657,-0.11827,0.049168,-0.30704,0.4966,0.1528,0.69029,0.14933,-0.081459,0.14193,-0.0074282,0.2371,0.078654,0.013612,0.061238,-0.36798,-0.035698,-0.080181,-0.14699,-0.091702,0.133,0.28826,0.076371,0.28751,-0.27211,-0.1584,0.35328,0.35599,-0.059784,-0.087759,0.16708,0.18654,0.054639,0.2446,0.18027,0.027156,0.20346,0.29386,-0.064897,0.21819,-0.24619,0.015014,0.036035,-0.21481,0.054288,0.0066305,0.13568,-0.13405,0.25801,0.32195,0.25339,0.23625,0.028908,0.087704,0.16699,-0.079611,-0.13139,0.46071,0.066259,-0.2368,0.089943,0.074136,0.11127,0.52799,0.032207,0.14279,0.023091,0.27632,0.15753,0.1455,0.032326,0.1919
0.13239,-0.10801,0.303,-0.11083,0.34552,0.29287,-0.1912,-0.21003,0.39865,0.067777,-0.020519,0.18565,0.036434,0.13895,0.14436,0.029267,0.11366,0.36578,0.11473,-0.06282,0.40083,0.15885,0.3627,0.52432,0.14878,0.23572,0.047697,-0.081619,0.69666,0.54651,-0.36644,0.63793,0.066336,0.2901,-0.28364,-0.021853,0.2307,-0.11107,-0.22084,0.29512,0.46144,0.35974,-0.055422,-0.16038,0.439,-0.11281,0.10866,-0.21252,-0.16663,0.19327,0.033893,0.00049608,-0.16289,-0.16444,0.11393,-0.37197,0.46573,0.27703,0.12603,0.069149,0.26671,0.22204,-0.0097054,-0.10988,0.16726,0.021087,-0.0055329,-0.025476,-0.003337,0.14985,0.05106,0.17589,0.14354,0.4599,-0.2436,-0.086099,0.22004,0.101,0.55156,-0.018474,-0.13387,-0.012258,0.11911,0.1678,0.022187,0.10294,-0.088495,-0.42996,-0.010342,0.033039,-0.23596,-0.27322,0.88503,-0.13044,0.040724,0.17709,-0.14275,0.41318,-0.27208,1.1277
0.21642,-0.18173,0.50328,-0.15331,0.23037,0.0049005,0.24485,0.19106,0.81069,-0.37409,-0.10701,0.17078,0.47917,-0.25258,0.0686,-0.2269,-0.26735,-0.026134,-0.11522,-0.023196,-0.059433,0.18487,-0.062211,-0.096541,-0.22313,0.031234,0.4843,0.19346,-0.023885,0.50513,0.076044,-0.18142,0.24675,0.42416,-0.052064,0.13022,-0.085026,-0.042566,-0.034212,0.053039,0.38911,-0.33255,0.30758,-0.14919,0.14554,0.022343,0.4747,0.11113,0.55035,-0.20362,0.030652,-0.21138,-0.059882,-0.13107,0.33769,0.085885,0.47308,0.28001,0.030114,0.0038033,0.025336,0.49962,0.11131,0.11739,-0.021227,0.59745,-0.30214,0.44127,-0.14442,0.23122,-0.13419,0.068139,-0.10551,-0.065711,-0.085437,0.026048,-0.032423,0.29609,-0.28265,0.27762,0.64826,0.46108,-0.067562,0.20785,-0.0047101,-0.192,0.23036,-0.13418,-0.059972,-0.20903,0.033432,0.35705,-0.083868,-0.13547,-0.11499,-0.033763,-0.026821,0.23267,-0.011172,0.18081
0.42835,0.27286,0.36552,-0.054285,0.10108,0.0084947,0.30096,-0.055404,-0.065236,0.62403,0.16686,-0.29313,0.1366,0.66691,-0.05145,-0.086653,-0.1467,0.20509,0.042638,0.034361,0.060317,0.53178,-0.12264,0.63491,-0.076466,0.53913,0.21942,0.14131,0.084733,0.12029,0.5253,0.39354,-0.0076482,-0.18689,-0.15184,0.19403,-0.090371,-0.18905,-0.1043,0.2195,0.13667,0.32569,-0.37166,0.032127,0.22843,-0.090923,0.49403,0.49198,-0.22422,-0.10481,0.58816,0.23927,-0.05605,0.12692,-0.10471,0.14527,-0.02135,0.24521,0.050391,0.198,0.23654,-0.065652,0.43441,0.14779,0.5595,-0.060959,0.24987,-0.11962,0.14134,0.054858,0.16859,0.26881,-0.12942,-0.17618,0.19134,0.50616,0.096344,0.30121,-0.34284,-0.089732,-0.32665,-0.18334,0.065547,0.33924,0.24356,0.099385,-0.096429,-0.11713,0.39364,-0.077745,-0.16399,0.42799,0.13359,-0.32723,-0.13812,-0.27525,0.19554,0.10371,0.37062,-0.23257
0.34657,-0.016671,0.28725,-0.14905,0.038782,-0.17807,0.42399,0.087697,0.58482,0.075282,0.28728,0.16843,-0.14812,-0.040069,0.57186,-0.042627,-0.15168,0.26887,0.40894,-0.060244,-0.19308,0.379,0.054919,0.25437,0.31392,-0.052023,0.088865,0.32949,0.11106,-0.040697,0.48858,0.063858,0.013956,0.24456,0.046774,-0.032879,0.13876,-0.054065,-0.14257,-0.089715,-0.13089,0.56867,-0.11986,0.040972,0.12757,0.091307,0.10048,-0.2939,-0.21625,-0.090379,-0.21529,0.23673,0.46085,0.23552,0.17782,-0.040999,-0.028417,-0.12899,-0.058177,0.44482,-0.014328,0.00024524,-0.2699,0.12406,0.027007,0.45766,0.10466,-0.12644,0.26108,-0.38816,0.1034,0.1405,-0.008004,0.33309,-0.28544,-0.10939,0.296,-0.17464,0.20907,0.22431,0.13843,-0.056271,0.66609,0.058843,-0.10138,0.575,0.21127,0.28851,0.32617,-0.22391,-0.022032,0.16507,0.072034,-0.16474,0.27071,-0.069057,0.012302,0.47058,-0.0087541,-0.14277
-0.1964,-0.14654,0.38314,0.023564,0.047524,0.15907,0.28625,0.091497,0.19157,-0.034306,0.022656,-0.26029,-0.088327,0.44842,0.019943,0.41143,-0.1649,0.014689,0.027422,-0.15676,-0.051052,0.041135,0.61913,-0.033283,-0.084309,-0.056572,0.10727,0.20095,-0.11909,0.17704,-0.17798,0.2872,-0.014729,0.20773,0.29888,0.22728,0.36607,0.30599,-0.035392,-0.05451,-0.12199,0.22346,0.15761,0.69785,-0.017901,0.091717,-0.033283,0.20055,0.56653,-0.14576,-0.26113,-0.064779,0.053694,-0.075471,0.12865,-0.076636,0.41377,0.10276,0.33936,0.021869,0.61964,-0.0042183,0.1109,0.15333,0.12922,0.36624,0.048202,-0.02985,0.40413,-0.055606,0.29125,0.45406,0.085312,0.35455,-0.15501,0.52034,0.8753,0.022443,0.1869,0.055935,-0.11124,-0.19227,0.61939,0.12328,-0.14694,0.00047419,-0.0019996,0.21045,0.022064,0.21727,-0.1687,-0.01036,-0.17297,0.36788,-0.31793,0.52934,-0.21174,-0.059759,0.24408,0.16622
0.24087,0.37259,-0.19435,-0.11626,0.32102,0.19514,-0.29331,-0.20076,0.35215,0.58936,0.10694,0.10259,0.26773,0.15525,0.056436,0.21409,0.23468,0.12929,0.15639,-0.19168,0.081809,-0.017532,0.0045776,0.07412,0.10959,0.25739,0.040872,0.090237,0.57282,-0.27891,0.22299,0.81912,0.35632,0.31185,0.069924,-0.15961,0.07597,0.080558,-0.35108,0.06762,0.35735,-0.012278,0.5949,0.60668,-0.07065,0.85982,-0.21496,0.24869,-0.10014,0.077513,0.030097,0.087339,-0.16767,0.056357,0.081567,-0.0090966,0.24372,0.14243,0.075518,0.20417,0.49411,0.34339,0.31333,0.18379,0.043038,-0.082196,-0.25221,-0.034497,-0.07557,0.10528,0.17504,-0.31324,-0.1272,0.36478,0.16854,0.12166,-0.18817,0.029524,-0.030246,-0.40953,-0.10253,-0.12386,0.0038945,0.049755,0.076356,0.16544,0.51531,0.44555,-0.033976,-0.11355,-0.36327,0.11361,0.048822,0.35083,0.18615,-0.15177,0.077824,0.27034,0.19369,0.43289
-0.11218,0.020728,-0.08342,0.21731,0.077811,0.14012,0.12618,-0.12123,-0.21456,0.46808,-0.31431,0.19812,0.31367,0.13044,-0.33571,0.53762,0.22963,-0.10857,-0.3664,-0.076452,0.23843,0.054745,-0.19199,0.092004,-0.085368,0.42189,-0.18167,-0.1722,0.38156,0.42772,0.13917,-0.3084,-0.085816,0.10007,-0.2592,0.76153,0.071819,-0.13453,0.14849,-0.17159,0.098747,0.32846,0.72928,-0.12729,0.1414,-0.088309,-0.19935,0.15261,-0.26952,0.44539,-0.10975,0.24188,-0.063999,-0.27971,0.078433,0.74105,0.047995,-0.091857,0.16641,0.87352,-0.057652,-0.1227,-0.021495,-0.075699,-0.011373,0.65367,0.041166,0.33004,-0.19277,-0.053572,0.011061,0.52897,-0.1418,-0.2141,-0.30057,-0.20288,0.16966,0.21991,0.16211,0.27474,0.17289,0.24457,-0.080372,0.20182,0.03359,0.69543,-0.30141,-0.20276,-0.039811,-0.042709,-0.3299,0.22079,0.26652,-0.010046,0.28157,-0.094114,-0.069988,-0.058836,-0.027532,0.27125
0.042057,0.19607,0.20095,0.45496,-0.23302,0.3718,-0.17758,0.38086,-0.087862,0.2808,0.13265,-0.025285,0.080145,0.21162,0.27032,-0.16873,-0.42177,0.22424,0.24862,-0.26078,-0.34893,0.33661,-0.0076373,-0.089241,0.17549,0.17552,-0.18343,-0.34534,-0.095799,0.28462,0.19565,0.36043,0.39031,-0.099242,0.22683,0.033529,-0.24755,0.082509,0.2783,-0.17341,0.5464,0.0015973,-0.21201,0.23858,0.59967,-0.13219,-0.12651,0.21961,0.045095,-0.21756,0.51455,0.038177,-0.27487,0.64067,-0.20141,0.0028961,0.38581,0.28732,0.22462,-0.14475,0.36959,-0.32939,0.11482,-0.12409,0.15202,0.28574,0.18298,-0.33328,0.42259,0.19587,0.0015406,-0.021109,-0.068151,-0.080271,0.19115,0.087905,-0.0071329,0.19632,0.0047789,0.23813,0.27582,0.08084,0.17543,0.12076,-0.04537,-0.059134,-0.024018,-0.16058,-0.058283,0.2437,-0.070722,-0.13999,0.25558,0.1088,0.15815,0.080823,0.22329,0.31995,-0.16326,0.31011
0.053288,0.28823,-0.39991,-0.019441,-0.18881,-0.016749,-0.061735,0.38081,0.23216,-0.13978,0.30692,0.21408,0.62516,0.19985,0.013828,0.16047,0.19111,-0.39142,0.25724,0.13459,0.12658,0.1659,0.15052,0.041268,0.0033539,0.035293,0.37343,0.56728,-0.20993,0.14934,0.18054,-0.26377,0.24102,0.04165,0.14307,-0.0065418,0.20863,0.26825,0.24941,0.44953,0.38848,0.43817,0.052823,0.090026,-0.25552,-0.17288,-0.12533,0.25602,-0.15245,-0.081024,0.063747,0.12699,-0.084732,0.058254,0.41033,-0.34318,-0.17395,-0.11149,0.13976,-0.032211,-0.19886,0.54109,0.22725,0.35859,0.084275,0.74067,-0.41082,0.0093507,-0.12355,0.009402,-0.15932,0.44382,0.091667,0.51424,-0.028264,0.039649,-0.10319,0.11606,0.14618,0.21651,0.26985,0.15147,-0.2669,-0.15512,0.176,-0.14045,0.44389,0.53197,0.01188,0.082097,0.28126,0.21309,-0.075685,-0.171,-0.0028927,0.21613,0.59814,-0.21143,0.25886,0.011327
-0.31399,-0.17275,0.25726,0.42902,-0.31335,-0.26082,0.16499,-0.020507,0.42322,-0.17346,-0.12835,-0.13706,-0.024999,0.30743,-0.14188,0.064911,-0.16374,-0.27967,0.13376,0.38244,0.16102,0.25431,0.26089,-0.27647,-0.2225,-0.060659,0.29836,0.35933,-0.11987,-0.08689,0.14213,-0.022478,0.31332,0.82872,-0.36563,-0.025399,0.078009,0.1453,-0.13966,0.18255,0.0037562,-0.2816,0.42428,0.34148,0.22699,0.015515,-0.10627,0.12079,0.22593,0.06379,-0.01742,0.36329,-0.16534,-0.29486,-0.0086201,-0.049942,-0.31759,0.33219,0.099474,-0.1996,0.6239,-0.17566,0.62088,0.24856,0.10897,-0.035767,-0.13399,-0.12099,0.37193,0.060529,0.15783,0.63882,-0.14501,0.64354,-0.13485,0.29079,-0.026473,0.35949,-0.25388,0.077849,0.14605,1.1723,0.3022,0.033941,0.29285,0.3765,0.53332,0.0035763,-0.080243,0.069781,0.34913,-0.40421,0.02555,0.25012,0.0044871,-0.20092,0.19079,0.081896,0.19157,0.35699
0.17087,0.10535,0.54988,0.062341,0.3395,0.21063,0.089262,0.029539,-0.26437,-0.10151,-0.078117,0.18402,0.2812,-0.016971,0.011666,-0.12284,-0.094267,0.21024,0.98939,0.50986,0.37996,0.526,-0.047018,0.45465,-0.14399,0.62584,0.1212,0.037706,0.016993,0.17607,0.11928,0.18987,1.1138,0.11799,0.18095,0.29943,0.53302,-0.042895,0.1815,0.3924,-0.17656,0.063228,-0.078403,-0.041433,-0.17334,-0.087663,0.72155,0.058995,0.55148,0.38794,0.1341,-0.19188,-0.10034,0.16698,-0.20001,-0.27439,0.1073,0.35588,-0.30069,0.0016767,0.25276,-0.10713,0.12724,-0.092585,0.28989,3.7312e-05,0.528,0.29406,0.37014,-0.10173,0.13794,0.16313,0.29407,-0.033952,-0.37008,-0.11924,-0.32429,0.021477,-0.29203,0.047703,0.0010976,-0.084018,0.015407,-0.074551,-0.30253,0.05495,-0.034546,0.12334,0.030049,-0.13771,-0.030989,0.15337,-0.063775,-0.089843,0.48866,-0.11693,0.086856,0.080436,-0.041038,-0.12772
0.58284,-0.031573,0.40189,0.22343,0.44596,0.11651,-0.34628,0.32525,-0.2399,0.33913,-0.09495,-0.14195,0.25799,0.084193,0.19072,0.19348,-0.25642,-0.127,-0.11362,0.63618,0.34493,-0.16179,0.59984,0.24795,0.1647,-0.0093677,-0.041401,0.15695,0.079489,0.13375,0.11717,-0.07904,0.23488,0.086253,0.081203,0.30442,0.21477,0.16545,0.048573,0.14466,0.39957,-0.056588,0.095531,0.106,0.060687,0.103,0.3594,0.1484,-0.16588,0.063634,0.27613,0.0098413,-0.13346,0.0031663,-0.018024,-0.17515,-0.036367,0.51206,0.14282,0.27557,-0.075992,-0.11518,-0.16795,0.60817,0.25785,-0.1587,0.17514,0.3286,-0.12585,0.27189,-0.34019,-0.074105,-0.085882,0.11306,0.14447,-0.11407,0.31039,0.63288,0.1634,0.31255,0.27386,0.022301,0.022531,0.10117,-0.055044,-0.13864,0.27043,-0.12107,0.1608,0.12701,0.012726,0.025421,-0.20166,0.4377,-0.26129,0.098515,0.024307,0.3448,0.3733,-0.22505
0.59442,-0.052014,-0.19813,0.28744,-0.038292,0.24363,0.055916,0.1805,0.35886,0.20545,0.43363,0.014846,0.0019436,0.11087,0.18053,-0.010563,0.080416,-0.0075485,-0.068163,0.11012,-0.0048627,0.43568,0.12014,0.62243,-0.10752,-0.25614,0.1125,-0.1506,-0.011099,0.052931,0.061872,0.044894,-0.38701,0.35775,0.12207,-0.053425,0.3038,-0.041505,-0.034942,0.10985,0.06833,0.43765,-0.096208,0.063976,0.24768,0.38638,0.023877,0.15023,-0.16837,-0.073403,0.53737,0.086595,-0.217,0.1282,-0.040415,0.31732,0.13717,0.08125,0.32066,-0.094111,-0.098342,0.049144,-0.11509,0.049311,0.02369,-0.087182,-0.059345,-0.005859,0.19076,0.44226,-0.043669,-0.19026,0.021388,-0.10826,0.48318,0.042545,0.24896,0.047668,0.0008281,0.36251,0.31194,-0.15215,-0.099152,-0.049151,0.12053,-0.12485,0.30919,0.044636,0.41034,0.21968,0.25348,0.11405,0.10069,-0.0017455,0.006847,0.047282,-0.021554,0.093594,-0.09336,0.20941
-0.1006,0.18491,0.17485,-0.33221,0.35138,-0.14904,-0.18541,-0.083581,-0.021803,0.6443,-0.26477,0.0015669,-0.082777,-0.42326,-0.32073,0.12151,0.15795,0.25326,0.35106,-0.40968,0.4851,-0.099311,0.34588,-0.18589,-0.0037119,-0.023189,0.35081,0.10529,0.4446,0.077174,0.018245,-0.10701,0.45039,-0.10777,0.077072,0.050445,0.032234,0.17146,0.19389,0.050612,0.19716,0.99344,-0.07464,-0.25157,-0.11183,0.15994,0.53014,0.37519,-0.014306,0.37499,-0.21104,-0.086099,-0.012941,0.34494,0.1451,0.087527,0.41552,-0.021374,-0.15095,-0.079254,-0.16881,0.18769,0.38159,0.1551,0.013742,0.22723,-0.06998,0.13563,0.13765,0.19556,0.39924,-0.20178,0.21485,0.18588,0.17133,0.16601,0.25229,-0.032719,-0.052082,0.35836,0.316,1.0263,-0.021885,-0.11655,0.31987,-0.12198,0.09056,-0.39964,0.24147,-0.17932,0.036387,0.1162,-0.20185,0.1048,-0.23356,0.49802,-0.45327,0.10041,-0.14732,-0.12491
0.30259,0.46986,0.24468,-0.05475,0.097086,0.31474,-0.30732,0.64977,0.17773,-0.058043,0.1167,0.1403,0.0067377,-0.23056,-0.15068,0.12881,0.074463,0.0053615,0.17615,0.1477,0.27175,0.23857,0.28189,-0.18638,0.56273,-0.039592,-0.01551,0.302,-0.054436,-0.096652,0.14224,-0.038536,0.4497,-0.008398,-0.302,0.09977,-0.17121,-0.1816,-0.2107,-0.019561,0.40473,0.10665,0.31577,0.1853,0.22968,-0.14396,0.091295,0.03985,0.074596,0.10895,0.77112,-0.24042,-0.35175,0.47664,0.21778,-0.23946,0.089675,-0.13482,-0.035509,0.027208,0.73672,0.059697,-0.090076,0.35736,-0.02918,0.010783,-0.077958,0.26543,0.35471,0.50009,-0.016235,-0.13077,-0.007405,-0.11299,0.14715,0.12136,0.16353,-0.13338,0.27368,0.21741,0.31965,-0.22326,0.29719,-0.17736,-0.13687,0.34923,-0.17056,-0.085541,-0.059318,-0.061566,0.11582,0.29272,0.22126,0.56618,0.31822,0.14817,0.31223,0.64563,0.26271,0.38933
0.11744,-0.17022,-0.15108,0.44927,-0.3318,-0.1553,0.29951,-0.11597,0.54109,-0.08933,0.074381,0.15097,-0.14323,0.32052,0.10432,0.1793,-0.13849,0.055995,-0.12594,0.28644,0.41204,0.43877,-0.14972,0.4124,0.10987,0.043912,0.043596,0.14472,0.10488,-0.11584,-0.14119,-0.20969,0.13507,0.62133,0.18704,0.0036883,0.16872,0.41509,-0.33344,0.21767,0.44488,0.4776,0.12207,0.44589,-0.0099316,0.11183,-0.28334,-0.2484,0.02212,0.084979,0.17393,0.087649,-0.18743,-0.13042,-0.0005437,-0.055139,0.11798,-0.13526,0.51121,0.088396,-0.029335,-0.11509,-0.32985,0.30917,0.31652,0.2479,-0.26028,0.12947,0.39723,0.68548,-0.24955,-0.048867,0.69542,0.45721,0.23585,0.10682,-0.13054,0.34372,0.58098,0.021645,0.21277,-0.010659,-0.21708,-0.19238,0.10693,0.11382,0.29139,0.19989,0.41838,-0.00042513,0.031035,0.30388,0.44028,0.10639,0.16819,-0.1727,0.022401,-0.20729,0.22987,-0.17758
0.22306,0.22328,0.01988,-0.23391,0.22287,-0.089694,0.072087,0.28398,-0.16253,0.039487,0.05971,-0.25041,0.58526,-0.12696,0.0028561,0.28818,-0.012072,0.038873,-0.16865,0.098977,-0.2166,-0.0026876,-0.021478,-0.12048,0.23162,-0.023809,0.0025921,0.22758,-0.013165,0.4008,0.20158,-0.043848,-0.069121,0.045456,0.1003,0.4045,0.059028,-0.16334,-0.039614,-0.43481,0.24174,0.33188,0.19622,0.018881,-0.025191,0.39633,-0.22554,0.56781,0.24781,0.34714,0.30288,0.59357,0.021785,0.032472,0.12592,0.35998,-0.25351,0.11145,0.45461,0.19924,-0.23867,-0.052374,0.63575,-0.015396,0.49669,0.11892,0.24127,0.1804,0.047102,0.072856,-0.16939,-0.28945,0.085753,0.071341,-0.015393,0.083871,0.066671,0.4391,0.21844,0.090605,0.0055622,0.25057,-0.031856,-0.0010345,-0.17086,0.12232,-0.11453,0.25904,-0.26032,-0.18764,0.13713,0.014209,0.19161,0.40076,0.39512,0.090144,-0.31049,0.21513,-0.046332,0.10855
-0.07591,0.44135,0.089505,0.52471,0.02879,0.16783,0.14618,-0.12333,0.0871,0.11563,0.093503,0.079716,0.11424,0.005986,0.45332,0.17793,-0.16116,0.27505,0.39357,-0.025634,-0.26951,-0.027091,0.68593,0.39043,0.07916,0.053316,0.42601,-0.18373,0.3521,-0.2193,-0.08955,-0.03014,0.44287,0.25515,0.24122,-0.21549,0.14987,-0.19205,-0.23986,0.27434,0.77742,0.034547,0.095076,0.36968,0.63066,-0.031608,0.01326,-0.16726,-0.19662,-0.0041082,-0.0527,0.19551,0.33129,-0.19305,-0.11448,0.26395,-0.020488,-0.38484,0.18643,0.55295,-0.12974,-0.059186,0.32358,0.15787,0.3532,0.21505,-0.19201,0.2047,-0.23979,-0.11913,0.10886,0.021641,0.055809,0.025689,0.041765,-0.16805,0.39584,-0.076697,0.044255,0.098031,0.03273,-0.13255,-0.13286,0.31151,0.33307,0.64434,0.62497,0.27143,0.14676,0.26344,-0.15182,-0.33391,0.35367,0.32769,-0.024548,-0.097668,0.049372,-0.036991,-0.070198,0.060434
0.26398,-0.1713,-0.044576,-0.19291,0.51317,-0.10792,0.43025,-0.29489,0.075127,0.18498,0.038967,0.1865,-0.083122,0.082129,-0.14717,0.24888,0.17953,-0.0042371,-0.26117,0.4142,-0.081996,0.012961,-0.18058,0.27511,0.14545,0.47573,0.072954,-0.015232,0.073716,0.34558,0.034353,0.38972,0.11168,-0.31804,0.30254,0.64901,0.32252,0.1579,0.071952,0.027608,-0.27796,0.37106,0.47718,0.47064,0.26345,-0.12987,0.17432,0.12532,0.0050547,0.36908,0.024786,0.149,0.22353,-0.03772,-0.2528,0.45133,-0.10627,0.31063,-0.33034,0.34196,0.2256,-0.074648,0.21499,-0.13588,-0.046691,-0.12581,-0.12255,0.055057,0.39897,0.15208,0.44245,0.17908,0.25625,0.11449,-0.051866,-0.22214,0.28986,-0.12945,0.14813,0.37956,-0.15412,-0.21146,-0.083958,0.21134,0.45709,0.10744,-0.18178,-0.11041,-0.032443,0.085612,0.40104,0.060566,0.17341,0.033898,0.13666,0.75747,0.15118,-0.068678,-0.28504,-0.0419
0.27248,-0.021998,0.10173,0.33588,0.066418,-0.0053125,-0.21213,0.16037,0.036696,-0.13234,0.4067,0.028784,0.89846,0.40019,0.077848,0.46892,0.21123,-0.094572,-0.25405,0.15664,0.27817,-0.061686,-0.017027,-0.14446,0.24069,-0.0099457,-0.094404,-0.12217,0.045819,0.066726,0.041928,-0.055369,0.12683,-0.076145,-0.157,0.54696,0.66062,-0.047847,0.27647,-0.099955,0.18537,0.63515,-0.29628,-0.10471,0.15501,0.022994,0.1846,0.3146,0.12238,-0.075801,0.21828,0.095966,-0.077807,0.098267,0.08857,-0.034034,0.11148,0.18095,0.053975,0.16912,-0.0070215,-0.27229,0.32975,0.40308,-0.14618,0.26551,-0.10588,0.15755,0.036218,0.13969,-0.028339,0.11685,-0.092928,-0.070988,0.25791,-0.20373,0.054663,0.28523,-0.052165,0.44892,-0.054929,0.17908,0.35571,0.084712,0.20877,0.33473,0.13437,0.34374,0.015018,-0.1916,0.4427,0.088568,-0.1269,0.15369,-0.005601,0.082083,-0.13867,-0.24152,-0.18787,0.32124
-0.17402,-0.11648,-0.025677,-0.013684,0.19642,0.1295,0.48245,0.40385,0.11693,0.16725,0.23412,0.21777,0.16636,-0.21029,0.12269,0.35056,0.12314,0.56508,-0.095663,-0.016066,0.09211,0.16424,-0.11033,-0.084739,0.048402,0.10733,-0.023716,0.46045,0.31372,-0.24462,0.37572,0.094735,0.1833,-0.27541,-0.017073,-0.12618,0.1628,0.08507,-0.070296,0.1159,0.52161,0.11196,0.35456,0.48407,-0.18313,-0.20414,-0.0071933,-0.10149,-0.19189,0.016079,0.11102,0.088314,0.17602,-0.10719,0.21752,0.19648,0.017507,0.67815,0.1565,-0.063732,-0.25707,-0.082528,-0.087142,-0.060921,0.58864,-0.093727,0.13991,0.17051,-0.0061626,0.12282,0.31609,0.35402,0.076697,0.12737,0.12111,0.014736,0.15183,0.44425,0.60883,0.10152,0.56251,0.27199,-0.11559,0.08066,-0.20672,-0.0827,-0.10806,0.24284,0.12634,0.039152,-0.073405,-0.078569,0.35108,0.24133,-0.29723,0.16154,0.099111,0.26651,0.53327,0.32138
0.52705,-0.27956,0.13159,-0.029801,0.22617,0.035206,0.99507,0.19355,0.18184,0.19595,-0.20812,0.25278,0.22272,-0.15224,0.024264,-0.033053,-0.16778,0.14485,-0.16974,0.049059,0.37628,-0.29612,0.24846,0.076863,0.099817,0.51907,0.12256,-0.083047,0.47835,0.25219,0.11756,0.29521,0.05209,-0.16167,0.55698,0.18673,0.23586,-0.12866,0.05197,0.33404,-0.15248,0.059981,0.37363,0.089953,0.2513,0.056917,-0.20369,-0.11531,0.048506,0.84855,0.24112,0.38377,0.13135,-0.041415,0.42645,0.56721,0.35997,-0.12473,0.18667,0.032513,0.45191,0.19817,-0.08635,-0.16627,0.1251,0.019454,-0.24756,0.16313,0.21673,0.29447,0.21911,0.40211,0.032444,0.12622,-0.22945,0.057462,0.13267,0.24564,-0.12337,0.21903,0.19058,-0.098786,-0.32583,0.025252,0.048181,-0.20478,0.72245,0.31489,0.00081416,0.0087148,-0.21291,0.1788,0.038559,0.088777,-0.25798,0.2832,-0.12221,-0.11998,0.14151,0.20597
-0.077751,-0.12615,0.49764,0.25962,0.006434,0.12856,0.043696,-0.27122,0.051158,0.44622,0.088263,-0.15722,0.2183,-0.037217,-0.00011499,0.51754,0.12811,-0.16942,0.41884,-0.13743,-0.17124,0.17637,-0.025965,0.025035,0.64277,-0.25276,0.085436,0.17095,0.16726,0.45878,0.16531,0.12754,0.58705,0.16755,-0.21063,0.06699,0.46467,-0.0027407,0.10117,-0.05353,-0.08364,0.33528,-0.065516,0.019873,0.53376,-0.17009,-0.032347,0.22177,0.33653,-0.16656,-0.080363,-0.073697,0.3479,0.4638,0.084123,0.18844,0.26644,0.16087,0.36211,-0.19579,0.046767,-0.00072208,0.090649,0.012007,0.64048,-0.15166,0.020882,-0.11227,0.2333,0.24313,0.35727,0.039897,0.29785,0.015118,-0.10444,-0.0019547,0.162,0.33874,-0.065953,0.023084,-0.014071,-0.007757,0.12811,0.35261,-0.032036,0.44833,0.29801,0.20719,-0.067624,0.36277,0.2002,0.23779,0.043572,-0.0028305,0.096003,0.29401,0.10972,0.071709,0.10191,0.037974
0.038745,-0.25179,0.1626,0.094518,-0.01209,-0.12996,-0.15055,0.15459,0.1401,-0.14222,-0.1931,0.015783,0.0050405,0.26758,0.096336,-0.053197,-0.28391,0.026676,-0.037946,0.40013,0.14078,0.58319,0.4616,0.14887,0.36002,-0.23872,0.23744,0.2997,-0.16151,0.49651,0.38411,0.63526,-0.17249,-0.041057,-0.28672,0.30006,0.13817,0.018614,0.34922,0.038941,0.33963,0.53651,0.26409,0.20394,0.17176,0.35114,0.39833,0.02036,-0.058577,-0.012212,0.53301,0.43576,-0.023805,0.12296,-0.15634,0.29795,-0.0602,0.15975,-0.38971,0.28532,0.66485,0.20605,-0.34858,0.62379,0.269,0.39377,0.59465,-0.13422,-0.15719,0.34041,0.034049,-0.14814,0.20706,0.068058,-0.16976,-0.23645,0.02081,0.21112,0.14805,-0.082395,-0.014767,-0.071332,0.27231,0.14646,0.85669,0.020509,-0.084206,0.43719,0.12542,0.11101,-0.021141,0.10033,0.1932,0.41143,-0.036843,-0.12752,0.20762,0.14121,-0.19657,-0.18042
-0.0094168,0.5867,-0.013545,0.35328,0.39356,0.081034,0.7045,-0.11661,-0.10449,-0.30569,0.010066,0.17483,0.073469,0.4916,0.039038,0.26622,0.1678,0.14633,-0.060729,0.27616,0.27854,-0.054964,0.12476,0.48361,0.23535,-0.026325,-0.051299,0.16209,0.37498,0.11509,0.29161,0.31389,0.37977,0.060122,0.38965,0.1738,0.062715,-0.014641,0.1039,0.072859,0.20803,0.20584,-0.065104,-0.19306,0.22248,-0.10997,0.32405,0.022354,0.03599,0.15296,0.14272,0.20828,0.012326,-0.014482,0.023748,0.39153,0.017821,-0.034962,-0.1691,0.21419,-0.10265,0.1345,-0.012564,0.17207,-0.14166,0.04379,-0.058127,-0.13584,0.11929,0.24559,-0.25099,-0.070044,0.043105,-0.11307,0.23494,0.17291,0.15658,-0.12993,0.4588,0.21967,-0.2756,0.11153,-0.087814,-0.050951,0.88817,0.24665,0.33729,0.11154,-0.16696,-0.22311,0.010951,-0.04266,-0.0095132,-0.082792,0.019275,0.38111,0.13695,-0.033229,0.94193,-0.14509
-0.13417,-0.18056,-0.16536,0.13424,0.23728,0.012277,1.0497,-0.25141,-0.16799,-0.21063,-0.068385,0.43687,-0.058675,0.27504,0.074774,0.19882,0.11068,-0.082191,0.099624,-0.20018,-0.04073,-0.075183,0.12408,0.40392,0.16426,0.36295,0.21937,0.25961,0.21652,-0.10774,0.017365,-0.27354,0.66957,-0.12948,-0.12603,0.19393,-0.14439,0.056347,0.3275,0.1638,0.17786,0.069244,0.1204,0.07608,-0.23834,0.096379,0.38301,0.38673,0.10337,0.52919,0.028907,0.45018,0.24027,0.077987,-0.035618,-0.19396,0.32318,0.42296,-0.095155,0.48453,-0.14186,0.27846,0.13423,0.028858,0.66533,-0.020598,-0.098607,-0.2043,0.22351,-0.0046935,0.31169,0.77697,0.24781,-0.1338,0.099633,-0.074115,-0.048413,-0.012657,0.064567,-0.0078719,0.10155,0.014883,0.23654,0.25812,0.44131,-0.19995,0.11207,0.088645,-0.0093523,0.43585,0.12346,0.29706,0.33218,0.17786,-0.06611,0.5185,-0.055915,0.12752,0.23814,0.20049
0.0087745,0.161,0.38213,0.52564,0.075205,-0.062237,-0.15959,0.047232,0.20682,0.12019,-0.096661,0.078315,-0.28589,-0.10342,0.044304,-0.21836,0.25832,-0.026895,-0.16443,0.26324,-0.33053,-0.0098273,0.2881,0.1068,-0.089446,0.25873,0.62443,0.099599,0.12092,0.00077575,0.070808,0.14506,0.41269,0.028579,0.080529,0.12955,0.51022,-0.026544,0.36701,0.26149,0.095801,0.29491,0.11166,0.40186,-0.26364,0.11439,0.018915,0.14696,0.0026158,-0.15412,-0.02762,0.099327,-0.1314,0.30547,0.09653,0.21099,-0.10135,-0.058348,0.16817,-0.12376,0.064591,0.1897,0.092144,0.014444,-0.10258,0.62467,0.23469,-0.14861,0.46211,0.55832,0.3441,0.28928,0.079432,0.27693,0.27147,0.2164,0.29909,-0.30495,-0.096314,0.083604,0.35638,0.086153,0.10431,-0.015886,-0.062846,0.48672,0.0019465,0.77649,0.27659,0.18979,0.13119,0.11518,0.22365,-0.25195,-0.22133,-0.040708,0.20582,-0.065848,-0.21489,0.071858
0.4788,0.43129,0.17839,0.4932,-0.12341,-0.097823,-0.084612,-0.11486,0.085247,0.21648,0.02974,-0.16767,0.69561,-0.076518,0.39424,0.64852,-0.080142,-0.076251,0.007182,0.1501,0.65983,0.051742,-0.038431,-0.29085,0.039245,0.16458,0.076861,0.242,0.50029,-0.26774,0.25372,0.66751,0.43922,-0.052313,0.053722,0.29371,0.16811,-0.24077,-0.21754,0.62682,0.33455,-0.18578,0.053458,-0.12818,-0.10785,0.33784,0.30033,0.13491,-0.45265,-0.15557,0.381,0.20104,-0.21516,0.60246,0.063949,0.1394,0.1517,-0.010143,0.51065,-0.26794,-0.18483,-0.34573,-0.20472,0.30855,0.23822,0.13732,0.14087,-0.038771,0.46004,-0.1269,0.016061,-0.1064,0.032209,0.5505,0.077928,0.091698,0.037427,0.12678,1.4008,0.0041387,0.16272,-0.059059,-0.073849,0.31474,0.053046,-0.017936,0.054123,-0.16634,0.14193,0.35497,0.23002,0.0057863,0.57,-0.091808,-0.11394,-0.055229,0.045767,-0.089486,0.53519,0.038851
0.19978,0.43628,-0.26651,0.51433,-0.14685,-0.22544,-0.044758,-0.1148,-0.0080651,-0.1861,-0.1018,-0.12774,0.46243,-0.029829,0.48825,0.41802,-0.26162,-0.021295,0.13937,-0.42058,0.0053139,-0.14385,-0.0043468,0.13239,0.40092,-0.097726,-0.055861,0.44544,0.12633,0.17656,0.18201,0.65327,0.31977,0.18567,-0.10888,0.36598,0.47827,0.2625,0.067021,0.30959,0.45201,0.025044,-0.011519,0.13559,0.13606,-0.26213,0.03411,0.25295,-0.096165,0.096211,0.020726,-0.3052,0.093048,0.15696,-0.2156,0.51538,0.18555,0.39818,-0.11196,-0.015132,0.0053288,0.14213,0.29477,-0.19426,0.15614,-0.037917,0.14111,0.34309,-0.034091,0.069961,-0.089356,0.49232,0.0093312,0.35812,-0.014254,0.6481,-0.017455,0.0099922,0.38665,0.42781,-0.11704,0.15537,-0.069337,0.5135,-0.12679,0.59566,-0.10252,0.012177,0.20772,0.0071862,0.032377,-0.14368,-0.053981,0.22201,-0.011696,-0.16224,0.15524,-0.0033255,0.22819,-0.14932
0.1981,0.25605,0.11641,0.20617,0.14383,-0.20179,-0.027391,0.18677,-0.011438,0.21482,0.27074,0.12086,0.10082,0.41367,-0.038907,0.18929,0.12361,0.021798,0.04108,-0.21773,-0.0062295,0.017484,-0.07277,0.1514,0.16491,-0.32763,0.10816,0.083981,0.20696,0.21274,0.18322,-0.22991,0.46558,0.62365,0.65671,-0.037902,0.024921,0.40558,0.10993,0.05865,-0.14616,0.31226,0.13032,0.12071,0.14729,0.033452,-0.25351,0.013158,0.39957,-0.13759,0.39163,-0.1582,-0.10642,0.54889,0.12399,0.98445,-0.057028,0.11468,0.19285,0.2258,0.12308,0.13549,0.29283,0.29064,0.3243,-0.091048,0.2556,-0.20259,0.20941,0.24779,0.018759,0.22404,-0.14008,0.059509,0.17485,0.26419,-0.069563,0.039759,0.38797,0.30366,-0.42095,0.165,0.33339,0.15379,0.32716,0.13509,-0.098086,-0.15997,0.46143,0.11093,0.81777,-0.044318,0.22573,-0.17018,0.25185,0.083582,0.084132,0.051142,0.11972,-0.20403
0.64933,0.11037,-0.19528,-0.13871,0.36267,0.10014,0.5719,0.16741,-0.099078,0.26396,0.12239,0.051347,-0.21374,0.25406,0.099979,-0.0998,-0.086893,-0.20976,-0.17709,0.030978,0.029035,0.1221,-0.35557,-0.1117,0.96433,0.50545,0.20922,-0.075833,0.68509,0.18504,-0.1261,-0.084089,0.61516,-0.08062,-0.041314,0.084804,-0.27709,0.12022,0.029397,-0.2077,-0.2017,-0.14721,-0.2322,0.12366,0.14798,0.14523,-0.020043,-0.091161,0.24141,0.13821,0.2785,0.16232,-0.069146,-0.088897,0.1447,0.098552,0.36776,0.24548,0.7594,0.754,0.095116,0.074479,0.27329,-0.29502,-0.036221,0.38608,0.20535,-0.16308,0.19586,0.065014,0.19079,0.21802,0.33593,0.30568,0.20722,0.35772,0.69311,0.023133,-0.2019,0.1132,-0.059347,0.11147,0.43941,-0.058077,0.18751,0.53004,0.32114,-0.12841,0.1636,-0.17261,0.051598,0.48384,-0.029303,0.12215,-0.28773,0.39985,-0.13251,-0.13722,0.050942,0.17294
0.08288,-0.16746,-0.1191,-0.089436,0.15455,0.30235,-0.098337,0.27588,-0.22381,0.9214,0.31999,0.014173,0.12187,0.2057,0.29532,0.62285,0.047182,-0.042132,-0.028026,0.14829,0.32938,0.13852,0.23738,0.19131,0.25958,0.4211,0.29026,-0.41131,-0.055425,0.54299,0.5193,0.08095,-0.16892,0.29908,0.14312,0.097268,-0.069598,-0.091114,0.10804,0.18852,0.23682,0.044414,-0.044799,0.21766,0.5079,0.074994,0.057739,0.13963,0.11288,0.16285,0.050053,-0.18249,-0.024493,-0.020292,-0.23862,0.27321,-0.0648,0.089318,0.032251,0.43834,0.60409,-0.17084,0.40685,-0.36037,0.16888,-0.010198,0.12231,-0.20294,0.27924,-0.17172,-0.033413,0.13901,0.028459,0.16754,0.058559,0.22528,-0.01657,-0.108,-0.063587,0.13011,-0.16988,-0.042205,-0.21782,0.15826,0.25947,-0.12247,0.32159,0.094177,0.67109,0.19987,-0.091547,0.85202,0.18129,0.30251,0.2418,-0.019422,0.14533,-0.038556,-0.10335,-0.15634
-0.13675,0.34877,0.68222,0.18288,0.47188,0.31715,0.03634,-0.028089,0.19102,0.25277,0.0021105,-0.041277,0.41909,0.57661,0.024022,0.017872,-0.087216,0.35833,-0.10503,-0.052915,-0.18662,0.11357,0.39615,-0.22702,0.022848,-0.022717,0.2332,0.32016,0.10229,-0.18912,-0.17291,0.2456,-0.15566,0.86922,0.21011,-0.050156,0.038998,0.16114,0.22799,0.18599,0.10781,0.1508,-0.24284,-0.045603,0.18464,0.05428,0.071251,0.094417,0.37498,0.99871,-0.10894,-0.26095,-0.056577,0.41556,-0.055299,-0.33367,0.47635,0.45725,0.0056558,0.074975,0.45518,0.40121,-0.015941,-0.0081208,-0.15787,0.084702,0.67298,0.18515,-0.21394,-0.17419,0.29711,0.012815,0.26958,0.0046898,0.31356,-0.16149,-0.076363,0.17137,-0.13358,-0.074537,0.074304,0.23208,-0.16659,0.27718,0.2287,0.10952,0.0076937,-0.34493,0.25626,-0.096873,0.3031,-0.29685,0.69603,0.056091,0.12958,-0.084116,-0.14649,0.27242,-0.30739,0.25024
0.14519,0.031395,0.43884,0.43363,0.017639,-0.26088,0.042904,-0.03348,0.072437,0.39144,0.18244,-0.15929,0.34323,-0.084237,-0.16132,-0.010478,0.46767,0.10538,-0.36259,0.19482,0.61491,-0.28264,0.20235,-0.15137,-0.40641,-0.22031,-0.0711,0.04942,0.54778,0.41827,0.81212,0.038699,-0.058384,-0.2616,-0.066639,0.087571,0.10916,0.19642,-0.082322,-0.085581,0.13732,0.28032,-0.029081,0.071876,0.13572,-0.20243,0.18373,0.19097,0.59466,-0.070019,0.080536,0.47055,-0.15649,-0.16942,0.51615,0.97457,0.050717,0.050579,0.46093,-0.033344,0.14945,0.4126,0.15277,0.31525,0.07459,0.40069,0.087148,-0.25819,-0.15532,0.071414,0.95713,0.49874,-0.25084,0.57378,0.077639,0.32972,0.062582,0.17716,0.026613,0.56521,-0.066533,0.060162,0.17415,0.16511,0.23209,-0.16849,0.42146,-0.37243,-0.0020828,0.12931,0.03799,0.42471,0.051475,0.21905,-0.096243,-0.27668,0.14268,0.58141,-0.036568,-0.2655
-0.012118,-0.11345,-0.19871,0.054418,0.33036,0.10965,-0.17054,0.50632,-0.001727,0.21127,-0.039582,0.26818,0.27532,0.37954,0.55505,-0.11934,0.1234,0.30423,-0.38554,-0.21718,0.46476,0.0058045,0.15106,0.42019,0.021521,0.067374,0.13011,0.0042845,0.58296,-0.01545,0.20938,-0.19275,0.50902,0.30648,0.18095,-0.042179,0.33077,-0.18495,0.06586,0.56924,0.49436,0.24884,-0.068461,-0.1966,0.21107,-0.10745,0.15399,0.33786,0.58393,0.26262,0.41181,0.31719,-0.2509,0.11912,0.16703,-0.01261,0.20249,0.32411,0.31793,0.1974,-0.13506,0.029569,0.29923,-0.11863,-0.081111,0.22184,-0.018447,-0.14171,0.013468,0.36377,-0.10733,0.4101,0.23158,0.24197,0.068165,-0.067962,0.0085978,0.1514,0.087454,0.082756,-0.15152,0.2403,0.24366,0.50228,0.011673,0.26562,0.02389,-0.0060519,0.27745,-0.054827,0.14239,-0.0063822,0.68586,0.26816,-0.041479,0.16144,0.074979,0.058271,-0.19034,0.21291
-0.1324,0.7182,0.21584,0.34332,0.10039,0.080668,0.89319,0.27528,-0.13153,0.77418,0.060853,-0.057198,-0.24763,-0.049828,-0.055838,-0.2482,-0.30411,-0.22583,0.13634,0.059814,-0.2644,0.30638,0.1199,0.018737,0.85186,0.052529,-0.095924,0.0036215,0.93556,0.22493,0.10906,-0.074053,0.058715,0.026772,-0.3561,0.75741,-0.047582,0.35682,0.29148,-0.29837,0.02956,0.45842,0.010659,-0.072469,0.14621,0.6437,0.58811,0.34121,0.43233,0.38048,0.12446,0.11418,-0.094081,0.063229,-0.15552,1.5792,0.1512,0.32008,-0.10768,0.17968,0.011974,-0.098563,-0.039342,-0.42434,0.43106,-0.099293,0.23448,-0.045228,0.57296,0.40525,-0.1537,0.21652,0.14815,-0.19306,-0.15325,0.021981,0.44888,-0.29493,0.25563,0.062393,0.13894,0.48065,-0.14852,-0.04114,-0.024863,0.052856,0.17501,-0.1544,0.12768,-0.086282,-0.10311,-0.18082,0.19345,0.21091,-0.033485,0.34685,-0.027504,0.57762,0.13593,0.21596
-0.19366,0.05322,0.024075,0.046104,-0.064178,-0.32531,0.48535,0.13808,0.033276,-0.23733,0.26825,0.50795,0.4459,0.3102,0.66561,0.1251,0.33383,-0.071232,0.061867,-0.033129,-0.20371,-0.17039,0.42572,0.12638,0.23893,0.51055,0.20018,-0.17406,0.048012,0.070867,0.27777,-0.054977,-0.30502,-0.17884,-0.083916,0.6232,-0.083564,-0.34263,0.15542,-0.088547,0.15192,0.214,0.11638,0.80729,0.15324,0.71072,0.41301,0.041454,0.268,0.088983,0.37432,0.64128,-0.013514,0.016173,0.3542,0.3595,-0.019713,-0.10367,0.51266,-0.011863,0.017531,0.34499,0.17741,0.030049,0.48856,-0.1349,-0.14583,-0.31779,0.14562,0.13575,-0.13682,0.51018,-0.0913,-0.19405,-0.083474,0.17393,0.31452,-0.049213,-0.071116,0.071937,-0.40361,0.77462,0.043825,-0.074893,-0.10014,0.26359,-0.22454,0.11246,0.15383,0.094348,-0.12525,0.2479,0.29891,-0.11089,0.26608,0.077919,0.089896,0.49233,0.76198,-0.037406
0.11169,0.62805,0.40681,0.34174,0.27147,0.31209,0.022429,0.25493,0.69415,0.31114,-0.14245,0.0035352,-0.25924,0.14228,0.24181,0.16485,-0.17253,0.19605,-0.04,0.11769,0.024255,0.24595,0.10216,0.32682,0.032285,0.22492,-0.0081306,0.39754,0.1922,-0.24604,0.11085,-0.1262,-0.051244,0.61273,-0.18332,0.14407,0.3767,-0.015234,0.5392,0.048241,0.46086,0.46512,0.22037,-0.15737,-0.10281,0.077153,0.30523,0.13838,0.671,0.46288,-0.21417,0.44359,0.26646,-0.24337,0.43013,0.061264,0.70798,0.002448,0.32408,0.44978,0.4798,-0.034341,-0.16662,0.16006,-0.032262,-0.27686,0.22381,0.26277,0.11395,0.047379,0.022838,0.12162,-0.43599,0.15089,0.26443,-0.21019,0.0935,0.46717,0.62584,0.04062,0.40496,0.035792,0.022811,0.26655,-0.0073806,-0.033949,-0.39278,0.31509,0.062458,0.33206,0.040363,-0.075549,-0.072377,0.18561,0.23222,-0.10333,0.32295,-0.16652,-0.025503,-0.079965
0.24851,-0.13865,0.22946,-0.094768,-0.00062247,0.7703,0.3489,0.25144,0.84937,0.16736,0.10988,0.26522,0.027955,0.21389,-0.19689,-0.16284,0.086799,0.028367,-0.16052,0.091522,0.048127,0.30699,0.26982,0.46317,-0.041931,0.64753,0.10468,-0.12003,0.51882,1.211,0.11223,-0.06883,0.75097,0.43481,0.067767,0.30737,-0.046334,-0.030586,-0.089756,0.34861,0.088209,0.20062,0.1432,0.15027,-0.0987,0.10508,0.19332,0.38124,0.29267,0.22797,0.14544,0.0049411,0.063705,0.3959,-0.23395,0.1156,0.031079,-0.043506,-0.04109,0.66946,0.027109,-0.05068,0.17296,0.059801,0.10768,0.55827,0.26472,0.099358,0.18849,0.16104,0.25537,-0.089033,0.51915,0.66878,-0.15307,0.031217,0.25235,0.55605,0.2884,0.090951,-0.083382,0.75276,0.015474,0.14923,0.0645,0.2589,-0.28414,0.19863,0.027081,0.254,0.075399,0.2086,-0.057007,-0.27312,0.50934,0.21286,0.10564,0.32699,0.41935,0.42013
