-0.0054118,0.069169,0.019629,0.09192,0.18906,0.17632,-0.09735,0.043577,-0.039931,-0.0011625,-0.066852,-0.29847,-0.064814,0.073278,0.0012907,0.13486,0.16196,-0.019056,-0.15369,-0.14449,0.15076,0.28873,0.27043,0.10314,-0.16443,0.059606,-0.0073121,0.21627,0.11412,0.10376,0.035418,-0.011568,0.38483,0.22434,-0.0099573,0.13761,0.029431,-0.19332,0.17233,-0.099168,0.018701,-0.032623,0.048362,0.043206,0.24039,0.12985,-0.2715,-0.027478,-0.019827,0.2657,-0.094226,-0.15853,0.049192,-0.058728,0.25704,-0.056005,-0.10083,-0.033155,0.18423,-0.17442,0.044263,-0.04938,0.052018,0.24836,0.11953,-0.056181,-0.025457,-0.041244,0.068114,0.13345,0.0029064,-0.13581,-0.12629,0.22197,-0.091212,0.10895,-0.2693,0.0018397,-0.085055,-0.18798,0.064015,0.37596,0.0028374,0.25861,0.31235,-0.17432,0.16749,-0.079168,-0.22396,0.14775,-0.24292,0.19977,0.3605,0.17761,0.30185,-0.038423,-0.18286,-0.17619,-0.054737,0.10719
-0.081331,-0.040854,-0.050548,-0.0031569,-0.37598,0.39229,0.18433,0.18245,-0.0050904,0.15637,0.036507,0.5285,0.19245,-0.064982,0.20214,0.098822,0.024251,-0.34754,-0.077785,0.10275,0.052472,0.12727,0.31031,0.35351,0.091624,-0.18786,-0.060146,0.1325,0.18243,-0.10958,-0.10582,0.08629,-0.207,0.12975,0.39546,-0.19779,0.070683,-0.22973,-0.003529,0.096082,0.029983,0.40471,0.38414,0.20924,0.3562,-0.031282,-0.063306,-0.0087598,0.15543,-0.0056145,0.10316,-0.15434,0.14902,-0.13942,0.11307,0.010514,0.33741,0.10249,0.01252,0.11199,0.085686,0.25756,-0.19193,-0.1299,0.12667,-0.016571,-0.10419,0.39704,0.30918,-0.15713,-0.00032914,0.50783,-0.037943,0.13575,-0.077327,-0.11152,0.12434,-0.12977,-0.11846,0.082615,0.017739,-0.2374,0.19838,0.29653,0.29094,0.24518,0.13921,-0.17325,-0.048869,-0.070228,-0.074925,0.25069,-0.25589,-0.21814,0.2516,-0.1516,-0.046153,0.011387,0.21151,-0.02199
-0.18729,0.11336,-0.10664,-0.075379,0.43256,0.11288,0.065675,0.068117,0.30108,-0.14551,0.030867,-0.086048,0.18825,0.28755,0.23202,-0.062438,-0.25263,-0.085644,0.22541,0.11323,-0.17291,-0.11729,0.18543,-0.16634,0.075554,0.2885,-0.093816,-0.055335,0.1364,-0.17379,0.21675,0.044695,-0.066126,0.02326,-0.11185,0.16983,-0.14069,0.087546,0.45447,0.40095,0.011867,0.22406,0.09842,0.05689,-0.09561,0.30161,0.86818,-0.1209,0.16051,-0.047294,-0.12434,0.11443,0.14434,0.39227,0.18561,0.30365,-0.030751,-0.0051071,-0.10221,0.1734,0.0029594,0.20315,0.29176,0.13008,-0.085764,-0.031992,0.011737,-0.18903,0.025078,-0.20862,-0.1082,0.07442,0.010734,0.0011453,0.085592,-0.2356,0.19809,0.040642,-0.058692,-0.0058154,0.26768,-0.13289,0.08489,0.2965,0.22013,-0.10115,-0.13967,0.056971,-0.3013,0.20905,-0.35662,0.50492,-0.11899,0.35432,0.54217,0.071785,-0.091876,-0.037612,-0.061128,-0.16643
-0.046241,0.058419,-0.0011447,0.092503,0.0134,0.041857,-0.27194,0.36995,0.20873,0.12545,0.34581,-0.12176,0.078969,0.1994,0.25296,0.13765,0.23597,-0.26049,-0.074777,0.010402,0.18875,0.1079,-0.32828,-0.01602,0.38018,-0.053006,0.19337,0.014433,0.17012,0.075449,0.23609,-0.18374,0.077761,-0.031242,0.3002,0.011573,-0.24909,0.0044595,0.26514,0.3297,0.17353,0.10184,0.0093916,-0.14811,0.14133,0.019229,0.09698,-0.037674,0.18005,0.01018,0.062813,-0.17245,-0.043222,0.21089,-0.063282,-0.11141,-0.34022,0.19738,-0.038578,0.050095,0.22938,0.24029,0.074473,-0.040914,-0.067036,-0.15677,0.29564,0.31693,0.56324,0.0049051,0.015711,0.097528,-0.10488,0.11355,-0.11639,0.00054946,0.21994,-0.10858,0.21823,0.18927,0.3374,-0.14517,0.052589,0.21931,0.28883,0.016039,-0.31771,-0.090509,0.15352,0.036918,0.29271,-0.11647,-0.078731,0.38743,-0.10835,0.31018,-0.073004,-0.0055678,0.019932,-0.19618
-0.05718,0.036541,-0.078975,-0.13807,0.023461,0.047356,0.014316,0.36922,0.19873,0.25116,0.083386,0.22952,-0.088149,0.10395,-0.17929,0.26756,0.39502,-0.06687,0.23709,-0.21619,0.065007,-0.21577,0.086087,0.14201,0.2752,0.13311,-0.0032897,-0.10129,0.0015778,0.076777,-0.18128,0.11466,0.016358,0.14033,-0.018236,0.018941,0.09435,-0.011493,0.14516,0.037095,0.087804,-0.090275,-0.00087245,0.078183,0.14701,0.33421,0.219,0.12775,-0.060968,-0.015295,-0.055746,0.42662,-0.32596,0.53032,0.32034,0.25746,0.012264,-0.35215,0.4334,0.26897,-0.23496,-0.14151,-0.30597,0.10153,0.00041488,0.29893,0.24819,-0.16871,0.052927,-0.073809,0.3725,0.088378,-0.099213,0.24019,0.15918,-0.15472,-0.064972,0.18477,0.0063032,-0.11526,0.20589,0.27117,-0.090597,-0.11489,0.016896,0.38041,0.001574,0.26266,0.26095,0.32809,-0.066827,-0.085367,-0.074571,-0.27408,0.068503,-0.081265,0.33431,-0.23985,0.10471,-0.13239
0.30254,0.39782,-0.28235,0.12091,-0.11918,0.24685,0.13819,0.023847,0.42559,0.083359,-0.14681,0.056833,-0.081729,-0.070161,0.0053267,0.14336,0.19239,0.27361,-0.018254,-0.19135,0.22846,0.026105,-0.030826,-0.016681,-0.10254,-0.070117,0.074916,0.04331,-0.048056,0.095126,0.043568,-0.044752,0.091857,0.31972,0.36524,0.21483,0.32858,0.27682,0.36824,0.030922,0.1907,-0.14473,-0.14716,-0.14101,0.070739,0.17916,-0.025665,-0.18049,0.010083,0.068185,-0.030656,-0.064823,-0.19109,-0.16701,-0.025308,-0.01038,0.00061372,0.11879,-0.24533,0.38318,0.44728,-0.10669,0.11059,-0.24908,-0.013814,-0.036467,-0.015708,0.20298,0.030523,-0.062603,-0.18111,-0.16296,-0.01036,0.092606,0.21641,-0.10655,0.34032,0.2598,0.041481,0.30457,0.051817,-0.036929,0.05985,0.24317,-0.072611,-0.019544,0.033587,0.28063,-0.028104,0.096473,0.2184,0.11749,0.28172,0.01115,0.068594,0.024718,0.16618,0.09824,-0.091331,-0.042393
0.036754,0.15973,0.18482,-0.045084,0.35492,0.17183,0.12484,0.47175,0.24215,0.3196,0.086089,0.47258,-0.081042,0.32927,0.11786,0.22939,0.14537,0.12938,0.10598,-0.13616,0.1296,-0.091864,0.021798,0.20799,0.029953,0.0071964,-0.13807,0.22084,0.091264,0.19732,0.31362,0.092842,0.030003,-0.07922,0.25011,0.13477,0.10268,-0.10592,0.15641,0.013293,0.12206,0.14813,0.14291,0.21492,-0.078709,0.224,0.094848,-0.0089897,0.14987,0.053286,-0.15051,0.17968,0.078542,-0.021954,0.074295,-0.085461,0.21442,-0.18584,0.36985,0.20486,-0.094223,-0.13547,0.011641,0.14723,-0.16278,-0.071824,0.34376,0.15161,0.2025,0.49914,0.19279,-0.0074593,-0.19077,-0.19495,-0.044079,0.06532,-0.0013486,-0.25757,-0.11332,-0.076074,0.19641,0.075129,0.059068,0.073381,0.17722,0.011776,0.45067,-0.02491,0.16058,0.012751,0.10508,-0.21938,-0.099606,-0.18195,0.068116,-0.082902,0.22703,-0.29133,-0.067713,-0.24593
-0.18459,0.024794,-0.0082296,0.20848,0.14532,0.39064,0.11045,0.067752,0.24584,-0.08806,0.00092855,0.096127,0.38116,0.15154,-0.30906,-0.077219,-0.23679,-0.017572,0.085963,0.27661,0.71992,-0.021528,0.0066061,0.045858,0.44892,-0.058844,0.34335,-0.25722,0.13325,-0.083555,0.083863,-0.10067,0.0864,-0.11615,0.0093489,-0.14123,-0.0062247,0.055266,-0.1683,-0.016244,0.15834,0.024815,0.52512,0.27109,-0.035364,-0.15316,-0.16031,-0.19689,-0.13031,-0.048651,0.4472,0.19121,0.073121,0.31304,-0.018431,0.066163,-0.061047,-0.12483,0.60427,-0.32923,-0.28203,0.33944,0.36448,-0.11878,0.12502,0.047227,-0.029253,-0.16052,0.50371,0.15458,0.020082,0.12643,0.17459,0.13011,-0.11943,-0.035955,-0.08682,0.14767,-0.1372,0.13769,0.15751,0.21819,0.089362,-0.14819,0.17447,0.13377,-0.010034,0.33032,0.052615,-0.042324,0.16785,-0.11669,-0.22401,-0.038034,-0.051816,0.011925,0.21106,0.16034,0.2193,0.054481
-0.26226,0.31757,-0.029351,0.19059,-0.09358,-0.10932,0.11743,0.16253,0.1844,-0.089756,0.33024,-0.11067,-0.016085,0.094494,0.22731,0.40225,0.21554,-0.17611,0.1075,0.28493,0.24907,0.26896,-0.0050737,-0.15757,0.16068,0.055186,0.17122,-0.059764,-0.10035,0.12703,0.26523,0.12793,-0.038549,0.29155,-0.077785,0.11577,-0.13579,0.33668,0.51318,-0.039434,0.3961,0.080223,0.025351,-0.161,0.048422,0.53589,-0.026692,-0.413,0.12967,0.026912,0.13608,-0.23936,0.11608,-0.12852,-0.19138,0.17807,0.17342,-0.0083488,0.1689,0.19584,-0.10046,-0.037277,0.25981,-0.12688,-0.016977,-0.10668,0.18692,0.16632,0.051831,0.23036,-0.056865,-0.083542,-0.077812,0.11689,-0.033504,0.57374,0.63792,0.10607,-0.12029,0.098109,-0.16754,0.24702,-0.16913,0.08356,0.024359,-0.060164,-0.050998,-0.25792,0.043753,0.36677,-0.067145,0.29794,-0.080346,-0.035449,0.063146,0.025486,-0.24743,-0.095054,-0.047651,0.12548
-0.017002,-0.085548,0.03261,0.12001,-0.19558,0.1066,0.22685,0.2954,-0.16252,-0.041401,-0.15722,0.15736,0.18135,0.049895,0.041336,0.048945,0.1069,-0.031814,-0.063291,-0.12809,0.0080302,-0.039748,-0.13707,0.28251,0.23558,0.21304,-0.01514,0.057901,-0.21459,-0.28166,0.35748,0.17455,0.19563,0.04428,0.097533,0.33997,-0.10093,0.012606,-0.056379,-0.15177,-0.02763,0.18395,-0.042895,0.2147,0.21798,-0.32249,0.11596,-0.032568,-0.019837,0.18243,0.030026,-0.023379,0.070941,0.14144,0.3118,-0.03813,0.14734,0.2581,0.0011554,0.15194,0.38746,-0.04204,-0.15736,0.20527,0.35291,0.13354,-0.2607,0.16712,0.047322,-0.15449,0.046904,0.30609,0.25927,0.092529,0.2672,0.046569,-0.12817,-0.058314,0.076476,-0.026897,0.072338,0.15502,0.040793,-0.083312,-0.013792,-0.044222,0.043371,-0.041372,0.16981,-0.085858,0.20193,0.24553,0.059112,-0.28132,0.39053,-0.0050975,-0.071771,0.11735,0.32401,-0.064359
0.23041,-0.10168,-0.015502,0.0093961,0.36609,0.090707,-0.14753,0.16569,0.03509,-0.34048,0.1704,0.30843,-0.053581,0.12944,0.27299,0.074288,0.14906,0.33239,0.2858,0.36801,0.22014,0.19015,0.020261,0.35347,0.1507,0.0405,-0.17881,0.17973,0.0019615,-0.13033,0.31786,-0.11145,-0.070937,-0.00689,0.039123,0.0014361,0.33803,-0.10423,0.26014,-0.090117,-0.092169,-0.018649,0.16475,0.11963,0.36577,-0.0070552,-0.15759,-0.043074,0.34934,0.12454,0.0050702,-0.066781,-0.015484,0.19517,0.0042952,-0.14655,-0.19122,0.042393,-0.43459,-0.061938,0.17084,-0.14377,0.32183,-0.065641,0.093098,0.20162,0.010941,-0.28977,-0.12219,0.022961,0.0099794,-0.022026,-0.031417,0.49191,0.10655,-0.15294,0.1336,0.09845,-0.053192,-0.19268,0.13613,0.10773,0.020012,0.099072,0.44789,0.071289,-0.019119,0.026309,0.034915,-0.18201,0.17985,0.13369,0.068781,-0.2281,0.29367,-0.077381,0.2742,-0.099334,0.062941,0.23103
0.042785,0.083308,-0.1705,0.076434,-0.09289,-0.12174,0.28234,-0.12765,-0.25844,-0.069168,-0.079607,-0.042643,0.040845,-0.014512,-0.088815,0.20225,-0.070076,0.095522,0.1598,0.15334,-0.082013,0.19893,0.2215,0.18706,0.44575,0.068533,0.10421,0.14593,0.20311,0.21758,-0.0037611,0.23526,-0.11538,0.24645,-0.13922,-0.16156,0.27526,0.16647,0.11248,-0.026751,-0.20911,0.070737,0.31666,0.19702,0.096018,0.27855,-0.066358,0.14563,0.1696,-0.30557,0.20548,0.69677,0.48524,0.16197,-0.15341,-0.20485,-0.097197,0.01454,0.31358,-0.15722,0.26188,-0.00097525,0.12608,0.15624,0.096647,0.012928,-0.02838,-0.042784,-0.28779,-0.066139,-0.36502,0.29825,-0.06219,0.091465,-0.22665,0.17045,0.32238,-0.2053,0.15484,0.026162,0.29541,-0.23509,-0.12604,-0.14214,0.17272,-0.069589,0.14233,0.1808,0.042722,-0.029753,0.021808,-0.080416,0.36875,0.16741,0.20319,0.11461,0.023266,0.24674,-0.018225,0.14652
0.14703,-0.16142,-0.12657,0.088988,-0.28577,0.5379,-0.17259,0.4142,0.38831,0.05128,0.27045,0.33281,0.10709,-0.11458,-0.12339,0.021322,-0.044301,-0.10867,0.21992,-0.13326,0.53871,0.038532,-0.068591,-0.038725,0.14658,-0.028958,-0.071364,-0.065386,0.29964,0.22209,0.40531,-0.058515,-0.21554,0.17921,0.20328,-0.12362,0.21458,0.37337,0.032472,0.10242,0.3934,0.32087,-0.040758,0.097289,0.31069,0.19035,0.077223,0.10311,0.13322,0.036986,0.15323,0.22061,0.002422,-0.013473,0.082149,0.15482,-0.0041853,-0.038076,0.10162,0.30089,0.015895,0.072608,0.40472,-0.076252,-0.010243,0.17169,-0.4079,0.223,0.10425,0.19485,0.0031868,0.039126,-0.10101,0.33357,0.044908,-0.050992,0.23098,-0.16715,-0.024261,0.22888,0.12777,-0.11192,-0.10568,-0.30872,0.069325,0.19715,0.23572,-0.0024499,-0.22401,0.24985,-0.0033815,-0.26483,0.21181,-0.049874,-0.060722,-0.19118,-0.13287,-0.02159,0.083402,0.069953
0.017817,-0.078892,0.62867,0.0040959,0.073089,-0.002331,0.14979,0.2677,0.1716,-0.078174,0.28241,-0.20831,0.010297,0.17825,0.14641,-0.026172,0.73468,0.16505,-0.11176,0.043479,-0.33776,0.20925,0.47168,0.2578,0.11345,-0.22666,-0.071979,-0.10752,0.089706,-0.03691,-0.15308,-0.20026,-0.17501,-0.035752,-0.20871,-0.058256,0.12861,0.15352,0.055795,0.21985,0.025544,-0.0032039,0.077126,0.29936,0.32318,-0.080864,0.20173,0.11869,-0.1011,0.0012015,0.14489,0.07738,-0.11679,-0.14883,-0.0084895,0.014211,0.30611,-0.057595,-0.13276,-0.092119,0.10613,0.19035,0.44905,-0.25982,0.024875,0.15782,0.60347,0.27201,0.17406,0.13484,-0.19335,-0.087986,0.30114,0.06716,-0.23448,0.19777,0.23253,0.18562,-0.032337,0.062998,-0.055179,0.25027,-0.025085,-0.072843,0.33645,-0.030037,-0.30558,-0.272,0.22439,0.011369,-0.054718,0.34242,0.22322,0.13909,0.30191,-0.039791,0.59143,-0.0856,0.08513,0.15639
-0.13514,0.16331,0.44515,0.44421,-0.058905,0.021047,0.21173,-0.11024,0.54688,0.11901,-0.12498,0.17439,0.44687,-0.14801,-0.099564,0.29398,0.24134,-0.03925,-0.32156,-0.24808,0.1042,0.24127,0.21174,-0.079082,0.052622,-0.056879,0.083888,0.40002,0.021923,0.056082,-0.099684,0.03533,0.012231,-0.21432,0.0026681,0.38596,0.25247,-0.0069963,-0.20852,0.16805,0.13291,0.054188,-0.033711,-0.19953,-0.31608,0.098936,0.163,-0.1805,0.26752,-0.10037,0.053443,-0.28288,-0.22485,-0.081728,0.45124,-0.11346,0.15336,-0.18179,0.10057,0.19574,-0.015951,0.46613,0.20369,-0.11457,0.1738,0.084058,0.059861,0.25502,0.038184,0.056007,-0.31244,0.37399,-0.24326,0.042068,0.079086,-0.091553,0.12673,0.031772,0.22032,0.29713,0.13438,0.15296,0.14529,-0.12703,0.36725,-0.17466,-0.043227,0.18851,-0.087001,-0.15771,0.3142,0.69072,-0.16405,-0.083907,-0.36894,0.1202,-0.0094971,0.090612,-0.018196,0.16595
-0.022674,-0.13437,-0.19717,0.084146,0.1066,0.069927,0.15533,-0.1997,0.28318,0.49053,-0.05838,-0.12539,0.24441,-0.14621,0.010723,-0.18577,-0.060559,-0.20251,0.17103,-0.18366,0.017167,-0.10967,0.48036,0.10738,0.42882,0.19814,0.2036,0.17177,0.0026931,0.35923,0.27264,-0.18393,0.017808,-0.15001,0.060875,0.30231,-0.19231,0.4475,0.48247,0.32792,0.29197,0.078225,0.092544,0.10545,0.28557,0.095732,0.28029,0.081134,0.10603,-0.067623,0.26274,0.0022499,-0.057632,0.073544,-0.06369,0.18419,-0.01161,0.012217,0.036625,0.29419,0.062261,0.11919,0.38345,-0.092431,0.11681,-0.093592,-0.017779,0.027776,-0.041036,-0.10277,-0.086472,0.080931,-0.012476,0.046804,0.21801,0.051868,0.32748,-0.046967,0.36538,0.38379,0.13535,-0.10746,0.27134,-0.070689,0.1706,-0.15288,-0.083926,0.26618,-0.036069,-0.035992,0.12549,-0.17512,0.12971,-0.026329,0.52121,0.033291,-0.16631,-0.12624,-0.13733,-0.12873
-0.17603,-0.082292,0.014822,0.13064,0.048043,0.36736,-0.04113,-0.19089,0.12605,-0.059912,0.062622,0.16568,0.33159,0.013237,-0.1231,0.30329,-0.0014589,-0.047912,-0.054301,-0.080985,0.08466,0.072483,0.31621,-0.22154,-0.066147,-0.16034,-0.18485,0.13586,0.20992,0.076263,-0.087672,0.0068016,-0.15871,-0.1209,-0.151,0.034615,-0.045189,0.10983,0.023203,0.22175,0.29284,0.28833,0.187,-0.12482,0.055434,-0.09398,0.65428,0.28842,0.068953,0.13187,0.07233,-0.13537,0.33251,0.61117,0.12984,0.13004,0.12695,-0.027036,0.2597,-0.1053,0.017568,-0.011879,0.28127,-0.0023935,0.36725,-0.097707,0.22203,-0.1977,0.0043579,0.22434,0.23939,0.072375,0.256,-0.18103,-0.058366,0.10779,0.089274,-0.13186,-0.22518,-0.052266,-0.035792,0.073352,-0.050725,0.1214,-0.047654,0.033532,0.15605,-0.012663,0.07799,0.15304,0.0014126,0.49124,0.28124,0.19603,0.27258,-0.098165,-0.025935,-0.14641,-0.039123,0.038292
-0.00094799,-0.019801,-0.11193,-0.16217,-0.19888,0.15188,0.050264,-0.081739,0.19572,0.22809,0.069156,-0.012764,0.23002,-0.041455,0.095972,0.37328,-0.10585,0.11606,0.37806,-0.049234,0.17778,0.33766,0.12892,-0.023066,-0.14753,0.15751,0.22954,0.046121,0.0078297,0.27288,-0.015433,-0.33199,0.057405,-0.067906,0.19188,0.16528,0.13391,-0.067989,0.068857,0.15412,-0.12558,-0.068272,-0.0091006,-0.29272,0.70305,0.064632,-0.22202,-0.079163,0.15154,-0.12773,0.19926,0.25728,-0.10743,-0.013167,0.26549,-0.11868,0.27153,0.083293,0.10425,0.18428,0.068043,0.11006,-0.15468,0.070028,-0.14469,0.21769,-0.018712,0.16499,0.31947,0.24684,0.085814,0.20177,-0.26018,-0.061092,0.41641,0.44611,0.41349,0.11815,-0.20075,0.047467,0.15761,0.22438,-0.19116,-0.048763,-0.086181,0.036896,0.053677,0.099165,0.04807,0.078801,0.13339,0.050881,-0.1005,-0.15325,0.12437,0.19731,0.29604,-0.1352,-0.003671,-0.08224
0.30815,0.25623,0.02451,0.19654,-0.080893,0.05202,0.29346,-0.11831,0.23202,-0.090591,0.071364,0.43717,0.25078,0.17722,-0.11887,-0.084018,0.41993,0.15641,0.1144,0.30844,0.036755,0.17051,0.39914,-0.1689,-0.099123,-0.062433,0.12833,-0.068074,0.13936,0.15566,-0.12168,0.10725,0.068343,0.0032498,0.020129,0.073121,0.037757,0.57452,0.054071,0.1781,0.16056,-0.090626,-0.069996,-0.21673,0.33155,-0.081547,0.36611,0.12146,0.039503,0.1554,0.17287,-0.052225,0.11395,0.37824,-0.0081591,-0.027845,0.03171,0.050791,0.15269,-0.21502,0.30121,0.23928,0.10681,0.24561,-0.00034248,0.017937,0.081902,-0.17442,0.10957,0.10645,-0.30732,0.2476,0.098625,0.076252,-0.26191,-0.084772,0.093897,-0.109,0.23179,0.24624,-0.012515,0.46627,0.04877,-0.17793,-0.29648,-0.090707,-0.25856,0.028607,0.16624,0.093313,-0.0025377,-0.012491,0.073778,0.16903,0.07239,0.30018,-0.16782,-0.078321,-0.096886,0.23783
0.10215,0.0051187,0.22715,0.10092,0.068299,-0.18131,0.21997,0.04964,0.14953,-0.1381,0.15638,-0.10099,0.30925,0.044337,0.28586,0.10901,0.058938,0.15036,-0.052398,0.24269,0.097998,0.37386,0.11189,-0.16421,0.016079,0.077844,0.37516,-0.097404,0.078,0.023561,0.10733,-0.096977,0.14019,0.040623,0.038973,-0.0978,0.093697,-0.15767,0.022016,0.13621,0.15207,0.096136,-0.19299,0.28535,0.067657,0.38862,-0.045099,0.78867,-0.13227,-0.014063,0.16687,-0.27043,0.075286,-0.0064416,0.19878,0.37363,-0.138,0.10991,0.37229,0.36125,-0.069805,0.33555,0.25941,0.054843,-0.0043355,-0.074837,-0.12309,0.15112,-0.0078441,0.070337,0.24748,0.42632,0.28795,0.071796,-0.16763,0.051146,-0.10837,0.061405,0.12566,0.29057,0.070263,-0.086091,-0.083223,-0.066766,-0.27517,0.086403,-0.013728,0.13613,-0.25273,-0.14302,0.10126,0.067842,0.30514,-0.00051361,0.34587,0.23623,-0.021895,0.34629,-0.17487,-0.019471
0.11878,-0.0055671,0.18183,-0.25288,-0.19087,-0.072459,0.58505,-0.20901,-0.19085,0.044636,-0.17785,0.35681,0.24118,0.36478,0.28813,0.47075,0.090376,-0.17705,0.31725,-0.30387,0.4967,0.090476,0.1286,0.10192,0.24844,0.4138,0.24237,-0.2023,-0.077274,0.28796,0.23958,0.36536,0.21651,0.05994,-0.049689,0.022954,-0.11323,0.28363,-0.16214,-0.0050913,-0.24473,0.061536,-0.097489,-0.093699,-0.24831,0.042251,-0.021749,0.51482,0.10359,-0.052441,-0.16185,0.16992,-0.097165,-0.068586,-0.042316,0.034003,0.10428,0.020688,-0.065671,0.039241,-0.17345,0.072262,0.042202,0.035092,0.087575,0.01387,0.029301,0.15804,0.19985,-0.24197,0.17933,0.017129,0.066776,0.07433,-0.16022,0.13149,0.067238,-0.13075,0.19477,0.11003,0.12459,0.42792,0.34151,0.17006,0.29596,-0.25297,0.19314,0.38877,0.3241,0.017566,0.22669,-0.089968,0.41254,0.27307,-0.19973,0.053369,-0.15342,0.07025,-0.014574,0.14613
0.43614,-0.084767,0.40451,0.11002,0.1744,-0.066554,-0.030496,0.16004,0.10077,0.17464,0.041241,-0.21932,-0.054515,0.08796,-0.21828,0.25596,0.045023,0.11766,0.069778,0.44488,-0.079431,0.25328,0.16162,0.1164,0.23784,0.12017,-0.01178,0.42311,0.12234,0.24935,-0.084456,-0.031886,-0.019837,-0.039625,-0.061381,-0.019401,0.012662,-0.11302,-0.0011074,-0.0056321,0.074369,0.31139,0.14185,0.028588,0.057841,0.11771,-0.087939,0.22359,0.16557,-0.060572,0.029009,0.023028,0.20294,0.49463,0.056993,-0.11391,-0.153,0.090862,0.11514,0.41777,0.033692,-0.21601,0.35061,0.1697,-0.15964,0.16718,0.11328,-0.070353,-0.17393,0.22287,0.28225,-0.029626,0.11484,0.3394,-0.11654,0.045454,0.021667,0.48506,0.012439,0.11817,0.08767,0.11204,-0.080768,-0.0067681,0.18833,0.12457,0.041775,-0.1555,-0.079472,-0.039611,0.045298,-0.14766,0.025198,-0.015268,-0.19534,0.017634,0.21482,-0.009094,0.014466,-0.084099
0.42831,0.058398,-0.10677,0.16452,-0.049079,-0.13849,0.31759,-0.15058,-0.12535,0.21292,-0.12068,0.065794,0.40529,0.27807,0.022762,0.042277,0.10379,-0.33186,0.3235,0.067701,0.29578,-0.10897,0.051004,-0.10348,0.57321,0.063403,0.40823,0.017859,0.15637,0.11765,0.16031,0.079661,0.027313,0.37919,0.21887,-0.038128,0.29685,-0.045518,-0.17283,0.28117,-0.1754,0.021177,-0.0083587,0.074474,0.25314,0.10426,0.1617,-0.11681,-0.074432,0.10078,-0.084345,0.098865,-0.004483,-0.13,0.39836,0.15317,-0.059611,0.10898,-0.22703,0.049718,0.048011,-0.1196,-0.097073,0.085224,-0.014205,0.46973,-0.030789,0.032225,-0.075748,-0.065852,0.03106,0.043769,0.31136,-0.028831,-0.13921,0.2947,-0.22945,-0.091845,-0.19292,0.37211,-0.033478,0.12762,-0.22206,0.19932,0.26674,0.12606,0.087295,-0.10396,0.077156,-0.091034,0.049413,-0.204,0.17319,0.15672,0.32327,-0.11226,0.070832,0.015462,0.1023,-0.17399
0.039111,-0.11582,0.28072,-0.036765,-0.08065,0.14266,0.18562,0.25194,-0.14986,0.16621,-0.0047127,0.12844,-0.19199,0.27295,0.045398,-0.088222,0.16641,-0.29131,0.082503,0.48213,-0.17448,0.1946,0.14651,-0.32483,-0.10448,0.44386,0.46429,-0.059446,0.21403,-0.26764,-0.15862,0.17906,0.12345,-0.11741,-0.094618,-0.090039,-0.14965,0.16119,0.072803,-0.19233,0.061871,-0.14653,0.11217,-0.15311,0.1519,0.078653,-0.070779,0.13716,0.22401,0.33241,0.60421,-0.019157,0.035121,0.00023048,-0.086227,0.2459,-0.070412,0.050653,-0.060947,0.22017,0.085774,0.16389,0.18102,0.2549,0.12634,0.048843,-0.014872,-0.35753,0.21181,0.021998,-0.15637,0.091451,-0.04712,-0.14549,-0.010008,0.025921,0.022511,0.52046,0.019753,-0.035527,0.44031,0.10038,0.42651,0.21175,0.16686,-0.051658,-0.06976,-0.16509,0.012016,-0.24754,0.076804,0.057056,0.052,-0.19577,0.13244,0.25187,0.0012701,0.08578,0.38267,0.27152
-0.019738,0.1655,0.30077,-0.11721,0.074197,0.069566,0.15399,-0.0089951,0.093309,-0.20352,0.22964,0.16523,0.042642,0.051839,0.01899,-0.21664,-0.021343,-0.072869,0.32886,-0.18382,0.017294,0.34811,-0.19866,0.22703,0.41177,-0.067595,-0.20449,-0.039997,-0.28685,-0.026533,-0.11849,0.080477,0.25844,-0.01801,0.25439,0.13196,-0.13516,-0.0648,0.61384,0.13121,-0.14385,-0.073313,0.3056,-0.069662,-0.11527,-0.07391,-0.089651,0.32675,0.32085,0.093632,-0.18581,0.086407,0.38787,-0.016976,0.30749,0.20157,0.014022,0.20511,-0.10066,0.069778,0.015558,0.54883,-0.052707,0.066283,0.15179,0.055351,0.23627,0.1866,-0.14412,0.36461,0.07063,0.10127,0.1566,0.048371,0.022161,0.048448,-0.041169,0.21924,0.037204,0.091623,0.074219,0.55907,0.13484,-0.10349,-0.011205,0.24382,0.03097,-0.030489,0.32001,0.14941,0.18403,0.14992,-0.067638,0.25521,-0.071081,-0.027868,-0.21998,0.1162,-0.29127,0.12385
0.013097,0.035758,-0.10247,-0.010826,0.028651,-0.21654,0.10152,0.56381,-0.0078252,0.10694,-0.072233,-0.17236,-0.062737,0.19929,0.15078,0.031865,0.20352,-0.011296,0.29223,-0.41303,0.28852,0.12784,-0.27861,0.13453,0.045173,0.17331,0.0088199,0.14998,0.033544,-0.22156,0.49254,0.13758,0.25259,-0.011373,0.21194,0.050995,0.12243,0.10422,0.33446,-0.010054,0.19185,0.12974,0.099866,-0.15013,-0.11241,0.14992,0.13211,-0.07624,0.21009,-0.10086,-0.019886,-0.31023,0.27993,0.19604,0.21965,0.091174,0.19103,-0.025628,0.19684,0.24253,0.24002,0.059781,-0.021763,0.27811,0.14487,0.12199,0.15729,-0.066996,0.2085,0.68959,0.15804,0.48321,-0.041006,0.014523,-0.28027,-0.23287,-0.10373,0.0023013,-0.10515,-0.072454,0.052697,0.23005,0.071295,0.32192,-0.078731,0.064686,-0.34223,0.085846,0.1781,0.14066,0.37393,-0.11161,0.13288,0.048947,0.25213,0.11813,0.081688,-0.05922,-0.048794,-0.008266
-0.20071,0.38994,-0.25367,0.12644,-0.16774,0.085985,0.42561,-0.15978,0.31155,0.16602,-0.032832,0.24533,0.040608,-0.15974,0.039355,0.1419,-0.073762,-0.081548,-0.015035,0.19142,0.055684,0.13208,0.088204,-0.035649,-0.060992,0.18202,0.066786,-0.17994,0.0013021,0.96394,0.7485,0.45868,0.14618,0.26275,0.16736,0.21148,0.26102,-0.1427,0.29819,0.40814,0.11005,-0.00013561,0.059977,-0.033137,-0.016732,0.15322,-0.060639,0.19644,0.31888,0.013062,-0.0058115,0.26471,0.030215,-0.079961,-0.017041,-0.052572,-0.026688,0.06892,-0.097661,-0.25455,0.069836,0.090116,0.48047,-0.062628,0.052669,-0.10046,0.13957,-0.02634,0.010512,-0.014035,-0.45009,0.29363,0.10192,0.4238,-0.0042469,0.015515,0.18439,0.18911,-0.14227,0.019195,0.068505,0.10028,0.14966,0.1904,-0.048759,0.098327,-0.16261,0.10652,-0.021246,0.24543,0.087876,0.2732,0.22718,0.016322,-0.03601,0.12568,0.43507,0.20127,-0.0713,-0.056564
-0.056598,-0.19357,-0.13238,-0.20707,-0.0065202,0.080739,0.0011365,0.49345,-0.025229,0.0041322,-0.092541,-0.24057,-0.045592,0.27092,0.21053,0.393,0.018943,0.44781,0.072751,0.185,0.30871,0.19942,-0.13152,0.15318,0.26275,0.18877,-0.12487,-0.061097,-0.13687,-0.016848,0.21031,0.11138,0.31503,0.309,0.46688,0.038463,0.091843,-0.062876,-0.030645,-0.0081895,0.15206,-0.18855,-0.070389,0.10759,0.31533,-0.3083,0.0007731,0.048304,-0.083572,0.34075,0.40501,0.057163,-0.016252,-0.11202,0.48162,0.26028,-0.23294,-0.17066,0.07989,0.30965,0.2518,-0.098021,-0.096215,0.027128,0.45601,-0.11296,0.12619,0.14259,0.22039,-0.0586,0.067561,-0.14576,-0.087974,0.18858,-0.042653,0.079847,0.33437,-0.035124,0.64725,0.13127,-0.090579,-0.039942,-0.10937,0.0020143,-0.090533,-0.10379,0.052103,-0.013573,0.097836,0.2922,0.34986,-0.06447,0.17539,-0.084837,-0.2042,-0.16151,-0.083623,0.08784,0.37081,0.23732
-0.17613,0.011424,0.15724,-0.1216,0.14852,0.70512,0.012355,0.016368,-0.19695,0.10222,-0.20212,0.16757,0.089649,0.16067,-0.062458,-0.062112,0.13011,-0.084717,0.080857,0.048125,0.14128,-0.1462,-0.034475,0.019346,0.016821,0.069587,0.03645,-0.2168,0.1427,0.03456,0.51334,-0.13124,0.019384,0.056965,-0.088431,0.24832,0.4698,0.13732,0.45279,0.088296,-0.13007,0.06311,0.042856,0.098073,-0.098211,0.17616,-0.015042,-0.13389,0.11791,0.22012,0.016093,0.032603,0.17142,-0.071756,-0.047405,0.47233,-0.006284,0.39546,0.40178,-0.10881,-0.072368,-0.084332,0.78787,0.068269,0.27974,0.0082069,-0.039877,-0.092356,-0.19526,0.080171,0.079145,-0.098161,-0.14915,0.22357,0.010248,-0.27712,0.067618,0.2643,0.38861,0.022034,-0.058586,0.59858,-0.041514,0.0083184,-0.014256,-0.053584,0.040679,0.10962,0.00035763,-0.1631,0.37805,-0.023605,-0.06712,-0.030413,0.073611,0.031815,-0.055458,0.22163,0.35412,-0.060778
0.46479,0.48793,0.30222,0.33952,-0.0016723,-0.073315,-0.14258,-0.17824,0.49415,0.094112,0.19194,0.15543,-0.16919,-0.033101,-0.090452,0.063094,0.10104,0.03472,0.22744,-0.15261,0.03713,-0.040356,0.30232,-0.13968,-0.1508,-0.32704,0.21202,0.34643,-0.0093316,0.13431,-0.26822,0.041487,0.16385,0.44857,0.15337,0.098757,-0.15736,-0.0081263,0.093349,0.28691,0.16149,-0.16429,0.00692,0.2691,0.041566,0.28931,0.053771,-0.18522,-0.15721,0.040686,-0.035199,0.030899,-0.17963,0.084812,0.024412,-0.089526,0.11086,0.12303,0.14352,0.34362,-0.064015,0.064025,0.40953,0.51896,-0.10691,0.24905,-0.11462,-0.0015285,-0.13939,0.061625,0.097103,0.00037989,0.017012,0.47577,-0.22537,0.24644,0.14093,0.18614,-0.13659,0.14495,0.094377,0.28019,0.11233,-0.21114,0.39847,-0.12061,0.29544,-0.23815,-0.0022303,0.078038,-0.067853,-0.32261,0.17163,-0.09817,0.088865,0.25628,0.34423,0.47669,0.35408,-0.032875
-0.16907,0.0014547,-0.084522,0.19949,0.1537,0.040836,-0.22028,-0.14487,0.1201,0.38939,0.34691,-0.01219,-0.22329,-0.23799,0.14051,-0.069917,-0.25182,0.28909,0.38063,0.4979,0.054515,-0.11869,-0.0089196,0.041057,0.49376,-0.021044,0.039832,0.044721,0.20595,0.00054537,0.018032,-0.016341,-0.19779,0.41792,0.39307,0.05169,-0.016847,0.22418,-0.17675,0.18134,0.099091,0.14686,-0.23444,-0.24854,0.14486,0.23243,-0.034931,0.08147,0.10399,0.10179,0.12682,0.015947,0.62383,0.23019,-0.11302,-0.11517,0.43718,-0.077292,-0.032121,-0.16728,0.11901,-0.040234,0.1908,0.22144,-0.12555,-0.054245,0.070357,0.16807,0.11836,0.13936,-0.036803,0.24111,0.073808,0.19638,0.13431,0.20611,0.27473,0.11163,-0.02365,0.13529,-0.21821,0.057799,0.10642,0.34321,-0.19352,0.059226,0.15465,-0.16443,-0.0075109,0.07418,0.073569,0.11123,-0.08872,0.23267,-0.026067,-0.042447,0.29452,-0.078996,0.39827,-0.007218
-0.17994,-0.047201,0.12607,-0.30645,0.08435,0.058844,-0.075726,0.13171,0.22141,0.034907,-0.022209,0.22402,-0.11576,0.18356,-0.14285,0.62974,-0.13334,0.21749,-0.1221,-0.067418,0.079287,0.27139,0.18987,0.36193,0.082535,0.13732,0.020163,0.2117,-0.046185,0.34737,0.073435,-0.0048274,0.25012,-0.18011,0.14184,-0.20242,0.10027,0.42167,0.15097,0.032978,0.089753,-0.036288,0.45509,0.070458,0.17258,0.27282,0.16306,0.22434,-0.10332,-0.21096,-0.17542,0.21477,0.11614,0.32495,-0.0019339,-0.12111,0.3544,0.22815,-0.259,0.039734,0.18805,0.047911,-0.0047261,0.012267,0.18135,0.10338,0.56571,-0.18974,-0.17352,0.19485,-0.0026966,0.20079,0.29761,0.028128,-0.079,0.23977,-0.18426,-0.087288,0.094065,0.036232,0.04995,0.11425,0.25817,0.089291,0.099514,-0.0058481,-0.20909,0.17061,0.038322,-0.15938,-0.04956,-0.018417,0.0087306,-0.077983,0.39685,-0.11961,0.48812,0.12238,0.16579,-0.10886
0.072357,0.14611,-0.062122,0.16068,0.32229,0.1517,0.13507,-0.039961,0.20215,0.43002,0.23808,0.24121,0.1353,0.065222,0.077262,0.016345,0.040288,-0.10587,0.69412,0.25811,0.19742,0.29424,-0.070546,-0.13361,-0.16144,-0.13051,-0.12984,0.10494,0.019792,-0.13447,0.054893,-0.206,0.048396,0.30718,-0.015169,-0.24426,0.20706,0.1322,-0.013703,0.0070008,0.53515,0.18571,0.036991,0.16859,0.24279,0.39847,0.092769,0.088909,0.045776,-0.15477,0.24541,0.18019,-0.11674,-0.097689,0.008436,-0.0031891,-0.13163,0.21568,-0.19728,-0.084309,0.079752,0.33662,-0.14761,-0.016234,-0.11811,0.0092179,0.19067,0.18686,0.1651,-0.26912,0.54751,-0.073104,0.46722,0.034289,-0.042998,-0.19942,0.080697,-0.042791,0.072825,0.54946,0.042963,0.032108,0.24449,0.0048512,0.03863,0.016387,-0.098252,-0.094312,0.32808,0.15027,0.24383,-0.019808,-0.090478,-0.061675,-0.15966,-0.094322,-0.011049,-0.0097979,-0.18207,0.20868
0.086143,0.14015,0.44519,0.071057,0.13615,0.079201,0.38758,0.024761,0.2349,-0.034971,-0.064166,-0.020591,-0.032412,-0.11492,-0.092969,0.077576,0.025227,0.36017,0.16656,0.63535,0.054103,0.028212,0.10295,-0.029697,0.095586,0.4894,-0.13375,0.22542,0.16832,-0.05115,0.0032176,0.37429,0.25116,0.094995,-0.12382,-0.14881,-0.11395,0.12618,-0.16094,-0.065754,0.22485,-0.048011,0.23667,0.082329,0.044008,-0.15094,-0.047002,0.028652,0.31786,0.07714,0.046122,-0.1884,-0.20163,0.10177,-0.13275,0.092111,-0.24284,-0.17912,0.28767,0.057629,-0.16712,0.090332,0.34136,0.24037,0.069494,-0.094279,0.42368,-0.18857,0.060346,-0.23993,-0.044412,0.088241,-0.22587,-0.26441,0.17077,0.013121,-0.12518,-0.12331,-0.16022,-0.11978,0.35367,0.13607,0.17055,0.05829,0.23338,0.34338,-0.19683,0.37943,0.072046,-0.026932,0.14343,-0.14649,0.04777,0.28667,0.072725,-0.13506,0.097842,0.095219,0.55365,0.10965
-0.029897,-0.12483,-0.27382,-0.011904,-0.03417,0.18419,0.055896,-0.1862,0.036635,0.15341,0.17344,-0.099186,0.23574,0.32748,-0.054434,-0.19912,0.19762,0.59233,0.063094,0.18154,0.0058102,0.24494,0.29499,0.13866,0.14108,-0.020514,0.25438,0.25908,0.50603,-0.055386,0.1095,-0.036981,-0.023651,-0.088906,0.38994,-0.011962,-0.069537,0.48152,-0.12716,0.11767,-0.077213,-0.014342,0.56367,0.017401,-0.057483,-0.099819,0.12088,-0.074825,-0.04443,-0.017001,-0.10442,0.24527,0.022581,-0.17068,-0.21967,-0.054102,0.0099584,-0.027583,-0.024906,0.27366,-0.060538,-0.093808,0.12556,-0.16244,0.21026,0.23355,0.21782,0.27685,-0.015264,-0.093271,0.072044,0.13742,0.27357,-0.069042,0.31177,0.042266,0.23567,0.33299,0.16701,0.2655,0.43725,-0.081881,0.28599,-0.009043,0.35644,-0.029963,-0.060027,-0.0033333,0.1441,0.19789,0.29348,0.025005,-0.04777,0.19659,0.14154,0.020232,0.065017,0.10619,0.025793,0.15191
0.040883,-0.024324,-0.11158,-0.048493,0.093426,-0.074132,0.2625,-0.078217,0.10455,0.37497,0.075063,-0.005575,0.56985,0.15424,0.064162,-0.12836,0.0092398,0.026136,-0.09984,0.18386,-0.018861,0.4769,-0.11599,0.36164,0.6358,-0.070973,0.30044,-0.14624,-0.15009,-0.10559,0.07009,0.055992,0.13543,-0.049667,-0.076979,0.32725,0.32476,0.049431,0.095356,0.16267,0.10422,0.067235,-0.075742,-0.3388,0.017808,0.10047,-0.074133,-0.062975,0.068047,0.35714,-0.033057,-0.089425,0.22879,0.0007265,0.11601,0.20459,0.10076,0.022407,0.38989,0.1224,0.017819,-0.17235,0.032152,0.14542,0.023844,0.19482,-0.14722,-0.072305,-0.12795,0.26886,-0.0867,0.11,0.12408,0.28529,0.026969,0.10325,0.081496,0.11944,-0.030043,0.29626,0.15419,0.087388,0.40982,-0.013207,-0.016621,-0.11551,0.03244,-0.082532,-0.26539,0.042196,0.07205,-0.15251,0.10762,-0.09735,0.12012,0.0091962,-0.010813,0.17078,0.20816,0.20941
0.55326,-0.028661,0.25442,0.33039,0.047964,0.28931,-0.066123,0.10301,-0.11291,0.32117,-0.085823,0.06661,0.023789,-0.081256,0.25941,0.070065,0.16509,-0.17076,0.16732,0.15936,-0.22157,0.35672,-0.13625,-0.029299,0.15642,-0.054786,-0.0094386,-0.19604,-0.013721,0.10724,-0.021499,0.2811,0.031858,-0.14238,0.086628,-0.13004,0.11524,0.16102,0.35809,0.12101,0.094333,-0.025173,-0.10497,0.23965,0.15308,0.18935,0.31648,0.26677,-0.19892,-0.13644,0.32566,0.15928,-0.12443,0.07565,0.28583,0.19832,0.10868,0.096852,0.32,0.21672,-0.074971,0.19022,0.22405,-0.058561,-0.17524,0.038313,-0.18185,0.29542,0.075646,-0.010927,0.020633,0.2383,-0.20431,0.34329,0.029795,0.17454,0.055657,0.34311,0.49213,-0.025117,0.16739,0.082714,0.0019758,0.00020122,0.02465,0.25627,0.047799,0.045233,0.10563,-0.042203,0.64245,0.2381,0.026898,0.18594,0.02862,0.21561,-0.031057,0.10584,0.0095401,0.0055063
0.31295,0.32596,0.33827,-0.080221,0.081557,0.20077,-0.027687,0.14904,0.081152,0.17659,-0.12459,-0.13973,0.01892,0.11382,0.12631,0.34347,0.49441,0.34365,-0.13739,-0.032131,0.2318,-0.10444,0.06468,0.0983,0.36406,-0.029648,-0.074703,-0.25999,-0.10056,0.098805,-0.11147,-0.17624,0.042515,0.29272,0.2088,0.14161,0.034869,0.32973,-0.25859,0.1842,0.03579,0.24728,0.092129,0.21215,0.21921,-0.14877,0.0079321,0.11111,-0.11663,0.010756,0.27964,-0.011747,0.22936,0.54991,0.17924,0.20398,-0.088144,-0.10094,0.10385,-0.0048136,0.18114,-0.1099,-0.025049,-0.06379,0.27234,0.12918,0.02784,-0.23213,0.048652,-0.078839,-0.0045039,0.13546,0.020716,-0.22227,-0.027138,-0.1535,0.019076,0.17861,0.045486,0.28059,0.20079,0.32764,-0.1641,-0.0057774,0.10853,0.2365,-0.23838,0.27829,0.28424,0.14544,0.091194,0.017366,-0.14384,0.16341,-0.010723,-0.016581,-0.25785,0.27005,0.21354,0.032798
-0.11094,0.033638,0.35433,0.27888,0.059309,-0.035132,0.088041,0.099855,0.15083,-0.025154,0.11607,0.23928,0.23103,0.353,0.075195,0.2811,0.55638,0.1968,-0.1896,0.27471,0.1625,-0.066703,-0.17409,0.3054,0.32631,0.17184,-0.029912,-0.22801,-0.12776,-0.094594,0.081722,0.070511,0.17082,0.59647,0.013918,0.22788,-0.054286,-0.11708,-0.18776,0.047795,0.035435,-0.10606,-0.12202,0.080323,0.10775,-0.18587,0.081292,0.17638,0.12976,-0.063284,-0.42727,-0.12507,-0.22175,0.2563,0.256,-0.081299,0.0063782,0.061716,-0.19679,-0.23815,-0.0044331,0.26391,0.027558,0.072567,-0.0093907,0.079259,0.13539,-0.1494,-0.091376,0.058989,0.27323,0.16945,0.23005,0.40454,-0.11395,0.51198,0.049592,0.39853,-0.19575,0.18934,0.29577,0.080081,0.094472,0.11056,-0.19649,0.034189,0.020579,-0.26553,0.1974,-0.022668,0.22273,0.2651,0.15534,0.4774,0.094435,0.01396,0.57421,-0.0041442,-0.019766,0.40411
-0.29466,0.037493,-0.077002,-0.023323,0.38651,-0.10954,0.054922,-0.029032,-0.16327,0.51279,-0.1373,0.3168,-0.055813,-0.07782,0.41844,0.020732,0.27379,0.57029,-0.24297,-0.25051,0.0083212,0.20434,0.1543,0.089562,0.051495,0.15486,0.12503,0.37796,0.0018898,-0.11939,-0.057218,0.074573,-0.1367,0.013655,-0.04621,-0.066935,0.007269,0.047564,-0.23914,0.17061,-0.16568,-0.0035966,-0.10229,-0.04881,0.028417,0.16727,-0.18803,0.20218,0.20772,0.12471,0.26293,-0.04096,-0.0040624,-0.13018,0.012592,0.34872,0.33451,-0.04646,0.28654,-0.31087,0.18231,0.021919,0.10493,-0.070777,-0.089281,0.0015181,0.3087,-0.16466,-0.023418,-0.070964,-0.30282,0.20278,0.43356,0.026322,0.40869,0.53131,0.10315,-0.12938,0.13411,-0.19051,0.1358,0.15321,0.15871,0.04273,0.18599,0.35581,0.21296,-0.0045009,-0.13608,-0.029516,0.29903,0.43165,0.11441,0.33353,-0.037495,0.17001,0.46746,0.088144,0.27805,-0.14705
0.24976,-0.19329,0.26379,0.27118,0.35278,0.027938,0.061072,-0.11922,0.45094,0.53592,0.19132,0.10242,0.033211,0.015009,0.22459,0.20681,0.39473,-0.0064549,-0.012614,0.19471,-0.024271,0.18109,0.087667,0.23583,-0.0073008,-0.33318,0.11914,0.31347,-0.039493,0.30872,-0.073575,0.19725,-0.046359,-0.21141,-0.067597,-0.057204,-0.16026,-0.02577,-0.20121,0.03611,-0.049089,-0.20211,0.025989,0.50234,0.034686,-0.044362,0.2425,0.036102,-0.1165,-0.07967,-0.13107,-0.23201,-0.091773,0.36787,0.23807,0.077984,0.11373,0.10605,0.01173,0.084233,-0.07963,-0.050218,0.16031,0.095049,-0.066663,-0.078117,0.088888,-0.081557,0.48774,-0.096663,-0.17891,-0.039022,0.12232,0.036369,0.23904,0.14373,0.15684,0.083944,0.18117,-0.16793,0.02149,0.16577,0.24391,0.23517,0.083551,0.31791,0.077424,0.38687,-0.12718,0.03574,0.14543,-0.084715,0.012455,-0.30342,0.055966,-0.084834,0.078644,0.1594,0.11207,0.37186
0.20754,0.12592,0.091418,0.052734,0.099737,-0.12227,0.096748,0.080281,-0.1393,-0.015224,-0.047617,0.49444,-0.13674,0.0027785,0.063673,0.13414,-0.13539,0.17413,0.25469,0.070914,0.43446,0.33456,-0.21466,0.023443,0.013744,0.18853,-0.19803,-0.024127,-0.053559,0.43376,0.071393,0.084011,-0.058265,0.28549,0.085925,-0.16618,-0.039817,0.11686,-0.12678,0.20936,-0.087741,0.082689,0.27845,-0.083024,0.07065,-0.049074,-0.1149,0.068302,-0.15767,0.082879,0.15211,0.19131,-0.027985,0.27157,0.079626,0.19183,0.012737,-0.12853,-0.062654,-0.059809,0.015663,-0.026719,0.40304,0.14618,0.077851,0.36196,0.16843,0.3261,0.29361,0.16592,0.28825,0.0030718,0.084569,0.23441,-0.079573,0.10032,0.10848,0.081481,-0.21045,0.097167,0.31761,0.18265,0.086145,-0.12153,0.14504,0.0052757,0.1774,0.20956,0.11539,-0.053557,0.10394,0.19949,0.1133,0.0078844,0.046492,0.29478,0.13158,0.12508,0.25543,0.11285
-0.074585,-0.28046,0.10682,-0.17097,0.18293,0.11614,-0.14587,-0.11051,0.22493,0.2565,0.057668,0.33205,0.13773,0.25134,0.17005,0.12015,-0.34276,0.060476,0.025245,0.0056036,-0.10269,0.45946,0.1078,0.22367,-0.065268,-0.29217,0.073482,-0.16922,0.17298,-0.0015598,0.27062,-0.11563,-0.19396,0.0065531,0.3767,-0.10932,0.034293,0.14795,0.07699,0.11347,0.24982,0.46081,0.24867,-0.040946,0.085768,0.12417,-0.11231,0.015671,-0.024251,0.3151,0.04184,0.26813,-0.15307,-0.12915,0.24935,-0.18502,0.1032,0.48817,0.18129,0.11988,-0.085427,0.52492,-0.093315,0.24463,0.27343,0.035633,-0.10072,0.18232,0.018648,-0.034091,0.22325,0.15613,0.28518,-0.39314,0.075256,0.50716,0.1907,0.16414,0.32413,0.27482,0.13097,-0.16668,0.046924,0.054096,0.026076,-0.041268,-0.10016,0.2814,0.55098,0.14723,0.07969,-0.11614,-0.020967,-0.18464,0.12845,0.33444,-0.18239,-0.06907,0.17827,-0.12576
-0.18897,0.020588,-0.22994,0.10285,0.24445,0.24533,0.068327,0.55157,0.31834,-0.15896,0.33418,0.46159,-0.089562,-0.027205,-0.21449,-0.10477,0.27937,0.35215,-0.16062,0.065755,0.44659,0.15937,-0.061302,-0.059314,0.50826,0.17013,0.014683,0.077672,-0.091882,0.0074219,0.031211,-0.040063,0.19563,0.13116,-0.13245,0.29745,-0.10593,0.23011,0.49537,-0.25119,0.34219,0.16169,0.30065,-0.1985,-0.2098,-0.01487,0.11831,-0.011,-0.17197,-0.012327,0.33958,0.55129,0.25161,-0.092245,0.31254,0.1245,-0.34901,0.2208,-0.083376,0.1857,0.11663,0.35884,-0.25386,0.50901,0.11287,-0.18985,0.020857,-0.022755,0.065261,0.091141,0.0083622,0.2274,-0.17011,0.075803,-0.13929,-0.1277,0.15238,0.041372,0.16133,0.06777,-0.06322,0.167,0.063853,-0.22998,0.27222,-0.018892,0.097372,0.31884,-0.071599,0.29785,-0.11542,0.3088,0.39616,0.40764,0.08332,-0.024866,0.0051621,0.17748,0.12645,-0.053792
0.0057393,0.43781,-0.063433,0.051373,0.17585,-0.13673,0.12121,0.46926,-0.066513,0.26811,0.14927,-0.097526,0.086863,-0.10697,-0.048213,-0.20674,0.19372,0.033648,0.020787,0.18192,0.62584,0.25964,0.25807,-0.21449,0.12269,0.14827,0.138,0.16798,0.14344,0.079242,0.061184,0.23544,0.18255,0.6075,-0.041982,-0.13471,-0.2091,0.17125,0.05508,0.044265,0.024446,-0.051552,0.29041,-0.1072,0.047828,-0.09902,0.14975,-0.10196,0.28233,0.055862,0.4317,-0.31491,-0.11451,-0.11257,-0.02267,-0.10263,0.047047,0.080895,0.26382,0.15383,-0.047293,0.10015,-0.2385,0.088852,0.049466,-0.019242,0.02413,-0.11153,0.074213,-0.14107,0.46428,0.13287,0.1937,-0.18242,0.29871,-0.069718,0.27939,-0.071913,-0.068604,-0.056626,0.37014,-0.10347,-0.081394,0.18627,-0.11904,0.13025,0.27371,-0.13917,0.10296,0.11748,-0.18715,-0.26848,-0.056262,0.16779,-0.10221,0.10017,0.39733,0.19349,-0.10811,0.34422
0.19391,0.13465,-0.29475,-0.13375,-0.22374,0.006592,-0.015624,0.19119,0.067226,-0.27442,0.0036616,0.32862,0.65379,0.29425,0.48467,-0.048985,-0.020412,-0.39221,0.44417,0.01425,0.13283,0.13444,0.162,0.17167,-0.2422,0.047502,0.61516,0.06146,-0.21178,0.01437,-0.12303,0.12463,0.187,0.01787,0.16403,0.14186,0.26968,0.30862,0.20786,0.085688,0.13953,-0.045226,0.11687,-0.28685,0.39072,0.084647,0.23173,0.7676,0.14297,-0.0098032,-0.18269,0.015052,0.041919,0.12315,-0.16864,0.14115,0.22304,0.2039,0.1666,0.089323,0.24034,0.00027885,0.2712,0.17719,0.24502,-0.19735,-0.052173,0.096592,-0.16801,-0.26075,0.27777,0.061407,0.035015,0.049236,-0.20132,-0.088445,0.10187,0.15735,-0.21342,0.0167,0.15925,0.28324,-0.067171,0.28651,0.14386,0.39381,0.39124,0.0075365,0.13931,0.58151,0.067485,-0.09391,0.17063,-0.17645,0.1152,0.28803,-0.037116,-0.0051328,0.080283,0.34257
0.09345,0.10503,-0.10008,-0.12069,-0.0044757,0.23251,-0.14087,0.36282,0.2918,0.17324,0.078862,0.11698,-0.0926,0.16863,-0.028373,0.007811,0.12168,0.081806,-0.0074067,0.41488,-0.15646,0.065195,0.16793,-0.14024,0.2394,0.079316,-0.13507,0.17856,0.26423,0.19835,-0.0050294,-0.15881,0.16647,-0.14421,0.16921,0.23754,-0.064854,0.24059,-0.058353,0.33619,0.013772,-0.048626,-0.10761,-0.060083,0.073402,-0.034286,0.02528,0.19508,0.0063767,0.21126,0.11642,0.17404,0.080352,-0.15166,0.30453,0.10741,0.19489,0.28356,0.24635,-0.25294,-0.044523,-0.04872,0.43154,-0.050725,-0.11154,0.28016,-0.063684,0.48084,0.024786,0.18882,0.35349,-0.10787,0.39704,-0.058124,0.3871,-0.17285,0.13662,0.25188,0.2711,0.17979,0.19742,0.25398,0.40111,-0.071989,0.091965,0.16207,-0.016074,-0.031292,-0.26716,0.063831,6.1618e-05,-0.060118,-0.13953,0.11883,-0.11014,0.058063,-0.1553,0.10335,0.40501,0.1516
0.1075,-0.19909,0.11197,-0.068184,-0.10254,0.065155,0.19417,0.26344,0.34928,0.050955,0.12104,-0.00042367,-0.070615,0.094658,-0.055381,-0.28882,-0.14076,0.34454,0.042467,0.021491,0.15285,-0.046104,-0.024117,0.085407,0.19298,0.14874,0.14639,-0.10787,0.28973,-0.22542,-0.02577,0.54655,0.28813,0.0017665,-0.025481,0.32934,0.11749,0.3388,0.15367,0.13255,-0.021397,-0.019536,0.10637,-0.070882,0.10345,0.072449,0.1976,0.17468,0.21416,0.010746,0.32739,0.27327,0.013436,0.43169,0.10451,-0.12473,0.10918,0.27767,0.10805,0.021585,0.14376,0.11057,0.029174,0.060181,-0.09334,0.01015,0.043362,0.40147,0.063818,0.034108,-0.093489,-0.33207,0.037142,0.078149,-0.064943,0.34042,0.21332,0.17376,-0.21038,-0.058187,-0.20833,0.16147,0.048851,0.32025,-0.076013,0.1515,0.4821,0.12154,-0.0029153,-0.019177,0.1617,0.63533,0.31084,-0.12024,0.22706,-0.14897,0.36066,0.029676,0.059739,-0.11116
0.016576,-0.044664,0.15696,0.18582,-0.096474,0.0078649,0.097265,0.1572,-0.099963,0.07405,0.037342,-0.084772,-0.011785,0.33795,-0.037535,0.21287,-0.16508,0.004376,-0.063065,0.020143,0.36373,-0.16468,-0.056901,0.21621,0.045712,0.34877,0.25043,0.065799,0.33335,0.022806,0.19992,-0.067184,0.20195,-0.22823,0.36996,0.37614,-0.27111,-0.0034581,0.12364,0.012616,0.014359,0.1483,0.23482,0.2123,0.29676,0.21904,-0.037236,0.11937,0.16949,0.17271,0.11181,0.1725,0.28761,0.28544,0.24612,0.146,-0.089502,-0.062985,0.11284,0.15546,0.18267,-0.13913,-0.055262,0.015221,-0.082225,-0.078601,-0.086406,-0.18474,-0.10755,0.013764,-0.10015,0.02525,0.32616,0.43291,0.22872,-0.0228,-0.064955,0.24338,-0.27816,0.30522,0.24199,0.039654,0.083944,0.38293,0.027313,0.019623,-0.0018019,-0.0491,-0.19485,0.10093,-0.095074,-0.18956,0.56421,0.031506,0.035932,-0.12855,0.16553,0.08461,0.10293,0.11766
-0.10724,0.055458,-0.22311,-0.044294,-0.14723,-0.016988,0.42175,0.048414,0.26102,-0.076209,-0.1113,0.069258,0.0049463,0.35349,0.32386,-0.16719,0.39905,0.28206,-0.16136,-0.33514,0.064656,0.3536,0.19786,0.12396,-0.226,0.1607,-0.13578,0.0080888,0.17384,-0.094971,0.4399,0.41007,0.17622,0.42639,0.11357,0.48798,-0.093517,0.017047,0.10114,0.1968,0.045274,0.15469,-0.13889,0.095908,0.0069931,-0.10502,0.038756,0.11074,-0.070315,-0.035744,-0.046375,-0.030266,0.14109,0.2135,-0.2002,-0.074452,-0.16209,0.37817,0.20928,0.27866,0.14035,-0.013871,-0.15706,-0.065008,-0.07214,-0.021007,0.2676,0.097229,-0.026512,0.12867,-0.17866,-0.040764,0.085724,0.033597,0.17529,-0.20885,0.024176,0.17342,-0.034044,0.59141,0.20422,-0.026695,-0.13077,-0.03308,0.15073,0.51193,0.15662,-0.18175,0.1283,0.44502,-0.15435,0.10339,0.82033,0.19355,0.087825,-0.076517,0.055377,-0.044279,0.235,0.029025
0.052194,-0.16191,0.21155,0.2362,-0.16775,-0.13283,-0.28248,0.070255,0.051667,0.20912,0.034338,0.21223,0.27367,0.1268,0.15443,-0.076059,0.51227,-0.038443,-0.024508,0.34975,0.2908,0.0053386,0.4522,0.28041,-0.19308,0.018306,0.15702,-0.046616,0.39338,0.0056334,-0.19272,-0.11011,0.46772,0.2076,0.039955,0.04947,0.0945,0.32122,-0.13684,-0.048479,0.027056,-0.064929,0.15775,-0.002522,0.17022,0.25562,0.31122,0.20358,0.011522,0.13291,-0.32145,0.052765,0.43444,0.10201,0.19694,-0.0020267,0.50196,0.63228,-0.011756,0.33352,-0.1136,0.11465,0.055425,0.53308,0.099183,-0.12891,-0.31478,-0.10758,0.3144,0.036602,0.10934,-0.13748,0.043744,-0.038574,-0.12766,0.1361,-0.042991,0.083285,-0.14969,0.054129,0.25318,-0.18841,0.1725,0.19385,-0.14787,-0.17003,-0.023079,0.29427,-0.17359,0.098945,-0.23428,0.063813,-0.058002,0.35478,0.037951,-0.12519,0.14524,-0.018138,0.13089,0.15683
0.019007,0.41735,-0.14724,0.41431,0.10419,0.04369,0.51764,-0.026301,0.31343,-0.24067,0.30477,0.069781,0.11031,-0.28168,0.076228,-0.21972,-0.28725,0.012714,0.066512,0.042225,-0.03502,0.18354,0.065549,0.048433,-0.045672,0.19465,-0.07945,0.039071,0.40697,0.058944,0.2742,-0.10892,-0.057737,7.3794e-06,-0.22103,0.37549,0.002813,0.13075,-0.10681,-0.252,-0.064028,-0.28498,0.15072,0.17402,0.24347,0.3186,0.13101,0.32923,-0.0041836,0.15757,0.18427,0.010578,0.3121,0.13485,-0.24443,0.11659,0.078212,0.03561,0.30448,0.0025792,0.087304,0.097264,0.015076,-0.0079397,-0.15448,0.42104,0.31666,-0.12213,0.080711,0.056117,0.087951,0.31838,0.57174,0.22464,0.050052,0.12729,0.035629,0.4685,0.29811,0.076241,0.049522,0.15566,0.19652,0.031789,-0.015416,-0.14398,0.35551,-0.18,-0.18123,-0.16632,-0.07091,-0.089962,0.38621,0.37033,0.1274,0.026177,0.092918,0.058278,0.18619,0.359
-0.057854,0.21797,-0.072551,0.30278,0.24645,0.070571,-0.00082062,-0.046845,0.22003,0.47798,0.14273,0.10002,-0.075759,0.05946,-0.10021,0.065434,0.31549,0.012439,0.10018,0.046657,-0.0086575,0.1331,0.057422,0.023688,0.053183,-0.082716,0.14244,0.23309,0.27222,0.17702,0.21997,-0.0057678,-0.10176,0.072838,0.53582,0.060644,-0.15591,0.41346,0.047615,-0.12851,0.4179,0.27922,-0.13092,-0.15292,0.43543,0.26553,-0.12233,-0.19286,0.028547,0.39201,-0.089171,0.038023,0.23131,-0.060072,-0.17762,0.32581,0.19243,0.32715,-0.0065471,-0.0023378,0.063745,0.13901,-0.04513,0.14196,-0.13054,0.029122,0.20199,0.020434,0.27587,0.33975,-0.025252,-0.27659,0.036312,0.33304,0.2644,-0.077135,-0.00051821,0.013789,-0.10154,-0.052724,0.017578,0.11327,0.060003,0.06432,0.14372,-0.1045,0.052341,-0.14827,0.16915,0.041335,0.1336,-0.013018,-0.30091,-0.074513,0.24035,-0.026799,0.21294,0.055788,0.27437,0.33761
0.078758,0.015849,0.18532,-0.0042544,0.23145,0.20518,-0.29267,0.034982,0.043341,-0.053049,0.028423,-0.021243,-0.15687,0.097961,-0.12755,0.35023,-0.12029,-0.0073287,0.01701,0.57509,0.043262,0.58181,0.11785,0.25907,0.020548,-0.022062,0.020186,0.25891,0.30265,0.20625,0.46515,0.083137,0.41317,0.18074,-0.10366,-0.086465,0.48355,0.068234,-0.11412,-0.21373,-0.16589,0.42657,-0.051525,-0.14943,0.024598,-0.13539,0.15605,0.092777,-0.047751,-0.29429,-0.095065,0.079634,-0.20232,0.089245,-0.09471,0.084658,0.18211,0.13252,-0.081843,-0.081792,0.1415,-0.21672,-0.14025,0.27384,0.24389,-0.013289,-0.098002,0.34296,0.087696,-0.077458,0.31156,0.0017507,-0.072378,0.1148,0.33465,0.021631,0.29356,0.22442,0.48048,0.083618,-0.13657,0.19866,0.27608,-0.24577,0.26448,0.002358,-0.016915,-0.036301,0.13169,0.48127,0.048486,-0.020999,-0.19137,0.23415,-0.066048,0.25305,0.13096,0.44015,0.46685,-0.19105
0.17393,0.10509,0.22082,-0.066904,0.17898,-0.081156,-0.17591,-0.19603,0.074739,0.34876,-0.054986,-0.009859,0.064911,0.14038,-0.044243,-0.004271,0.29468,-0.1377,0.072767,-0.13606,0.38433,0.12306,0.094263,0.04718,0.36069,0.024703,0.10419,0.16292,0.0055534,-0.049979,0.18172,-0.098306,0.17192,0.091671,0.040729,0.1426,0.2009,-0.072587,0.046171,0.25104,0.48153,-0.063065,0.16039,0.20028,0.37166,0.54431,-0.21484,0.15417,0.29707,-0.21432,-0.17871,0.053533,0.2955,-0.04,-0.18504,0.25528,-0.026831,-0.059091,0.26268,0.08332,0.27342,0.18641,0.052603,0.26196,-0.025249,0.1638,0.025707,0.013917,0.10279,-0.10202,-0.023774,0.1344,0.083211,0.13841,0.028962,-0.28103,0.084177,-0.017163,-0.24025,0.5156,-0.034572,0.14911,0.098289,0.22857,0.037107,0.098811,0.17255,-0.3346,0.16088,0.26696,0.26372,-0.033209,0.085867,-0.2507,-0.068768,0.0389,0.071002,-0.039557,0.030981,-0.033837
0.13118,0.21529,-0.15376,-0.063742,0.25741,0.031202,0.22946,-0.26212,0.18032,0.2504,0.11532,0.09606,0.19036,0.099055,0.050453,0.21517,0.59798,0.33562,0.19233,0.067761,0.29954,-0.20896,0.10695,-0.04703,0.078131,0.069304,0.23022,0.34521,0.16739,0.18761,0.0086177,-0.16573,0.25055,0.21807,-0.17787,0.16708,-0.02076,-0.088212,0.17853,0.066474,-0.074979,0.11023,-0.16717,0.23649,0.083477,-0.1144,-0.023439,0.044389,0.20023,0.021445,0.080307,0.20123,0.058024,-0.038576,0.13853,-0.13952,0.022559,-0.13219,0.24479,0.28724,0.20242,-0.065997,0.39121,0.0456,0.072158,0.14977,-0.099232,0.1798,0.061868,0.38932,0.11125,-0.058085,0.33259,0.025904,0.15781,-0.10156,0.090698,-0.21354,0.092522,-0.035235,0.14118,0.27754,0.11129,0.19232,0.32528,-0.10271,0.19392,0.041875,0.1154,0.11875,0.30862,-0.054517,0.28303,0.0041071,0.012064,-0.042736,-0.21865,0.25877,0.26731,0.074228
0.39012,0.20692,0.18342,0.20372,0.13239,-0.15149,0.54797,0.20094,-0.11671,0.24129,-0.03832,-0.069092,0.020462,0.3053,0.070136,-0.18519,-0.11338,-0.094352,0.11256,-0.12349,0.055266,0.08889,-0.011373,0.022592,0.13718,0.48189,-0.080671,0.019009,0.13393,0.23016,-0.22444,-0.058591,0.027153,0.2386,0.25838,0.43912,0.034182,-0.22733,0.22328,0.18212,-0.10721,0.1604,0.35769,-0.22419,0.079723,0.10767,0.028334,-0.031534,-0.2082,0.23615,-0.052052,0.25657,0.0022513,0.15435,0.29508,-0.088763,0.13165,-0.14422,0.41979,0.17537,0.075834,0.12877,0.15577,0.26819,0.011004,-0.18547,0.080922,0.082921,-0.14259,-0.096521,0.16845,0.14565,0.041802,0.1597,-0.16956,-0.039696,-0.02745,-0.020233,0.14429,0.19428,-0.069432,-0.042034,0.37794,0.44688,-0.011898,-0.021169,-0.15038,0.41581,-0.13346,0.023631,0.16712,-0.12469,0.18063,-0.0022074,0.016056,0.13094,0.0076183,0.10628,0.114,0.17043
0.11914,-0.021092,-0.13891,0.37609,0.40032,-0.043896,0.35276,-0.23017,-0.046987,-0.16773,-0.12675,0.075169,0.11645,0.14245,-0.06323,0.072563,-0.26197,0.26166,0.29864,0.59382,0.20147,-0.14623,-0.10337,-0.13884,0.23873,-0.17453,0.34741,0.33151,0.0235,0.15195,0.34031,0.23836,0.10431,0.74347,0.057355,0.1518,-0.037692,0.057546,0.033785,-0.13074,-0.20247,0.35516,-0.19518,-0.18984,0.29849,-0.1265,0.2706,0.15797,0.026711,0.058984,0.15394,0.14991,0.26184,0.046571,0.13471,0.53738,-0.13721,0.074206,0.38206,-0.24479,0.028938,0.21878,-0.061126,0.49098,0.17292,-0.073015,0.10652,-0.013209,-0.26848,0.070393,-0.040189,0.088685,0.22891,0.34789,0.3824,0.19218,-0.26459,0.23407,0.11865,-0.11022,0.035402,0.088576,-0.085158,0.35134,0.13244,-0.010045,0.18099,-0.14748,-0.13219,0.06228,0.098404,-0.034688,0.30286,-0.039154,-0.10008,0.30664,0.087678,-0.11754,0.31172,0.12063
0.42795,0.50117,-0.10402,-0.28043,-0.10773,-0.15859,0.51817,0.13064,0.10486,0.19464,-0.16899,0.034596,-0.22534,-0.11983,0.095245,-0.10704,0.23824,-0.17051,0.20833,0.20959,-0.22279,0.30348,0.16128,0.34964,0.23688,0.24676,0.35955,0.00043052,0.31227,-0.1948,0.38503,0.25685,0.21405,0.13168,0.057129,-0.065418,0.4271,-0.11899,0.077569,0.37609,0.25659,0.18098,0.0068858,0.46872,0.58855,-0.064493,-0.016988,-0.024546,0.052388,0.099635,0.29651,0.11258,0.062065,-0.04261,-0.062488,0.23805,-0.012477,0.051732,-0.19524,-0.053208,0.12086,0.019081,-0.044745,0.1688,0.39466,-0.025059,0.044249,-0.24208,0.17751,-0.24981,0.23272,-0.042457,-0.10218,-0.09855,0.11145,0.011227,-0.078897,0.33088,0.20167,-0.048118,-0.062851,0.081768,-0.11183,0.15257,0.043211,-0.12904,0.18484,-0.021309,0.34103,-0.25892,0.018479,-0.028995,-0.06941,0.36662,-0.011854,0.41641,-0.060867,0.2904,0.24196,-0.025911
-0.25455,-0.0011225,-0.2106,0.22906,0.0034864,-0.081012,0.10894,0.10047,0.00748,0.1851,0.036137,-0.0063321,0.17174,-0.024312,-0.079176,0.55443,-0.066797,0.33237,-0.025175,0.49492,0.24789,-0.038748,0.18166,0.0049997,0.039736,0.38024,-0.039355,0.016569,-0.094193,-0.27353,-0.018751,0.12015,-0.015853,-0.10789,0.18112,0.28892,0.11264,0.35308,-0.060489,-0.3685,0.20764,0.44856,0.13313,0.26617,-0.081014,0.23437,-0.23041,0.09571,-0.17236,0.1773,0.38636,0.087482,0.01439,0.040314,0.032545,-0.13796,0.41578,0.33543,0.11269,-0.11241,0.079913,-0.049346,0.66898,0.23046,0.15671,0.29417,-0.057764,-0.08015,0.26817,0.18033,0.18183,-0.065606,0.37069,0.17958,0.11957,-0.11355,-0.15643,0.19614,-0.077576,0.12408,0.17962,-0.14554,0.058732,0.12295,-0.011818,-0.027687,0.021894,-0.1848,-0.025228,-0.11681,-0.065275,0.34576,0.19194,0.10185,0.11746,0.21815,-0.052493,0.15651,0.043197,-0.049149
0.34759,0.13464,0.09345,0.38285,0.3916,0.08753,-0.025887,0.097921,-0.006793,-0.079473,0.078744,0.54855,-0.14168,-0.26869,0.1721,0.10825,-0.14323,0.35122,-0.070373,-0.10602,-0.0030692,0.057451,0.30481,-0.16044,0.01619,0.049399,-0.12703,0.3277,0.046454,-0.080755,0.028502,-0.28464,0.39427,0.29489,0.37989,0.18018,-0.090433,0.18038,0.08534,0.25808,0.1318,0.12588,0.097136,-0.29035,0.020053,-0.026654,-0.077325,-0.011877,0.18008,0.23715,0.062162,0.28515,-0.19952,-0.13277,0.38661,0.30336,-0.042784,-0.19291,0.20892,0.14224,-0.013085,0.27938,0.10934,-0.055295,0.21227,0.19749,-0.11658,0.33014,-0.18009,0.05187,0.088134,-0.073137,0.0084231,-0.020709,0.1005,-0.014929,0.19361,0.18479,0.30591,0.19185,0.0097856,0.13984,0.18214,-0.078684,-0.1093,0.36785,0.047342,-0.14526,0.08761,0.07182,0.10976,0.20232,0.056711,0.073845,0.056072,0.10962,0.053183,0.015838,-0.031133,0.18582
0.16291,-0.1296,0.26451,-0.057603,0.26014,0.08427,-0.12229,-0.10671,0.25713,0.083387,0.082447,0.14396,0.084026,0.16236,0.14082,0.057368,0.12241,0.29131,0.088169,0.0052844,0.22936,0.21435,0.29729,0.38941,0.098269,0.19097,0.12043,-0.035339,0.53083,0.49912,-0.28965,0.5274,-0.024137,0.26247,-0.2237,-0.0048848,0.2434,-0.039987,-0.23377,0.24198,0.37797,0.35891,0.024246,-0.059653,0.42105,-0.11741,0.062015,-0.06115,-0.065736,0.077675,-0.048722,0.037994,-0.16856,-0.1137,0.16348,-0.15638,0.38432,0.16801,-0.05583,0.10485,0.16197,0.16805,0.088014,-0.068598,0.12738,-0.0541,0.070116,-0.10601,0.046472,0.24021,0.097051,0.10171,0.19546,0.48834,-0.15524,-0.08307,0.19371,0.1158,0.46212,-0.023979,-0.1205,0.080384,0.14831,0.045847,-0.024407,0.12941,-0.075979,-0.26012,0.037013,0.086161,-0.17776,-0.16159,0.78967,-0.14944,0.041102,-0.0036071,-0.041523,0.27796,-0.19767,0.72692
0.22688,-0.12612,0.30716,-0.1059,0.11463,0.10336,0.17484,0.11789,0.51356,-0.26472,-0.063633,0.15502,0.3643,-0.13531,-0.02951,-0.20371,-0.18241,-0.023629,-0.073953,0.038358,0.019142,0.098968,-0.096277,-0.029396,-0.14445,0.033864,0.3834,0.27273,-0.078891,0.46868,0.12232,-0.090817,0.19215,0.36548,-0.061422,0.12231,0.0018014,-0.014401,0.074121,0.028867,0.26239,-0.21853,0.21714,-0.1174,0.10225,0.070605,0.37343,0.23287,0.49717,-0.14906,0.057396,-0.21405,-0.071759,-0.063802,0.16009,0.18645,0.4175,0.26596,0.035664,-0.10301,0.16929,0.38701,0.12523,0.13618,0.08685,0.45201,-0.21002,0.35623,-0.15682,0.31475,-0.089206,0.13611,-0.07323,0.099703,-0.066567,0.020417,-0.084673,0.22242,-0.15386,0.21743,0.45427,0.32066,-0.12648,0.1122,-0.010663,-0.13433,0.067982,-0.034736,-0.10749,-0.09422,0.092342,0.40283,0.063188,0.0022776,-0.079006,-0.049776,0.015786,0.18707,0.028012,0.04282
0.34239,0.3305,0.33116,-0.009117,0.099133,0.092676,0.28006,-0.062983,-0.0018865,0.44635,0.12717,-0.24067,0.077839,0.4772,-0.063469,-0.025771,-0.12116,0.17154,0.075464,0.13876,0.090794,0.463,-0.098159,0.39511,0.071867,0.35231,0.16262,0.11809,0.072455,0.014469,0.34354,0.34005,0.013078,-0.16852,-0.16154,0.21664,-0.039983,-0.19182,-0.13341,0.17669,0.17397,0.22633,-0.32666,0.13137,0.31498,-0.17145,0.35463,0.44274,-0.22013,-0.029781,0.42794,0.12789,-0.12084,0.18064,-0.025809,0.10249,-0.089729,0.17193,0.053281,0.081279,0.23865,-0.069399,0.4451,0.0002466,0.37164,-9.8317e-05,0.19506,-0.098823,0.10298,0.050689,0.15416,0.17228,-0.090295,-0.023441,0.23584,0.39496,0.081697,0.1844,-0.18055,0.0031517,-0.14355,-0.14898,0.063778,0.29508,0.21411,0.11768,-0.096517,-0.056959,0.44941,-0.043022,-0.14199,0.39255,0.039006,-0.20543,0.020813,-0.22659,0.13923,0.025421,0.23322,-0.10868
0.18746,-0.036543,0.32322,-0.15836,0.018318,-0.22324,0.3069,0.076586,0.52885,0.10278,0.1822,0.34871,-0.022611,0.036732,0.4649,-0.085556,0.1129,0.29446,0.3851,-0.033305,-0.19491,0.29407,0.1815,0.16813,0.21021,0.06139,0.15827,0.24186,0.19349,-0.082793,0.36131,0.019828,-0.020213,0.20529,-0.030058,-0.067522,0.18199,0.019675,-0.033765,-0.083612,-0.11975,0.44435,-0.059584,0.0091119,0.075015,0.12045,0.041407,-0.24566,-0.048837,-0.051741,-0.17427,0.26094,0.40423,0.075356,0.18504,-0.092052,-0.0074643,-0.0042897,-0.011481,0.51557,-0.00022927,-0.032002,-0.22304,0.087141,0.086234,0.1922,0.07996,-0.14602,0.19134,-0.31061,0.14708,0.12784,0.028732,0.25121,-0.21664,-0.10411,0.26331,-0.14294,0.078715,0.17916,0.17073,-0.062451,0.4116,0.13139,-0.057785,0.38506,0.24799,0.37313,0.3784,-0.019322,0.068375,0.15045,0.078833,-0.18979,0.26722,-0.10617,-0.025127,0.23916,0.052385,-0.064138
-0.14012,-0.036134,0.20744,-0.0091551,0.07236,0.10145,0.22819,0.084919,0.29785,0.019934,0.060928,-0.25662,0.071704,0.4127,0.097961,0.39379,-0.051226,0.049202,-0.020317,-0.14534,-0.087771,0.0088166,0.43149,-0.0017723,-0.079175,0.048195,0.13078,0.055408,-0.097052,0.22796,-0.25276,0.26715,0.085029,0.15049,0.34904,0.16864,0.18836,0.2116,0.045823,0.082045,-0.054156,0.19042,0.11334,0.60689,-0.02489,0.035595,0.0021587,0.057148,0.40131,-0.10146,-0.19014,-0.03882,0.062291,-0.099111,0.0010234,-0.032023,0.2745,0.046091,0.42327,0.012393,0.43285,0.024708,0.16775,0.029507,0.13343,0.33112,-0.025265,-0.0052154,0.31194,-0.044221,0.35849,0.32299,0.013833,0.45225,-0.12687,0.31349,0.62885,-0.0095817,0.11516,0.20284,-0.001839,-0.11768,0.31241,0.14203,-0.082851,0.055401,-0.036793,0.12962,-0.031816,0.2326,-0.030934,0.042018,-0.17174,0.41489,-0.32894,0.22024,-0.15305,0.076615,0.15583,0.071666
0.17359,0.18151,-0.17926,-0.043819,0.2728,0.19532,-0.21573,-0.15191,0.32488,0.47914,0.069425,-0.010725,0.093294,0.1086,0.066494,0.128,0.1258,0.043708,0.24471,-0.15641,0.085103,0.037493,0.08106,0.1227,0.073928,0.23803,0.005103,0.018642,0.45921,-0.23512,0.11393,0.48003,0.30012,0.20877,0.050446,0.030905,0.077478,0.047807,-0.26659,0.074697,0.2813,0.0031082,0.32136,0.4344,-0.076779,0.55789,-0.08171,0.11801,-0.03398,0.024848,-0.0063852,0.090896,-0.11559,-0.0058413,0.12554,-0.088982,0.26919,0.055,0.028535,0.17615,0.38445,0.36793,0.27798,0.16035,0.031092,-0.06304,-0.1246,-0.036001,-0.059875,0.21195,0.23693,-0.19689,-0.02846,0.35223,0.16613,0.084088,-0.16742,0.075071,-0.0087989,-0.30832,-0.0058189,-0.034446,-0.010438,0.0067782,0.07305,0.036705,0.45294,0.29716,0.066183,-4.5646e-05,-0.21699,0.11636,0.12283,0.34783,0.086719,-0.14143,-0.043611,0.15494,0.080259,0.38669
0.00037787,0.17695,-0.011723,0.18935,0.19522,0.24404,0.04616,-0.067062,-0.18375,0.24893,-0.11406,0.12228,0.22254,0.061524,-0.20262,0.36249,0.096709,-0.075144,-0.35061,0.010005,0.17851,0.12334,-0.01134,0.037697,-0.041996,0.40862,-0.099888,-0.011525,0.25867,0.36841,0.17196,-0.23983,0.019944,0.12708,-0.20001,0.58036,0.10426,-0.12822,-0.043838,-0.036671,0.15893,0.25252,0.73253,-0.13623,0.1075,0.08546,-0.12328,0.21949,-0.20278,0.33135,-0.047201,0.20407,0.057673,-0.13861,0.062726,0.57828,0.064587,-0.023527,0.25609,0.60349,-0.070656,-0.0051302,-0.027513,-0.041152,0.1145,0.48696,0.018264,0.24716,-0.16784,-0.058642,0.082399,0.37983,-0.088753,-0.17523,-0.17407,-0.14616,0.12039,0.26419,0.15061,0.2564,0.12118,0.21876,0.076927,0.11296,0.034032,0.55104,-0.23324,-0.13033,-0.0089041,0.014124,-0.23032,0.15822,0.13603,0.033441,0.3526,-0.024632,-0.0072032,-0.054742,0.053219,0.16691
0.051643,0.1813,0.092796,0.38759,-0.057531,0.29908,-0.17546,0.26589,-0.068596,0.24237,0.02508,0.048547,0.23189,0.18438,0.44491,-0.15298,-0.35901,0.12758,0.25651,-0.18512,-0.24752,0.31033,-0.021722,-0.069031,0.14377,0.19151,-0.074578,-0.22128,-0.16665,0.38161,0.11646,0.27183,0.20697,-0.099428,0.24913,0.08508,-0.11484,0.038466,0.18977,-0.14512,0.55098,0.052103,-0.22763,0.22915,0.47641,-0.13886,-0.10974,0.15925,0.18044,-0.11652,0.49273,0.051023,-0.1374,0.44894,-0.15547,0.14006,0.39312,0.25611,0.22042,-0.1262,0.23415,-0.27488,-0.0016351,-0.077444,0.19632,0.27495,0.18491,-0.19773,0.39096,0.21715,0.039795,-0.076345,0.047967,-0.10524,0.16447,-0.028609,-0.047447,0.19445,0.028631,0.13714,0.20809,0.095882,0.10352,0.067038,0.1462,-0.096641,0.054692,-0.10609,0.057249,0.26401,-0.10072,0.00881,0.32188,0.10136,0.041856,-0.0052564,0.082168,0.135,-0.10996,0.32989
0.13565,0.36558,-0.28978,0.04021,-0.11552,0.01727,-0.0037115,0.36205,0.13323,0.024135,0.30788,0.25943,0.55921,0.2007,0.10018,0.064341,0.19989,-0.31884,0.23273,0.19629,0.032997,0.14718,0.096552,0.10852,0.028831,0.12987,0.22991,0.45897,-0.18373,0.13559,0.25697,-0.18137,0.19283,0.061698,0.079855,-0.0073975,0.18777,0.24968,0.23781,0.38566,0.49537,0.46732,0.055226,0.081842,-0.17844,-0.13199,0.011711,0.046066,-0.11817,-0.036833,0.09734,0.089245,-0.071565,0.0083149,0.33629,-0.32133,-0.09462,-0.097121,0.20453,-0.087217,-0.083876,0.36123,0.15895,0.29045,0.069064,0.67695,-0.31904,0.057698,-0.035328,0.059334,-0.13801,0.36381,0.11144,0.37323,0.080054,-0.080925,0.01882,0.26355,0.10247,0.23457,0.1509,0.21551,-0.041726,-0.24044,0.18553,-0.10295,0.2585,0.2719,-0.0089581,0.048822,0.30591,0.088765,-0.086607,-0.23877,0.054394,0.23563,0.52229,-0.065785,0.1443,-0.0028958
-0.27718,-0.085216,0.27482,0.43356,-0.23352,-0.22122,0.16938,0.046991,0.36824,-0.11478,-0.0020176,-0.05618,-0.022769,0.171,-0.07253,0.057434,0.050259,-0.16448,0.035881,0.2981,0.15092,0.060648,0.26036,-0.11609,-0.14237,-0.0065226,0.20646,0.45102,-0.048789,-0.13629,0.14679,0.030099,0.22207,0.74718,-0.29227,-0.01406,0.076601,0.10082,0.013999,0.11103,-0.04547,-0.19059,0.32431,0.14585,0.2116,0.14529,-0.035393,0.086194,0.060458,-0.024212,-0.12317,0.31358,-0.20788,-0.25342,0.10286,0.021144,-0.27716,0.28677,0.19472,-0.26143,0.59261,-0.12951,0.50898,0.10827,0.23996,-0.0012482,0.011002,-0.02175,0.28051,0.02696,0.099865,0.13842,-0.10119,0.46722,-0.014061,0.28672,0.010208,0.23613,-0.20462,0.15153,0.062922,0.87384,0.11462,0.038368,0.30681,0.31844,0.40836,0.12651,-0.065035,0.065262,0.26706,-0.30748,0.080651,0.38295,0.031436,-0.12938,0.15263,0.17602,0.089263,0.25883
0.17262,0.053143,0.38838,0.17577,0.13207,0.1547,0.060366,-0.048674,-0.17148,-0.042655,-0.074696,0.18279,0.1506,0.018127,0.047298,-0.0056664,-0.049733,0.19738,0.75005,0.29601,0.43881,0.37883,0.01785,0.28545,-0.095652,0.51816,0.088317,0.084071,0.038949,0.1325,0.076497,0.12459,0.82994,-0.0036845,0.064563,0.23017,0.35148,-0.039526,0.20503,0.25842,-0.058059,0.066473,-0.052062,-0.081181,-0.061465,-0.10991,0.64152,0.17353,0.46923,0.25131,0.20247,-0.17429,-0.060383,0.11476,-0.056197,-0.25075,0.10399,0.38388,-0.26363,0.099392,0.20045,-0.11235,0.25812,-0.16092,0.31444,-0.12203,0.40196,0.41813,0.24996,-0.12183,0.12644,0.17618,0.26269,-0.052962,-0.27444,-0.1105,-0.22824,0.15675,-0.24111,0.0035059,-0.022026,0.047408,0.027518,-0.13148,-0.21842,0.23492,-0.1014,0.14589,0.13313,-0.036894,-0.029539,0.13402,-0.012879,-0.053082,0.35403,-0.11039,0.10151,0.10981,-0.0057747,-0.081357
0.40023,-0.039928,0.27608,0.21505,0.39064,0.12253,-0.20024,0.35142,-0.1172,0.24274,-0.010658,-0.080556,0.20436,0.10224,0.16065,0.16104,-0.11717,-0.063149,0.022568,0.4364,0.20855,-0.076273,0.44074,0.13984,0.20569,-0.10915,0.0011313,0.10745,0.082738,0.16354,0.02101,-0.079135,0.17164,0.030877,0.10162,0.1881,0.18229,0.083511,0.057507,0.20967,0.35239,-0.046148,0.085075,0.097596,0.060696,0.14663,0.25414,0.18511,-0.095067,0.028068,0.1976,-0.0049649,0.01844,0.065554,-0.045975,-0.1605,0.0071861,0.41006,0.1596,0.23311,-0.022807,0.12972,-0.08656,0.37048,0.16225,-0.046511,0.1552,0.14171,-0.16594,0.26057,-0.19171,-0.053687,-0.013577,0.14848,0.18422,-0.086467,0.35931,0.4222,0.1154,0.19536,0.1266,0.064947,0.045152,-0.0038178,-0.11451,-0.082295,0.29192,-0.16179,0.20546,0.017327,-0.0017954,0.099709,-0.13069,0.37213,-0.22395,0.22804,0.095818,0.21927,0.2448,-0.19535
0.36559,-0.0040238,-0.093426,0.26685,-0.044303,0.27117,0.16735,0.096601,0.39711,0.30751,0.4027,0.0043359,-0.0033018,0.17571,0.091788,-0.00092843,0.19091,-0.020376,-0.041745,0.22834,0.09209,0.22007,0.0086944,0.45571,-0.035784,-0.1897,0.20124,-0.11221,-0.0078849,-0.039298,-0.023163,-0.06217,-0.31336,0.30576,0.083839,-0.12534,0.33116,-0.11163,0.041126,-0.013985,0.069983,0.39695,-0.098597,0.13588,0.17554,0.30194,0.10066,0.22329,0.075766,-0.11045,0.36977,0.13256,-0.16496,0.045343,0.091221,0.40396,0.23669,0.010752,0.27302,-0.062398,-0.066127,-0.014172,-0.053907,0.017839,0.082702,-0.063399,-0.10366,-0.011527,0.22984,0.46077,-0.12625,-0.13415,0.031628,-0.058648,0.3613,0.0057642,0.11208,0.16082,-0.022823,0.32529,0.22159,-0.088174,-0.10104,-0.06563,0.17326,-0.20087,0.17655,-0.038569,0.32612,0.29789,0.13493,0.085184,0.056147,0.036463,-0.018247,0.0017617,-0.032242,0.13796,0.048886,0.13396
-0.045182,0.13306,0.11292,-0.30073,0.26228,-0.13291,-0.13055,-0.030426,0.048126,0.57591,-0.16418,0.18216,-0.073747,-0.35013,-0.14277,0.15132,0.1898,0.077737,0.21898,-0.32036,0.42067,0.033034,0.3044,-0.20091,0.08373,-0.062188,0.18196,0.099399,0.28432,0.049532,-0.02128,-0.11672,0.30689,-0.072355,0.16957,0.033202,0.068584,0.21207,0.12639,0.046526,0.12031,0.69269,0.0016585,-0.14141,-0.16254,0.21131,0.45624,0.22489,-0.087124,0.39895,-0.19733,-0.08699,0.034034,0.30735,0.070797,0.078022,0.45204,-0.01062,-0.1421,-0.031817,-0.10664,0.092753,0.31712,0.03787,0.09608,0.24157,-0.062034,0.035041,0.099043,0.18902,0.40638,-0.13048,0.1468,0.19966,0.031083,0.18192,0.28542,-0.10706,0.0056245,0.23489,0.29699,0.77119,0.026813,0.01753,0.25593,0.073843,0.14338,-0.29533,0.35006,-0.15641,0.085796,0.094619,-0.15358,0.157,-0.077664,0.54253,-0.35889,0.1596,-0.0041469,-0.082522
0.16466,0.3522,0.0096838,0.16882,0.085627,0.30577,-0.30228,0.55587,0.028343,0.074432,0.08744,0.19592,-0.034994,-0.15146,-0.019132,0.041296,0.15867,0.0098335,0.16987,0.10365,0.13077,0.10748,0.25702,-0.085697,0.58682,-0.065497,-0.039147,0.16043,-0.095605,-0.141,0.27326,-0.024622,0.35962,0.094159,-0.16959,0.055402,-0.067838,-0.15559,-0.090582,-0.047881,0.3052,0.097351,0.24304,0.19056,0.26584,-0.076548,0.034469,0.19691,0.0063276,0.17103,0.488,-0.2121,-0.27395,0.38584,0.32772,-0.1308,0.088579,-0.096763,-0.10503,0.0052919,0.44701,-0.066596,-0.072596,0.21534,-0.0092303,0.00084146,0.017439,0.19236,0.33409,0.42954,0.035631,-0.10456,0.084275,-0.12767,0.16677,0.074373,0.098455,-0.23136,0.32545,0.054368,0.2969,-0.24442,0.29096,-0.15465,0.047241,0.26022,-0.085823,-0.054089,-0.065529,-0.052252,0.16126,0.20202,0.34348,0.38475,0.40322,0.17861,0.30842,0.62764,0.28777,0.30334
0.014322,-0.011854,-0.12546,0.37393,-0.26114,-0.16126,0.26573,-0.084756,0.49632,0.0016057,0.16326,0.083028,-0.17238,0.30182,0.24737,0.11538,-0.14081,0.0015877,-0.11023,0.34293,0.22672,0.21791,-0.095985,0.37799,0.095463,0.080961,0.076846,0.08706,-0.014712,-0.067165,-0.057234,-0.13985,0.14763,0.59702,0.07956,-0.0061735,0.26264,0.29986,-0.16935,0.022627,0.41591,0.27805,0.11767,0.34236,0.10305,0.21735,-0.2115,-0.14093,-0.03628,0.015632,0.08594,0.068981,-0.12295,-0.15225,0.02206,0.015202,0.077357,-0.12436,0.34044,0.016745,0.071617,-0.19502,-0.22611,0.15537,0.30972,0.16674,-0.22952,0.13278,0.27654,0.65194,-0.047172,0.010583,0.61563,0.33213,0.16276,0.086034,0.0059238,0.22831,0.4508,0.03818,0.19493,0.034862,-0.17794,-0.12504,0.1249,0.043808,0.36557,0.21781,0.19842,-0.054339,0.073395,0.32246,0.37687,0.11717,0.15665,0.013318,0.079061,-0.16989,0.2162,-0.22241
0.11772,0.26803,0.12133,-0.11867,0.16816,-0.1104,0.043427,0.29869,-0.17515,-0.072188,0.18524,-0.11018,0.42064,-0.05488,-0.021443,0.28749,0.023186,0.050749,-0.11699,0.15856,-0.087942,-0.085192,0.042129,-0.082314,0.13938,0.0097879,0.022233,0.16854,0.081483,0.31052,0.13837,0.050024,-0.011567,0.047256,0.10337,0.35141,0.055983,-0.088096,-0.00091201,-0.32345,0.34518,0.39002,-0.010321,-0.020987,-0.0087732,0.36849,-0.16742,0.45076,0.24626,0.36807,0.28617,0.39994,-0.057131,0.14645,-0.022436,0.22707,-0.21806,0.03623,0.39661,0.27458,-0.09675,0.044683,0.51395,-0.04399,0.47885,0.046258,0.1999,0.1234,0.097815,0.041537,-0.22172,-0.2207,0.061788,0.047172,-0.011405,0.060069,0.0367,0.43016,0.19139,0.067739,-0.07022,0.20328,-0.076903,-0.028411,-0.15984,0.11554,-0.11714,0.21407,-0.2031,-0.07796,0.201,0.17388,0.10848,0.36238,0.26998,0.23426,-0.25171,0.15682,-0.051128,0.17836
-0.068186,0.31284,0.048994,0.49965,0.14502,0.02479,0.18654,-0.14336,0.03041,0.083652,0.067518,0.096108,0.20958,0.041997,0.49572,0.2056,-0.040024,0.14673,0.29925,0.11657,-0.12278,-0.073722,0.30993,0.28502,0.17457,0.074013,0.29124,-0.16463,0.32719,-0.18735,-0.046424,0.11136,0.19498,0.11538,0.32781,-0.12504,0.16298,-0.19068,-0.19656,0.17447,0.60898,0.019536,0.24127,0.37572,0.39118,-0.12405,0.21556,-0.014524,-0.098099,0.1023,0.013882,0.13789,0.35923,-0.0058186,-0.13398,0.28202,-0.074452,-0.24247,0.18786,0.45326,-0.084095,-0.0012613,0.14135,0.21724,0.28037,0.10195,-0.051747,0.11297,-0.22167,-0.030193,0.042735,-0.012067,0.057865,0.06799,-0.032666,-0.12547,0.25213,0.0031783,0.019215,0.16696,0.057136,-0.065362,0.0096825,0.38212,0.45096,0.3745,0.53651,0.16106,0.10516,0.12629,-0.089743,-0.25083,0.3028,0.19025,0.018932,-0.045959,0.024753,0.048747,-0.010046,0.086263
0.054339,-0.080025,-0.022559,-0.14393,0.30601,-0.0054649,0.34391,-0.23113,0.20419,0.28947,0.085515,0.19805,-0.049737,0.11049,-0.082337,0.221,0.14531,0.1072,-0.1921,0.37102,0.060821,0.089513,-0.10681,0.19131,0.086034,0.26608,0.041964,0.004327,0.12743,0.26426,0.053904,0.29357,0.090289,-0.30699,0.26992,0.48407,0.18064,0.1046,-0.002227,0.04539,-0.27367,0.19034,0.2593,0.33106,0.27948,-0.10287,0.20649,0.026535,0.025164,0.42837,0.091453,0.11847,0.20368,0.016312,-0.16628,0.31428,-0.094086,0.2777,-0.25587,0.29234,0.11717,-0.026425,0.19858,-0.074984,-0.053594,-0.092282,0.020305,0.011936,0.30945,0.098705,0.26384,0.14311,0.14951,0.011126,-0.072864,-0.14889,0.29817,-0.034159,0.19986,0.2842,-0.17109,-0.11352,0.0082538,-0.076536,0.46649,0.20506,-0.10996,0.097782,-0.0099566,0.076749,0.29081,-0.015712,0.099268,-0.0078177,0.1646,0.64582,0.10966,-0.016248,-0.23844,0.041028
0.22294,-0.040176,0.13722,0.37461,-0.014197,0.037128,-0.10538,0.17968,0.042953,-0.12039,0.25066,0.14437,0.68393,0.33178,0.14262,0.37618,0.18001,-0.02265,-0.24758,0.038143,0.26586,0.050927,-0.036363,-0.11719,0.27853,0.0098084,0.025887,-0.019964,0.0087007,0.040015,-0.027673,0.0016021,0.055567,-0.085734,-0.14439,0.32576,0.55879,0.030324,0.17772,-0.06579,0.20119,0.46627,-0.10597,-0.12586,0.13321,0.082324,0.015353,0.16217,0.018772,0.089881,0.092818,0.053056,0.070191,-0.030161,0.14545,-0.071299,0.1698,0.15006,0.049102,0.15483,0.035302,-0.24449,0.2595,0.30393,-0.051015,0.30152,-0.033113,0.04537,-0.025864,0.13775,-0.00048045,0.15855,0.074845,-0.05271,0.085441,-0.12754,-0.011464,0.19409,-0.046711,0.47297,-0.11674,0.070601,0.41308,0.096269,0.21165,0.2192,0.24243,0.2738,0.034815,-0.11263,0.36691,0.12774,-0.053159,0.15328,-0.050313,0.028042,-0.04674,-0.15095,-0.11645,0.16809
-0.13469,-0.094414,0.06856,-0.00069148,0.20612,0.071693,0.33483,0.23493,0.045201,0.19768,0.011096,0.21644,0.065617,-0.14958,0.12185,0.26656,0.077607,0.45278,-0.10855,-0.054556,0.064839,0.16231,-0.045575,0.037639,0.12836,0.16328,-0.046081,0.27119,0.28034,-0.24096,0.25438,0.020386,0.13258,-0.22021,0.063755,-0.13906,0.13042,0.22035,-0.069176,0.18148,0.48658,0.12136,0.37797,0.29621,-0.071456,-0.19111,0.08789,-0.086763,-0.16735,0.02169,0.12883,0.15692,0.10595,0.019607,0.075108,0.10631,-0.017622,0.50888,0.22187,-0.0279,-0.23662,-0.055832,-0.09577,0.017719,0.3519,-0.044889,0.054446,0.034804,-0.065319,0.031962,0.31227,0.19071,0.072309,0.15819,0.12539,0.040918,0.022832,0.32549,0.39588,0.1021,0.63423,0.26043,-0.00068199,0.15708,-0.15375,0.022427,-0.10885,0.15011,0.33667,0.12819,-0.062569,0.054286,0.27626,0.26621,-0.14166,0.1501,0.074813,0.33569,0.41098,0.23638
0.38263,-0.26264,0.13259,-0.011235,0.21766,0.010977,0.55405,0.086224,0.25915,0.15717,-0.151,0.19862,0.13189,-0.10001,0.043523,0.0047531,-0.13815,0.23021,-0.087385,-0.075192,0.35806,-0.25809,0.23576,0.10454,0.050074,0.34155,0.13111,-0.088116,0.3362,0.28595,0.24666,0.3659,0.094746,-0.13106,0.40756,0.14853,0.21692,-0.14419,-0.065776,0.17131,-0.082584,0.076498,0.41085,-0.0078332,0.12011,-0.0080972,-0.1865,0.012213,-0.043021,0.64055,0.30253,0.31616,0.11466,-0.083945,0.30138,0.46394,0.33068,-0.084081,0.10651,0.03798,0.32206,0.21626,-0.078279,-0.2107,0.11195,0.013661,-0.12322,0.10925,0.19005,0.20813,0.24814,0.34272,0.0019316,0.24266,-0.18963,0.10276,0.18411,0.18986,-0.1394,0.23971,0.12579,-0.14395,-0.29525,-0.012715,-0.055005,-0.05674,0.55919,0.18684,-0.061582,0.00081905,-0.033657,0.19706,0.07281,0.045098,-0.073746,0.31514,0.0019449,-0.075918,0.18876,0.1882
-0.11487,-0.089393,0.30466,0.29484,0.15557,0.072546,0.10902,-0.20394,-0.0017817,0.35241,0.13338,-0.11791,0.24264,0.02851,0.031059,0.39992,0.08254,-0.06733,0.21043,-0.055521,-0.17427,0.16635,0.041637,0.14369,0.54045,-0.073604,0.075277,0.098108,0.2488,0.22659,0.22153,0.099387,0.48609,0.22202,-0.20416,0.065826,0.38147,0.051712,0.032077,-0.11094,-0.018843,0.21689,-0.1212,-0.03952,0.38659,-0.14783,-0.0059243,0.15832,0.17548,-0.031086,-0.035254,-0.084528,0.29149,0.50519,0.017997,0.24094,0.17265,-0.014672,0.32775,-0.20974,0.082914,0.069749,0.073939,-0.059511,0.50199,-0.13196,-0.015322,0.0009199,0.1745,0.16717,0.3208,0.034418,0.23674,0.12888,-0.037916,-0.048978,0.16502,0.19442,0.019785,-0.043059,0.029251,0.041991,0.17076,0.28155,-0.036832,0.31109,0.31355,0.25829,0.0047687,0.24,0.17803,0.298,0.15942,-0.0091188,0.035309,0.16159,0.04792,0.11907,0.066449,0.036261
0.092386,-0.13536,0.15488,0.18585,0.077714,-0.066481,-0.11555,0.077407,0.096739,-0.15196,-0.088208,0.045361,0.050126,0.15061,0.050484,-0.050309,-0.29436,0.030497,0.065072,0.24556,0.10466,0.45889,0.22901,0.12823,0.24836,-0.12747,0.18973,0.20837,-0.16731,0.31412,0.22402,0.45131,-0.098017,-0.067058,-0.15751,0.24837,0.2232,-0.035538,0.17031,0.03848,0.29051,0.35898,0.13586,0.26011,0.14244,0.29462,0.32896,0.056993,0.031335,-0.0059086,0.51719,0.44049,-0.045378,0.13288,-0.14878,0.32861,-0.02445,0.16173,-0.33832,0.21119,0.33307,0.20389,-0.27273,0.54866,0.26363,0.25373,0.51042,-0.10807,-0.043428,0.30901,0.040155,-0.1954,0.28674,0.052299,-0.11962,-0.17463,0.021828,0.088147,0.089543,-0.013343,0.014575,-0.0078357,0.15868,0.2128,0.49274,0.056345,0.020352,0.34902,0.045646,0.16263,0.020171,0.15228,0.19107,0.21235,-0.1071,-0.018116,0.14979,0.028496,-0.083778,-0.041374
0.012707,0.3701,-0.16967,0.31587,0.32483,0.22503,0.4537,-0.05511,0.068608,-0.22365,0.14136,0.1445,0.271,0.45625,0.12391,0.33589,0.086784,0.054085,-0.086387,0.24899,0.21557,-0.0018265,0.11078,0.45392,0.31857,-0.025218,-0.010455,0.14144,0.414,0.090669,0.22979,0.39798,0.25834,0.21871,0.26388,0.11613,-0.0031068,-0.037578,0.019133,0.098229,0.27581,0.065412,-0.034075,-0.082832,0.25423,-0.12293,0.33366,0.003676,-0.018362,0.18611,0.014469,0.035853,0.11912,0.044837,0.1029,0.247,-0.0015442,-0.060537,0.0048268,0.12096,-0.15412,0.10405,-0.084355,0.084927,-0.049897,0.17789,0.050834,-0.048677,0.086105,0.17481,-0.088816,-0.0080585,0.25185,-0.0048194,0.21935,0.30512,0.19432,-0.10626,0.26901,0.12665,-0.12809,0.090161,-0.087177,0.0042007,0.87152,0.15519,0.30661,0.052844,-0.08973,-0.090054,0.13018,-0.065659,0.034871,-0.04448,0.11182,0.23474,0.065954,-0.089303,0.76748,-0.17937
-0.16914,-0.17186,-0.23278,0.15756,0.21172,0.15117,0.72572,-0.12016,-0.13277,-0.22966,-0.033597,0.3722,-0.015305,0.20377,0.15193,0.053507,0.14176,-0.099404,0.1046,-0.21908,-0.0014066,0.084848,0.22557,0.33407,0.13738,0.389,0.22568,0.19988,0.21106,-0.028466,0.014234,-0.16922,0.5874,-0.12551,-0.12371,0.22868,-0.094182,0.1036,0.10029,-0.0088189,0.031678,0.034526,0.048426,-0.002171,-0.17255,0.088971,0.30376,0.26692,0.082408,0.3842,-0.031891,0.26911,0.22888,0.11384,0.044105,-0.014379,0.29416,0.28092,-0.081952,0.42923,-0.17663,0.30497,0.25478,0.021516,0.61521,-0.12134,-0.12007,-0.14568,0.20823,0.085224,0.16803,0.53884,0.25945,-0.16018,0.15052,0.09227,-0.019242,0.064918,-0.038798,-0.034565,0.036244,0.059635,0.10093,0.30466,0.34675,-0.20741,0.087385,0.062634,-0.035855,0.33026,0.23825,0.23732,0.1959,0.22185,0.0090033,0.2789,-0.063654,0.073307,0.16141,-0.0072366
0.0044697,0.16147,0.33153,0.28549,0.19578,-0.001127,-0.1578,0.19628,0.17274,0.073928,0.030479,0.046834,-0.13975,-0.11512,-0.047042,-0.15102,0.20712,-0.017768,-0.16366,0.30426,-0.21341,-0.040611,0.19579,0.076731,-0.045339,0.10631,0.43184,0.10881,0.018037,0.017889,0.1177,0.11154,0.32668,-0.047227,0.17596,0.13017,0.55324,-0.065657,0.31331,0.34079,0.10237,0.27944,0.064851,0.33168,-0.19665,0.16444,-0.070534,0.062722,-0.073956,-0.0087761,0.080761,0.12341,-0.021669,0.24016,0.1852,0.21396,-0.10417,-0.0088111,0.22311,-0.0081001,0.02022,0.079655,0.26498,-0.030398,-0.059278,0.54336,0.21125,-0.1681,0.28467,0.48141,0.25792,0.2513,0.10482,0.19873,0.19778,0.10648,0.28148,-0.15647,-0.058595,0.11816,0.36657,0.0673,0.089121,-0.027103,0.048837,0.34115,-0.047407,0.57226,0.11977,0.23177,0.052107,0.17456,0.17028,-0.22835,-0.14887,0.024423,0.19997,0.074487,-0.14617,0.17067
0.26429,0.24701,0.21027,0.21208,0.046939,-0.12756,-0.051687,-0.098388,0.0090804,0.32846,-0.025941,-0.11234,0.46669,0.031049,0.53074,0.60473,0.044339,-0.089599,0.05419,0.049645,0.44398,-0.051037,0.0026421,-0.15062,0.0077406,0.24312,0.10838,0.018346,0.45284,-0.27322,0.24629,0.48538,0.32908,-0.024479,0.057013,0.24457,0.1637,-0.14731,-0.18492,0.67779,0.21163,-0.15433,0.11412,-0.10682,-0.017051,0.11225,0.18804,0.01167,-0.33533,-0.10843,0.32329,0.22659,-0.12496,0.48902,-0.0073233,0.18769,0.067489,0.13243,0.40774,-0.19179,-0.15477,-0.28204,-0.16727,0.27841,0.12656,0.14228,0.16575,-0.045433,0.41191,-0.043453,0.06667,-0.041365,0.04528,0.33129,-0.0026723,0.047818,0.051828,0.16779,1.0041,-0.0033498,0.13783,-0.0084833,-0.13595,0.18951,0.15366,-0.021771,-0.0033432,-0.024696,0.17982,0.25055,0.2346,-0.037005,0.66204,-0.20072,-0.0938,0.059603,-0.072338,0.030691,0.44437,0.0058631
0.21449,0.25689,-0.21012,0.47404,-0.14727,-0.14618,-0.02998,-0.11911,0.048525,-0.090479,-0.10929,-0.23675,0.5164,-0.04856,0.38317,0.22663,-0.17623,0.0019992,0.082419,-0.35244,0.10081,-0.13012,-0.02351,0.15147,0.34721,-0.039297,-0.071958,0.3353,0.10704,0.045964,0.21777,0.46183,0.37133,0.16808,-0.022434,0.2251,0.42727,0.27806,0.014392,0.30016,0.37155,0.068251,0.076297,0.20584,0.093129,-0.14679,0.33589,0.30372,-0.012462,0.055201,0.030895,-0.23433,0.042932,0.087017,-0.18124,0.43849,0.024804,0.31514,-0.027553,-0.031793,0.1449,0.15473,0.28817,-0.13362,0.20613,-0.032415,0.090289,0.36091,0.041174,0.046827,-0.17595,0.37818,0.056135,0.25323,0.040852,0.60054,0.052652,0.1096,0.28038,0.44331,-0.040188,0.090602,0.038153,0.3944,-0.10896,0.57508,-0.06677,0.030543,0.14771,0.071642,-0.055729,-0.076968,-0.065711,0.16851,0.012926,-0.14957,0.15506,0.082254,0.2184,-0.05705
0.25985,0.10052,0.14179,0.24802,0.0081957,-0.22874,0.11068,0.23109,-0.068084,0.17366,0.23504,0.17328,0.080852,0.40154,-0.083057,0.18132,0.061948,-0.047221,0.068312,-0.1721,0.080623,-0.023278,-0.097448,0.18769,0.28049,-0.26434,0.032005,0.10919,0.19029,0.30037,0.057647,-0.22804,0.32623,0.49403,0.60662,0.047934,0.14878,0.36302,0.057564,0.071736,-0.13596,0.21568,0.10598,0.21812,0.17451,0.15612,-0.16036,0.13838,0.38635,-0.0040992,0.35703,-0.049855,-0.12828,0.34523,0.06628,0.70131,-0.012597,0.059052,0.13192,0.091582,0.089805,0.18131,0.18051,0.20043,0.36149,-0.039966,0.25725,-0.22631,0.17596,0.19181,0.002436,0.34129,-0.12241,0.11417,0.091276,0.2078,-0.046398,0.17876,0.35576,0.23239,-0.27074,0.11354,0.22735,0.1604,0.14268,-0.010007,-0.083299,-0.034503,0.37342,0.084387,0.50574,0.048203,0.16308,-0.030829,0.21703,0.089948,0.065317,-0.035064,0.16479,-0.14388
0.42119,0.017199,-0.085048,-0.022611,0.22515,0.060467,0.4336,0.048146,-0.054872,0.16219,0.18041,0.064229,-0.13934,0.30948,0.044768,-0.07846,-0.0001546,-0.18093,-0.056828,0.10933,0.13933,0.093285,-0.25082,-0.17775,0.59633,0.3897,0.26066,-0.15875,0.6045,0.07972,-0.068814,-0.06506,0.40199,-0.10905,-0.026932,0.11882,-0.28775,0.15494,0.058085,-0.15487,-0.17238,-0.066683,-0.12176,0.21896,0.085015,0.14608,0.052221,0.03499,0.37039,0.074842,0.17885,0.13478,-0.047896,-0.10133,0.18468,0.13241,0.36818,0.2338,0.63033,0.59335,0.10502,0.075253,0.14597,-0.28407,-0.028143,0.4132,0.19242,-0.078006,0.13752,0.036547,0.16274,0.14755,0.26543,0.3203,0.095821,0.37394,0.50961,-0.024841,-0.094155,0.19196,0.040543,0.1186,0.43042,-0.014635,0.15846,0.37407,0.25329,-0.16074,0.067341,-0.18213,0.12425,0.44981,0.12833,0.10661,-0.22026,0.259,-0.13733,-0.18773,0.071404,0.063485
0.15656,-0.042292,-0.070423,-0.0325,0.088779,0.18705,-0.086774,0.22395,-0.018814,0.7068,0.36164,-0.0068711,0.039375,0.072738,0.37534,0.5628,-0.032549,-0.077025,0.0032214,0.055081,0.29327,0.15511,0.25107,0.25781,0.22048,0.31627,0.12617,-0.27335,-0.088015,0.41343,0.38135,0.029206,-0.11597,0.33651,0.11477,0.088826,-0.040902,-0.10766,0.20599,0.17002,0.2293,0.116,-0.032173,0.16715,0.49602,0.12563,0.064056,0.047565,-0.0077028,0.13587,0.078224,-0.22843,0.031098,0.00021844,-0.097501,0.1792,-0.022348,-0.016848,0.01573,0.22571,0.39389,-0.078414,0.31532,-0.29293,0.13323,-0.034587,0.10365,-0.21639,0.17601,-0.10034,-0.030873,0.17745,0.10663,0.19232,0.096708,0.15706,-0.043283,-0.11025,-0.030733,0.11596,-0.065985,0.017702,-0.3016,0.19063,0.28792,-0.055273,0.14505,-0.055771,0.58275,0.21137,-0.078724,0.75921,0.12822,0.30574,0.060797,0.05257,0.085112,0.092906,-0.07128,-0.11637
0.030581,0.22748,0.59195,0.26953,0.40371,0.22139,0.05077,0.012978,0.17362,0.26292,-0.0021834,0.047156,0.368,0.47348,0.078026,0.017911,-0.092403,0.20085,-0.089694,0.15479,-0.16016,0.099965,0.22722,-0.09778,0.036683,0.015729,0.18356,0.29666,0.14239,-0.22026,-0.091085,0.35202,-0.070733,0.55351,0.23403,-0.066304,-0.018613,0.19356,0.15395,0.15488,0.15293,0.071348,-0.14585,0.045802,0.23453,0.063602,0.12969,0.012383,0.20978,0.81251,-0.075436,-0.20807,0.065321,0.26033,-0.032941,-0.23648,0.36828,0.31086,-0.069317,0.056911,0.2758,0.40677,0.14326,0.047146,-0.034238,0.17467,0.45439,0.22179,-0.024056,-0.087967,0.26048,0.1021,0.19232,0.0071491,0.20823,-0.10245,0.039399,0.17278,-0.081619,-0.010499,0.12843,0.27503,-0.094034,0.29659,0.2162,0.068669,0.0035375,-0.25412,0.16538,-0.04089,0.38536,-0.2472,0.54156,0.075858,0.14975,-0.075404,-0.13447,0.16557,-0.29096,0.38681
0.20065,0.081608,0.35662,0.30963,-0.056255,-0.20517,0.25507,-0.033826,0.025006,0.28425,0.13941,-0.083131,0.40243,-0.087955,-0.036762,0.023993,0.2087,0.080315,-0.13402,0.10383,0.5326,-0.24108,0.25063,-0.069157,-0.27474,-0.11514,-0.020059,0.10065,0.53422,0.33536,0.58925,-0.01925,-0.017111,-0.26759,0.10318,0.17689,0.021147,0.054536,-0.11313,-0.090734,0.26984,0.23999,0.021456,0.1951,0.21176,-0.18523,0.26133,0.23416,0.33648,-0.081509,0.00013726,0.36892,-0.083598,-0.12168,0.353,0.6062,0.071733,0.06865,0.32501,-0.026364,0.061974,0.42561,0.12859,0.20995,0.056337,0.30989,0.065082,-0.15323,-0.055701,0.026448,0.7701,0.49728,-0.22668,0.37826,0.055234,0.38423,0.13162,0.16311,0.059452,0.52261,-0.11144,0.067795,0.10668,0.19997,0.21421,-0.19101,0.27626,-0.19408,0.00048284,0.15759,0.034426,0.27248,0.12203,0.30902,-0.078557,-0.16337,0.10493,0.42047,0.073892,-0.16015
-0.081067,-0.13613,-0.21645,-0.0010533,0.2769,0.075949,-0.10901,0.37119,0.11149,0.16035,0.035793,0.13442,0.21861,0.42933,0.5117,-0.071528,0.053584,0.15445,-0.25258,-0.16617,0.43749,0.027704,0.12711,0.38453,0.039576,0.047145,0.16408,-0.055462,0.47872,0.023689,0.23611,-0.10652,0.43729,0.2204,0.16926,0.058203,0.17494,-0.075137,-0.028628,0.54121,0.41869,0.22575,-0.049499,-0.14513,0.15575,-0.047704,0.12237,0.19167,0.34943,0.14538,0.29223,0.36858,-0.1672,0.16392,0.20376,0.02983,0.17643,0.12915,0.26735,0.18406,-0.1687,0.047736,0.25528,-0.07566,-0.04431,0.19918,0.032338,-0.21473,-0.023298,0.22517,-0.045978,0.33659,0.36748,0.30257,0.048828,-0.054892,0.03347,0.19251,0.14489,-0.010115,-0.10531,0.25721,0.153,0.34002,0.079049,0.27429,0.1353,-0.028762,0.17652,-0.16057,0.098811,-0.04185,0.53477,0.2525,0.10357,0.23879,0.021382,0.14571,-0.12677,0.17212
-0.16481,0.49405,0.24713,0.29476,0.05449,0.052565,0.61939,0.19507,-0.086784,0.57571,0.045339,-0.096263,-0.1851,-0.10129,-0.08654,-0.28739,-0.18319,-0.021527,0.073561,0.12292,-0.097052,0.33694,0.19357,0.045829,0.57611,-0.10014,0.0073702,0.018165,0.77272,0.22008,0.062865,-0.076729,0.011517,0.11085,-0.25983,0.53068,0.061776,0.33753,0.22958,-0.21727,0.018583,0.3557,0.023714,-0.015905,0.084145,0.5604,0.41723,0.14293,0.19242,0.19022,0.1085,0.094573,-0.067009,0.078587,-0.011108,0.98673,0.19958,0.16823,-0.13149,0.26524,0.044482,-0.067897,-0.0054304,-0.24297,0.28409,-0.024806,0.11265,-0.062065,0.40211,0.3335,-0.13413,0.25511,0.074952,-0.11643,-0.077845,0.045596,0.26281,-0.12197,0.093289,0.14744,0.096993,0.41962,-0.018164,0.12981,-0.021866,-0.0053079,0.14274,-0.052405,0.052356,-0.023168,-0.050692,-0.19609,0.16998,0.19976,-0.0043607,0.27754,-0.0060303,0.3605,0.18844,0.19662
-0.17716,0.019951,-0.041832,0.11691,-0.019535,-0.28468,0.4146,0.20567,0.083914,-0.24251,0.16579,0.38334,0.44145,0.2991,0.49079,0.17868,0.18022,-0.059737,0.14825,-0.019793,-0.11664,-0.067885,0.44797,0.088774,0.3072,0.30519,0.20458,-0.093172,0.11233,0.1559,0.1489,0.015127,-0.16525,-0.14731,-0.012263,0.52819,-0.019485,-0.1499,0.052076,-0.068843,0.12516,0.30672,0.09604,0.65179,0.1051,0.50282,0.38703,0.039502,0.28188,0.028191,0.32403,0.50648,0.028534,-0.06216,0.25333,0.44879,0.026508,-0.076005,0.41876,-0.021553,0.072719,0.33226,0.26298,0.035442,0.30134,0.011839,-0.082806,-0.28564,0.12905,0.025922,-0.0053865,0.52482,-0.010517,-0.22002,-0.091768,0.15889,0.29493,0.075128,-0.032322,0.033849,-0.3853,0.58994,0.010356,-0.093908,-0.038293,0.26565,-0.068861,0.11327,0.032604,-0.03621,-0.13891,0.33608,0.32787,-0.094957,0.14227,0.10643,0.082969,0.45823,0.82451,-0.0094906
0.13439,0.53841,0.28345,0.31537,0.20375,0.28204,-0.047071,0.17686,0.56251,0.28592,-0.073669,0.051782,-0.14404,0.14562,0.19655,0.2009,-0.082227,0.071416,-0.060302,0.11679,0.16262,0.19609,0.14721,0.26279,-0.010896,0.18187,-0.0083969,0.26228,0.15661,-0.15304,0.18319,-0.095349,0.077381,0.40846,-0.12236,0.15373,0.29806,0.062996,0.29997,0.04225,0.26521,0.3731,0.18457,-0.17491,-0.060962,0.18106,0.20827,0.10736,0.48766,0.29341,-0.1649,0.48559,0.30172,-0.12127,0.2921,0.13687,0.51496,0.067602,0.22404,0.36771,0.45647,-0.037517,-0.10466,0.16431,-0.071539,-0.15622,0.26306,0.15793,0.12786,0.095792,0.059106,0.017973,-0.32867,0.19084,0.18501,-0.080174,0.023076,0.37145,0.42025,0.031534,0.35058,-0.015586,0.096948,0.21978,0.030618,0.071524,-0.24674,0.30223,0.11152,0.22286,0.13664,-0.099113,-0.074026,0.14599,0.22706,-0.07734,0.27269,-0.13029,-0.045701,-0.012747
0.13666,-0.0528,0.31894,-0.063944,-0.040504,0.52425,0.24236,0.27684,0.6827,0.24271,0.13409,0.17121,0.0037208,0.18529,-0.093529,-0.088917,0.033902,0.04551,-0.056843,0.071977,0.091053,0.2987,0.25315,0.23887,0.042341,0.40421,0.082714,-0.11129,0.45624,0.94808,0.056622,0.0092497,0.47524,0.2609,0.063658,0.36493,-0.034918,-0.079735,-0.082665,0.28375,0.052765,0.18906,0.06507,0.23249,-0.0034549,0.15079,0.2561,0.34178,0.28994,0.10334,0.047528,0.050691,0.041054,0.25969,-0.13569,0.02001,0.10279,0.083352,-0.011749,0.57318,0.032447,-0.038156,0.20075,0.1121,0.087082,0.40734,0.22673,0.029671,0.18767,0.2329,0.17672,-0.061278,0.36848,0.50217,-0.18277,-0.10011,0.21681,0.49959,0.23975,-0.033656,0.019053,0.52158,-0.0010453,0.099171,0.17775,0.13987,-0.22839,0.2528,0.03415,0.24173,0.096618,0.29818,-0.11222,-0.20947,0.35175,0.12661,0.15396,0.18302,0.31165,0.34629
