-0.057517,-0.065782,0.091059,0.072218,-0.034847,0.077393,-0.12632,0.15268,-0.15336,-0.018158,-0.080346,-0.37806,-0.18669,0.2244,-0.17424,0.02433,-0.043761,-0.063518,-0.031102,-0.0098114,0.017237,0.32564,0.18515,0.24383,-0.19444,0.12124,0.079386,0.22274,0.16759,0.11568,0.062401,0.21028,0.19441,0.11352,0.020816,0.080874,-0.057031,-0.15489,0.12197,-0.21351,-0.10747,-0.084254,0.045376,-0.0082408,0.065843,-0.0026584,-0.40543,-0.078083,-0.021244,0.19749,-0.17821,-0.073859,0.052784,0.049302,0.34044,-0.24226,-0.21601,-0.057533,0.12276,-0.25895,-0.11306,0.029954,-0.021956,0.22047,0.12621,-0.035415,0.099608,-0.07181,0.062116,-0.088687,0.012495,0.0040982,-0.13517,0.22147,-0.10232,0.19538,-0.25014,0.026092,0.017073,-0.26232,0.014409,0.16173,-0.096895,0.18908,0.15985,-0.24228,0.070759,-0.083415,-0.22181,0.036508,-0.18299,0.25975,0.22052,-0.00017471,0.31149,-0.057003,-0.14268,-0.26003,-0.17323,0.0020312
-0.061359,-0.17248,-0.12321,-0.16821,-0.40134,0.11844,0.22533,0.11987,0.12363,0.01836,0.013429,0.93561,0.20148,-0.034492,0.1382,0.13991,0.077321,-0.2552,-0.15233,-0.14569,0.060565,0.18506,0.15551,0.24488,0.098055,-0.10072,-0.17429,0.17611,0.19854,-0.26762,-0.16659,0.0057014,-0.31981,-0.00046686,0.24716,-0.27488,0.17275,-0.30308,-0.28959,0.22358,-0.092858,0.24591,0.27243,0.25919,0.11696,-0.14672,-0.049534,-0.10978,0.16129,0.099766,0.17376,-0.18116,-0.066524,-0.17134,-0.029515,-0.0079464,0.20432,-0.027143,0.15776,-0.16331,0.076313,0.19347,-0.10039,-0.12811,0.020425,-0.01682,-0.24003,0.38577,0.33823,-0.27058,-0.1027,0.46964,-0.021227,0.042436,-0.19236,-0.049063,0.2298,-0.11859,-0.28704,-0.007369,-0.05331,-0.15255,0.095229,0.23666,0.41389,0.025348,0.16535,-0.18854,-0.091039,-0.13556,-0.15249,0.24665,-0.15778,-0.24338,0.29318,-0.2287,-0.22375,0.12161,0.2145,0.056039
-0.26131,0.072258,-0.20294,-0.071435,0.43952,-0.093271,-0.16702,0.16279,0.20873,-0.35128,0.091032,-0.17129,0.26514,0.099883,0.069362,0.035663,-0.14827,-0.24855,0.24261,0.10774,-0.11111,-0.16085,0.031605,-0.1939,-0.01316,0.040368,0.0468,0.025025,-0.046978,-0.092915,0.20314,0.053548,-0.18918,-0.043294,-0.14075,0.15832,-0.055414,0.17005,0.43256,0.34701,0.088695,-0.050982,-0.053179,-0.021258,-0.090593,-0.010723,0.78031,-0.015825,-0.16003,-0.08864,-0.089602,0.075847,0.021073,0.25505,0.041074,0.26756,-0.0094065,0.099928,-0.3349,0.095438,-0.10511,0.23645,0.24776,-0.012035,0.059795,-0.14369,0.022455,-0.13481,0.0775,-0.18041,-0.17762,0.16275,-0.029395,-0.0096074,0.15938,-0.075018,0.072528,0.082186,-0.19114,-0.12851,0.031501,-0.15761,-0.0039967,0.035543,0.23059,-0.1074,-0.078847,-0.052454,-0.31356,0.028185,-0.36075,0.24687,-0.061959,0.25683,0.39455,-0.063988,0.025915,-0.14436,0.043334,-0.24616
-0.053963,-0.11707,-0.11132,0.14852,0.018082,-0.021397,-0.14811,0.45846,0.25548,0.28747,0.2047,-0.13567,-0.04597,0.25711,0.027824,0.1863,0.12871,-0.22869,-0.075609,0.092762,-0.033302,0.30232,-0.44889,0.33392,0.072209,0.10675,0.060945,0.0096811,-0.0035604,-0.025252,0.31439,0.03265,0.10862,-0.10067,0.0070105,0.036663,-0.33059,0.15075,0.23213,0.096284,0.15333,-0.10041,-0.098478,-0.22883,0.052804,-0.12989,-0.035687,-0.27507,0.07275,-0.24134,0.13495,-0.11936,-0.092357,0.3413,-0.072454,-0.063614,-0.3394,0.47287,-0.048101,0.017955,0.18462,0.20402,-0.029354,0.1082,-0.14342,-0.36513,0.30614,0.086815,0.53469,-0.09063,0.022511,0.14009,-0.18815,-0.020196,-0.0069066,0.075609,-0.068614,-0.041847,0.24039,0.11706,0.24115,-0.19018,0.10933,0.15907,0.11919,-0.012181,-0.34642,-0.14534,0.12724,-0.12177,0.1675,-0.083,-0.1964,0.29965,0.010495,0.29556,0.027192,0.062061,-0.18237,-0.36457
-0.18239,0.07451,-0.058121,-0.090124,-0.17867,0.021758,-0.05891,0.17851,0.27954,0.10746,0.061907,0.27364,-0.16452,0.018121,-0.091131,0.42562,0.17587,-0.25595,0.12134,-0.29417,-0.015411,-0.38653,0.024288,0.32605,-0.047169,-0.013731,-0.1084,-0.11569,-0.0016966,0.045212,-0.29571,-0.035865,0.06549,0.07117,0.12204,0.00067403,0.25769,0.011677,0.4868,-0.109,0.041718,-0.069613,-0.1132,0.23744,-0.1788,0.20877,0.19809,0.10165,-0.187,0.016429,-0.11326,0.50363,-0.29216,0.28841,0.24561,0.17612,0.21707,-0.47029,0.3424,0.25469,-0.26955,-0.19586,-0.29049,-0.065465,-0.20106,0.2672,0.12503,-0.028192,0.34228,-0.060274,0.3786,-0.083995,0.030584,0.28532,0.091737,-0.23239,-0.13221,0.24625,-0.080632,0.0082482,0.16203,0.19418,-0.13773,-0.24088,0.10504,0.14853,0.10391,0.0034552,0.17163,0.28237,-0.2615,-0.30865,-0.24418,-0.23785,-0.16706,-0.057852,0.25563,-0.18777,0.20983,-0.31798
0.32541,0.30592,-0.30802,-0.001481,-0.027305,0.30114,0.077403,-0.093715,0.55047,-0.068158,-0.13194,-0.16369,-0.077049,-0.22918,-0.019844,-0.010151,0.11129,0.21184,-0.082811,-0.32026,0.29504,-0.092292,-0.025875,-0.1832,-0.17086,-0.12167,0.10521,0.051049,0.022137,-0.016413,0.097707,-0.053009,8.62e-05,0.46876,-0.048111,-0.080887,0.41321,0.021748,0.18382,0.0031042,0.32425,-0.23578,-0.24683,-0.022704,0.066588,0.070977,-0.067068,-0.094251,-0.029346,-0.13208,0.056094,-0.12485,-0.11825,-0.16448,-0.030815,0.10689,-0.062456,-0.00047375,-0.163,0.31343,0.28078,-0.097311,0.26271,-0.3011,-0.024283,0.01584,0.027271,-0.0131,0.18856,0.05175,-0.23761,-0.2298,0.039513,0.028415,0.18817,-0.06488,0.22333,0.20604,0.16609,0.26595,-0.0060588,-0.035325,0.039813,0.21636,-0.024046,-0.036996,0.13203,0.18318,-0.23537,0.29261,-0.10185,0.15895,0.12555,0.15243,-0.038195,-0.074558,0.094608,0.078301,0.027402,-0.057065
0.025056,0.010828,0.12087,-0.16216,0.22747,0.19439,0.13742,0.27976,0.30031,0.37348,-0.10501,0.3401,-0.25901,0.097346,0.18566,0.15197,0.043591,0.29908,0.053418,-0.18478,0.048185,-0.10232,0.23714,0.40284,0.033851,-0.097849,-0.039043,0.033518,0.078624,0.073827,0.24385,0.019336,0.03178,-0.16295,0.31084,0.10593,0.013847,-0.014341,0.30197,0.052063,0.22401,0.098907,-0.15657,0.064307,-0.010369,0.11911,0.0092615,0.027979,-0.028135,0.076777,-0.10847,0.082894,0.18303,0.089504,-0.086074,-0.24633,0.070046,-0.29406,0.56261,0.36861,0.030437,-0.22178,-0.043255,-0.0013662,-0.19685,0.076531,0.20832,-0.022958,0.29591,0.27228,0.1765,-0.11403,-0.28492,-0.13167,-0.0035595,0.18427,-0.0065894,-0.28278,0.0015998,0.0051939,-0.038269,-0.032338,0.11725,0.076672,0.11228,-0.04067,0.20597,-0.047686,0.18221,-0.073623,-0.05458,-0.10366,-0.18387,-0.13227,0.11389,-0.032051,0.085099,-0.24115,-0.16789,-0.25942
-0.13892,-0.057883,-0.054447,0.20031,-0.071084,0.2486,0.24092,0.19396,0.12688,-0.13031,-0.021537,0.19043,0.15185,0.18308,-0.18605,-0.20421,-0.22921,-0.041156,-0.022935,0.27377,0.86441,0.02367,-0.078497,-0.068131,0.30221,-0.16204,0.25405,-0.22241,0.11151,-0.16734,0.011658,-0.086165,0.23435,-0.0757,0.023593,-0.21002,0.012974,-0.0026303,-0.20225,0.087287,-0.032682,-0.14984,0.5046,0.17681,-0.1148,-0.031678,-0.23695,-0.23697,-0.19046,-0.15883,0.30802,0.23766,0.026731,0.13168,-0.079393,0.14306,0.013824,-0.18507,0.64156,-0.25804,-0.30942,0.30049,0.39857,-0.3576,0.25606,-0.021818,-0.15272,-0.10213,0.14686,0.15701,0.20619,-0.045355,0.049768,0.053526,-0.16892,-0.076207,-0.17759,0.25081,-0.17916,0.19918,0.098372,0.069259,0.19551,-0.23051,0.16891,0.017019,-0.05638,0.30726,0.1326,-0.18754,0.062956,-0.01889,-0.26786,-0.076898,0.039565,-0.066309,0.15135,0.18446,0.12029,0.12584
-0.21008,0.27332,-0.043408,0.11258,-0.14545,-0.057231,-0.089732,0.014399,0.098828,-0.057473,0.27089,-0.16518,-0.11574,0.0559,-0.015981,0.15909,0.13774,-0.20409,0.050754,0.34676,0.30885,0.14916,-0.12056,-0.079414,-0.037619,0.064946,0.11532,-0.13292,-0.24823,0.020559,0.15935,0.069719,-0.14511,0.12761,-0.092912,-0.12375,-0.05363,0.31594,0.26207,-0.057972,0.30338,-0.13638,-0.018308,-0.12869,0.0051976,0.3779,0.049811,-0.38817,0.058636,0.1415,0.35556,-0.18826,-0.058963,-0.014099,-0.26342,0.17881,0.1539,-0.091989,0.020952,0.14514,-0.19188,-0.070294,0.11215,-0.063744,-0.067067,-0.092121,-0.028321,0.15719,0.060486,0.0011903,-0.071675,-0.057297,-0.050307,0.13581,-0.092417,0.88936,0.61242,-0.034085,-0.084393,-0.02666,-0.23284,0.20522,-0.05561,-0.0099192,-0.017163,-0.029074,-0.22414,-0.27273,-0.1198,0.14415,0.095925,0.068867,-0.10468,-0.048522,0.010662,0.22425,-0.23111,-0.11512,0.040202,0.08317
-0.03926,-0.13973,-0.1741,0.33301,-0.26172,0.089739,0.15773,0.40625,-0.20108,-0.060181,-0.17634,0.075779,0.073568,0.11036,-0.038198,-0.090257,-0.0057385,-0.068759,-0.11317,-0.13236,-0.10149,0.094622,-0.1481,-0.026803,0.08769,-0.028229,0.068647,0.064857,-0.094013,-0.25976,0.2611,0.02851,0.081404,-0.082666,-0.07012,0.34544,0.0082536,-0.19686,-0.084939,-0.23625,-0.046964,0.12482,-0.16413,0.25675,0.216,-0.36356,0.12308,-0.05746,-0.021974,0.14868,-0.053545,-0.016121,-0.062452,0.26292,0.38203,-0.058027,-0.053759,0.196,0.21058,-0.16441,0.33345,-0.072898,-0.30278,0.24045,0.44624,-0.032143,-0.35487,0.15206,0.05859,-0.1987,0.1022,0.2336,0.19955,0.0090165,0.22032,0.17344,-0.29821,-0.014323,0.075593,0.16386,0.14769,0.12194,0.093411,-0.10834,0.12009,-0.2207,0.11425,0.056676,0.12592,-0.033097,-0.067228,0.31848,-0.049542,-0.30457,0.4132,-0.093558,0.0051682,0.14409,0.37685,0.049773
-0.016045,-0.13455,0.071529,-0.021217,0.21244,0.006814,-0.024957,-0.11016,0.014942,-0.26371,0.17827,0.2645,-0.14056,0.10782,0.15845,-0.14665,0.042123,0.15422,0.02471,0.071324,0.040488,0.13381,0.014054,0.42821,0.30913,0.030932,-0.10453,-0.00083569,-0.090732,-0.16265,0.18407,-0.10945,-0.080701,-0.025855,-0.0063067,-0.19705,0.19259,-0.19243,0.084009,-0.1274,-0.14132,-0.033931,0.028527,0.1385,0.12214,-0.0028051,-0.1103,-0.13738,0.25696,0.26578,0.10747,-0.028524,0.13847,0.057125,-0.019212,-0.2796,-0.12085,-0.038097,-0.37518,-0.041206,0.19249,-0.092156,0.46959,-0.15317,-0.091216,0.018711,0.12057,-0.28856,-0.11354,0.015025,0.036552,-0.0022216,-0.07953,0.36738,0.012489,-0.12148,0.0023795,0.050972,-0.068286,-0.17385,0.13242,0.091206,-0.096032,0.0036866,0.25866,0.23037,-0.1603,-0.023198,0.22256,-0.1234,0.020997,-0.020901,0.029714,-0.2864,0.24314,-0.072843,0.23408,-0.26091,0.16343,0.27994
0.081535,0.1304,-0.16214,0.2281,-0.11478,-0.080161,0.24668,-0.24695,-0.27723,0.063732,-0.14348,0.04478,-0.069157,0.073075,-0.055549,0.14474,-0.0067979,0.058293,0.024189,0.061069,-0.12015,0.074088,0.28868,0.13855,0.22428,0.078781,0.031486,0.12558,-0.0097855,0.19658,-0.22119,0.10065,-0.20952,0.11288,-0.0063257,-0.0078595,0.030339,0.027518,0.1619,-0.12105,-0.046782,0.061501,0.12425,0.30715,-0.023691,0.0378,-0.0046624,-0.014217,0.1824,-0.30296,0.18458,0.55747,0.30639,0.14494,0.095337,-0.23975,-0.073917,-0.13354,0.38446,-0.053829,0.016696,-0.10135,0.2113,0.058361,0.17994,-0.069953,0.019366,0.029991,-0.28481,-0.036372,-0.33709,0.0065493,-0.14206,0.021913,-0.070703,0.047133,0.23051,-0.15483,0.14681,0.069114,0.22667,-0.27045,-0.054067,-0.13837,0.026212,0.0089723,0.11721,0.028799,0.064271,-0.09042,0.086027,-0.092387,0.18662,0.15279,0.36031,0.15207,0.18735,0.10445,-0.068146,0.23325
0.059083,-0.19184,-0.27119,0.32381,-0.40919,0.29102,-0.24455,0.28802,0.1987,0.036899,0.050828,0.18078,-0.068441,-0.22979,-0.0051876,0.020376,-0.21755,-0.12226,0.21382,-0.1411,0.2854,-0.14588,-0.11478,-0.072085,0.15323,-0.060037,-0.11288,-0.021645,0.027601,0.22232,0.44103,-0.053546,-0.12159,0.2631,0.24934,-0.16184,0.28635,0.11853,-0.090499,0.25464,0.443,0.16148,-0.074623,-0.0006138,0.37371,0.06616,-0.057125,-0.054168,0.12321,-0.01951,0.12659,-0.02282,-0.04644,-0.25709,-0.017046,0.15631,0.15173,-0.062107,-0.019947,0.32012,0.12228,0.090403,0.33407,0.060877,0.19044,0.21605,-0.37438,0.034253,-0.013721,-0.022775,0.0081631,0.055431,-0.14244,0.17997,-0.0098634,0.23539,0.17703,-0.029061,0.031703,0.031595,-0.05176,-0.037111,0.10128,-0.19832,0.14037,0.14594,-0.020881,0.22118,-0.16014,0.14357,0.071847,-0.35351,0.12376,-0.12123,-0.068717,-0.23101,-0.036693,-0.065034,0.13384,0.0064872
-0.14864,-0.04516,0.45052,0.2393,0.11061,-0.073641,0.12597,0.11332,0.010208,-0.091155,0.11072,-0.19698,0.015562,0.029093,0.21937,0.08849,0.54206,0.24724,-0.087726,-0.043529,-0.30011,0.17844,0.49241,0.46308,0.027526,-0.37286,0.065217,-0.12452,0.18268,-0.077195,-0.15537,-0.15976,-0.19159,-0.025339,-0.29834,-0.11066,-0.055348,0.25099,-0.17581,0.27313,0.056715,-0.18164,0.046779,0.47545,0.26398,-0.18128,0.40281,-0.029458,-0.11408,0.080569,-0.0090763,0.083734,-0.17394,-0.20193,0.010436,-0.092681,0.20866,-0.03621,-0.16166,-0.13667,-0.10192,-0.1034,0.46279,-0.17325,-0.049691,0.13322,0.35503,0.3321,-0.068492,0.061739,0.033696,0.050368,0.34049,-0.066391,-0.37256,0.041185,0.28211,0.11894,-0.12932,0.16324,-0.1059,0.17727,-0.00014089,-0.10972,0.30705,-0.046026,-0.22731,-0.39427,0.15374,-0.20799,0.12429,0.10191,0.26109,0.10817,0.26092,-0.17464,0.2737,-0.14509,0.07728,0.25917
0.061221,0.41605,0.56622,0.45524,-0.16484,-0.040518,0.21221,0.027414,0.45387,0.096769,-0.05723,0.18943,0.34855,-0.21453,-0.16251,0.20314,0.28357,-0.11484,-0.26696,-0.27871,0.38611,0.15464,0.14941,-0.2116,0.14704,-0.050789,0.22229,0.25356,-0.0047788,0.033715,-0.21233,0.13534,-0.087268,-0.1397,-0.13719,0.18297,0.29494,0.16771,-0.19711,0.13513,0.22853,-0.03055,-0.053027,-0.2127,-0.33823,-0.070807,0.076213,-0.15609,0.273,-0.1613,0.11855,-0.2695,-0.26646,-0.12779,0.42875,-0.29851,0.045847,-0.36186,-0.020886,0.14262,0.052644,0.65248,0.18311,-0.14742,0.25517,0.098324,0.020251,0.16229,0.086452,0.098977,-0.25744,0.12577,-0.14738,0.088327,-0.16681,-0.1534,0.12793,-0.077336,0.23292,0.26148,-0.025762,0.15705,0.55738,-0.087084,0.091386,-0.073292,-0.014816,0.38311,-0.057191,-0.2171,0.23487,0.63544,-0.077838,-0.10341,-0.27194,0.27694,-0.016345,0.041897,0.11172,-0.054355
0.18056,-0.12424,-0.2093,-0.010457,0.16997,0.10137,0.29329,-0.1613,0.24841,0.66811,-0.21622,-0.1088,0.3287,-0.091633,0.2329,-0.16781,-0.23162,-0.27,0.019618,-0.30282,0.091836,-0.15404,0.49976,0.10932,0.21276,0.14155,0.30644,0.45474,-0.10392,0.39545,0.18871,-0.074456,-0.023451,-0.23419,0.10134,0.29784,-0.23554,0.53207,0.31011,0.14285,0.14817,0.056777,0.10492,0.22663,0.37803,0.056015,0.33096,-0.04191,0.041745,-0.088262,0.23479,-0.09192,-0.037495,-0.078927,0.045009,0.36673,0.058429,-0.10138,-0.03459,0.28719,0.019905,0.15051,0.18748,-0.15061,0.11164,-0.20942,-0.082836,-0.0050987,0.019495,-0.018245,-0.047354,0.082976,-0.09897,0.032408,0.23565,-0.063466,0.24024,-0.04806,0.6103,0.15811,0.069706,-0.026495,0.29141,0.031932,0.18331,-0.05176,-0.1139,0.24218,0.083312,0.040068,-0.1605,-0.15002,0.071106,-0.086846,0.36503,0.092085,-0.10133,-0.15365,-0.015661,-0.17109
0.035095,-0.16019,-0.079789,0.38552,-0.041459,0.21584,-0.038641,-0.21004,0.099432,-0.072347,0.027271,0.26295,0.33057,-0.15817,0.071617,0.27155,0.16716,-0.093435,-0.18167,-0.089649,0.043495,-0.05665,0.16162,-0.1965,-0.1947,-0.19286,-0.12319,0.025707,0.13283,0.11029,-0.0035679,-0.18392,-0.27828,-0.20009,-0.10184,-0.052901,-0.11086,0.095272,0.047812,0.23191,0.057325,0.1415,-0.024537,-0.12847,-0.039029,-0.22908,0.71477,0.17017,0.0056311,0.1881,0.023231,-0.083382,0.26927,0.47397,0.20157,0.06276,0.034826,-0.12679,0.12015,-0.22446,-0.046791,0.088578,0.15577,0.0969,0.37944,-0.1436,0.20595,-0.29494,-0.12395,0.17166,0.078858,-0.096286,0.03329,-0.24795,0.099313,0.24056,0.20272,-0.19313,-0.21467,-0.10557,-0.013647,-0.047307,-0.14897,0.013133,-0.068568,0.071878,0.16741,-0.082221,0.16108,0.0074342,-0.080765,0.43572,0.18378,0.069369,0.27887,-0.064749,-0.043659,0.10891,-0.12522,0.087099
-0.039131,-0.051392,-0.10899,-0.34776,-0.085594,0.15574,-0.066343,-0.029808,0.21394,0.16397,0.13629,0.055028,0.09092,0.16477,-0.0080312,0.4729,-0.2176,0.02705,0.22275,-0.070911,0.31609,0.18415,0.16239,0.083911,-0.060997,0.193,0.36206,0.20927,-0.028804,0.13186,0.011469,-0.27724,0.12096,0.074586,0.090172,0.17049,0.030046,-0.061951,0.26271,0.044563,-0.12866,-0.10427,0.20625,-0.19018,0.53658,0.093246,-0.36457,-0.018743,0.07556,-0.065534,-0.144,0.24563,-0.094795,-0.025466,0.42406,-0.23836,0.23644,0.20592,0.18324,0.13007,-0.05352,-0.051534,-0.27574,0.013357,-0.24753,0.14175,-0.11463,0.45729,0.40355,0.16473,0.20708,0.24129,-0.13209,-0.07095,0.18037,0.30714,0.26152,0.14135,-0.14347,0.026314,0.030599,0.039039,-0.26734,0.060524,0.029882,-0.10945,0.060723,-0.075315,-0.032352,-0.0085496,0.060593,0.019251,-0.16354,-0.21341,0.12722,0.18905,0.10462,-0.14237,-0.081234,-0.18651
0.099809,0.31817,0.017186,0.15918,-0.053014,-0.036055,0.26105,-0.030676,0.46557,-0.18021,-0.0075492,0.37107,0.30135,0.28475,-0.19512,-0.13872,0.24003,0.07003,0.19979,0.21407,0.056327,-0.064064,0.16172,-0.13016,-0.17205,-0.089365,0.05056,0.035262,0.057263,0.089384,-0.04866,0.21785,0.088932,0.024918,0.032102,-0.14916,0.097317,0.34513,0.16371,0.26915,0.061555,-0.049135,-0.13429,-0.35211,0.33725,0.052901,0.43415,0.041234,0.051041,0.12685,-0.012791,-0.16666,-0.043299,0.26041,0.20107,-0.10687,0.08703,0.017233,0.24127,-0.32741,0.23771,0.16445,-0.048977,0.080939,-0.16913,0.1427,-0.1197,0.022119,0.097983,-0.13173,-0.36038,0.087466,0.22774,-0.092804,-0.22461,-0.18517,0.10665,-0.027264,0.44112,0.21788,-0.15345,0.27838,0.048107,-0.058433,-0.3891,-0.27115,-0.06594,0.10716,0.087418,0.10548,-0.14818,-0.029155,0.15459,0.04846,-0.11292,0.37609,-0.10438,-0.048791,-0.11174,0.33542
0.012498,-0.12514,0.10272,0.021986,0.14661,-0.13395,0.09717,0.04875,0.017732,-0.01888,0.044675,-0.063874,0.25809,-0.023563,0.32685,-0.029666,-0.044097,0.22264,-0.014582,0.075697,0.2319,0.38055,-0.030542,-0.05603,-0.14561,0.19093,0.26339,0.033577,-0.036576,0.069477,0.14968,-0.097922,-0.055387,-0.0696,0.010048,-0.11476,-0.053762,-0.14499,0.08609,0.0062208,0.16374,0.029451,-0.21807,0.26678,-0.024822,0.33993,-0.14225,0.80114,-0.10575,-0.039283,0.1144,-0.24141,0.023957,-0.098722,0.3743,0.10195,-0.11267,0.056891,0.19154,0.22168,-0.054124,0.3934,0.016013,-0.062483,-0.16366,-0.078649,-0.088622,0.10156,0.1859,-0.10817,-0.0079958,0.42928,0.18391,-0.00048072,-0.16324,0.14584,0.082544,0.21688,0.11898,0.28229,-0.0025899,-0.14995,-0.089885,-0.18584,-0.19984,-0.10129,0.11977,-0.040847,-0.24727,-0.20389,0.24496,-0.11097,0.25551,-0.080914,0.23339,0.085949,0.028979,0.22725,-0.27844,-0.070861
0.37476,-0.14392,0.095462,-0.23576,-0.21544,-0.092678,0.52751,-0.27398,-0.18473,-0.005934,-0.055211,0.17436,0.002545,0.2072,0.21971,0.48679,0.098649,-0.19023,0.40627,-0.35238,0.24379,0.12314,0.022843,0.14051,0.31668,0.26568,0.13465,-0.32525,-0.032608,0.26941,-0.021731,0.15849,0.069477,-0.043136,-0.012801,-0.025121,-0.030072,0.24011,-0.025304,-0.08856,-0.39865,-0.022089,-0.19057,0.18385,-0.11656,0.031427,-0.10986,0.37647,0.12262,0.21727,0.0099922,0.32956,0.032936,0.13337,-0.12351,-0.044527,0.25986,-0.11439,-0.13927,0.1178,-0.19169,-0.11497,-0.19176,-0.022506,0.091459,-0.032406,0.14452,0.14324,0.24546,-0.24183,0.18048,0.14939,0.072112,0.032799,-0.21102,0.19633,0.15092,-0.20453,0.30507,0.034421,0.15497,0.16645,0.57104,0.18059,0.37641,-0.25409,0.18965,0.24491,0.25613,-0.052286,0.19741,0.093224,0.58603,0.17411,-0.15486,-0.094747,-0.068439,-0.066562,-0.02612,0.056279
0.11211,-0.20302,0.10712,-0.012951,-0.084086,-0.063757,0.045755,-0.11288,0.069482,0.18245,-0.021928,-0.15391,-0.058925,0.011274,-0.22489,0.12936,-0.091235,0.3879,0.041214,0.1942,-0.081803,0.15845,0.19249,-0.021817,0.026624,0.048015,-0.1279,0.34442,0.050277,0.4393,-0.099821,0.08457,-0.024486,-0.094776,-0.041982,0.070202,-0.13496,-0.14261,-0.17622,-0.21712,0.095631,0.035536,0.0014121,0.04123,0.07332,0.10822,-0.039606,0.085017,0.13711,-0.084329,-0.031908,0.133,0.20098,0.13368,0.0033175,0.047221,-0.28587,0.02791,0.0034053,0.20726,-0.14117,-0.22777,0.52601,0.44627,-0.16972,0.080062,0.079981,0.011737,-0.18177,0.10229,0.14718,-0.0075798,0.058711,0.22998,-0.15807,0.091625,0.13191,0.39894,0.1784,-0.046043,0.17897,0.11763,-0.093871,0.12057,-0.017638,0.090386,0.029325,-0.075559,-0.075241,-0.10742,-0.053411,-0.015956,0.057905,-0.026366,-0.2,0.067436,0.050388,0.010349,-0.12623,-0.15258
0.32501,0.21497,-0.18451,0.024115,-0.13559,-0.075254,0.32506,-0.20959,-0.13695,-0.016422,-0.098237,0.087976,0.32515,0.22256,-0.039884,-0.043993,0.055496,-0.39946,0.21972,0.083529,0.32943,-0.060442,-0.10089,-0.050588,0.49417,0.062488,0.23547,0.084592,0.16513,0.20715,0.13994,-0.013282,-0.13816,0.32382,0.29817,-0.0013064,0.075091,-0.11237,-0.10462,0.0082732,-0.24627,-0.082317,-0.22375,0.063744,0.21627,0.0059763,0.10689,-0.088332,-0.022187,0.19139,-0.09462,0.24876,0.0026757,-0.17621,0.41595,0.21531,-0.1474,0.029337,-0.20559,0.082182,-0.050589,-0.025081,-0.18041,0.1547,0.078254,0.2124,0.022266,-0.028708,-0.12192,0.094948,-0.074866,0.035352,0.23664,-0.086647,-0.22762,0.06285,-0.25646,-0.05275,-0.21661,0.2399,0.070613,-0.098733,-0.19689,0.14096,0.39429,0.26993,0.00025191,-0.21446,0.069865,-0.026766,0.017159,-0.20973,0.33771,0.010471,0.3701,-0.12887,-0.055306,-0.019979,0.019463,-0.24477
0.066156,-0.17919,-0.017068,-0.02107,-0.21673,-0.044457,0.24599,0.21759,-0.1006,0.027886,0.1405,-0.1249,-0.19398,0.1471,-0.074882,-0.15775,0.055558,-0.27963,0.1023,0.32538,-0.063618,0.15777,0.25811,-0.32782,0.071078,0.53061,0.61931,-0.13068,0.076792,-0.27929,-0.25601,0.17616,0.2317,-0.16826,-0.11935,-0.060597,-0.19556,0.069097,-0.054272,-0.0092323,-0.027973,-0.17434,0.14678,-0.057247,0.16099,0.20146,-0.01381,0.1755,0.16877,0.13169,0.44541,0.04014,-0.076897,-0.041419,-0.055072,0.34739,-0.026781,0.088646,-0.13841,0.22281,0.054103,0.16201,0.1122,0.29764,-0.067949,0.075657,-0.061695,-0.25803,0.20115,0.048285,-0.23182,-0.019399,-0.0085826,-0.10195,0.16157,0.012844,-0.020348,0.5006,0.18787,0.06237,0.3273,0.080056,0.30736,0.26763,-0.017129,-0.057638,-0.11327,-0.219,-0.030747,-0.24112,0.061623,0.21557,-0.017609,-0.30906,0.2301,0.08869,-0.05164,0.21099,0.46308,0.27931
-0.10189,0.20818,0.15898,-0.058109,0.082733,0.10492,0.098724,0.015939,0.031857,-0.27224,-0.007888,0.023762,0.24926,0.038942,-0.037148,-0.28348,0.028189,-0.022769,0.28816,-0.11031,-0.067855,0.28813,-0.27053,-0.076487,0.65161,-0.018782,-0.073553,0.11501,-0.29107,-0.14117,-0.24488,0.028692,0.42329,-0.072165,0.18824,0.28642,-0.056594,-0.020371,0.29856,-0.028908,-0.18763,0.072461,0.049338,-0.13274,-0.023074,-0.19717,0.073304,0.16962,0.14888,0.13159,-0.15089,0.017472,0.51862,0.11641,0.15146,0.35019,0.23945,-0.072039,-0.15257,0.017603,-0.051324,-0.00044316,-0.10628,0.26248,0.1101,0.062687,-0.11052,0.11519,-0.20035,0.30496,0.028017,0.050084,0.16019,-0.0056907,-0.15727,0.049546,0.13225,-0.14723,0.1566,0.038074,-0.0070726,0.38234,0.31669,-0.096664,0.077151,0.13464,0.16369,0.023772,0.32314,-0.015682,0.086683,0.036433,-0.068844,0.11131,0.088943,-0.15706,-0.15025,0.22043,-0.37239,0.17667
0.014771,0.080616,-0.044227,-0.08658,0.048201,-0.14552,-0.02414,0.44774,-0.098085,0.091402,-0.21709,-0.13631,-0.10974,0.16523,0.13021,0.07621,0.22049,-0.014532,0.036328,-0.46723,0.32476,0.062124,-0.27662,0.080066,-0.17652,-0.040917,0.021733,-0.0042892,-0.033393,-0.16926,0.41938,0.20974,0.25164,0.089753,0.063515,-0.022703,0.0078171,0.1013,0.20872,-0.12327,0.0017647,0.15965,0.040511,-0.29234,-0.031757,0.14689,-0.059088,-0.14154,0.35779,-0.026874,0.030909,-0.28319,0.090456,0.20882,0.28748,0.059917,0.20851,-0.064014,0.01173,0.27606,0.13271,-0.0077088,-0.2121,0.18142,0.17862,0.21529,0.036316,-0.12532,-0.032516,0.60781,-0.050436,0.21308,-0.011874,-0.21123,-0.12584,-0.39804,-0.11397,-0.061475,-0.051169,-0.050812,-0.067117,0.17068,0.17873,0.068596,-0.0070463,0.024918,-0.32156,0.22179,0.2301,0.11377,0.24326,-0.11615,0.099362,-0.0086339,0.18294,0.042221,0.05031,-0.16183,0.056632,0.014462
-0.21333,0.4085,-0.28195,-0.043107,-0.19922,0.25095,0.42564,-0.085906,0.29505,-0.09214,-0.038434,0.17833,-0.089886,-0.25932,-0.091097,0.12354,-0.076376,-0.071395,-0.049493,0.10196,-0.033951,-0.034303,-0.03321,0.10496,0.028751,0.028817,0.066471,-0.20071,-0.04729,0.91812,0.61347,0.29509,-0.026356,0.25166,0.2279,0.14867,0.1804,-0.28487,0.30595,0.25195,0.20402,-0.070568,-0.029858,-0.048712,0.0043784,0.029424,-0.13519,0.14965,0.18028,0.063756,-0.099086,0.3749,0.2381,-0.24271,-0.091901,0.11396,-0.24327,0.11828,-0.1008,-0.23782,-0.058031,-0.034242,0.30243,0.16065,0.076407,-0.13955,-0.040557,-0.097189,0.00039711,-0.0046207,-0.34697,0.292,-0.049413,0.37685,-0.087146,0.091654,0.17913,0.19789,-0.003064,-0.2173,-0.033427,0.028043,0.094155,0.11912,-0.061833,0.24025,-0.20391,0.076095,-0.1414,0.1583,0.067924,-0.041085,0.09603,-0.010402,-0.055226,0.049426,0.43903,0.030868,-0.02442,-0.16399
-0.19378,-0.13867,-0.16557,-0.27052,0.13114,0.32383,0.17368,0.33777,0.13125,0.096385,-0.10312,-0.28913,-0.010982,0.45647,0.142,0.3898,0.12104,0.39794,-0.092396,0.13003,0.21565,0.13596,-0.11363,-0.026877,0.0022162,0.1904,0.011982,-0.088534,0.02555,-0.033986,0.24002,-0.040691,0.099995,0.38014,0.34669,0.14686,0.42975,0.0092561,0.034395,-0.085738,0.16987,-0.24709,0.094057,0.062548,0.22502,-0.19983,-0.1349,0.0089037,0.064159,0.3115,0.1159,0.0080536,-0.085845,-0.081892,0.46174,0.38504,-0.30199,-0.19043,0.014897,0.24479,0.22136,0.0054107,-0.15856,0.099235,0.49095,-0.18043,0.074928,0.11795,0.15603,-0.052762,0.067034,-0.13757,-0.079297,0.25238,0.097537,0.033279,0.21829,-0.027087,0.55864,0.098884,-0.26369,-0.14887,-0.092807,-0.11243,0.13733,-0.07645,-0.031029,-0.062028,0.076907,0.19535,0.034136,-0.094408,0.13279,-0.054753,-0.14928,-0.094426,-0.18921,0.11446,0.35185,0.141
-0.18629,-0.080875,0.058493,-0.15058,0.17531,0.35275,0.13507,-0.16161,-0.17545,0.15071,-0.20967,0.0919,-0.070141,0.19511,-0.010619,-0.052282,0.16846,-0.10153,0.13498,0.010792,0.33042,-0.077094,-0.13709,0.11664,-0.078381,0.053942,0.056301,-0.19437,-0.043045,0.066639,0.31456,-0.25511,-0.026203,0.045139,-0.096444,0.19796,0.17555,0.075426,0.33282,0.059062,-0.019606,0.099311,0.083122,0.093267,-0.026576,0.044457,0.043804,-0.27779,0.008087,0.42811,-0.029105,-0.053809,0.061706,-0.11116,-0.15778,0.39844,0.013213,0.27552,0.39504,-0.22694,-0.0072661,-0.039426,0.7932,0.078376,0.24808,0.013528,0.018218,-0.14233,-0.24779,-0.026516,0.096444,0.035769,-0.059409,0.18488,0.12227,-0.26011,0.12214,0.25336,0.24425,-0.044166,-0.16405,0.42548,-0.035905,0.14896,0.040939,0.075027,0.053726,0.068904,-0.11375,-0.058928,0.24756,-0.16855,0.051359,0.021865,-0.050998,0.033708,-0.15692,0.26526,0.32428,0.016706
0.16133,0.23719,0.29937,0.29143,-0.12846,-0.10517,-0.092784,-0.17451,0.60089,0.025229,0.063624,0.1079,-0.086087,0.028814,0.068916,0.081156,-0.039383,0.003019,0.10592,0.0067082,-0.073319,-0.1992,0.20255,-0.34452,-0.17696,-0.18337,0.16934,0.23069,-0.11177,0.31587,-0.21086,0.00056489,0.021889,0.21962,-0.0021706,0.097166,-0.13386,0.0020209,-0.0068517,0.22649,0.091588,-0.11439,-0.11728,0.25603,-0.072631,0.075378,-0.0072677,-0.23256,-0.15795,-0.1295,-0.071843,-0.092276,-0.079182,-0.066054,-0.19838,-0.073939,0.051849,0.0058521,0.23375,0.15554,-0.18071,0.019958,0.28047,0.5543,-0.26279,0.26834,-0.18182,0.16469,-0.30989,0.083071,0.086195,-0.059534,0.11548,0.80515,-0.26615,0.40581,0.024706,0.092222,-0.2392,0.19149,-0.11082,0.25345,-0.0050934,-0.27198,0.49404,-0.10038,0.069252,-0.15396,0.071493,0.24334,-0.13567,-0.35962,0.063375,-0.21052,0.10098,0.059583,0.19111,0.48879,0.19236,-0.24685
-0.15261,-0.046653,-0.095612,0.12068,0.1087,-0.079822,-0.18929,-0.12111,-0.00098351,0.36409,0.26774,-0.059469,-0.22612,-0.22604,0.428,-0.069849,-0.25178,0.50476,0.58417,0.3439,0.072384,0.043079,-0.085684,-0.031628,0.20294,0.035601,0.030193,0.082436,0.048795,-0.10106,0.072229,-0.038936,-0.19734,0.29409,0.15217,0.14809,-0.10373,0.15424,-0.12448,0.18489,0.12072,0.35601,-0.33616,-0.21736,0.022613,0.1577,-0.0020349,-0.031418,0.14425,-0.0051937,0.20625,0.028273,0.61895,0.088026,-0.091416,-0.1995,0.30388,-0.019861,-0.094665,-0.22421,0.16,-0.047867,0.24121,0.013729,-0.27143,0.021153,0.049593,0.053836,0.10289,0.0507,0.13381,0.35252,-0.079169,0.38288,0.11244,0.33779,0.12584,-0.047027,-0.0082934,0.069688,-0.25328,0.17579,0.1069,0.40598,-0.10315,0.069454,-0.13625,-0.087763,0.052662,0.079051,-0.11739,-0.094696,-0.054236,0.14311,-0.058015,-0.067883,0.18067,-0.17092,0.37099,0.12471
-0.11332,0.020111,0.01483,-0.31996,0.14579,0.10624,-0.16523,0.092302,0.10426,-0.16287,-0.10454,0.27541,-0.077139,0.12363,-0.14302,0.78459,0.0016228,-0.11499,-0.144,-0.14287,0.092253,0.30276,0.2762,0.24638,0.035746,0.039618,-0.16783,0.16319,-0.018773,0.1418,0.024233,-0.0028047,0.098398,-0.26122,0.14353,-0.22562,-0.081442,0.35792,0.16298,0.028021,-0.1614,-0.054069,0.33662,-0.13223,-0.024588,0.12364,0.1762,-0.0040611,-0.17937,-0.21837,-0.25932,0.032629,0.055367,0.081983,-0.085775,-0.052931,0.30016,0.035009,-0.34543,0.19737,0.18802,-0.034598,-0.00077012,-0.10445,-0.10809,-0.025414,0.60987,-0.11976,-0.21733,0.054394,0.04992,0.036175,0.13801,0.19874,0.24685,0.0032284,-0.12121,-0.04595,0.081685,0.016031,-0.092953,0.19238,0.20647,0.042461,0.13552,0.067791,-0.10911,0.055331,-0.027069,-0.22412,-0.027404,-0.039649,-0.16922,-0.054562,0.076565,-0.1702,0.38681,0.082762,-0.026308,-0.20398
-0.032394,0.0041315,0.056474,0.16059,0.13753,0.14387,-0.041342,0.18427,0.033954,0.39408,0.27637,0.12871,0.12134,-0.020899,0.13689,0.028168,0.084157,-0.016513,0.4905,0.19398,0.082622,-0.0097315,-0.22055,-0.12578,-0.14431,-0.14708,-0.1403,0.12302,0.0076885,-0.21187,0.15585,-0.18682,-0.077631,0.50787,-0.052583,-0.25195,0.23953,0.093052,-0.088668,-0.012495,0.33966,0.11137,-0.078673,0.25977,0.1353,0.21853,-0.021875,-0.032938,-0.038493,-0.15146,0.12949,0.19979,-0.1049,-0.051977,0.012826,0.051312,-0.06932,0.12538,-0.23526,-0.012735,0.04653,0.14473,-0.14202,0.16623,-0.15754,-0.14446,0.1974,0.0024975,-0.076828,-0.25908,0.087121,0.099245,0.53991,0.10195,-0.11347,-0.19303,-0.075483,-0.068549,0.094392,0.42756,0.12483,0.11314,0.24055,0.069812,0.026936,-0.041922,-0.083341,-0.21248,0.34959,0.12769,0.070301,-0.17577,-0.12812,0.0095941,-0.29673,-0.15789,-0.11046,0.061292,-0.18692,0.33509
0.034615,0.29463,0.53968,0.09676,0.13124,-0.033441,0.41466,0.0088665,0.14998,-0.044686,0.12288,0.07934,-0.095007,-0.14917,-0.21995,0.093055,0.09452,0.38479,0.23331,0.48877,0.0076459,0.058649,0.036702,-0.070961,0.17058,0.41346,-0.13646,0.2726,0.24588,-0.22894,-0.11205,0.27711,0.19932,0.16544,-0.17564,-0.12593,-0.18923,-0.036333,-0.14532,-0.032738,0.07064,-0.067549,0.18034,-0.023601,0.10257,-0.30998,-0.054858,-0.23642,0.35433,0.4103,0.055591,-0.1718,-0.20542,0.13672,0.023505,0.22897,-0.062705,-0.2164,0.23614,-0.010867,0.014954,0.19199,0.075691,0.12257,-0.032281,-0.13759,0.42519,-0.28525,0.23682,-0.16797,0.01881,0.19947,-0.28174,-0.27229,0.1697,-0.082274,0.023964,-0.11606,-0.16008,-0.19112,0.064905,0.23762,0.10397,-0.057521,0.20622,0.30849,-0.34357,0.44057,-0.1041,-0.063616,0.21319,-0.025322,0.014823,0.3742,-0.085194,-0.19674,-0.087327,-0.10848,0.66423,0.10679
0.013549,-0.033846,-0.32914,0.19106,-0.13479,0.3126,-0.00078667,0.041324,0.23317,0.19122,0.17583,-0.11436,0.2961,0.3429,0.079862,-0.13386,0.13709,0.33927,0.019777,-0.088633,0.067772,0.17054,0.17906,0.018088,-0.10726,-0.086519,0.19547,0.14878,0.51546,-0.011466,-0.067393,-0.0096483,-0.015084,0.0015226,0.33733,-0.11384,-0.28831,0.32973,-0.22832,0.12285,0.12567,-0.020613,0.38017,-0.13392,-0.12172,0.066636,0.05095,-0.06495,-0.036738,0.10055,-0.025048,0.29024,-0.0087727,-0.13017,-0.24789,-0.20277,-0.19006,-0.059653,-0.19021,0.35644,-0.16783,-0.14459,-0.021719,-0.201,0.089218,0.14204,0.17023,0.27482,-0.12402,-0.13505,0.19239,0.070999,0.21599,-0.12039,0.33341,0.045455,0.022171,0.29668,0.0090404,0.36214,0.1971,-0.061717,0.16819,-0.13618,0.38984,0.040159,-0.040179,-0.13886,-0.0041102,0.16583,0.18112,-0.074487,-0.089063,-0.11386,0.16595,-0.12056,0.069086,0.3217,-0.036363,-0.12297
-0.0064691,-0.072482,-0.20706,-0.1129,0.18054,-0.026623,0.34985,0.083481,0.063471,0.25105,0.024132,0.21253,0.52234,0.23838,-0.13761,-0.17216,0.043306,0.1434,0.0010278,0.20292,0.0097855,0.36523,-0.19205,0.3768,0.41059,0.049947,0.37754,-0.18479,-0.09163,-0.032483,0.16727,0.053024,0.20182,-0.13886,-0.035648,0.25916,0.34066,0.088946,-0.14421,0.2283,0.18808,-0.062053,-0.25964,-0.30908,-0.057692,0.02214,-0.083376,0.25202,0.12188,0.2628,0.092874,-0.12261,0.16387,0.081153,0.14971,0.065012,0.19497,0.029548,0.30266,0.14548,-0.059842,-0.096515,0.19623,0.047548,-0.17886,0.10685,-0.17369,-0.11857,-0.076578,0.37768,-0.17431,-0.094514,0.045798,0.32827,0.030673,0.0024413,0.046335,-0.070366,-0.036605,0.17209,0.093182,-0.19186,0.12184,-0.14934,-0.10929,-0.14098,0.067465,-0.16742,-0.32956,-0.081803,-0.030527,-0.10232,0.094225,0.014132,0.079091,0.031458,-0.043751,0.15386,0.032011,0.060032
0.18263,0.0761,0.27717,0.18481,0.0043542,0.18491,-0.017831,-0.064577,-0.31577,0.25269,-0.054037,0.14563,-0.0082332,-0.18474,0.12178,0.16346,-0.12879,-0.2373,0.23005,0.088123,-0.2478,0.37037,-0.19304,-0.02533,0.11716,-0.1844,0.18364,-0.092924,-0.012098,0.10934,-0.12079,0.24332,0.066969,-0.22709,-0.090084,-0.11989,0.0043615,0.25416,0.18716,0.040278,0.15773,0.028156,-0.22891,0.27589,-0.020485,0.27,0.18589,0.07801,-0.35228,-0.027395,0.43891,-0.031423,-0.15193,-0.016476,0.37458,0.19143,0.23293,-0.01909,0.15346,-0.015063,-0.11832,0.22078,0.12844,-0.024031,-0.16295,-0.031327,-0.048206,0.17695,0.14499,0.12933,0.082797,0.15875,-0.13255,0.22567,0.18249,0.35697,-0.006532,0.019491,0.23203,-0.12069,0.26589,0.098069,-0.069399,-0.20038,0.094538,0.1953,-0.1238,0.10872,0.024119,0.087813,0.31942,0.12249,-0.0084203,0.077556,-0.018661,0.21453,-0.044296,0.02541,-0.030691,0.13139
0.18707,0.14581,0.17671,-0.19767,-0.063027,0.15391,-0.062137,0.059722,0.15971,0.15566,-0.14148,-0.1792,0.017438,0.2152,0.058023,0.15307,0.67996,0.2289,-0.060029,-0.1511,0.19029,-0.16387,-0.0043014,0.090365,0.36051,0.0416,-0.18462,-0.16391,-0.086954,0.18973,-0.13401,-0.24665,-0.11755,0.41312,0.19357,0.26054,-0.005855,0.29998,-0.16345,0.25149,0.054322,0.025232,0.028768,0.22174,-0.015176,-0.27337,-0.064208,0.20433,-0.10424,0.19836,0.25389,-0.026491,0.21909,0.34989,0.079367,-0.015342,-0.12123,-0.11132,0.17166,0.27061,-0.035034,-0.097774,0.10584,-0.12499,0.22184,0.17195,-0.022014,-0.0061336,0.092841,-0.061854,-0.20602,0.19597,0.030149,-0.26778,-0.0060449,-0.14234,-0.04229,0.31591,-0.080039,0.17631,0.176,0.30336,-0.05054,0.015585,0.026704,-0.0010044,-0.11862,0.1967,0.28694,0.10281,-0.15294,-0.056059,-0.026318,0.34742,0.070014,0.032626,-0.16045,0.51462,0.070303,-0.082425
0.12103,-0.11497,0.3905,0.18843,-0.033977,0.058938,0.0493,0.12476,0.16535,-0.12373,0.34302,0.14434,0.4129,0.11411,0.24367,0.09775,0.61812,0.34093,-0.25016,0.38173,0.15577,-0.19002,-0.14498,0.23416,0.16444,0.34326,-0.03977,-0.15935,-0.16305,-0.0089306,-0.0029904,-0.039349,0.14666,0.45598,-0.066911,0.15589,0.09632,-0.11306,-0.23706,-0.0035431,-0.14048,-0.19659,-0.28351,0.012227,0.16603,-0.097882,0.12839,0.1484,0.18269,-0.18662,-0.49297,-0.20222,-0.17848,0.3302,0.065206,-0.13012,-0.090992,0.17178,-0.22721,-0.14425,0.039258,0.041578,-0.24055,-0.048868,0.057178,-0.029066,0.20463,-0.16643,-0.31098,-0.13079,0.107,-0.063473,0.2149,0.44,-0.14742,0.35058,-0.20314,0.50798,-0.136,0.19819,0.11066,0.10419,0.13249,0.071871,-0.16818,0.048932,0.038597,-0.20275,0.09836,0.085668,0.15205,0.23036,0.18347,0.25567,-0.056175,-0.11753,0.46256,0.082196,0.057404,0.18235
-0.28438,0.048061,0.0033651,-0.21395,0.47748,-0.083947,-0.093363,0.09307,-0.11,0.5571,-0.04034,0.19039,-0.16562,-0.059471,0.50035,0.027132,0.23271,0.33478,-0.27777,-0.28234,0.1324,0.12013,0.087506,0.0053609,0.057566,0.40055,0.13635,0.29417,-0.0030316,0.073488,-0.15481,-0.052913,-0.22436,-0.13128,-0.058777,-0.075497,0.0038903,-0.1068,-0.29781,0.0036723,-0.063515,0.035555,-0.09815,-0.17526,0.20172,0.21898,-0.28378,0.12927,0.32497,0.038959,0.23704,-0.14552,0.057392,-0.20611,-0.12097,0.40439,0.25351,-0.072499,0.085956,-0.40314,0.07593,0.10273,-0.043112,-0.18129,-0.097367,0.068008,0.44687,-0.093503,-0.11479,-0.016895,-0.27093,-0.0042551,0.50657,0.13544,0.60781,0.41623,-0.04139,-0.2479,0.060717,-0.23015,0.21325,0.10684,0.079807,0.025741,0.16348,0.33951,0.16053,-0.038257,-0.11587,-0.010371,0.24016,0.37398,0.041715,0.19852,0.032259,0.41375,0.16307,-0.10684,0.12275,-0.24065
0.071424,-0.19641,0.075651,0.15441,0.07942,-0.064126,0.21981,-0.15993,0.41396,0.32021,0.21902,0.11164,0.004514,0.16141,0.1037,0.30904,0.25706,0.12589,0.0039687,0.045289,-0.077011,-0.020579,0.29416,0.30989,-0.01652,-0.36125,0.30447,0.058695,0.23861,0.23116,-0.16414,0.2613,0.013384,-0.19389,-0.15157,-0.021583,-0.22896,-0.063323,-0.22734,0.13315,-0.10189,-0.18412,0.00020893,0.28984,-0.086979,0.0095335,0.24981,0.043873,-0.1174,-0.15053,0.070571,-0.31852,0.026448,0.19641,0.33522,-0.039897,-0.11882,0.18985,0.016494,-0.095748,-0.1268,0.20016,0.16099,-0.084205,-0.069975,-0.031221,0.075937,-0.084577,0.42815,-0.033782,-0.16831,-0.12224,0.11903,-0.17197,0.1114,0.18562,0.0039136,-0.040369,0.013666,-0.20661,0.064583,0.25279,0.44953,0.1364,-0.043113,0.29859,-0.22995,0.20925,-0.15954,-0.0069578,0.30064,-0.039141,0.037302,-0.25889,0.15118,-0.1532,0.084996,-0.050992,-0.04547,0.028675
0.31702,0.27405,-0.00068947,0.028315,0.1696,0.031941,0.11282,0.13007,-0.21529,-0.10215,-0.091891,0.48506,-0.22472,-0.17642,0.2772,0.13582,-0.16704,-0.038144,0.098202,-0.057839,0.23117,0.23765,-0.28574,-0.053198,0.043411,0.1379,-0.17048,0.043429,0.0038755,0.3436,0.040022,0.14275,-0.11425,0.19732,0.01754,-0.21391,-0.01052,0.1239,-0.22597,-0.011564,0.058286,0.051297,0.39164,-0.060936,-0.10347,-0.039864,-0.1646,-0.004672,-0.051629,-0.043218,0.22914,0.02698,0.091271,0.0047416,-0.008558,-0.030412,-0.14083,-0.07696,-0.098043,-0.18503,-0.19604,-0.11452,0.36338,0.066412,0.21567,0.20316,0.1577,0.25124,0.13953,0.10017,0.0086644,0.091362,-0.067858,0.26081,-0.2079,0.036077,0.063406,0.02168,-0.28028,0.025233,0.20392,0.27742,0.0047191,-0.053773,0.094842,-0.0097125,0.045827,0.20507,-0.086812,-0.049666,0.17118,0.24049,0.10396,0.038635,0.048167,0.15546,0.07058,0.005819,0.11367,0.092461
-0.0016671,-0.26102,0.14376,-0.25165,0.18334,0.059717,-0.35724,-0.060534,0.42762,0.2223,0.079714,0.49729,-0.047103,-0.049309,0.1785,0.14335,-0.34759,0.14131,0.17674,0.067206,-0.21288,0.37154,-0.056676,0.1711,-0.089116,-0.37763,-0.028398,-0.17642,0.18228,0.31481,0.44775,-0.16022,-0.040065,-0.17263,0.3198,-0.098843,0.059862,0.025252,0.037822,0.2022,0.20275,0.23797,0.097044,-0.081936,-0.069998,0.26782,-0.09904,-0.08077,-0.019557,0.48665,-0.14195,0.37658,0.13993,-0.070491,-0.053773,-0.16642,-0.028921,0.32072,-0.080783,-0.0040709,-0.15409,0.45719,-0.09929,0.30282,0.38309,-0.12293,-0.13924,0.086642,-0.20588,-0.039589,-0.0022679,0.11944,0.033782,-0.36042,-0.095239,0.32195,0.086829,0.34993,0.45501,0.32063,0.12275,-0.13632,0.17629,0.18082,-0.045525,-0.18339,-0.11454,0.31357,0.49794,-0.042628,-0.117,-0.12312,-0.075624,-0.097685,0.14973,0.25284,-0.32236,-0.10883,0.009238,-0.30882
-0.32213,0.12078,-0.26107,0.063175,0.28561,0.30933,-0.0083646,0.51663,-0.045248,-0.16726,0.2226,0.39518,0.021548,0.13286,-0.085061,0.0021233,0.18665,0.36813,-0.042646,-0.046693,0.25894,0.30015,-0.092341,-0.16897,0.36279,0.075551,-0.0016384,-0.014924,-0.092708,0.0004539,-0.075346,-0.20128,0.094418,-0.049115,0.044375,0.18217,-0.07946,0.085851,0.46212,-0.32024,0.56063,0.25416,0.28515,-0.10717,0.0058362,-0.052962,0.15149,-0.040421,-0.13312,-0.051777,0.20826,0.28032,0.07639,-0.24652,0.19148,0.17093,-0.32238,0.16592,-0.22888,-0.023259,0.013023,0.049078,-0.33508,0.44525,0.21252,-0.23042,0.17831,0.11236,-0.066727,0.0015445,0.089813,0.012836,-0.063115,-0.036719,-0.15446,-0.16431,0.14014,-0.020522,0.0037657,0.048759,-0.080444,0.063312,0.11781,-0.1406,0.26222,-0.031575,0.24211,0.38412,-0.14975,0.2025,-0.2883,0.31642,0.24213,0.71762,0.07102,-0.11535,-0.12673,0.23292,-0.034545,-0.22018
0.048637,0.090923,-0.04467,0.02037,0.20197,-0.037958,0.015026,0.28379,0.018566,0.034095,0.16226,-0.14509,0.12428,-0.13823,-0.09343,-0.26373,0.061097,-0.013307,0.12862,-0.020806,0.57106,0.26941,-0.06032,-0.19156,0.19003,0.09345,0.20478,0.056919,0.065244,0.11675,0.22591,0.23341,0.21346,0.33745,-0.055667,-0.11637,-0.24839,0.18842,0.15861,0.052893,0.077204,-0.036316,0.23861,-0.11322,-0.22121,-0.089752,0.17273,-0.15539,-0.07787,0.10776,0.38447,-0.30855,-0.12683,-0.19523,-0.32604,0.022954,0.12401,0.13842,0.26201,-0.073617,0.16236,0.34443,-0.19131,-0.14918,0.25344,-0.014481,0.036624,-0.10107,0.014568,-0.25582,0.34522,0.10058,-0.052763,-0.21024,0.14196,-0.21444,0.26472,-0.038668,-0.005052,0.14164,0.25022,-0.12582,-0.065246,0.18438,-0.17886,0.28428,0.19611,-0.10478,0.14093,0.018678,-0.21654,-0.28412,-0.12781,0.19395,-0.2729,0.16875,0.37956,0.044439,-0.034744,0.16182
0.15754,0.17864,-0.30449,-0.14918,-0.28994,-0.19868,0.12403,0.035171,0.055751,-0.2131,-0.14927,0.18364,0.50356,0.11547,0.13725,-0.25919,-0.053083,-0.21701,0.49807,-0.11744,-0.13914,-0.018624,-0.081557,0.042514,-0.13208,0.14993,0.3728,-0.042099,-0.2021,-0.088397,-0.14151,-0.070979,-0.077816,-0.10442,0.16841,0.1031,0.38612,0.22347,-0.010284,0.028687,0.17219,-0.049907,0.08397,-0.28033,0.048985,-0.032817,0.11629,0.8272,-0.045269,-0.16795,-0.3279,0.16103,-0.00045324,0.14129,-0.084375,-0.087835,0.32514,-0.0015783,0.23584,0.0068668,0.095447,-0.088412,0.24694,0.16575,0.096719,-0.2157,-0.029301,-0.091629,0.17846,-0.12071,0.2523,-0.092664,-0.093438,0.034227,-0.22463,-0.10275,0.21522,0.25458,-0.17874,0.057619,0.20855,0.19126,-0.11663,0.19853,0.046127,0.34241,0.43106,-0.0032473,0.043821,0.38164,-0.069772,-0.096814,-0.033772,-0.11194,0.145,0.26188,-0.12186,-0.11105,0.22207,0.3953
0.077021,-0.013276,-0.15111,-0.21626,-0.19031,0.34729,-0.22964,0.23899,0.38122,0.072862,0.022729,0.15306,-0.010784,-0.0014853,0.074689,0.029687,0.11164,0.1208,-0.19715,0.5056,-0.10744,0.057066,0.25043,-0.14999,0.32131,0.031417,-0.20636,0.10468,0.38826,0.23598,0.18961,-0.056415,0.0591,-0.0055293,0.003296,0.38534,0.0068192,0.24746,0.025146,0.2351,-0.096812,0.061366,-0.042715,-0.031732,0.081265,-0.21556,-0.02032,0.17932,-0.081904,0.074187,0.19231,0.091829,0.015912,-0.16162,0.14811,0.18188,0.22587,0.22358,0.061676,-0.086023,-0.12098,-0.16615,0.20796,-0.071903,-0.13226,0.28421,0.077547,0.59396,0.047927,-0.019455,0.19216,-0.050386,0.33248,-0.16314,0.018139,-0.1493,0.11789,0.13344,0.2573,0.17451,0.29101,0.17976,0.22028,-0.0019648,0.2096,0.0076821,-0.065567,-0.04788,-0.32464,0.084253,-0.0084644,-0.058612,-0.2198,0.35256,-0.12166,-0.04761,-0.14038,-0.03756,0.35869,0.071378
-0.056003,0.0977,0.24413,-0.19321,0.011648,0.12888,0.21914,0.1836,0.063765,-0.03591,0.0047911,-0.020534,-0.022938,0.090734,-0.26923,-0.24603,-0.1532,0.26876,0.02043,-0.02789,0.15993,-0.10634,-0.14291,-0.016305,0.17112,0.28235,0.29965,-0.050062,0.16953,-0.21733,0.078487,0.51931,0.2372,-0.13868,-0.12071,0.020883,0.20707,0.26671,0.10192,0.087024,-0.081137,-0.10684,0.21692,-0.08855,0.080853,0.087776,0.10954,0.098146,0.40326,-0.1184,0.32662,0.18468,-0.054646,0.25887,-0.11046,-0.13074,0.060643,0.21298,-0.00070491,-0.16977,0.14739,-0.026202,-0.083078,-0.048914,-0.06543,-0.10936,-0.087064,0.51677,0.056199,-0.10176,-0.019759,-0.38645,0.037054,0.0051375,-0.071792,0.14997,0.094777,0.17778,-0.17012,-0.15096,-0.16164,0.20735,0.17243,0.28439,-0.08815,0.27143,0.27563,-0.0098441,0.096754,-0.16901,-0.058205,0.32042,0.33008,-0.063736,0.16914,-0.12606,0.24002,0.10868,0.036017,-0.22592
-0.072509,0.001206,0.26837,0.063402,-0.08084,-0.029326,-0.11974,0.073937,-0.16452,-0.059639,-0.16996,-0.11374,-0.079071,0.12065,-0.06036,0.14476,-0.072215,-0.24381,-0.28081,-0.02753,0.44978,-0.087636,-0.14834,0.29618,0.00053954,0.25712,0.19408,-0.033178,0.1658,0.028064,0.0058602,-0.19261,0.30832,-0.18869,0.20902,0.3018,-0.23479,-0.095289,-0.080649,-0.089702,0.078369,0.0021773,0.29904,0.13841,0.12916,0.032019,-0.077994,0.045092,0.18728,-0.017211,0.060143,0.092324,0.035379,0.15492,0.20878,0.1958,-0.062511,-0.064333,0.21852,0.20685,0.074161,-0.05213,-0.0031944,0.2053,-0.16797,-0.081531,-0.077806,-0.13417,-0.0085704,-0.016087,-0.033988,-0.013546,0.28768,0.3709,0.21312,0.041647,-0.18781,0.22405,-0.11706,0.18583,0.30009,0.031531,0.094202,0.27362,-0.035005,-0.047033,-0.076141,-0.035932,-0.21397,0.10525,-0.14556,-0.2298,0.56311,0.065412,-0.10499,-0.12914,-0.0057113,0.022317,0.17213,0.21541
0.090785,-0.029246,-0.19803,-0.00041846,-0.2,-0.017619,0.28574,-0.14417,0.15796,0.033956,-0.18168,-0.12225,-0.029621,0.17042,0.25307,-0.15978,0.27834,0.16946,-0.18598,-0.22776,0.057263,0.25567,-0.0088357,0.18445,-0.10165,0.085394,-0.095407,-0.057091,0.18762,-0.13175,0.1908,0.14801,0.31967,0.49337,0.1997,0.4902,0.089707,-0.067257,0.25743,0.20427,0.13361,0.27221,-0.31567,0.19423,-0.068452,-0.19048,0.061503,0.27116,-0.088918,0.036142,-0.10422,-0.12573,0.35345,0.14794,-0.024703,-0.16786,-0.15885,0.23702,0.30314,0.41242,0.11919,-0.085377,-0.1322,-0.093182,-0.11462,0.014771,0.23649,0.14226,0.071732,0.20613,-0.067861,-0.16163,0.034396,0.018857,0.11765,-0.17817,0.052941,0.030789,-0.14822,0.63405,0.18003,-0.027795,-0.15323,-0.14448,0.18638,0.54285,0.021231,-0.12156,-0.0094522,0.47374,-0.24179,0.012874,0.70206,0.17474,-0.054342,0.049198,0.097048,0.045024,-0.0092675,0.038207
0.014892,-0.2048,0.20414,0.23056,-0.15239,-0.11568,-0.22653,0.064526,0.0050705,-0.020922,-0.15275,0.16687,0.084527,0.03252,-0.028762,-0.15394,0.3281,-0.1804,-0.066477,0.22779,0.24052,-0.08568,0.44972,0.28802,-0.24074,0.21128,0.085374,0.088659,0.54002,0.14926,-0.24462,-0.068959,0.12891,0.0414,0.12771,0.085393,-0.093931,0.2791,-0.21065,-0.027764,0.01545,-0.048062,0.23712,-0.036084,0.22294,0.14991,0.031081,0.1546,0.00043969,0.13129,-0.23429,0.031888,0.046133,0.077453,0.16759,-0.10791,0.45098,0.34004,0.097293,0.24577,-0.19245,0.17016,0.17193,0.26008,0.30293,-0.14158,-0.34271,-0.19237,0.2226,-0.14286,0.081921,-0.16547,0.091817,-0.098156,-0.12103,0.19263,0.081672,0.048467,-0.1121,0.16804,0.34703,-0.15601,0.143,0.12888,-0.15546,-0.090305,-0.14426,0.12564,-0.12848,0.075471,-0.1604,-0.050303,-0.037055,0.24911,0.08406,-0.12222,-0.037119,-0.044546,0.065052,0.020771
0.08623,0.19259,-0.11494,0.24537,0.028099,-0.032361,0.2868,0.0028373,0.54381,-0.30211,0.5034,0.023376,0.080768,-0.27348,0.011536,-0.25565,-0.24918,0.14667,0.17341,0.14267,0.040364,0.1256,-0.058222,-0.097741,-0.12171,0.23175,0.0023419,0.023707,0.32764,0.19713,0.13027,-0.22885,0.061414,-0.019164,-0.10285,0.25245,-0.038531,0.35878,-0.22895,-0.093661,-0.094121,-0.29704,0.019964,0.14484,0.18611,0.38045,0.07214,0.46114,-0.15532,0.086767,0.24679,0.18967,0.21829,-0.14157,-0.17907,0.019692,-0.00074423,-0.082825,0.27842,-0.16464,0.31337,-3.5525e-05,-0.0316,-0.094126,-0.27965,0.29342,0.085955,-0.22045,0.18058,-0.092865,-0.066586,0.29298,0.46317,0.22949,0.19528,0.091316,-0.0035267,0.61316,0.12749,0.10337,0.072973,0.041614,0.08534,-0.064375,0.208,-0.1344,0.14179,-0.26297,-0.3154,-0.35434,-0.1354,-0.17703,0.2746,0.40908,0.19063,-0.078295,-0.049916,0.25486,0.025988,0.57834
-0.18829,0.36135,-0.076226,0.21752,0.037657,-0.01007,-0.023642,-0.059218,0.15913,0.10724,0.14363,0.0010494,-0.14071,0.16077,-0.22484,-0.0061168,0.31335,-0.12739,0.12914,-0.032513,0.096095,0.22089,-0.12348,0.081175,-0.17376,-0.11999,0.075081,0.25974,0.12607,-0.083353,0.22084,-0.1925,-0.10867,-0.024542,0.29366,-0.00053753,-0.11124,0.50057,-0.054087,-0.010405,0.39782,0.11537,-0.13175,-0.23887,0.60597,0.12078,-0.079924,-0.29389,0.25085,0.25182,-0.035472,0.14005,0.31722,-0.034543,-0.21379,0.057823,0.113,0.036273,-0.1653,0.11724,-0.034073,0.056222,0.018554,0.15421,-0.055401,-0.0073589,0.52216,-0.054018,0.21664,0.18981,-0.032026,-0.29134,0.0043296,0.47812,0.26321,-0.039638,-0.16837,-0.021127,-0.22829,-0.14005,0.12547,0.10599,-0.014936,0.16908,0.10284,-0.12958,0.014855,0.048185,0.1812,-0.011635,-0.053365,-0.092925,-0.16042,0.024613,0.012371,0.087565,0.16717,-0.03366,0.1894,0.14223
0.063353,-0.0060904,0.17087,0.047431,0.020451,-0.020501,-0.33231,-0.16126,-0.12084,-0.012761,-0.094072,-0.10137,-0.028396,0.13928,-0.020567,0.34196,-0.21991,-0.0038848,-0.017949,0.5286,-0.067507,0.49243,0.0043047,0.047168,-0.05721,-0.10591,-0.06578,0.030735,0.29019,0.10837,0.30853,0.17324,0.37665,0.4924,-0.0016986,-0.14627,0.18156,-0.0086989,-0.13974,-0.24977,-0.19544,0.32196,-0.07885,-0.18078,0.064366,-0.13867,0.06665,-0.084989,-0.13412,-0.3024,-0.14285,-0.19697,0.0074059,0.077993,-0.0063106,0.094443,0.35527,0.15235,0.067716,-0.19717,0.089604,-0.22633,-0.21769,0.10097,0.27576,-0.14821,0.042603,0.072005,0.15505,-0.18477,0.37705,-0.10991,-0.15828,0.15846,0.11491,0.25453,0.4386,0.023652,0.52054,0.03863,-0.19102,0.31573,0.33217,-0.33304,-0.034624,-0.097341,0.070407,-0.099475,0.10396,0.36073,-0.0323,-0.037156,-0.20196,0.090639,-0.19507,0.12649,0.02435,0.52635,0.32776,-0.24991
0.15274,0.018838,0.22293,0.02602,0.12287,-0.10743,-0.17201,-0.15867,0.15158,0.02113,-0.039037,0.021628,0.059564,0.36128,0.077042,-0.10057,0.21842,-0.22682,-0.042696,-0.12921,0.18953,0.066096,0.1168,0.039424,0.28867,-0.034403,-0.012482,0.13673,0.027688,-0.14398,0.36712,-0.029538,0.10797,0.058552,-0.00015931,0.083258,0.061803,0.044386,-0.037078,0.14965,0.50395,0.09827,0.11449,0.40907,0.4275,0.76333,-0.17589,0.13469,-0.034098,-0.29092,-0.11355,0.12324,0.22975,0.025526,-0.18386,0.30824,-0.010089,0.024926,-0.0092809,0.14981,0.24646,0.089693,-0.056105,0.26824,-0.06699,0.083329,0.18535,0.15107,0.13837,-0.020511,0.016863,0.010254,-0.15204,0.1556,-0.090704,-0.23411,0.23699,0.15296,-0.20171,0.38103,0.10901,0.2819,0.048743,0.23989,-0.00982,0.053075,0.11575,-0.39518,0.012619,0.24623,0.22072,-0.092961,-0.019203,-0.2681,-0.078189,0.18985,0.13403,-0.15291,0.058897,-0.05547
-0.024454,0.088131,-0.041121,0.023295,-0.018141,-0.19493,0.058266,-0.26373,0.20649,0.21841,-0.033987,0.035318,0.077096,0.019699,0.062101,0.11039,0.51767,0.23301,-0.027328,0.069254,0.19892,-0.18965,0.17579,0.010738,-0.040644,0.049755,0.30525,0.14395,0.14986,0.067142,0.14001,-0.096927,0.096378,0.062049,-0.28477,0.24454,0.053532,-0.18381,0.019261,-0.0091473,-0.21569,0.087487,-0.098875,0.35285,0.11201,-0.25365,-0.052382,-0.037984,0.15489,0.073257,0.08533,0.034898,0.075505,-0.050513,-0.018303,-0.15234,0.016225,-0.069216,0.12761,0.19539,0.1656,-0.13474,0.14087,-0.046728,0.12398,0.053812,-0.15344,0.0058058,0.091289,0.46347,0.14013,0.06445,0.29934,0.081624,-0.094421,-0.0024644,0.074412,-0.30479,0.081512,-0.10091,0.12062,0.23816,-0.10528,-0.044435,0.22417,-0.086425,0.17989,0.069636,0.16898,0.17718,0.38905,-0.056122,0.070947,-0.074497,-0.057227,-0.075002,-0.21444,0.17265,0.15207,0.052515
0.092574,0.18875,0.076436,0.16273,0.048657,-0.25759,0.46659,-0.18337,-0.095108,0.079821,-0.04124,-0.11724,-0.13885,0.32361,-0.019266,-0.20988,-0.13047,-0.27816,0.042503,-0.014829,0.14679,0.25325,0.038749,-0.061805,0.1574,0.65493,-0.11105,-0.10006,0.34412,0.21819,-0.04012,-0.15239,-0.10025,0.40433,0.1199,0.4583,-0.070405,-0.18138,0.15967,0.023946,-0.18385,0.072426,0.38523,-0.21029,-0.021259,0.20323,-0.068287,-0.0040009,-0.22103,0.50442,-0.13768,0.17129,-0.055189,0.30814,0.29476,0.029997,0.1743,0.080656,0.21949,0.029654,-0.022675,0.25112,0.086894,0.26919,-0.044506,-0.17347,0.084022,0.15035,-0.17246,0.12659,-0.018576,0.019586,0.025637,0.090193,-0.021848,-0.040411,0.012015,-0.20813,0.2981,-0.19045,-0.23682,0.24912,0.20605,0.19787,-0.16176,0.043831,-0.39914,0.1676,-0.17199,-0.048719,0.1805,-0.20633,-0.0040682,0.092776,0.084229,0.10912,-0.16341,-0.0059694,-0.024941,0.018258
0.22095,0.0018528,-0.2506,0.13802,0.26185,-0.13502,0.353,-0.21547,0.087371,-0.23962,-0.14772,-0.1076,0.10135,0.12501,-0.22226,-0.073336,-0.31467,0.22251,0.17648,0.54115,0.24198,-0.07491,-0.21508,0.0044604,0.3452,-0.26718,0.25305,0.17163,-0.15045,0.29799,0.1076,0.1758,-0.047244,0.54827,0.0051776,0.12887,-0.14046,0.034081,-0.052473,-0.23767,-0.18759,0.27528,-0.24287,-0.02642,0.21194,-0.07834,0.33493,-0.041179,-0.10568,-0.17691,0.17592,0.24482,0.18217,-0.20355,0.1139,0.36088,-0.097324,0.2124,0.21508,-0.3065,-0.12004,0.12874,-0.082881,0.46339,-0.02138,-0.21443,-0.00080266,0.07127,-0.43139,-0.21356,0.15411,-0.018406,0.12482,0.39652,0.14787,0.066555,-0.42012,0.1248,0.13174,-0.099625,0.13407,0.064559,-0.16394,0.18061,0.015114,-0.037069,0.21736,0.23449,-0.046933,0.2042,0.057293,0.063751,0.14514,0.28596,-0.10073,0.32594,0.17537,-0.043115,0.10899,0.004022
0.2027,0.41139,0.12106,-0.24009,-0.20916,-0.055272,0.17101,0.19372,0.25247,0.092989,-0.17657,0.021195,-0.1881,-0.029775,0.124,-0.13219,0.2302,-0.17746,0.1401,0.25513,-0.061822,0.26163,0.15772,0.32284,0.025543,0.31314,0.29595,0.05487,0.2256,-0.11866,0.35759,0.31442,-0.0021539,0.14778,-0.052386,-0.12927,0.29413,-0.1311,0.048192,0.408,0.19355,0.22979,-0.030795,0.39558,0.51239,-0.17284,-0.068231,-0.045517,0.12833,0.072312,0.51528,0.17309,0.15333,-0.094875,-0.056051,0.22546,0.092747,0.17794,-0.071202,-0.099496,0.30863,0.062642,-0.20071,0.066241,0.077566,-0.14225,0.052737,-0.26226,0.0022992,-0.10513,0.18824,-0.13666,-0.15779,-0.13675,-0.0035085,-0.1296,0.0032514,0.3107,0.35379,-0.22695,0.13292,0.18039,2.1567e-05,0.13978,-0.011326,-0.1565,0.13446,0.057702,0.29127,-0.30084,-0.068208,-0.00015638,-0.18455,0.27682,-0.028025,0.47538,-0.19588,0.46269,0.12144,0.14558
-0.22051,0.001518,-0.14725,0.26371,-0.073695,-0.037502,0.15113,0.16871,0.01879,0.02155,-0.084999,-0.10643,0.19229,-0.044639,-0.065176,0.52767,-0.080325,0.25858,-0.10644,0.38687,0.16082,0.073589,0.27672,-0.012957,0.047327,0.024533,-0.088645,-0.0308,-0.18647,-0.24618,-0.05277,0.04133,0.034674,0.052587,0.12948,0.21721,-0.030266,0.41952,-0.21443,-0.40954,0.41545,0.36971,0.068097,0.09592,-0.0061991,0.14288,-0.22031,0.033704,-0.12384,0.014558,0.12139,0.15714,-0.064653,0.057309,-0.061125,-0.30563,0.40023,0.043796,0.15493,-0.12347,0.014503,-0.18434,0.7892,0.06421,0.20585,0.28798,0.090994,-0.17465,0.22362,0.33494,0.034551,-0.080382,0.41358,0.22495,0.26852,-0.30268,-0.095385,-0.01442,0.087823,0.1264,0.16545,-0.10462,0.12757,0.32495,-0.026484,-0.091239,-0.11198,-0.1281,0.01536,-0.1066,-0.052295,0.43488,0.063659,0.13642,0.043972,0.19303,-0.14949,0.10927,0.19403,0.0058313
0.35542,0.033671,-0.044193,0.25886,0.28266,0.056663,0.056214,0.0069514,-0.154,-0.19472,0.073522,0.39607,-0.088342,-0.16317,0.26379,0.074021,-0.13216,0.29497,-0.037908,-0.083932,0.0054011,0.15521,0.33221,-0.055704,-0.0029672,0.15436,-0.3018,0.18336,0.077794,-0.13133,-0.025924,-0.2893,0.22358,0.4323,0.16985,0.13512,-0.10633,0.46937,0.19867,0.059843,0.098316,0.20223,0.13385,-0.30577,-0.027886,0.017153,-0.075431,-0.017238,0.24307,0.35651,0.15216,0.075921,-0.18091,-0.10743,0.39065,0.19296,-0.10757,-0.16111,0.13953,-0.032205,0.17157,0.15204,0.14554,-0.22504,0.048081,0.14913,-0.16255,0.087155,0.036223,0.077667,0.10791,0.02059,-0.094019,0.033998,-0.16612,0.067654,0.10828,0.094996,0.48604,0.13093,-0.11867,0.097588,0.30108,0.046799,-0.052955,0.34092,0.06784,-0.1301,0.32931,-0.048385,-0.055694,0.31388,0.090447,0.03288,-0.035181,0.087209,-0.054927,-0.022307,-0.018081,0.099045
0.031377,-0.16899,0.36466,-0.1151,0.31941,0.12641,-0.25259,0.17794,-0.085727,0.12623,0.32501,0.095114,0.22438,0.23047,0.050954,0.071703,0.12752,0.33993,-0.037652,-0.18118,0.1863,0.31728,0.43204,0.33055,0.036492,0.053429,0.024441,-0.0011439,0.25113,0.15251,-0.29517,0.51483,-0.093362,0.49414,-0.30652,0.039845,0.17491,0.045701,-0.25851,0.11055,0.30675,0.38255,0.1821,0.031368,0.44134,-0.16129,0.033007,-0.044293,-0.06906,-0.0036674,-0.062547,0.076829,-0.086535,-0.11554,0.10231,-0.15337,0.4287,0.4512,-0.21023,-0.073913,0.019418,0.072548,0.11069,-0.30438,-0.12401,-0.13474,0.065116,-0.0090765,-0.16238,0.16244,-0.0071021,0.1232,0.079598,0.51999,-0.16156,-0.0054895,0.19705,-0.003634,0.21848,-0.033296,-0.18552,0.017117,0.10385,-0.024632,0.014641,0.2578,-0.2298,-0.11829,0.083541,0.17729,-0.24113,-0.20955,0.59769,-0.25748,0.20289,-0.13064,0.098343,0.24807,-0.11143,0.46988
0.017988,-0.17863,0.16891,-0.09964,-0.027376,-0.090161,0.051401,0.14372,0.20963,-0.13129,-0.12649,0.11296,0.13007,-0.21401,-0.14971,-0.14225,-0.17836,0.050767,-0.04428,0.0027059,-0.048351,-0.069059,0.0048323,0.0081381,-0.18169,-0.14266,0.3673,0.39714,-0.16721,0.34928,0.30509,-0.021735,0.25108,0.29158,-0.16699,0.0044414,-0.068544,-0.076157,0.14202,-0.04247,0.45037,0.037601,0.093758,-0.13287,0.026339,0.016033,0.20787,0.21109,0.58499,-0.16681,0.094263,-0.27659,-0.069615,-0.29218,0.25524,0.3175,0.27214,0.37653,-0.05983,-0.12256,0.38518,0.1823,0.03081,0.28189,0.06494,0.43348,-0.15279,0.42392,-0.18883,0.34226,-0.018731,0.12574,-0.011936,0.088298,0.15931,-0.068073,-0.21437,0.2513,-0.11093,0.18146,0.52788,0.2561,-0.070785,-0.010004,-0.048409,-0.10828,-0.01958,-0.048318,-0.17469,-0.1016,0.12172,0.318,0.13481,0.049949,-0.056303,-0.25728,-0.048788,0.10107,-0.092238,-0.084311
0.2273,0.26004,0.44615,-0.071484,-0.031426,0.2223,0.25313,0.050165,-0.031177,0.42384,0.14738,-0.20738,-0.045329,0.41546,-0.13336,-0.079425,-0.060515,0.043865,0.092491,0.10693,-0.014808,0.45968,-0.021607,0.17901,0.090222,0.2445,0.12451,0.010934,-0.060048,-0.012482,0.28199,0.25969,0.12732,-0.013589,-0.24755,0.19858,0.059164,-0.17994,-0.14374,-0.10625,0.25244,0.1315,-0.41162,0.32334,0.36086,-0.17045,0.50666,0.43529,-0.032853,0.086802,0.42438,0.072343,-0.14638,0.37459,-0.060575,0.045681,-0.047083,0.094922,0.15067,0.32476,0.16384,-0.10588,0.41994,-0.059884,0.13734,0.048963,0.21472,-0.16565,0.0039918,-0.12543,-0.055687,0.037702,-0.078029,0.086036,0.14437,0.24663,-0.011319,0.082983,-0.25325,0.091329,-0.064388,-0.18339,0.014512,0.22436,0.0449,0.14784,-0.076181,-0.043246,0.23816,-0.11364,-0.10429,0.25293,-0.11337,-0.24491,0.18321,-0.3059,0.01839,0.099354,0.067518,-0.13469
0.12846,0.012095,0.36966,-0.22001,-0.10153,-0.17284,0.089066,-0.015357,0.47106,0.053181,-0.18155,0.32303,0.086635,-0.057913,0.2801,0.069325,0.57236,0.59707,0.3073,0.080786,-0.29396,0.29777,0.29787,0.0033348,0.071662,0.13798,0.2429,0.20094,0.42367,-0.16141,0.025388,0.18676,-0.098569,0.34845,0.041757,-0.14739,0.22385,0.23501,-0.19005,-0.11032,-0.19915,0.32904,0.026727,0.055247,-0.057952,0.12941,-0.023411,-0.16301,0.0057203,0.039369,-0.19499,0.18611,0.3813,-0.062826,0.066387,-0.12828,-0.023141,-0.0029277,-0.1313,0.41055,-0.1515,-0.16393,-0.25853,0.045008,-0.048065,-0.012644,-0.078131,-0.21151,0.076358,-0.23633,0.092038,0.10788,-0.043159,0.45383,-0.2421,0.0097286,0.082011,-0.22009,-0.10627,0.11626,0.023317,0.14419,0.40568,0.13069,0.044743,0.16834,0.1797,0.27525,0.4496,-0.036105,0.1294,0.24407,0.037178,-0.31875,0.087714,-0.1718,-0.059671,0.060728,0.085226,0.048671
-0.046126,0.059214,0.16551,0.12294,0.25627,-0.030902,0.21381,0.085756,0.059656,0.099092,-0.0045774,-0.28371,0.16035,0.26239,0.33255,0.26968,0.077585,-0.068524,-0.086114,-0.033179,-0.16712,-0.016266,0.34977,-0.094893,0.029372,0.0031826,-0.014413,-0.092908,-0.1521,0.15099,-0.20379,0.15936,0.071439,0.0052493,0.41442,0.26854,0.24137,0.084485,-0.0028147,0.21028,0.0026325,0.10667,-0.02215,0.58925,-0.09282,0.1138,-0.13372,0.098124,0.39883,-0.0072806,-0.16931,0.040941,0.21113,-0.14088,-0.17263,0.008298,0.07901,0.21175,0.36608,-0.016032,0.2929,0.14593,-0.016382,-0.14207,0.11566,0.32243,-0.093235,0.017759,0.15856,-0.0033224,0.26344,0.14513,0.0055379,0.16736,-0.11556,0.061723,0.81896,-0.13038,0.082384,0.21096,-0.13166,0.0065338,-0.0091873,0.17354,-0.17882,0.067791,-0.062474,-0.02391,-0.08734,0.045063,-0.079612,0.067924,-0.19416,0.1646,-0.41644,0.20788,-0.21749,0.28839,0.079463,-0.061046
0.14979,0.20895,-0.21482,-0.060764,0.087888,0.27308,-0.26883,-0.14755,0.29505,0.3578,0.036268,0.0085242,0.10453,0.30453,-0.027351,0.062427,0.08427,-0.045477,0.11586,-0.11594,0.07054,0.022522,0.0727,-0.090809,-0.037222,-0.10116,-0.066769,-0.016063,0.35123,-0.24243,0.082901,0.20105,0.096089,0.28858,-0.047806,-0.08882,-0.074262,0.097013,-0.27598,0.28955,0.31253,0.01832,0.28303,0.57304,-0.10334,0.39994,-0.10731,-0.050859,0.098146,0.0039303,-0.01524,0.067017,-0.056469,0.1156,0.1174,0.16312,0.17178,-0.095979,-0.19314,0.14953,0.14186,0.53275,0.20822,0.19507,-0.010133,-0.20533,0.022312,-0.13136,-0.087825,0.25322,0.12574,-0.22199,-0.11573,0.13898,0.12234,0.094581,-0.24079,0.23634,-0.14141,-0.25614,0.096493,-0.09971,0.03556,-0.06078,-0.089184,-0.257,0.38217,0.34206,0.097061,-0.035995,-0.096715,0.082406,0.34354,0.39614,-0.12052,-0.24709,-0.19491,0.25222,0.086675,0.18855
0.38099,0.36115,0.0033534,0.19894,0.27909,0.2845,0.050758,-0.10295,-0.10327,-0.07805,-0.10107,0.0678,0.11732,0.16281,-0.14897,0.31378,0.017824,-0.072189,-0.23059,-0.0020761,0.063473,0.05264,0.06131,-0.035254,0.041897,0.36304,-0.031646,0.0038976,0.15903,0.24157,0.069763,-0.13039,0.024154,0.21206,-0.16798,0.38274,0.07058,-0.26738,-0.13607,-0.039234,0.077142,0.17698,0.4651,-0.058981,0.040405,0.15284,-0.066398,0.12032,-0.16334,0.19925,-0.0031807,0.16014,0.17927,-0.057111,0.0025476,0.63183,-0.06164,0.12498,0.35855,0.55231,0.056021,0.0076272,-0.027865,-0.00036727,0.14723,0.54377,-0.13014,0.38147,-0.094621,-0.13129,0.11297,0.59043,-0.15966,-0.15171,-0.11564,-0.10205,0.2626,0.36373,0.15164,0.22928,0.021189,0.33666,0.11495,0.0014219,-0.12365,0.54375,-0.36502,-0.16702,0.29615,0.1813,-0.27595,0.027044,0.080917,0.077745,0.43719,-0.019221,-0.077964,-0.1292,0.02104,0.1337
0.026327,-0.10954,-0.058649,0.39836,0.098138,0.13157,-0.23577,0.070636,-0.033263,0.22281,-0.098176,-0.16271,0.24793,0.21957,0.37022,-0.054966,-0.29647,0.21187,0.31555,-0.16828,-0.16065,0.22042,-0.11299,-0.060047,0.069766,0.38218,-0.12899,-0.18807,-0.20648,0.25568,-0.023289,0.17446,-0.028097,-0.11253,0.34066,0.03398,-0.24364,-0.022343,0.043847,-0.13756,0.22321,0.18313,-0.19638,0.17022,0.37377,-0.14117,0.025348,0.11531,0.28424,-0.087922,0.36826,0.18792,-0.036419,0.35889,-0.069717,0.20474,0.37204,0.29702,0.3035,-0.12506,0.32461,-0.20637,-0.059371,-0.038238,0.039211,0.23646,0.059809,-0.27725,0.32116,0.23138,0.11188,-0.28719,0.1693,-0.1161,-0.0065075,-0.079311,-0.071712,0.28459,0.12245,0.051848,0.24253,0.14794,0.010761,0.13453,0.24834,-0.13188,0.1775,-0.054309,-0.078473,0.14401,-0.1526,0.062508,0.16508,0.064422,0.00097016,-0.0071574,0.019959,-0.011691,-0.10508,0.38749
0.46018,0.336,-0.1547,0.1844,-0.074905,-0.097275,-0.0066696,0.17317,0.092582,0.19188,0.15911,0.34011,0.45358,0.37611,0.0024584,-0.24347,0.094458,-0.21698,0.27836,0.17943,-0.027809,-0.011366,0.1423,0.027932,-0.12844,0.1123,0.12118,0.34228,-0.088822,0.10847,0.28944,-0.14798,0.19654,0.031492,0.019493,-0.15172,0.15655,0.18883,0.13886,0.40581,0.3265,0.29305,0.101,-0.063778,-0.073435,-0.20646,0.053436,-0.039253,-0.28068,-0.22879,-0.011611,-0.032329,-0.039658,0.043978,0.35389,-0.22774,-0.25719,-0.064141,0.12443,-0.028427,0.051199,0.30635,0.025001,0.20758,-0.13403,0.58581,-0.18441,0.2158,-0.043304,-0.051941,-0.16895,0.11686,-0.029623,0.20847,0.077068,-0.22535,0.022726,0.2134,-0.030693,0.18556,-0.048662,0.0065398,-0.11299,-0.1504,0.032297,-0.1435,0.16227,0.14379,-0.091441,0.013909,0.67519,0.21086,-0.25392,-0.3755,-0.042614,0.12658,0.30938,0.041408,0.15155,-0.20872
-0.19096,-0.16659,0.48121,0.30444,-0.16569,-0.22867,0.17728,0.046202,0.27458,-0.088496,0.051298,-0.010318,0.020375,0.11682,-0.12329,0.082396,0.27471,-0.061907,0.1071,0.33069,0.23677,-0.13924,0.29775,0.15627,-0.1841,-0.044322,0.25746,0.39686,-0.022462,-0.30496,0.14008,0.011026,0.011722,0.47095,-0.27876,-0.018434,-0.010613,-0.0055541,-0.055712,0.001446,-0.15562,-0.054011,0.22363,0.14208,0.11591,0.13131,-0.079279,0.0082726,-0.18001,-0.16771,-0.16161,0.20399,-0.25826,-0.18139,0.18874,0.15884,-0.26578,0.26818,0.20407,-0.18915,0.39054,-0.1943,0.54145,0.061003,0.38016,-0.11331,0.20271,0.059849,-0.020566,-0.0016388,0.085643,0.033525,-0.12575,0.34673,-0.072616,0.39453,0.19761,0.23663,-0.26316,0.31519,-0.086466,0.5005,0.2545,0.036952,0.13808,0.18083,0.35785,0.18407,-0.020026,0.073644,0.38988,-0.20558,-0.14295,0.4049,-0.029159,-0.10374,0.15617,0.10153,-0.050946,-0.063612
0.21806,0.11901,0.26558,0.18165,0.078785,0.049011,0.0072128,0.0050702,-0.094713,-0.07596,-0.034366,0.12839,-0.048243,0.010169,-0.071099,0.11025,-0.10099,0.34955,0.52707,0.26473,0.38093,0.46693,-0.0066584,0.21028,-0.034355,0.4664,0.09831,0.0057336,-0.066709,0.029901,-0.0055963,0.10227,0.51943,-0.092744,-0.077396,0.068127,0.32556,-0.17981,0.12784,0.16978,-0.072408,0.16503,0.0038172,-0.067665,-0.010156,-0.038927,0.41059,0.41797,0.66101,0.29606,0.31526,-0.22126,-0.1102,0.06142,-0.092328,-0.27885,-0.021334,0.39675,-0.28359,0.17387,0.048504,-0.1263,0.39317,-0.14714,0.32654,-0.093378,0.19788,-0.034393,0.095031,-0.21684,0.14428,0.21357,0.23475,-0.050847,-0.27078,-0.098477,-0.17298,0.24113,-0.28921,-0.080998,0.0043836,0.072103,-0.11222,-0.10702,-0.11572,0.16358,-0.24056,0.32218,0.21742,-0.1075,0.00063803,-0.012431,-0.10524,-0.11093,0.36462,-0.20507,0.18644,-0.053145,0.050768,-0.17107
0.29364,-0.01843,0.22359,0.14792,0.11578,0.039744,-0.2188,0.13164,-0.0012473,0.11365,0.031907,-0.21655,0.10786,0.0061863,0.057218,0.059836,-0.096203,-0.0082888,-0.047813,0.47825,0.024181,-0.035257,0.1683,0.10366,0.14895,-0.25413,-0.070304,0.081544,0.06054,0.054363,0.10242,-0.087064,0.15247,-0.12136,0.15374,0.11345,0.19188,-0.05898,-0.13438,0.11057,0.26597,-0.21446,0.085124,0.2364,0.06363,0.13746,0.20034,0.089257,-0.14052,-0.1389,0.038098,-0.064444,0.041799,0.11323,-0.15824,-0.16644,0.062326,0.41909,0.21171,0.20517,0.061787,0.082645,-0.145,0.070085,0.088072,0.0027691,-0.14217,-0.13889,-0.16379,0.11653,-0.17022,-0.21217,0.037715,-0.023385,0.17568,-0.072446,0.45642,0.31758,-0.029608,0.060448,0.048535,0.31133,-0.014184,-0.098786,-0.17705,0.031744,0.25175,-0.25868,0.24667,0.056733,-0.065283,0.16164,-0.065106,0.43998,-0.31853,0.098172,-0.11361,0.2229,0.16812,-0.13831
0.21727,0.12601,-0.15332,0.14549,-0.11922,0.511,0.37156,-0.18079,0.34661,0.14892,0.45382,0.10487,0.0092106,0.076974,-0.011958,0.049732,0.19882,0.035911,-0.084702,0.21789,0.18776,0.07251,0.006717,0.29738,-0.037479,-0.19321,0.28979,0.10746,-0.031736,-0.17225,0.25789,-0.10904,-0.23762,0.25281,-0.037068,-0.17533,0.24629,-0.089926,0.019128,-0.15127,0.17278,0.15098,-0.25619,0.20745,0.01215,-0.027051,0.13313,0.043095,0.1714,-0.054881,0.61301,0.17534,-0.11442,-0.02464,0.083106,0.37689,0.088395,0.078846,0.36452,0.025404,-0.059557,-0.14563,0.016545,-0.14361,0.19316,-0.043473,-0.040628,-0.0077068,0.28894,0.19859,0.10369,-0.20747,0.015932,-0.092404,0.27611,-0.083501,0.073263,0.2856,0.042416,0.24298,-0.074838,-0.23159,0.017264,0.021091,0.066292,-0.10466,0.14502,-0.020569,0.054019,0.58304,0.1716,0.08985,-0.14398,0.038118,-0.15605,-0.10087,-0.072186,0.19255,-0.022643,0.043944
0.01846,0.2706,0.00048778,-0.27152,0.27246,-0.32361,-0.28096,-0.019528,0.037796,0.5486,-0.043927,0.051287,0.082389,-0.38662,-0.11257,0.22291,0.26446,-0.13856,0.037834,-0.23978,0.34693,0.10089,0.19675,-0.13906,0.17994,0.1712,0.21098,0.062707,0.08388,0.052904,0.019635,-0.0014336,0.19195,-0.099561,0.020327,0.16356,0.086271,0.38146,0.11297,0.076872,0.30706,0.67099,-0.08069,-0.13441,-0.29244,0.18776,0.3026,0.015749,-0.11938,0.37455,-0.18574,-0.22981,0.094518,0.32035,-0.023123,-0.029227,0.60734,-0.072285,-0.23021,-0.22234,-0.13433,0.099234,0.29727,0.04447,0.24932,0.10588,-0.19573,-0.04396,0.17439,0.072047,0.25505,-0.023052,-0.083421,0.10898,-0.032367,0.13395,0.37498,-0.17364,0.038438,0.15533,0.15898,0.73008,0.073946,0.05229,0.36277,0.08641,0.16688,-0.12696,0.2632,-0.12815,0.1587,-0.020623,-0.28716,0.29694,0.2206,0.28446,-0.26112,0.24604,0.18505,-0.24174
0.065877,0.4337,-0.21145,0.17939,0.22434,0.29205,-0.43303,0.38003,-0.084236,0.41725,0.16569,-0.0068902,-0.1708,-0.13629,0.041437,-0.10796,0.038151,-0.060602,-0.082427,0.091837,0.33905,-0.1013,0.064137,0.014772,0.4029,-0.16221,-0.1646,0.17404,-0.21383,-0.18103,0.47867,0.082416,0.22374,-0.10352,-0.088285,-0.10859,-0.036408,-0.078799,-0.12228,-0.028583,0.25161,0.14596,0.14512,0.24949,0.34581,-0.13906,-0.20792,0.39713,-0.13345,0.21805,0.22976,-0.2968,-0.30127,0.20276,0.2752,-0.0041026,0.075704,-0.027518,-0.23753,0.037816,0.34137,-0.20233,-0.013647,0.18429,0.089845,-0.042517,0.025578,0.034623,0.21715,0.51856,0.034386,-0.05066,-0.10317,-0.13271,-0.012474,0.011955,0.29494,-0.15939,0.27907,0.0093806,0.16451,-0.099334,0.18268,-0.15468,0.022214,-0.050501,0.064742,-0.0078122,0.064057,0.05048,0.4109,0.041204,0.42151,0.29141,0.48238,0.023791,0.38386,0.86194,0.37269,0.050097
0.098953,0.10925,-0.1205,0.40746,-0.24291,-0.24137,-0.036488,-0.029098,0.23372,-0.10186,-0.039009,-0.022177,-0.231,0.4396,0.2666,0.13832,-0.1179,0.081686,-0.21924,0.17561,0.012618,0.23765,-0.044385,0.11521,0.042788,-0.014547,0.20741,0.10048,-0.19543,-0.040098,-0.16145,-0.12087,0.13957,0.52805,0.078689,0.16361,0.025433,0.15301,0.023877,-0.090697,0.29345,0.19671,0.11364,0.18432,-0.02399,0.11863,-0.12888,-0.10107,-0.21772,-0.034539,0.070744,0.048792,-0.14441,-0.24934,0.098654,-0.18957,-0.028776,-0.14951,0.29471,-0.12029,0.021157,-0.16172,-0.22923,0.10512,0.32574,0.17324,-0.16138,0.12024,0.28732,0.66487,0.041105,-0.067366,0.65258,0.14358,0.03984,0.079248,-0.13339,0.18688,0.64429,-0.065229,0.23068,0.15793,-0.23524,-0.1804,0.0065169,0.10946,0.37069,0.15325,0.20426,-0.13463,0.074799,0.19457,0.23858,-0.06545,0.10605,0.13456,0.11616,-0.16515,0.27435,-0.26476
-0.099934,0.17593,0.12459,-0.14228,-0.056266,-0.079882,-0.026748,0.23752,-0.05689,-0.055986,0.19784,0.21219,0.31591,-0.10672,0.0090598,0.27133,-0.015617,0.079666,0.024201,0.065117,-0.10583,-0.019677,-0.068689,-0.054764,0.060297,-0.051474,-0.07561,-0.014545,0.16936,0.43215,0.18458,0.12178,0.016932,0.027921,0.30775,0.47507,0.11693,-0.23916,0.023184,-0.27863,0.17872,0.42669,-0.24456,-0.12934,-0.049626,0.32871,-0.28505,0.41137,0.19557,0.18059,0.083879,0.24057,-0.17698,0.26598,0.18062,-0.043656,-0.12755,0.10781,0.21027,0.16571,0.1063,-0.013918,0.17941,-0.099358,0.38294,-0.022315,0.13345,0.10986,0.10818,-0.14472,-0.15045,-0.12512,-0.088729,-0.058155,0.038503,0.23566,0.10402,0.66204,0.16898,-0.12825,-0.25062,0.011085,-0.16119,0.030402,-0.11952,0.12868,-0.14539,0.15113,-0.26353,-0.061398,0.14666,0.14091,0.023541,0.32862,0.19401,0.22604,-0.18496,0.18985,0.01687,0.30974
-0.11876,0.22671,0.050638,0.3636,0.066116,-0.15665,0.12257,-0.03568,-0.10505,0.081137,-0.065187,0.016256,0.24839,-0.1457,0.36009,0.10392,-0.22611,0.11747,0.035212,0.028898,0.0030077,-0.1098,-0.095905,0.10919,0.24396,-0.2086,0.16527,-0.1807,0.29542,-0.14641,-0.042919,0.060426,0.031067,0.1193,0.45767,-0.19088,0.18279,-0.15068,-0.21292,0.020857,0.50017,0.0034884,0.38858,0.15463,-0.039527,-0.13375,0.41885,-0.018468,-0.074817,0.11292,0.12289,0.10785,0.36716,-0.063445,-0.32968,0.082867,-0.053456,-0.24405,-0.0062787,0.28981,-0.30206,-0.031975,0.13838,0.1271,0.12084,0.052195,-0.17519,0.14138,-0.2773,-0.10659,-0.14787,0.0029715,0.070942,0.12708,-0.039126,-0.14392,-0.0079,0.038635,-0.057717,0.17048,0.2907,-0.15211,0.040359,0.24206,0.51239,0.28765,0.66317,0.15617,0.13834,0.14348,0.053218,-0.35777,0.34177,0.13865,0.017778,0.039953,0.24543,0.026165,-0.11377,0.20704
0.10337,-0.054208,0.12194,-0.15249,0.26984,0.013503,0.32802,-0.18699,0.39131,0.35011,0.020221,0.24679,0.015588,-0.0031056,0.076591,0.10851,0.1829,0.35303,-0.039874,0.31467,0.077247,0.22362,0.00022551,0.048906,-0.054291,0.11453,0.11109,-0.072958,0.1237,0.18254,-0.085112,0.26282,-0.017546,-0.31762,0.11817,0.215,0.27293,0.089687,-0.084039,0.038713,-0.26984,0.0060849,0.087831,0.094907,-0.013622,-0.14191,0.13566,-0.018026,0.23786,0.19708,0.027795,0.17991,0.19617,0.1042,-0.1299,0.27054,0.034826,0.29798,-0.20004,0.23009,0.0785,0.17469,0.24219,-0.091821,-0.068426,-0.1177,0.27161,-0.0258,0.087843,0.10273,0.12317,0.17078,0.10542,-0.10218,-0.084906,-0.03771,0.35473,0.024054,0.28041,0.15652,-0.084512,-0.01245,0.05642,-0.16647,0.46081,0.057451,-0.038216,-0.028453,-0.079055,0.13458,0.24418,-0.13186,0.12149,-0.11602,0.11976,0.42206,-0.0012078,-0.13294,-0.18494,0.18344
0.057364,-0.0030798,0.16946,0.4693,0.039404,-0.12228,0.028585,0.21184,0.27325,-0.17283,0.28483,0.29776,0.82648,0.46355,-0.11352,0.40764,0.20689,-0.11859,-0.20067,-0.0061456,0.28922,0.27749,-0.021031,0.068991,0.4397,-0.06283,0.34465,-0.068657,-0.15185,-0.079177,0.084193,0.0021709,0.064648,-0.17625,-0.20558,0.030951,0.025797,-0.12938,-0.10778,-0.13183,0.21376,0.35748,-0.11196,-0.29034,0.0445,0.15994,-0.16112,-0.013169,-0.19572,0.24324,0.13714,-0.021166,-0.11282,-0.01424,0.073814,-0.045505,0.076528,0.25419,0.0016747,0.08698,0.045665,-0.10368,0.10777,0.33344,0.075399,0.40294,-0.06473,0.094459,-0.19943,0.058732,0.0073193,0.21157,-0.16236,-0.042033,-0.052154,-0.012098,-0.053046,0.081132,0.0060797,0.43626,-0.1589,0.0094748,0.25968,0.13425,0.23022,0.32667,0.44738,0.24766,-0.14656,-0.14783,0.32013,-0.10954,-0.0060106,0.1789,-0.13017,-0.071873,-0.10314,0.0022883,-0.14765,0.056935
-0.21439,-0.12927,0.0513,0.089037,0.0071093,0.071835,0.26144,0.11638,-0.031335,0.29239,-0.15342,0.13218,0.052395,-0.00013482,0.028431,0.25792,-0.062274,0.42832,-0.019878,-0.18924,0.10722,0.073831,-0.028477,0.056434,0.044493,0.32439,0.12191,0.18699,0.22758,-0.31568,0.29229,-0.059805,0.082595,-6.4304e-05,0.021897,-0.25059,0.14959,0.31293,-0.19609,0.086621,0.24096,0.10034,0.21714,0.10032,-0.0056588,-0.018776,0.17913,-0.16122,-0.27784,-0.0030036,-0.060755,0.05788,-0.036926,0.096372,0.061703,0.031153,0.095418,0.27445,0.24791,-0.066737,-0.28746,0.055372,-0.060768,-0.045722,0.18648,-0.22528,-0.068724,-0.046176,-0.09188,-0.045673,0.011876,0.083891,0.049862,-0.063507,0.2283,-0.034157,0.11538,0.25868,0.25517,0.053933,0.60517,0.16758,-0.10503,0.18226,-0.06532,0.025015,-0.13229,0.25215,0.23708,0.1048,-0.047333,0.046779,0.36663,0.15097,-0.11308,0.1392,0.22972,0.41337,0.38819,0.0043215
0.5371,-0.23255,0.071112,-0.10929,0.039299,0.14883,0.15394,-0.19573,0.12382,0.037161,-0.25378,0.12051,-0.042945,-0.050678,0.065608,0.0092841,-0.090878,0.27436,0.1599,-0.049741,0.015589,-0.23326,0.26289,0.112,-0.088426,0.49848,0.22348,-0.19312,0.53675,0.037376,0.2549,0.23497,0.15278,-0.13621,0.33632,0.2602,0.23408,-0.0021469,-0.23627,0.18147,-0.057024,0.1866,0.28143,-0.085246,-0.045816,-0.17639,-0.19419,-0.17977,0.023941,0.41619,0.27532,0.45773,0.098232,-0.23286,0.11543,0.42957,0.50583,-0.18796,-0.020334,0.031062,0.24392,0.018551,-0.088569,-0.18455,-0.029235,-0.0068007,-0.048608,-0.095495,0.22937,0.044931,0.10367,0.12587,0.059609,0.13056,-0.10228,0.1425,0.22211,0.079033,-0.22228,0.37573,0.12442,-0.24378,-0.237,-0.019409,-0.085936,-0.02148,0.52,0.063831,-0.042494,0.016625,-0.1025,0.15889,0.032461,-0.13643,-0.14027,0.28876,0.14758,-0.038217,0.096344,0.15262
-0.10932,-0.011587,0.34605,0.2879,0.10011,0.11202,0.1743,-0.2265,0.065718,0.2315,0.05482,-0.15614,0.21901,-0.11928,0.0016568,0.32337,0.083639,0.014868,0.1943,-0.039325,0.011829,0.16298,0.10314,0.23534,0.49349,-0.04948,-0.20013,0.16711,0.20013,0.1793,0.22558,-0.064121,0.30495,0.34505,-0.11528,-0.085769,0.28703,0.026752,0.0057913,-0.022813,0.099539,-0.022394,-0.1273,0.16671,0.52714,-0.17848,-0.051285,0.22534,0.11098,-0.057691,0.050272,-0.020236,0.31386,0.41704,-0.14139,0.13774,-0.025667,-0.062679,0.089753,-0.26752,-0.037537,-0.086067,-0.041371,-0.03844,0.57873,-0.1464,0.14305,-0.0042633,0.10645,-0.04636,0.4155,-0.051903,0.11215,0.065199,0.17211,-0.045811,0.076111,-0.033177,0.038366,0.063929,-0.079136,0.0058836,0.23429,0.27131,-0.14583,0.20508,0.25576,0.17383,0.10796,0.012822,0.021018,0.46883,0.17143,-0.20052,-0.066434,0.013091,0.056395,0.23256,-0.20814,-0.019959
0.23347,0.10735,0.11695,0.31225,-0.067887,0.052762,0.074627,0.013367,-0.075473,-0.040968,-0.045617,-0.025436,0.0038826,0.07567,0.10477,-0.12869,-0.17872,0.0098376,0.095958,0.33538,0.085566,0.35326,-0.075414,0.18837,0.15545,-0.046226,0.11643,0.050065,-0.28532,0.18817,0.013812,0.4365,0.025708,0.028101,-0.018737,0.20498,0.25234,-0.1311,0.17248,0.02968,0.29661,0.14789,0.10038,0.12685,0.18451,-0.026867,0.30282,0.018143,0.0064483,-0.042703,0.59044,0.15916,-0.0062942,0.025677,-0.28634,0.36048,-0.038216,0.19793,-0.41174,0.017348,0.056251,0.22093,-0.089892,0.22594,0.17857,0.1704,0.61546,-0.041208,-0.062234,0.12527,0.096466,-0.29852,0.21329,0.016507,-0.081928,-0.15166,-0.072504,0.053444,-0.12794,0.0055143,-0.10663,0.037247,0.38462,0.17278,0.1553,0.12087,-0.073126,0.36068,-0.063886,0.036746,0.012501,0.1627,0.0081946,0.088807,-0.05921,0.035581,-0.11379,-0.057558,-0.0558,-0.15655
0.12708,0.3651,-0.25229,0.068564,0.36695,0.35057,0.32223,-0.1004,0.024313,-0.3213,-0.034792,-0.033408,-0.011236,0.36215,0.1632,0.33133,-0.033681,0.21654,-0.035449,0.32672,-0.015328,-0.05557,0.015138,0.39437,0.3647,-0.048986,-0.16794,0.11244,0.2589,0.15761,0.0042323,0.31972,0.15283,0.11511,0.28999,0.028285,0.051023,-0.098903,-0.10936,0.14647,0.18943,-0.0066615,-0.015856,0.084372,0.016028,-0.17909,0.070347,0.038251,0.0029196,0.068907,-0.054687,-0.17761,0.042742,0.080768,0.25688,0.076888,-0.11958,-0.060973,-0.018551,0.29877,-0.26286,-0.030577,-0.062943,-0.012319,-0.017308,-0.029734,0.099775,0.13756,-0.066111,0.25423,-0.21075,0.089986,0.31726,-0.21594,0.19139,0.14284,0.10338,-0.011324,0.086377,0.057309,-0.076035,0.23559,0.019297,0.075766,0.8234,0.33773,0.5278,-0.1389,-0.19245,-0.11127,0.045251,-0.038383,0.0045741,-0.10417,-0.045596,0.14672,-0.19199,-0.11333,0.71407,-0.091287
-0.14149,-0.21486,-0.26914,0.25947,0.24977,0.18645,0.54462,0.029682,0.001616,-0.29063,-0.079949,0.2966,0.047853,-0.026025,0.053236,0.085931,0.050153,-0.13801,0.074156,-0.2669,0.064666,-0.017935,0.10099,0.22639,0.046286,0.33329,0.23302,0.082847,0.18141,0.062191,-0.11143,-0.22145,0.58202,-0.088923,-0.15331,0.12326,-0.22097,0.14059,0.1541,-0.017916,0.017395,0.086026,-0.032995,0.16613,-0.076304,-0.045728,0.11014,0.25979,-0.033706,0.39103,-0.016036,0.18762,0.11007,0.14856,0.049274,-0.038535,0.075686,0.15265,-0.13541,0.22422,-0.19635,0.39397,0.33125,-0.064712,0.33305,-0.095783,-0.23158,-0.18315,0.082682,0.26579,0.09645,0.17356,0.37672,-0.28586,0.089248,-0.0038022,0.14321,0.11667,-0.14468,0.12618,-0.068426,0.21109,0.045369,0.19804,0.24347,-0.18853,0.11674,-0.035237,-0.078864,0.26666,0.35443,0.19759,-0.18681,0.32635,-0.10389,-0.057573,0.087302,0.045042,0.18863,0.0037094
-0.12307,0.02066,0.056974,0.073945,0.30403,0.082826,-0.11225,0.30615,0.12181,0.073591,0.063364,0.079142,-0.12275,-0.13664,0.032759,-0.015353,0.28894,0.041202,-0.12985,0.34957,-0.029074,-0.25353,0.18618,0.1004,0.085259,-0.14636,0.41908,0.0076474,-0.1187,-0.15425,0.19919,0.17208,0.28929,-0.10438,0.18742,-0.023853,0.56836,-0.036239,0.33181,0.39797,-0.028134,0.27286,-0.030934,0.26998,-0.21639,0.10966,-0.096004,0.24981,-0.084437,-0.01373,0.3275,0.058201,-0.078661,0.13407,0.30634,0.36519,-0.12211,-0.14618,0.24672,0.099715,0.054607,0.030431,0.17009,-0.010292,0.085806,0.26246,0.15182,-0.11641,0.2162,0.43863,0.083857,0.079723,0.20149,0.072728,-0.037276,0.061479,0.15165,-0.2115,-0.077777,-0.045397,0.3794,-0.043929,-0.060063,-0.050582,0.27409,0.30386,-0.058533,0.4597,-0.032898,0.037739,0.15182,0.23469,0.14317,-0.22369,-0.17184,0.020211,0.2333,0.17586,0.018585,0.0965
0.13793,0.26443,0.15081,0.089001,0.098002,-0.32659,0.10163,-0.015371,-0.15044,0.37866,-0.012603,-0.20929,0.3443,0.046471,0.63538,0.31624,0.025805,-0.10351,0.086385,0.13734,0.15881,-0.29641,0.076764,-0.10896,-0.046166,0.18569,0.15177,-0.16642,0.4465,-0.33297,0.28417,0.45173,0.22721,0.066121,0.027202,0.20821,0.16138,-0.25512,-0.22034,0.52842,0.24977,-0.19694,0.1259,-0.035817,-0.26869,0.050532,0.26634,-0.10502,-0.39489,-0.21269,0.33604,0.34044,-0.21651,0.34152,0.062713,0.1619,0.21689,0.12772,0.26674,-0.27659,-0.14904,-0.13211,-0.21225,0.178,0.05761,0.18726,0.055065,0.042301,0.2226,0.17392,0.0025876,0.074615,0.061507,0.3385,-0.066579,-0.10722,0.064153,0.063096,0.44144,0.057758,-0.019604,-0.048519,-0.2216,0.056389,0.31315,-0.025035,-0.08235,-0.073877,0.18853,0.2107,0.29006,0.0039612,0.475,-0.12034,-0.16204,0.031651,0.038294,0.1687,0.5086,0.0022749
0.020735,0.18735,-0.10456,0.243,-0.19822,-0.13953,-0.063611,-0.085407,0.23924,-0.1788,-0.21498,-0.20886,0.36811,-0.099967,0.29748,0.0038619,-0.25686,0.00059079,0.0044349,-0.39363,0.22408,-0.091105,-0.059116,0.026065,0.24063,-0.16908,0.064999,0.33101,-0.037381,0.12141,0.18927,0.11545,0.30272,0.21004,-0.014774,0.13876,0.25336,0.42776,0.005164,0.13565,0.41163,0.079411,-0.018829,0.1951,-0.011538,-0.038194,0.77409,0.402,0.19853,-0.064309,-0.0017655,-0.2188,-0.056027,-0.18283,-0.23055,0.3344,-0.054329,0.34683,0.09003,0.085794,0.17789,0.092226,0.33137,-0.12842,0.25972,-0.12566,-0.1082,0.28133,0.19177,-0.0067676,-0.33909,0.15668,0.23529,0.24046,0.091508,0.57055,0.1048,0.034563,0.081675,0.21224,0.012844,0.074385,-0.1037,0.42164,-0.1136,0.37343,-0.015104,0.037007,0.18403,0.1884,-0.13079,0.067521,-0.18037,0.27127,0.11066,-0.03063,0.021098,0.17195,0.15279,0.13328
0.13254,-0.11611,0.11325,0.30008,-0.03685,-0.31973,0.2009,0.17779,-0.034937,0.24705,0.077369,0.19258,0.20197,0.34275,-0.005699,0.034144,0.0038999,-0.093516,0.031458,-0.21563,0.095898,-0.14747,-0.17125,0.11509,0.087058,-0.17603,-0.20794,-0.14888,0.22339,0.48435,-0.00088771,-0.22692,0.28819,0.45433,0.4955,-0.045835,0.06249,0.34729,0.014175,0.13173,-0.10347,0.619,0.30906,0.27263,0.082803,0.25123,-0.11535,0.32965,0.46715,-0.015377,0.52036,-0.0058904,-0.15523,0.17794,-0.084323,0.39305,-0.010591,-0.11487,-0.045071,0.037045,0.22462,0.18313,0.18593,-0.06152,0.54026,-0.08223,0.33673,0.0035256,0.09245,0.16493,-0.0035317,0.33981,0.055074,-0.034442,-0.036922,0.070068,0.032425,0.21762,0.33756,0.21774,-0.35491,0.055748,0.24116,0.38868,0.16512,-0.12426,-0.097134,0.10207,0.81932,-0.1074,0.43574,-0.074764,0.16031,-0.025168,0.057074,-0.1249,-0.034353,0.16631,0.28922,-0.20046
0.77219,-0.033378,-0.015515,-0.067898,0.087358,0.047576,0.28968,0.03277,-0.14215,0.34468,0.2309,-0.04568,-0.046594,0.23751,-0.0042988,-0.060171,-0.074307,-0.17975,-0.026498,0.18118,-0.003779,0.16341,-0.28353,-0.32897,0.60959,0.46843,0.34068,-0.21029,0.54308,0.11902,0.022683,-0.010471,0.27659,0.13601,0.11947,0.095618,-0.26138,0.23952,0.18107,-0.11634,-0.10962,-0.036325,-0.1339,0.192,0.09698,0.14609,0.20678,-0.014373,0.2935,0.21923,0.062583,0.010965,-0.12262,-0.17807,0.14859,0.0022921,0.13581,0.14347,0.55899,0.55586,0.26326,0.04905,0.038311,-0.27026,0.011378,0.36769,0.27758,0.046498,-0.11035,-0.034231,0.011126,-0.043879,0.13653,0.19389,0.084217,0.19782,0.17812,-0.069215,-0.17438,0.099394,0.020441,0.19599,0.15585,-0.12352,0.10398,0.29619,0.17168,-0.1491,0.10207,-0.1878,0.23602,0.42057,0.014499,0.11305,-0.28942,0.1946,-0.19746,-0.31795,0.035336,0.018877
0.085821,-0.059673,-0.067083,-0.061931,0.061523,0.33318,-0.11804,0.1875,0.13292,0.24921,0.05688,-0.034463,0.012583,-0.14842,0.43485,0.7574,0.081491,-0.28904,-0.077649,0.10497,-0.022419,0.033424,-0.17436,0.40523,0.061657,0.48477,0.11564,-0.1022,-0.20111,0.24556,0.12119,0.024503,0.037455,0.44511,-0.12837,-0.0295,0.031823,0.0055966,0.0088658,0.17725,0.0036474,0.025053,0.052102,0.11417,0.36341,0.13357,0.37539,-0.072071,0.21706,0.25096,-0.0065887,-0.2422,0.093517,-0.01742,-0.11852,0.027445,-0.086184,0.033676,0.035183,0.1025,0.26614,-0.037666,0.36601,-0.24347,0.077222,-0.22298,0.031821,0.045145,0.012362,-0.015513,-0.10693,0.36863,0.15347,-0.00077705,0.24133,-0.029347,-0.12587,0.014355,0.15747,0.0039829,-0.13856,-0.17552,-0.3185,0.058198,0.20761,0.15086,0.15404,-0.10859,0.65413,0.24673,-0.11144,0.66768,0.38805,0.11346,-0.13751,0.20081,-0.032896,0.10703,-0.19616,-0.20331
0.24917,0.12603,0.48905,0.22194,0.29418,0.16976,-0.040221,-0.028712,0.14801,0.089002,-0.1179,0.17206,0.23279,0.37351,0.0001377,0.0080512,-0.15127,0.19277,-0.051631,0.28653,-0.24275,-0.044528,0.31307,0.057319,-0.0050021,-0.10325,0.047814,0.1805,0.12807,-0.27418,-0.044028,0.28061,-0.24615,0.49012,0.20297,-0.11609,-0.17634,0.17317,0.025648,0.27469,0.014333,-0.05526,-0.16689,0.05219,-0.018185,0.28357,0.21698,-0.057242,0.02246,0.6023,-0.13492,-0.29515,0.38593,0.24443,-0.088059,-0.33288,0.30629,0.066438,-0.10489,-0.004764,0.18249,0.50595,0.34993,0.14684,-0.088305,0.00061966,0.21005,0.14246,-0.048979,-0.066221,0.32854,0.26467,0.26032,0.0070245,0.16401,-0.18817,0.068055,0.10537,0.0092855,-0.055263,0.16547,0.17712,-0.036868,-0.071929,0.2848,0.16969,-0.01963,-0.29416,0.084232,-0.022267,0.37485,-0.1387,0.41681,0.19078,0.093441,-0.1464,-0.16826,0.17972,-0.326,0.34092
0.066025,0.11347,-0.018762,0.31857,-0.093457,-0.27318,0.23715,-0.080823,0.042521,0.177,0.056851,-0.045377,0.14464,-0.25548,-0.016725,-0.10166,-0.06301,0.099568,0.012804,0.18133,0.15581,-0.15511,0.23523,-0.11705,-0.14657,-0.050354,-0.10452,0.067857,0.43806,0.58876,0.46299,-0.18841,-0.02932,-0.30606,0.29372,0.14597,-0.027471,-0.055473,-0.2375,-0.030204,0.22668,0.13809,-0.024918,0.18279,0.2298,-0.18631,0.12203,0.18796,0.17575,0.077344,-0.1475,0.30999,-0.072294,-0.15806,0.34251,0.37987,0.19615,-0.038517,0.34434,-0.10844,-0.061808,0.61856,0.056934,0.1821,0.05418,0.067827,-0.084381,0.0099978,-0.031682,-0.053733,0.47932,0.086961,-0.31696,0.36128,0.0028155,0.30762,0.0061804,-0.043901,0.22874,0.52534,-0.14449,-0.015731,0.20252,0.14573,0.12774,-0.24434,0.14452,-0.31413,0.0082253,0.18367,0.073135,0.24025,0.23282,0.20109,-0.089075,-0.13095,0.080677,0.39664,0.11559,-0.043476
-0.13249,-0.11271,-0.21157,-0.081579,0.073054,-0.089984,-0.11778,0.23691,0.10399,0.13686,-0.082383,0.097142,0.12182,0.2339,0.4212,-0.0095314,-0.008891,0.064438,-0.17257,-0.02573,0.35822,0.1722,-0.012054,0.13412,0.12865,0.033691,0.36581,-0.2162,0.44137,0.13486,0.16505,-0.12412,0.35038,0.050652,0.21435,0.15646,0.025008,0.059597,-0.12965,0.55426,0.54237,0.26758,-0.15653,0.058854,-0.022377,-0.13533,0.13624,0.1352,0.16088,0.15853,0.28561,0.45502,-0.30822,0.099166,0.18293,0.11599,0.061093,0.076685,0.42925,0.19919,-0.079542,-0.1357,0.23245,-0.079208,-0.046166,0.14026,-0.069624,-0.22904,-0.090106,0.15816,-0.20701,0.071945,0.40666,0.25803,0.12292,-0.16191,0.083371,0.027436,-0.11188,0.27923,-0.11689,0.42066,0.031016,0.17167,0.14089,0.31899,0.16863,0.052552,0.088357,-0.24502,0.034761,-0.17573,0.47607,0.048448,0.12489,0.22495,-0.055256,0.059085,-0.10987,0.13782
-0.046124,0.27905,0.084386,0.21662,0.068264,-0.072772,0.46529,0.051721,-0.18299,0.19126,0.054573,-0.17269,-0.14911,-0.10764,-0.16751,-0.37311,-0.17253,0.18925,-0.08236,0.083877,-0.036597,0.34763,0.23247,0.074523,0.49207,-0.23551,-0.0083388,0.086119,0.62947,0.19116,0.15131,-0.10418,-0.02634,0.15007,-0.14173,0.44072,0.14878,0.66424,0.2306,-0.20272,-0.028021,0.1764,0.030005,-0.032295,-0.12603,0.6807,0.14472,0.0050099,-0.19359,0.3199,-0.091836,0.12349,-0.11072,0.20505,0.17552,0.7072,0.074226,-0.12352,-0.2342,0.046145,0.15857,-0.048024,-0.11339,-0.13674,0.13523,-0.001505,-0.20946,-0.078152,0.35487,0.091555,-0.028593,0.23461,0.078008,-0.026095,-0.031542,0.17639,0.1588,-0.08262,0.0054874,0.12974,0.090546,0.25879,0.10487,0.22921,0.042633,0.12966,0.2504,0.0052793,0.24013,0.053753,0.076536,-0.21515,0.056819,0.096484,0.041326,0.26469,0.24275,0.40574,0.33003,0.24974
-0.10563,0.0018877,-0.18353,0.16226,0.10378,-0.19242,0.3953,0.29315,-0.031646,-0.18147,-0.092751,0.32334,0.3326,0.35996,0.26768,-0.041164,0.054046,-0.003642,0.16734,0.15777,-0.12763,0.13183,0.39202,0.072538,0.58218,0.17321,0.032396,-0.037568,0.037594,0.18537,0.025527,0.28476,-0.17785,-0.22634,-0.1001,0.47569,-0.16021,-0.15709,0.076323,-0.085757,0.22963,0.34951,0.3388,0.64632,-0.10038,0.29988,0.39786,0.025514,0.24627,0.27593,0.23293,0.41669,-0.042655,-0.074413,0.099312,0.2662,-0.023472,-0.044192,0.39054,-0.10902,0.11364,0.14042,0.17116,0.050877,0.39587,0.075529,-0.18333,-0.19987,-0.050161,0.026212,0.048367,0.61441,-0.0784,-0.16692,-0.01103,0.18769,0.19362,0.13637,-0.059348,-0.04827,-0.42682,0.50833,-0.093042,0.021787,0.0042541,0.078401,-0.029408,0.041355,0.069266,-0.14654,-0.22312,0.29887,0.13626,-0.1015,0.17807,0.094387,0.16602,0.37359,0.70566,0.010036
0.24678,0.35922,0.11244,0.26869,0.042811,0.19844,-0.0096714,0.20226,0.19371,0.13285,0.14705,-0.06746,-0.1645,0.26015,0.029057,0.096056,-0.05172,0.013483,-0.097422,0.10922,0.2379,0.049211,0.17259,0.10525,-0.07363,0.070093,-0.091039,0.24928,0.033107,-0.24088,0.01616,0.077312,0.11199,0.084898,0.022258,0.067585,0.39739,0.018773,0.046318,-0.086767,0.019414,0.11733,0.18379,-0.1989,-0.085701,0.26811,0.3339,0.1022,0.44148,0.12565,-0.19847,0.31701,0.19226,-0.071612,0.093895,0.064526,0.31788,0.082262,0.092867,0.14805,0.31514,0.05358,-0.17603,0.22728,-0.14163,-0.20694,0.35538,0.31396,0.27208,0.036897,0.10108,-0.025946,-0.35443,0.16354,0.098247,-0.10352,-0.12252,0.089827,0.30435,0.0038821,0.19513,-0.14915,0.13634,0.18126,0.099263,-0.011363,-0.089861,0.30908,0.18608,0.13492,0.1148,-0.18102,-0.1397,0.22441,0.23513,-0.025103,0.16509,-0.05866,-0.10948,-0.089171
0.20867,-0.10444,0.16666,-0.027836,0.044687,0.50955,0.33138,0.26405,0.34634,0.26449,0.33078,0.092516,-0.013339,0.25965,-0.154,0.059807,-0.014916,0.060131,-0.14304,0.12817,0.012849,0.35162,0.37821,0.061119,0.035206,0.20138,-0.11752,-0.0049619,0.010425,0.82982,-0.10814,0.14588,0.31295,0.31573,0.30059,0.33216,0.099085,-0.016859,-0.0086937,0.058491,0.0689,0.031584,0.034276,0.17488,0.037158,-0.011556,0.26804,0.44565,0.15644,0.020336,0.11214,0.16921,0.095402,0.19564,-0.1136,0.0094292,0.028505,0.20717,0.0059362,0.62587,-0.055781,-0.076106,0.22391,0.16938,0.20918,0.23996,0.30622,0.16688,0.034832,0.095123,0.19563,-0.03351,0.21509,0.28957,-0.0022724,-0.11407,0.021594,0.33483,0.12214,-0.18458,-0.12223,0.31935,0.10396,0.026655,0.1361,-0.027432,-0.11588,0.42786,-0.00031979,0.09852,0.22558,0.28892,-0.012392,-0.15594,0.19568,0.11875,0.16008,0.094069,0.077003,0.29633
