-0.009787,0.01204,0.0057178,0.010618,0.019995,0.0046991,0.023808,0.011005,0.01442,0.012943,0.021074,0.010384,0.0043566,0.0073284,0.013741,0.013614,-0.0022984,0.04002,0.012491,0.0113,0.020353,0.011408,0.0053981,0.0044971,0.017735,0.01779,0.020047,0.019049,0.013024,0.044591,0.018993,0.026211,0.0052954,0.019495,0.010278,0.018865,0.0046203,0.017312,0.017031,0.0062092,0.028328,0.021667,0.029503,0.0045564,-0.0010367,0.0064015,0.015549,0.0037199,0.012517,0.0064876,0.0010276,0.02553,0.0076616,-0.0026099,0.012331,-0.0057764,0.0054766,0.012025,0.022555,0.020616,0.0052174,-0.00069229,0.00056725,0.019137,0.021719,0.019659,0.0032409,0.008234,0.015933,0.040533,0.0086686,0.023372,0.012181,0.0091354,0.0018063,-0.0061003,0.0093603,0.0029662,0.012799,0.032696,0.0079863,0.033143,-0.0021073,0.024491,0.0199,0.026806,0.018525,0.0097218,0.010873,0.034131,0.0091514,0.028977,0.010508,0.025151,0.020385,-0.016664,0.0017657,0.013251,0.038723,0.013062
-0.002995,0.00035916,-0.0010395,0.0013229,-0.012143,-0.0099941,0.020276,0.012465,0.0050695,0.028579,0.0027782,0.01878,0.014567,0.008665,0.0092898,0.022012,0.013395,-0.0019119,-0.0033846,0.017567,0.017093,0.011016,0.021487,0.021488,0.012513,0.014444,0.022616,0.0076441,0.012749,0.016512,0.027226,0.019132,0.021359,0.013257,0.01434,-0.0060493,0.039229,0.020893,0.015967,-0.0066496,0.035936,0.019471,0.014973,0.023623,0.020983,0.024581,0.0065403,0.017423,0.010754,0.021604,0.019017,0.015316,0.01884,0.015295,0.013189,0.015721,0.011306,0.022422,0.0052881,0.022157,0.012623,0.016554,0.014378,0.0080243,0.033665,0.019368,0.021722,-0.001038,0.0039946,0.018678,0.013069,0.0027324,0.018734,0.0035808,0.0054601,-0.0055985,0.023934,0.016421,0.021105,0.015371,0.011662,0.017778,0.015636,0.024153,0.022716,0.0091416,0.030113,0.009457,0.0091789,-0.0051501,0.016463,0.023426,-0.00867,0.0057126,0.029754,0.0093554,0.024875,0.0042125,0.010871,0.0071105
-0.0041953,0.0079919,1.6415e-05,0.012343,-0.013988,0.011036,-0.001153,0.0041236,0.0086822,-0.0077828,0.0030899,0.0059822,0.0051729,0.020292,0.0082555,0.014119,0.019454,0.027215,0.0072024,0.019046,0.023759,0.016306,0.0076616,0.0084487,0.012338,0.010864,0.021313,0.023831,0.026878,0.028789,0.016454,0.016909,-0.0071679,0.0069103,0.0093928,0.014451,0.016397,0.01434,-0.0080232,-0.003009,0.030896,0.027674,0.020564,0.00021999,-0.0031906,-0.013896,0.020756,0.0054443,0.014493,0.032136,0.0073281,0.030778,0.03646,0.013498,0.021394,0.0116,0.012667,0.015389,0.020488,0.0026106,0.025272,0.0084463,0.0041723,0.01872,0.0153,0.0090444,0.021348,0.0086691,0.024404,0.011569,0.030891,0.024229,0.025818,0.01241,-0.0097643,0.028609,0.018367,0.013669,-0.0034608,0.011562,0.0095431,0.023681,0.022291,0.024405,0.010637,0.015687,0.012195,-0.00088756,0.021308,0.020907,0.02108,0.011726,0.020731,0.0090225,0.030491,0.012239,0.0051571,0.0058544,0.00057876,0.02126
-0.0032216,0.028757,0.0080869,0.0030313,0.010713,0.019262,0.015779,0.0073115,0.030996,0.020094,0.015859,0.004543,0.0042884,0.019505,0.022009,0.017302,0.0012096,0.013584,-0.0062666,0.0072402,0.013471,0.012949,-0.014718,-0.0097223,0.0014008,0.011983,0.022369,0.010846,0.026306,0.0026225,0.020417,0.017579,0.014491,0.014901,0.023166,0.028618,-0.00087747,0.010621,0.024593,0.011789,0.017565,0.010886,0.00784,0.0063303,0.0261,0.012992,0.002023,-0.0050893,0.00079017,0.018214,0.019908,0.01946,0.021561,0.02286,0.040621,0.028502,0.03064,0.0066605,0.01078,0.01255,0.016668,0.010325,0.02769,0.018965,0.02984,0.00086068,0.024242,0.014586,0.02313,0.023258,0.0042025,0.0051204,0.01734,0.015472,0.036124,0.018271,0.028165,0.024791,0.0077372,0.019621,0.028435,-0.0095244,0.020961,0.015321,0.014476,0.012261,0.00098739,0.0016428,0.01749,0.017769,0.013595,0.014523,-0.00051928,0.015455,0.025729,0.0041015,0.023286,0.007122,0.0084749,0.0077457
0.0077813,0.0018046,0.012477,0.0070214,0.0055464,0.0031764,0.020653,0.017175,0.0085003,0.010391,0.0071261,0.0066835,0.0052118,-0.0070007,0.013466,0.011162,0.016289,0.0070162,-0.0012041,0.0094113,0.029863,0.017607,0.021226,-0.0011431,0.018653,0.026362,0.0055722,0.016568,0.027174,0.023997,-0.0083475,0.045039,0.017518,0.0023383,0.0049582,0.017211,0.019645,0.018947,0.02743,0.016694,0.015308,0.0089969,0.010602,0.018432,0.010975,0.030923,0.0095153,0.02136,0.0072698,0.021452,0.0061688,0.0036804,0.026173,0.011981,0.023424,0.0051104,0.019001,0.010259,0.021577,0.010822,0.01271,-0.00064498,0.018929,0.01784,0.025854,0.018129,0.021816,0.0057511,0.0036978,0.01001,0.0096038,0.02342,-0.0037333,0.018644,0.017343,0.011261,0.024357,-0.0039415,0.00062152,0.013118,0.015681,0.0078354,-0.003284,0.015223,0.017424,0.025069,0.015049,0.0093864,0.013269,0.00037212,0.0018938,0.0095451,-5.3413e-05,-0.00061234,0.025571,-0.00299,0.0064696,-0.0016152,0.0055839,0.015765
-0.006666,-0.0011411,0.014026,-0.0055882,0.0051871,-0.0043479,0.028851,0.015638,-6.7958e-05,0.0293,0.0098037,0.0069691,0.02063,0.013532,0.020089,0.019002,0.011639,0.020374,0.0093148,0.0053361,0.0098026,0.016852,0.011588,0.014062,0.0034267,0.0010491,0.02459,0.019401,0.010185,0.01021,0.022007,0.016279,0.019228,0.021248,0.032652,0.013105,0.018422,0.030148,0.014313,0.013661,0.028019,0.012845,0.020097,0.025384,0.031815,0.020833,0.020729,4.8952e-06,0.017799,0.010908,-0.0007534,0.03754,0.01621,0.0060807,0.017602,0.006494,0.01408,4.3557e-05,0.0084864,0.026224,0.015835,0.012008,0.0077723,0.017476,0.012341,0.0049146,0.0021126,0.026676,0.01851,0.027934,0.0094634,0.015655,0.0127,0.008255,0.029064,0.012625,0.01113,-0.00037298,0.01005,0.017173,-0.0020338,0.011228,0.016951,0.019921,0.01982,0.01733,0.034423,0.016928,0.013843,0.00044737,0.022092,0.023122,0.010766,0.010713,0.016653,0.0058861,0.019394,0.020803,0.020263,0.0080979
-0.0044815,0.01909,0.0013508,0.015588,-0.0029995,-0.0087908,-0.0025556,0.012577,0.011552,0.013803,-0.0064934,0.013113,0.012635,0.021146,0.023511,0.016571,0.0054234,0.009384,0.01556,0.00046412,0.011067,0.009368,0.0069774,-0.0036337,0.0081896,0.015659,-0.0026162,0.030593,0.0021243,0.019554,0.016996,0.035835,0.023249,0.032768,0.025526,-0.00158,0.013062,0.0063512,0.018316,0.020269,0.0046476,0.021744,9.8604e-05,0.014939,0.015281,0.019291,0.026492,0.011324,0.035041,0.017492,-0.0022237,0.017186,0.014836,0.0011042,0.026178,0.018456,0.011339,0.013929,0.0066429,0.0081455,0.0056663,0.017726,0.018378,0.036433,-0.0012454,0.0090972,0.0050954,0.023504,0.0053067,0.0078798,0.025419,0.017618,0.024756,0.015214,0.021539,0.012183,0.00089593,0.00054062,0.02518,0.0098693,0.027345,0.0032818,0.020284,0.023157,0.01164,0.018944,0.020121,0.022336,0.021755,0.016074,0.024254,0.032812,0.0035967,0.0016876,0.02239,0.00098057,0.012332,0.038575,9.1259e-06,0.0031862
-0.00045594,0.0049122,0.004498,0.0078323,0.005378,0.0081855,0.027689,0.018891,0.0056019,-0.0036999,0.0031955,0.005332,0.0089435,0.00069341,0.0085042,0.027346,0.0034611,0.0030737,0.017449,0.037042,0.0034034,0.012933,-0.0080452,0.010967,0.022969,0.018931,0.018223,0.0023617,0.017636,0.013914,0.0012186,-0.0019172,0.022038,0.028931,0.02252,0.0029168,0.015722,0.015926,0.026098,0.0046796,0.031981,0.0066563,0.025702,0.030167,0.033923,0.006523,0.017387,0.0044651,0.021071,0.033669,0.020351,0.027237,0.032604,-0.0066983,0.00068471,0.017038,0.0092697,0.03282,0.013489,0.0044827,-0.002479,0.033499,0.023369,0.015427,0.0038653,0.016783,0.025231,0.027926,0.012241,0.00083996,0.024162,0.0125,0.022392,0.013134,0.0088123,0.0082488,-0.0014296,0.0018237,0.011583,0.023863,0.025464,0.026299,0.022566,0.019139,0.010658,0.003626,0.0068377,0.031612,0.016028,0.00090795,0.021708,0.030488,0.0021778,0.0184,0.010549,0.030681,0.037708,0.019073,0.036341,0.0071259
0.010302,-0.0019277,0.0066517,0.0024496,-0.00055271,0.0064381,0.0112,-0.015524,0.031513,0.0028011,0.007648,0.026827,-0.00060411,0.019437,0.0064767,0.020321,-0.004025,0.0081629,0.025789,-0.0080575,0.011321,0.018052,0.0072433,0.016232,0.010439,0.0084785,0.0089934,0.010693,-0.0020338,0.026861,0.0061787,0.030972,0.0036595,0.0055425,0.020657,0.037584,0.018154,0.0022532,0.019437,0.016083,0.011984,0.021727,0.027151,0.02364,0.017862,-0.0046208,0.0053912,0.001523,0.0086509,0.0078402,0.013068,0.011466,0.011312,0.018662,0.0073975,0.01781,0.024473,0.023402,0.026664,0.021078,0.025073,0.012783,0.029023,-0.0022095,0.015372,0.017768,0.0065298,0.013035,0.016713,0.013934,0.0082588,0.014064,0.011975,0.027032,0.014059,0.018347,0.0089239,0.012273,0.019007,0.0048944,0.010209,0.02496,0.016633,0.020601,0.01003,0.012883,0.033952,0.0018686,0.015711,0.016413,-0.0032697,0.011221,0.022498,0.020931,0.0074727,0.030188,0.00027775,0.0014651,0.0215,0.0048705
0.0029384,0.021804,-0.004007,-0.0033981,0.0050567,0.0019984,0.0051707,-0.0056167,0.018503,0.0076562,0.026478,0.0020417,0.013503,-0.0014542,0.0023429,0.018697,0.013285,0.010622,-0.010809,0.0063962,0.0019691,0.02166,0.0073945,0.0035376,0.026399,0.01813,0.01598,0.0060476,0.0056464,0.024708,0.014975,0.031428,-0.00043777,0.038284,0.017547,0.0059582,-0.0027492,0.023331,0.0042789,0.025858,0.028892,0.021289,0.030829,0.0033956,0.026741,0.014895,0.013,0.023442,0.02639,0.0090136,0.021643,0.0089146,0.029917,-0.015396,0.035354,0.011248,0.0095584,0.024222,0.010656,-0.0020817,0.0069616,0.0041509,0.022082,0.017774,0.019896,0.016565,0.03896,0.02774,0.0019758,0.013734,0.027341,0.021415,0.032748,0.025745,0.018522,0.0062872,0.032508,0.0073853,0.029329,0.0060934,0.017624,0.02035,0.019641,0.00013611,0.013914,-0.0064508,0.011214,0.026356,0.018303,0.011853,0.022937,0.024335,0.0022275,0.012157,0.016858,0.023187,0.042144,0.011464,0.0089213,0.010703
0.006515,0.011681,-0.0033686,0.010648,-0.0007658,0.019013,0.031851,0.0088251,0.0031026,0.019293,-0.0023278,0.0046111,0.012159,0.006503,0.0075865,0.010052,0.0071679,0.011929,0.0041261,0.034541,0.027404,0.016303,0.018428,0.0062666,0.0086939,0.022275,0.011407,-0.00024237,0.028818,-0.00056718,-0.00615,0.020984,0.0061021,0.014518,0.0084628,0.036526,0.0029816,-0.0058976,0.0050069,0.0058104,0.0011599,0.0070045,0.009393,0.016587,0.0024341,0.0087091,0.028282,0.03487,-0.0014807,0.0067445,0.0063798,0.0044867,0.01683,0.007504,0.0043054,0.025373,0.030897,0.014334,0.01288,-0.012846,0.027513,0.020851,0.018055,0.016071,0.023247,0.0044326,0.038796,0.033455,0.016353,0.017522,0.029583,0.013019,0.00087052,0.013355,0.0030753,0.014326,0.030713,0.018472,0.01833,0.015667,0.017558,0.006113,0.041192,0.016943,0.0092251,0.02259,0.0021364,0.008411,0.03562,0.013116,0.013311,0.029169,0.012639,0.038077,0.011835,0.0064776,0.0044407,0.018716,-0.00387,-0.0062895
0.014358,0.0090981,0.0080074,0.0024747,0.026479,-0.0039217,-0.0076853,0.0058973,-0.00077153,0.0044601,0.035504,0.015745,0.021609,0.0075177,0.017135,0.0064134,0.013522,0.010117,0.015073,0.0014994,0.011935,0.012323,0.024518,0.026573,0.0052389,0.014837,0.013337,0.030798,0.021719,0.0077318,0.032092,0.007305,0.030415,0.0029526,0.0081475,0.028575,0.015762,0.01954,0.0071798,0.029512,0.016779,0.0070756,0.012879,0.0026178,0.0036733,0.029159,0.010946,-0.00733,0.026742,0.0040834,0.032703,0.039226,0.013603,0.024301,0.0025555,0.043907,0.017255,0.01607,0.010366,0.020041,-0.0058123,0.027126,0.025358,0.013606,0.040996,0.013166,0.0071011,0.005757,0.029657,-0.0062836,0.005397,0.0088281,0.0052728,0.015946,0.0081721,0.0075555,0.022517,-0.0054815,0.0070803,-0.0036619,-0.0094932,-0.0016954,0.013801,-0.00016493,-0.0037248,0.013736,0.010433,0.016837,0.029736,0.01362,0.021077,-0.00074631,0.030413,0.012236,0.013715,0.0096157,0.005362,0.0056794,0.0013775,0.010559
-0.0095289,0.023974,0.0016496,-0.011508,0.011048,-0.0054563,-0.0074667,0.011329,-0.0039224,0.035688,0.025078,0.010096,0.011101,0.02538,0.0069881,0.022917,0.0066434,0.011796,0.012031,0.030426,-0.0039477,0.023777,0.026306,0.024895,0.011124,0.020699,-0.013122,0.010566,0.011593,0.023028,0.0039139,0.013181,0.0014339,0.0083064,0.012018,0.0058717,0.0078501,0.005754,0.022169,0.0096337,0.023384,0.032437,0.023583,0.017828,0.021847,0.0015287,0.026394,0.020573,-0.0029364,0.0080801,-0.0037681,0.013584,0.010775,0.039231,0.026134,0.026722,0.002493,0.0010652,0.023039,0.034479,0.0026727,0.021678,0.025697,0.0058699,0.0056667,0.01053,0.013293,0.017324,0.015139,-0.002877,0.024048,0.025141,0.01511,0.0079667,0.021611,0.002416,-0.00026362,0.014465,0.025566,0.02026,0.023413,0.0078736,0.013132,0.030062,0.017544,-0.00097987,0.025464,0.01229,0.018909,0.011484,0.014083,0.0081508,0.0063775,0.01896,0.0057967,0.027793,0.011934,0.01914,0.010848,0.018823
0.00742,-0.0081847,0.0049841,0.014464,-0.0017358,0.0037233,0.0024958,0.02028,0.0090927,0.0066083,0.013879,-0.012615,0.0097379,0.013992,0.0049412,0.0017616,0.039573,0.0074648,0.013944,-0.0041762,-0.0064887,-0.0042206,0.010649,0.015092,0.0089852,0.00068398,0.010467,0.017932,0.015999,0.012497,0.017765,0.015291,-0.0032423,0.0097674,0.012407,0.014245,0.024658,-0.0015119,0.031811,0.01668,0.017452,0.027046,0.013422,0.024128,0.014096,0.018998,0.0090719,0.0075512,0.0072949,0.011885,0.014145,0.020134,0.022204,0.016289,0.0071223,0.013876,0.021812,0.017884,0.024264,0.017756,0.015389,0.036261,0.0097827,0.019754,0.018227,0.0042599,0.030384,0.025261,0.035408,0.0044467,0.012889,0.013126,0.026061,0.01704,-0.004449,0.012578,0.016846,0.014629,0.028153,0.010419,0.021445,0.021537,0.017251,0.020774,0.036074,0.01968,0.022091,0.011411,0.025347,0.019841,0.005957,0.0097162,0.0091486,0.0018884,0.024942,-0.0016517,0.033181,0.020587,0.041713,0.020469
0.0062183,-0.0076597,0.0048625,-0.00052366,0.0039892,0.0044923,0.018544,-0.0079482,0.015871,0.01183,0.02909,0.020903,0.021473,0.019841,0.0045237,0.0011195,0.01076,-0.003622,0.0062359,0.015995,0.012397,0.0059099,0.002949,0.023669,0.033505,0.008935,0.00064781,0.02353,0.023919,0.009279,-0.0004719,0.019496,0.028135,0.0011399,0.00077946,0.030251,0.0062617,0.0073368,0.023156,0.0063161,0.005024,0.010292,-0.0054936,0.002804,0.01227,0.0033447,0.010863,0.01951,0.030604,0.0073411,0.021987,-0.011389,0.017257,0.019442,0.019258,0.029476,0.017256,0.040102,0.021883,0.01152,0.027085,0.040631,0.005547,0.019958,0.028403,-0.0054007,0.022352,0.01959,0.012333,0.028747,0.020457,0.00035906,0.0095027,0.021467,0.00031974,0.012091,0.026089,0.0030024,0.033046,-0.0031959,0.019648,-0.005364,0.018911,0.034746,0.0046722,0.0294,0.018549,0.015558,0.017139,-0.0035253,0.013842,0.01298,0.010259,0.022589,0.02063,0.0035203,0.022056,0.010298,0.02872,0.018422
0.0047691,0.0034165,-0.0064922,-0.0047131,0.015433,-0.00042465,0.019482,-0.0050454,0.02425,0.028239,0.005505,0.019332,0.0064219,0.024925,0.004443,0.017382,0.0073819,0.028884,0.01294,-0.0089099,0.016283,0.013098,0.013337,0.025604,0.012503,0.030503,0.00024221,0.019214,0.0035344,0.016139,0.0065929,0.018541,0.016916,0.024653,0.01142,0.029554,0.0088943,0.025309,0.013586,-0.005866,0.014456,0.0057711,0.020986,0.0051481,-0.006776,0.0080463,0.018714,0.022285,0.026185,0.0088616,0.015916,0.024436,0.034884,0.0039323,0.0090466,0.0015964,0.0153,0.028902,0.018283,0.026801,0.017765,0.018846,0.010943,0.016739,0.010618,0.035096,0.021335,0.013367,0.002064,0.0097818,0.017721,0.024497,0.020772,0.029439,0.018145,0.018943,0.001371,-0.00078008,0.022686,-0.0090474,0.0072802,-0.00042331,0.016455,0.030564,0.018123,0.015301,0.014302,0.0063848,0.0011162,0.004805,0.00017692,-0.012815,0.013276,0.031135,0.010751,-0.00097491,0.023364,0.031001,0.0043223,0.014708
-0.0011735,-0.0085547,0.012832,0.0028748,0.0012055,0.0034087,0.011922,0.012803,0.011415,0.013451,0.009744,0.0054076,0.0044261,0.017227,-0.001521,0.011985,0.011386,0.0028222,0.014106,-0.0034719,0.0034375,0.0064506,0.0073832,0.0013832,0.0069998,0.0062802,0.0072518,0.018782,0.021783,0.010164,0.0039537,0.025444,0.012386,0.0076566,0.015176,0.022503,0.00087537,0.014139,0.032081,0.014026,0.029703,0.013354,0.019161,0.0077051,0.018554,0.017024,0.02622,0.016928,0.0217,0.020729,0.014428,0.0043189,0.020456,-0.00016254,0.018177,0.019815,0.018352,0.010618,0.0062277,0.0094842,0.010961,-0.00011045,0.0055249,0.0012555,0.011973,0.01751,0.015452,0.018545,0.022412,0.035966,0.0067827,0.018157,0.031184,0.017542,0.016191,0.015834,-0.0062061,0.031075,0.0021148,0.026499,0.0082011,0.018086,0.024872,0.014617,0.023463,0.030069,0.0093188,0.030981,0.029606,0.027357,0.0026345,0.023649,0.024164,0.013471,-0.013246,0.010565,0.021063,-0.0018183,0.034581,0.0031989
-0.005308,-0.0047053,0.009505,-0.0093989,0.0034288,0.015099,0.0042239,0.0052751,0.021709,0.0099287,0.011596,0.013505,0.014086,0.0040446,0.0072559,0.035575,-0.010094,0.022377,0.0057513,0.033818,0.025366,0.018927,0.022525,0.0087999,-0.0044187,0.0085426,0.015344,-0.014608,0.017143,0.017083,0.019577,0.030233,0.016802,0.02196,0.014812,0.018397,0.001561,0.02307,0.013996,0.03729,0.025484,0.010725,0.018733,0.024251,0.013049,0.0094683,0.011581,0.0083072,0.028668,0.012917,0.0068547,0.037485,-0.0029247,0.0088252,0.017559,0.0025006,0.013874,0.024034,0.017006,0.013891,0.014652,0.033331,0.015894,0.016798,0.027101,0.016801,0.021142,0.014206,0.0073366,0.0049862,0.016535,0.01763,0.013323,-0.0074039,0.017454,0.015866,0.013244,0.018814,0.02237,0.0062212,-0.0031168,0.0031756,0.015894,0.025332,0.017898,0.036887,0.015769,0.0034672,0.029719,0.016119,0.0094321,0.010743,0.034416,0.020855,0.0044213,-0.0072949,0.018509,0.039788,0.028927,0.037969
0.012616,-0.0056445,-0.00089328,0.007931,0.008132,0.0011292,0.0032541,0.0082021,0.016464,0.014237,-0.0024047,0.0098691,0.015015,0.0046872,0.0023895,0.011143,0.015838,0.011428,0.028556,0.014873,0.0083174,0.0074345,0.010668,0.012837,0.030631,0.018449,0.012719,0.020042,0.0040836,0.016591,0.0077947,0.0089726,0.027574,0.020964,0.0072481,0.013593,0.0041877,-0.0041181,-0.0056973,0.010711,0.0072991,0.0082479,0.0053666,0.025359,-0.0086419,0.0064617,0.0055957,0.00056689,0.020283,-0.00094549,0.018692,0.01378,0.013319,0.017257,0.014003,0.020745,0.005863,0.01491,0.014933,0.014372,0.014335,0.0039271,0.015346,0.011249,0.015734,0.0054753,0.023233,0.0064047,0.027863,0.01789,0.021619,0.014906,0.0094623,0.030215,0.0021705,0.00053701,0.010946,0.014152,0.004989,0.022713,0.011425,0.017593,0.0035777,-0.011083,0.011512,0.0059683,0.010471,0.015252,0.0074018,0.025344,0.031052,0.032083,0.030318,0.021388,0.013376,0.016747,0.008367,0.0064224,0.011421,0.030659
0.012563,-0.0089447,0.01205,0.0044189,-0.012108,0.0031373,-0.00062124,0.019217,0.012688,0.02906,0.022321,0.00055219,0.021996,0.017985,0.007053,0.02196,0.0041638,0.015626,0.013535,0.0076209,0.021545,0.027958,0.025414,0.01778,0.0078019,0.01364,0.030207,0.013613,0.011592,0.027891,0.012957,0.011705,0.015064,0.02967,0.021658,0.0088394,-0.0051992,0.034502,0.027186,0.028922,0.024646,0.031289,0.033146,0.034626,0.015104,0.01624,0.022062,0.022061,0.0052574,0.0049995,9.3106e-05,0.0033008,-0.017793,0.0025577,0.011339,0.0045315,0.016975,0.0070754,0.0070062,0.017851,0.0075962,0.024282,0.026022,0.0047545,0.012249,0.021455,-0.006961,0.022936,0.036706,0.00017321,0.031985,0.031698,0.015112,0.037261,-0.0080115,0.030781,0.036799,0.011662,0.022658,0.016342,0.020394,0.017515,0.026742,0.0057347,0.026663,0.021711,0.015774,0.018192,0.0072514,0.029473,0.027618,0.0092414,0.01581,0.032742,0.00037731,0.023592,0.014339,0.033154,0.024633,0.017777
-0.0028364,0.00094351,0.03052,0.014793,0.0020067,0.0049266,0.018065,0.011061,0.0078219,-0.008168,0.0034413,0.011575,0.019607,0.00793,-0.008014,0.0065311,0.021883,0.016503,-0.0033855,0.02045,0.010097,-0.00011688,0.020447,0.0044791,-0.0034765,0.013589,0.010575,0.013832,0.020005,0.013887,0.021431,0.016058,0.027997,0.015324,0.022375,0.01168,0.031428,0.016556,0.023832,0.02114,0.011143,0.0045204,0.017663,0.020889,0.010196,0.01647,0.0095769,0.0096121,0.0024843,0.0043342,0.0096046,-9.3799e-05,0.012521,0.012422,0.0023559,0.018977,0.015191,0.013453,0.00925,-0.0037281,0.0064105,0.0046014,0.014304,0.013046,0.013803,0.010279,0.0096194,0.010616,0.015873,0.021695,0.016134,0.024337,0.0076243,0.011292,0.02042,0.025508,-0.017398,0.0208,0.0065779,0.024152,0.026312,0.012795,0.022055,0.0051049,0.0048471,0.0090771,0.019026,0.021474,0.02369,0.0087136,0.037726,0.017357,0.0023395,0.020901,0.014979,0.0085174,0.0090737,0.017568,0.034188,0.0043608
0.0008103,0.013572,0.0075576,-0.004807,0.0061379,0.0034831,0.0010911,0.013567,0.0087883,0.0055021,0.0232,0.00019234,0.012012,0.024269,0.012461,0.013472,-0.0064644,0.0045663,0.02298,0.008394,0.006609,0.025421,0.01558,0.015563,-0.00057604,0.0095878,0.014499,0.015099,0.031633,0.019153,0.030569,0.0037723,0.02897,0.0081257,0.023172,0.010197,0.025825,0.00458,0.01227,0.021583,0.017139,0.0025138,-0.0002883,0.014699,0.020688,0.017841,0.021797,0.028319,0.01609,0.01056,0.022208,0.008333,0.012308,0.035924,0.017062,0.026283,0.0015491,0.010283,0.020617,0.021377,0.032848,0.022801,0.025836,0.011444,0.0061323,0.017192,0.0043409,0.0093313,0.0049368,0.0017447,0.0030894,0.0024756,0.0086545,0.016461,0.019796,-0.0051414,0.047628,0.0024393,0.011864,0.007792,0.02358,0.019061,-0.0016291,0.015463,0.0042707,0.0091406,0.021536,-0.0027607,0.0096721,0.011543,0.0071242,0.021886,0.025893,0.013838,0.013927,0.0080103,-0.0037733,0.010939,0.01341,0.012572
0.011617,-0.0056063,-0.0075879,0.0014561,0.0048112,0.0047248,0.021245,0.020476,0.026304,-0.01236,0.013347,-0.0020399,0.017338,0.0070876,0.00077771,0.027454,0.01051,0.021451,0.0013799,0.01448,0.026714,0.011062,0.015774,0.0012851,0.017595,0.025782,0.031011,0.025626,-0.0095488,0.012155,0.011281,-0.0020713,0.040576,0.012986,0.033862,0.004183,0.025846,0.0002912,0.018352,0.0045359,0.009025,0.004302,0.012147,0.022059,-0.0010002,0.0062365,0.008394,0.014342,-7.7829e-05,0.017144,0.010469,0.013137,0.01385,0.02073,0.011488,0.0039901,0.00087777,0.0016089,0.0032894,0.011671,0.0092595,0.018359,0.021968,0.017207,0.026849,0.0073821,0.016446,-0.00040206,0.0045458,0.010281,0.027017,0.025237,0.0017874,0.017636,-0.0071146,0.033524,0.018861,0.01293,0.023384,0.017306,0.018712,0.020215,0.016666,0.0030851,-0.0016144,0.0057076,-0.0064724,0.032875,0.015995,0.0094767,-0.0043382,0.012873,0.026643,0.024846,0.0057774,0.016779,0.020956,0.0047836,0.0087006,0.010822
-0.0070345,-0.0029526,0.012943,0.012973,0.002876,-0.0034427,0.013679,0.018894,0.0101,0.0025188,0.020399,-0.0032051,-0.0080866,0.0074394,0.014345,0.02003,0.029983,0.013778,0.0070667,0.010242,0.018411,0.0080597,0.01068,0.0096802,0.0045975,0.0082985,0.010075,0.0097578,0.014883,0.0042986,0.015532,0.0023478,0.0021099,0.012267,-0.0084823,0.020601,0.017759,0.015807,0.018667,-0.0030114,0.016994,0.0060884,0.015439,0.018719,0.013342,0.028524,0.0043564,-0.0076155,-0.0027764,0.028893,0.0072508,0.0068815,0.018154,-0.0014189,0.012002,-0.001703,0.0065987,0.021303,0.027349,0.017662,0.0076413,0.020062,0.0075292,0.031202,0.018977,0.028465,0.0069324,0.024199,0.01126,0.0094866,0.0012324,0.018935,-0.0059307,0.014695,0.001097,0.014775,0.0079654,0.0060652,0.0065941,0.04726,0.020285,0.024187,0.022987,0.025792,0.015048,-0.0083641,0.024854,0.015254,0.024836,0.01657,0.013054,0.019172,0.02134,0.012094,0.0036827,0.0091903,0.029439,0.020715,0.012545,0.031344
0.029149,-0.0063563,0.0047042,-0.013895,-0.0093728,0.00341,0.009182,0.016543,0.0078358,0.0026309,0.0096301,0.0074528,-0.0019307,0.012737,0.029564,-0.0076205,0.013379,0.01803,0.02187,-0.010485,0.01524,0.015179,0.017506,-0.0093795,0.014144,0.017459,0.033318,0.015448,0.026012,0.011356,0.02122,-0.0063854,0.0092953,-0.00017042,0.01271,0.018728,0.010651,-0.0067018,0.012878,0.01508,0.013023,0.019602,0.014578,0.010882,0.0069134,0.024216,0.0077484,0.024728,0.024406,0.01409,-0.0098837,0.035502,-0.0028352,0.019805,0.0085826,0.011829,0.0038193,0.0066941,0.026797,0.013636,-0.0013168,0.012103,0.017618,0.011022,0.025994,0.014993,-0.009653,0.001944,0.022173,0.030031,0.013208,0.012326,0.026599,0.023008,0.029343,0.034261,-0.0069981,0.027221,0.02804,0.015838,0.017253,0.0094689,0.020104,-0.0033427,0.00088819,0.018208,0.011155,0.024314,0.029003,0.02435,0.0023032,-0.0012752,0.017098,-0.0051681,0.021261,0.016711,-0.012103,0.0067513,0.0032411,0.0077241
0.021574,-0.0050245,0.014673,-0.0031502,0.0022579,0.0011467,0.0034085,-0.0033267,-0.0023753,0.020811,0.0054054,0.013965,-0.021851,0.016183,0.001966,0.031799,0.022489,-0.0023013,0.0086465,0.018876,0.025693,0.030103,0.01611,0.0098922,0.0086839,0.020154,0.0055291,0.017852,0.022973,0.016089,0.016286,0.0058422,0.0040626,0.015344,0.033692,0.017136,0.022227,0.014125,0.024573,-0.0019603,0.018957,-0.00054842,0.028253,0.021873,0.028406,-0.0018991,0.019303,0.0054899,0.011215,0.0050644,0.019502,0.016927,0.029237,0.022564,0.018707,-0.00015495,0.02263,0.030163,0.0020987,0.026977,0.0085382,0.034279,0.016029,0.034664,0.023604,0.010069,0.013013,0.016132,0.013907,0.012628,0.019287,0.020082,0.032523,0.012033,-0.0075432,0.011343,0.0097131,0.017838,0.0066127,0.013662,0.015645,0.0073753,0.026499,0.029037,0.020156,0.0049111,0.0055015,0.0092774,0.022268,0.00053523,0.015159,0.014673,0.027182,0.028103,0.024708,0.012418,0.012658,0.017632,0.034859,0.025223
0.00086778,0.001767,-0.0014763,0.014598,0.00068165,0.034633,0.014548,-0.011347,0.034019,0.015693,-0.012347,0.0059249,0.01086,0.016255,0.02855,0.01894,0.0036507,0.015208,0.00057753,0.018936,0.010589,0.017327,0.0056825,0.017019,-0.00118,-0.0029842,0.0028135,0.019017,0.0044858,0.0053262,0.018592,0.00066284,0.01513,0.030948,0.032074,0.0036309,0.018118,0.0051664,-0.010884,0.017763,0.010613,0.028307,0.019134,0.015156,0.025318,0.027357,0.0019041,0.015087,0.0079165,0.017149,0.019313,0.0050033,0.024106,0.0046499,-0.015684,0.0028503,0.015437,0.0097422,0.0055531,0.01712,0.011792,0.027969,0.0049961,0.021574,0.024576,0.0208,0.010886,0.0071055,0.020053,0.019647,0.02538,0.019794,0.023559,0.017223,0.014455,0.024292,0.018171,0.014832,0.008865,-0.0057949,0.027565,0.0059549,0.012423,0.016409,0.0024793,0.012677,0.028373,0.020631,0.0019908,0.01156,0.011356,0.0051863,0.0028515,0.0046725,0.016811,0.0069292,0.040469,0.021992,3.4255e-05,0.0082072
0.0085253,-0.011008,-0.001593,-0.012829,0.0015164,-0.0015626,0.0027945,0.0028652,-0.006075,-0.0019831,0.0046905,0.015935,0.012273,0.011078,0.013831,0.014459,0.0028696,0.0087711,0.0010636,0.0016636,0.014631,0.023924,0.026462,0.021336,0.020251,0.028223,-0.0036832,0.027796,0.0029189,0.022937,-0.011498,0.024302,0.0047356,0.017194,0.02375,0.024253,0.012322,0.019448,-0.0126,0.028196,0.016826,0.0072922,0.038235,0.028864,0.01456,0.016478,0.0062439,0.013663,0.022107,0.0078751,0.0036086,0.018754,0.014926,0.013322,0.021862,-0.0016364,0.021627,0.011295,0.014129,0.01006,0.009572,0.0085985,0.013995,0.020695,0.012491,0.0071267,0.0028591,0.024243,0.0038304,0.018096,0.025329,0.0070616,0.015087,0.0053114,0.0095802,0.0066471,0.0031431,0.025108,0.014875,0.0041947,0.025556,0.016454,0.011953,0.021265,0.028132,0.04116,0.013479,0.017995,0.012556,0.018665,-0.0059914,0.019089,0.033479,0.019824,0.0062473,0.012885,0.015155,0.022523,0.033919,0.016158
-0.011381,0.016492,0.0018713,0.020373,0.020675,0.0065439,-0.0084558,0.015759,-0.0067199,0.0062897,0.0095204,-0.0036621,0.023331,0.026778,0.0039068,0.0040324,0.024559,0.00014846,0.03902,0.012317,0.0029445,0.022036,-0.00087408,0.015352,0.012981,-0.0081247,0.011938,0.011441,0.015811,0.0049135,0.015912,0.025551,0.014115,0.010353,0.0010521,0.016458,0.0076757,0.04632,0.017577,0.024924,0.015594,0.0047511,-0.007088,0.015507,-0.0063301,0.0091811,0.014018,0.034811,0.021964,-0.0054648,0.0070942,0.014792,-0.00049789,0.013853,0.006578,0.013299,0.018521,0.00010533,0.034061,0.023742,0.0079213,0.0096026,0.027693,0.011196,-0.00099474,0.0055822,0.0095933,0.026327,0.0057135,0.024406,0.0056854,0.0058218,0.030586,0.0090706,0.031283,0.038212,0.04437,0.024038,0.035214,0.0037043,0.013805,0.015676,0.0073573,0.011194,0.009911,0.011155,0.013315,0.01459,0.029525,0.023577,0.017127,0.010999,0.015608,0.0091855,0.034888,0.016081,0.0098024,0.013998,0.010254,0.0089309
-0.0038432,0.010618,0.0018739,0.01291,0.0032137,0.0068737,0.0015876,0.0097263,0.007137,0.013139,0.017808,0.013482,0.0097355,0.002322,0.018848,0.018547,0.0037894,0.027892,0.02606,0.032429,0.017512,0.039192,0.008598,0.012663,0.01741,-0.0021031,0.014937,0.014862,0.023844,0.03138,0.015799,0.0037656,0.01633,0.016984,0.013121,0.0026334,0.0019743,0.016976,0.00094815,0.005795,0.016243,0.023692,0.02078,0.018858,0.029414,0.019577,0.0030334,-0.0019358,0.0078546,0.013138,0.010516,0.02703,0.030782,0.024918,0.0040708,0.0028201,0.013405,-0.0011839,0.0079604,0.017679,0.0097531,0.010289,-0.0038849,0.024808,0.01465,0.035374,0.027944,-0.0090059,0.013931,0.00036953,0.018271,0.018634,0.013935,0.0053815,-0.014371,0.020964,0.014232,0.0077688,0.015717,0.014471,-0.009098,0.019732,0.0028724,0.0014811,0.00026289,0.018501,0.013347,-0.00027148,0.0085078,0.0036027,0.017458,0.012432,0.0075947,0.0096566,-0.0005671,-0.0029382,0.010147,0.032326,0.025024,0.012051
0.010006,0.0028161,0.0073071,0.015759,0.013286,0.00097956,0.0039541,0.0011532,0.011894,0.0017884,0.0077634,0.021467,0.0067394,0.03138,0.012492,0.0042598,0.019551,0.0062664,0.016851,0.038524,0.0010397,-0.01408,-0.001477,0.008329,0.017612,0.017799,0.014931,0.025813,0.026388,0.0086128,0.024874,0.025641,0.022934,0.012174,0.0032189,0.01656,0.0050033,0.0069518,0.02577,0.02099,0.0070926,0.01032,0.024998,0.024971,0.014725,0.013434,0.016638,0.011496,0.022398,0.0069219,0.01111,0.01001,0.0097674,0.0092478,0.018349,0.010917,0.0095104,0.015526,0.015425,0.018893,0.0057681,0.037574,0.031393,0.0060795,0.038224,0.0030734,0.01865,0.0023905,0.021615,0.012739,0.021673,0.0058104,0.014876,0.035459,0.020733,0.028342,0.026314,0.015677,0.013809,0.018174,-0.0059839,0.0072493,0.02758,0.031389,0.012547,0.022025,0.026409,0.01268,-0.00012733,-0.0021756,-0.00079708,0.0033152,0.0072731,0.01374,0.011986,0.036689,0.0055188,0.0031712,0.025559,0.010686
0.0066641,0.014916,0.014633,0.011168,0.0061445,0.014613,0.0019544,0.017961,-0.016658,0.011395,0.0067757,0.011254,0.0062125,0.0074717,0.019271,0.021019,0.025522,0.021544,0.028169,0.010759,0.020758,0.0092717,0.025501,0.023534,0.017246,0.023991,0.022129,0.012615,0.0088781,0.0062236,0.021181,0.032587,0.022676,0.012894,-0.0027485,0.026699,0.010062,0.020399,0.024233,0.009018,0.027925,0.015332,0.0026043,0.018636,0.030515,0.017679,-0.0023754,0.016569,0.016349,0.0035173,0.019167,0.014954,0.007986,0.011743,0.0056006,0.0070288,0.031497,0.017493,0.02455,0.025524,0.01851,0.0016415,0.0093143,0.015082,0.031307,4.6864e-05,0.030236,0.016328,0.0065607,0.0070539,-0.0028823,0.021744,0.0064678,0.027364,0.016975,0.0039419,0.026102,0.0044191,0.039946,0.015478,0.010558,0.0086307,0.042263,0.011383,0.025551,0.022548,0.0076747,0.015008,0.03083,0.027063,0.022723,0.01378,0.011605,0.0078459,0.0097305,-0.00031057,0.031083,0.018638,0.016516,0.011364
0.0043799,0.012399,0.024796,-0.0021565,0.0079834,0.013508,0.021887,0.014472,0.01809,0.022802,0.035928,0.026087,0.015136,-0.0090166,0.0014494,0.013166,0.0039358,0.011662,0.019901,0.014948,0.0039359,0.03499,0.011313,0.023479,0.0013639,-0.0011468,0.007124,0.0075551,-0.0011766,0.013927,0.0085254,0.009675,0.025592,0.02846,0.022422,0.033685,0.011971,-0.0066984,0.0064081,-0.0018094,0.023876,0.025507,0.018121,0.014266,0.019044,0.030062,0.031398,0.0066629,-0.005035,0.018889,0.028122,0.019647,0.0096499,0.025052,0.027776,0.010263,0.0084174,0.014737,0.017053,0.02655,0.020828,0.0001365,0.026153,0.013191,0.031313,0.026282,0.021342,0.030469,0.0030256,0.015925,0.03948,0.0091473,0.017495,0.023998,0.010712,0.012337,0.023445,0.011201,0.016161,0.015788,0.026237,0.023948,-0.0024695,0.010731,-0.0013891,0.011838,-0.0037718,0.0080171,0.0032907,0.0078739,0.015085,0.013785,0.018295,0.016946,0.024226,0.00023275,0.011825,-3.3596e-05,0.012236,0.02615
-0.0025579,0.021881,-0.015841,0.011775,0.012375,-0.0080387,0.019715,0.015832,0.0018623,-0.0056148,0.030453,0.0070143,0.02281,-0.0063371,0.01825,0.015051,0.009896,0.020255,0.015085,0.015997,-0.01247,0.019815,0.0094198,0.0094036,0.013151,0.0056775,0.0019404,0.023333,0.0010591,0.018351,0.0067601,0.027314,0.025058,-0.006332,0.0075535,0.0080422,-0.0054911,0.021217,0.021142,0.027759,0.0056746,0.00852,-0.0070485,0.014609,0.019938,0.011722,0.0028736,0.011749,0.0082887,0.024956,0.015453,0.023284,0.0013524,0.018842,0.0060277,0.0022925,0.016743,-0.0036095,0.0030327,0.017684,0.011738,0.02043,0.0091218,0.014867,0.012612,0.026642,0.0034261,0.025347,0.015458,0.023087,0.0029975,0.020969,0.011535,0.021225,0.030055,0.0050139,0.016473,0.020976,0.01841,0.0171,0.013221,0.020879,0.0081723,0.028963,0.0026093,0.0085181,0.022531,0.02374,0.030538,0.0091759,0.019054,0.015167,0.0085842,0.0047141,0.020076,0.0073459,0.026219,0.0022571,0.028625,-0.0087213
0.00269,-0.007616,-0.001842,0.012787,-0.0014687,-0.014309,0.0014183,-0.0041696,-0.0067457,0.010946,0.025898,0.0020043,0.0032045,-0.0084776,-0.0018242,0.00015138,0.015319,0.013466,0.016933,0.02392,0.020805,0.026377,0.005159,0.0098937,0.0052274,0.0071613,0.017231,0.004135,0.010994,0.022048,-0.0028207,0.0083617,0.0088215,0.0022823,0.026561,0.024525,0.0126,0.011292,0.011373,0.0064864,0.00064701,0.029056,0.016069,0.016678,0.013801,0.00068679,0.017802,0.0022511,0.023742,0.021014,-0.012212,0.037239,0.013418,0.019163,-0.0046484,0.014149,0.019999,0.016101,0.0033865,9.8104e-05,0.0010836,0.021168,0.0047028,0.025045,0.04773,0.010421,0.017923,0.00562,0.011712,0.023487,0.029419,0.013997,0.030268,0.0069919,0.02014,0.028185,0.016473,0.010239,0.046013,0.022599,0.0010543,0.016379,0.034413,0.025325,0.011047,0.014436,0.010627,0.0057081,0.0062273,0.0044078,0.024047,0.0056782,0.027095,0.027965,0.010784,0.027327,0.011339,0.013601,0.025304,0.018508
-0.010062,-0.0083864,0.0085293,0.0053437,-0.0029361,-0.0069949,-0.0030476,0.0077131,0.0075082,0.0069773,0.015402,0.018467,-0.00032,0.024839,0.0062225,0.01772,0.031381,0.0094934,0.017955,0.012883,0.024667,0.013422,0.023424,0.010567,-0.010531,0.015577,0.0035035,0.0017697,0.014177,0.0054225,0.018724,0.0073635,0.0026681,0.010487,0.033894,0.0093014,-0.0059879,0.0095791,0.028913,-0.00065473,0.0054287,0.013911,0.013331,0.013756,0.0086979,0.0030598,0.013653,-0.0027261,0.0043432,-0.0022859,0.0020877,0.018544,0.025377,0.016116,0.0099308,0.019164,0.010016,0.031203,0.018178,0.039614,0.021519,0.0084948,0.034563,0.0067913,0.015502,0.017262,0.01159,0.00047813,0.015086,0.025104,0.0025304,0.011439,0.0048242,0.030177,0.015433,0.015954,0.026737,0.014426,0.0043966,0.021551,0.00045396,0.017819,0.0073621,-0.00023807,0.01844,0.011423,0.0049596,0.013951,0.02866,0.029113,0.0099955,0.013326,-0.0027607,0.010573,0.027421,0.016924,0.017847,0.031209,0.013361,0.0014707
0.0104,0.010903,0.0065761,-0.0083329,0.030612,0.015605,0.030067,0.031035,0.039295,0.03066,0.0061336,0.0059496,0.0077873,0.020617,0.0050222,0.024281,0.012578,0.0063734,0.0088971,0.013671,0.0072601,0.016208,0.023256,0.010818,0.00016989,0.0036389,0.019456,0.033244,0.023997,0.011286,0.017986,0.015763,0.012688,0.0098104,0.0019877,0.034969,-0.0055405,0.0002759,0.0097384,0.023692,0.0033041,0.0066936,0.002868,0.026869,0.010118,0.010583,0.014246,0.016379,0.009696,0.028569,0.02536,0.0065217,0.032845,0.02607,0.039657,0.028112,-0.0031958,0.0043411,0.018652,0.003929,0.025943,0.0052996,0.023277,0.026708,0.01774,0.015748,0.0011151,0.023407,0.0057999,-0.0010617,0.010973,-0.0010758,0.021129,0.011613,-0.0031226,-0.0011697,0.011355,0.01431,0.027587,0.018174,0.0090263,0.015626,0.0069848,0.022758,0.025535,0.003164,0.032243,0.035495,0.012368,0.0061253,0.022443,0.0070356,0.0033392,0.015228,-0.0038309,-0.0031372,0.017552,0.028417,-0.0051204,0.013112
0.027273,0.0075988,0.001758,-0.0012802,0.0048324,0.012319,-0.0022096,0.0063953,0.0038649,0.027682,0.0062797,0.014113,8.3164e-05,0.0086964,0.025079,0.0082903,0.015783,0.018193,0.0051512,0.023038,2.0458e-05,0.014465,0.02268,0.017772,0.014054,0.02297,0.004872,0.017032,0.033735,0.016826,0.017954,0.029146,0.015729,0.025336,0.023888,0.010615,0.010583,0.026211,-0.0071284,0.015541,0.014442,0.021584,0.032111,0.018975,0.025567,0.012664,0.013076,0.023451,0.0049077,-0.0092321,0.023834,0.012161,0.02173,0.018332,-0.0091039,0.022103,0.025117,0.037582,0.0032078,0.035392,0.014601,0.015707,-0.0023346,0.0023518,0.036179,0.015537,0.017665,0.011846,0.024265,0.013303,0.017242,-0.0072495,0.0031821,0.012705,0.022874,0.016358,0.014711,0.0084742,0.021733,0.034223,0.015774,0.0367,0.00091751,0.017218,0.0052244,0.014875,0.011226,0.025677,0.018255,0.021263,0.011275,0.018799,0.025691,0.034645,0.018587,0.007966,0.022059,0.012616,0.022862,0.0064793
0.010744,0.012735,0.0093939,0.0074503,0.02205,0.0097771,0.014615,0.015879,0.0099185,0.020627,0.017987,0.0047257,-0.012399,0.030336,0.015752,0.0061787,-0.012803,-0.0067802,0.01047,-0.00070418,-0.0038682,0.0071258,0.031133,0.021211,0.01299,0.014754,0.020147,0.025637,0.009706,0.0094771,0.015298,0.004213,0.025198,0.011971,0.016133,0.013799,0.0069016,0.0032481,0.016521,0.014309,0.0079215,0.027368,0.02941,0.026791,-4.3161e-06,0.025449,0.015573,0.0081716,0.0039119,0.011333,0.0055333,0.0099921,-0.018378,0.0025216,0.023216,0.0054869,0.025946,0.031225,0.016969,0.027505,0.012439,0.019201,0.0032768,0.0058009,0.023904,0.015138,0.0021479,0.01688,0.02127,0.021664,0.012308,0.00077843,0.0226,0.022412,0.02157,0.0013287,0.012179,0.0016709,0.00053903,0.020913,0.013742,0.014012,0.02583,0.0066742,0.014573,-0.00073611,0.00076644,-0.005253,0.006223,0.015086,0.0289,0.0083833,-0.0034095,0.016448,0.015333,0.011862,0.0041586,0.01494,0.002147,0.0081357
-0.014542,0.010134,0.0053843,0.0055411,0.022544,0.0065598,0.017872,0.0014137,-0.0029026,0.010682,-0.0011533,0.012355,0.029768,0.016296,0.0045785,0.031755,0.020143,-0.0044153,0.0051424,0.0091029,0.022192,0.0029447,0.016463,0.011795,0.0041854,0.002021,-0.0066264,0.014598,0.023765,0.0090452,0.00036691,0.010919,0.026338,0.0081669,-0.0094573,0.0097215,0.034669,0.023915,0.025691,0.013393,0.020357,-0.0057024,0.0028241,0.022428,0.015788,0.011195,8.1479e-05,0.0058303,0.0014351,0.019276,0.023686,0.0052085,0.0038376,0.020296,0.0068053,0.02431,0.014317,0.025909,0.017441,0.0042819,0.011064,0.0099244,0.012281,0.0060819,0.0092993,0.0045391,0.020468,0.025931,0.015202,0.026667,0.010354,0.0091226,0.01751,0.021443,0.0037553,0.0069018,0.0082618,0.012191,0.0071648,0.033505,0.016667,0.00032054,0.0099626,0.01934,0.0047198,0.0065146,0.023501,0.0043642,0.016521,0.014948,0.016042,0.03026,0.0072028,0.009002,0.014064,0.013612,0.02848,0.0099424,0.0074094,0.016437
-0.0081903,0.0070716,0.0066548,-0.013775,0.021352,0.0039808,0.0048355,0.011668,-0.00030916,0.015066,0.015032,0.010833,0.013922,0.016796,0.017605,0.013765,0.014789,0.0088459,0.0099812,0.0039277,0.0060992,0.0030852,-0.0013763,0.012902,0.0024778,-0.0074834,0.020893,0.018851,-0.010078,0.0032433,0.0027492,0.01198,0.013539,0.020959,0.030444,0.015238,0.012643,0.029636,0.014905,0.0055074,0.019877,0.020188,0.01779,0.006682,0.020229,-0.00012455,0.00017801,0.025157,0.021502,0.023574,0.0052827,-0.014276,0.027284,0.014704,0.0043783,-0.0035476,0.0091922,0.017291,-0.0038363,0.0026954,0.010994,0.0099298,0.020345,0.030933,0.025776,0.0092176,0.017626,0.021151,0.01042,0.015419,0.011153,0.008402,0.00091876,0.018647,0.014993,0.01127,0.031299,0.015743,0.0018028,0.015644,0.0094293,0.017586,0.00439,0.01461,0.0075,0.035705,0.0059991,0.020913,0.0063114,0.015987,0.012643,0.017151,0.0028011,-0.0010504,0.024655,0.032374,0.013918,0.015439,0.0064707,0.025537
0.0034174,0.012204,-0.0064844,0.0010151,-0.0038294,0.0055807,-0.0078379,0.010802,0.01586,0.024182,-0.0050861,0.0027123,0.021658,0.02583,0.0081837,0.025469,0.0073208,0.015803,-0.0073424,0.022291,0.041233,0.019358,0.013488,0.0022533,0.0028077,0.041501,0.0027722,0.015786,0.016376,0.025083,0.015961,0.020813,0.017476,0.022632,0.033545,-0.003746,0.008405,0.01404,-0.00077236,-0.0036298,0.023408,0.012373,0.013592,0.011404,0.0019802,0.0094882,0.00062795,0.02584,-0.0056249,0.017621,-0.0014768,0.016386,0.025437,0.032844,0.027796,0.014265,0.0017648,0.017793,0.013734,-0.0010868,0.028809,0.0011208,0.0076198,0.0089791,0.0093173,-0.0053348,0.02422,0.022805,0.012675,0.019306,0.018761,0.015667,0.020104,0.014587,-0.0060921,0.011094,0.0011961,-0.0018093,0.019452,0.0059079,0.021961,0.037488,0.032849,0.0037569,0.011323,0.017114,0.0096322,0.014777,0.017895,0.008735,-0.01147,0.024988,-0.017055,0.013066,0.0058826,0.034667,0.0051701,0.005534,0.0055885,0.016575
0.00043992,-0.00063189,0.023708,0.006854,0.015709,-0.010798,0.0092238,0.010079,0.0087107,0.0058701,0.012587,0.026874,-0.00071409,0.0069277,0.0025323,0.0087651,0.020243,0.00097313,0.0027936,-0.016717,0.019083,0.01186,0.013859,0.029278,0.0069678,0.01505,0.020172,0.013204,0.011237,0.028739,0.0078052,0.018535,0.0049196,0.020625,0.010591,0.012855,0.017325,0.0079253,0.012339,0.021925,-0.0049374,-0.0050624,0.023256,0.0066866,0.014421,-0.0049059,0.023634,-0.0013035,0.014104,0.0023872,-0.0020416,0.01775,0.022958,0.019896,-0.004168,0.010943,0.027644,0.0079448,0.040167,0.030597,0.010011,0.017483,0.00032027,0.022733,2.8369e-05,0.021154,-0.0073427,0.027201,0.0071614,0.012133,0.015429,0.013011,0.017167,0.011968,0.016861,0.016868,0.00032168,0.013356,0.012333,0.023763,0.01422,-0.004934,0.0050137,0.028652,0.007923,0.017273,0.011306,0.0041374,0.027396,0.014574,0.034238,0.03564,0.024905,0.013228,0.010803,0.015946,0.0059459,0.012896,0.015816,0.026232
0.017401,-0.0085288,0.020993,-0.0024486,0.0063586,0.019737,0.012474,0.011366,0.0065106,-0.010779,0.0073448,0.014166,0.0062312,0.011614,-0.014661,0.01565,0.01372,0.0054062,0.0058247,0.02052,0.0090282,0.0090022,0.018823,0.012881,-0.0032881,-0.0063387,0.015599,0.023542,0.030843,0.012688,0.030325,0.0285,0.0010876,0.024121,-0.0063986,0.029575,0.03178,0.018755,0.010653,0.004052,0.0081452,0.0031105,0.022117,0.01453,0.017419,0.012528,0.010354,0.01407,0.031022,0.018611,0.01338,0.014965,0.0055622,0.007115,0.019498,-0.00031692,0.016228,0.020812,0.017396,0.011092,0.0057018,-0.00086413,-0.0032938,0.040812,0.017151,0.02439,0.02199,0.017602,0.020444,0.0047998,0.016985,0.051257,-0.0020821,-0.00057167,0.015963,0.025229,-0.00064657,0.01488,0.031579,0.021335,-0.0019547,0.0065243,0.027393,0.0208,0.015744,0.00552,0.0065965,0.0072541,0.012263,0.026256,0.0015555,0.02474,0.017306,0.017224,0.027418,0.022163,0.0062476,0.019581,0.0089183,0.02494
-0.00065007,0.0046683,-0.0017743,0.0016669,0.010898,0.0045205,0.0058996,0.0024787,0.019333,0.0057221,-0.00099947,0.015448,0.0020506,0.024218,-0.00082061,0.0080952,0.016897,0.011894,0.016209,0.022066,0.01127,0.024994,0.018647,0.028905,0.0027139,0.0034281,0.019085,0.015521,0.014677,-0.0085619,0.0092879,0.0040831,0.0071573,0.014161,0.014347,0.015434,0.011337,0.0087229,0.012463,0.015318,-0.011426,0.039569,0.0074719,0.025174,0.0057499,0.01375,0.025954,-0.0071455,0.027408,0.011992,0.018897,0.010946,0.0042744,0.031721,0.010131,0.02366,0.023571,0.019868,0.020417,0.013588,0.026273,0.0095043,-0.0026258,0.0089114,0.0071652,0.0022629,0.027553,0.0096021,0.0157,-0.0058848,0.023141,0.024648,0.025816,0.0030797,0.011183,0.0049435,0.013232,-0.0094568,0.033513,0.012501,0.027491,0.030959,0.017799,0.01935,0.0065571,0.025302,0.029395,0.013515,-0.0018312,0.015068,0.024911,0.023421,0.00030428,0.019588,0.018379,0.0077563,0.013871,0.019863,0.0078088,0.017154
-0.007184,0.011088,-0.0052184,-0.0050138,0.0017386,0.00452,0.024198,0.023796,0.012746,0.018201,0.016459,0.015218,0.011998,0.0024885,0.015137,0.01382,-0.0021106,0.016305,0.025658,0.020529,0.013843,0.013462,0.01564,0.021928,0.004884,0.014131,0.023599,0.021786,0.0042122,0.009738,0.0069883,0.016147,0.021773,0.015034,0.021247,0.010851,0.014006,0.0027946,-0.00017848,0.010963,0.026948,0.0052542,0.023865,0.017173,0.017662,0.012579,0.015955,-0.0078863,0.022964,0.010261,0.0099031,0.014301,0.024888,0.03723,0.011085,0.0071821,-0.00027928,0.016859,0.0046129,0.016671,0.022997,0.027826,0.017518,0.0014305,0.031872,0.026011,0.023008,0.016978,0.016842,0.020617,0.01807,0.036926,0.019756,0.0078443,0.0021087,0.0017098,0.014551,0.0084405,0.0030036,0.020108,0.017158,0.031048,0.001145,0.0067002,0.0017045,-0.0025754,0.00019397,-0.0031092,0.0040112,0.007362,0.029212,0.013443,0.019841,0.016811,0.024611,0.017394,0.024393,0.0026342,-0.0035921,0.014687
0.00043093,0.010404,-0.0058881,0.02157,0.024236,0.0090642,0.0020672,0.019643,0.018524,0.012146,0.012606,0.003817,-0.0053608,0.0073333,-0.0089533,0.0071611,0.020051,0.016577,0.018017,0.0071245,0.0034567,0.0088044,0.013954,0.013036,0.0073852,0.0054872,0.0061052,0.021148,0.0059614,0.012883,0.013858,0.011955,0.036625,0.01403,0.0047136,0.028501,0.020888,0.01188,0.0080689,0.020859,0.00031448,0.026587,0.00044451,0.0074647,0.020028,0.034527,0.011626,8.7803e-05,0.03413,0.0050466,0.0051072,0.0094148,0.014116,0.002138,0.011151,0.010759,0.01431,0.016809,0.017928,-0.0099074,0.021671,0.014513,0.011637,0.0027516,0.031071,0.012167,0.017432,0.01849,0.030173,0.016966,0.015322,0.01697,0.014889,0.035267,0.022245,0.0137,0.027419,0.036861,0.034509,0.0097269,0.020301,0.037284,0.018531,0.025621,0.0011497,0.017573,0.00053732,0.015009,0.01808,0.021656,0.028241,0.0087864,-0.0067145,0.015767,0.014743,0.021588,0.0040048,0.011506,0.025179,0.018213
-0.0073857,0.010096,0.012838,0.0074641,0.0064708,0.021931,0.0079176,0.013348,0.010963,0.015724,0.0065489,0.023373,0.012502,-0.0035496,0.0099345,0.0064463,-0.0017995,-0.0057592,0.017067,0.021715,0.013317,0.0089121,0.017618,0.0016103,0.010497,0.015049,0.0018859,0.016629,0.0106,0.01922,0.022197,0.0072923,0.0030078,0.026946,0.019593,0.023799,0.0065337,0.0012018,0.019978,-0.00012945,0.016043,0.015932,0.022514,0.019536,0.024221,-0.0047592,0.017603,0.01445,0.015582,0.018859,0.0072458,-0.0037647,0.0075922,0.0036935,0.031575,0.0052703,0.0021236,-0.0020193,0.014929,0.019262,0.016518,0.016859,0.0090483,0.010581,0.0046424,0.025776,0.0058905,0.008582,0.0058839,0.012671,0.022713,0.0253,0.0296,0.028488,0.016391,0.024955,0.011121,0.020453,0.015388,0.019076,0.011468,0.019811,0.025744,0.017213,0.0045999,0.010232,0.025515,0.0098756,0.0044929,0.0095076,0.0045455,0.022692,0.012124,0.023138,0.00044512,0.0062151,0.010841,0.028182,0.030995,0.016106
0.014153,-0.020464,0.023073,0.011959,0.0072114,0.0020424,0.0084053,0.023984,-0.011641,-0.0029797,0.025534,-0.0029912,-0.0075009,0.0071411,0.004461,0.0059826,0.010979,0.0067671,0.028142,0.01628,0.013018,0.0036474,0.0025172,0.016644,0.014111,0.0050404,0.00051148,0.020181,0.0027455,0.011964,0.015346,0.0082997,0.019737,0.0045992,0.0098966,0.013007,0.010941,0.02708,0.0086928,0.013209,0.016673,0.0013848,0.016909,0.0087293,0.031281,0.019326,0.015726,0.034942,0.013416,0.01394,0.026595,0.0097459,0.014148,0.027104,0.014086,0.015423,-0.0020664,0.027856,0.01549,0.0071494,0.018921,-0.0051678,0.0051975,0.017897,0.006167,0.016482,0.013356,0.019157,0.019574,0.017648,0.012211,0.011057,0.0089669,0.01346,0.015737,0.014302,0.02174,0.006801,0.027898,0.027086,0.0038622,0.017273,0.0040296,0.014809,0.019302,0.011556,0.018567,0.027298,-0.0033105,0.0053599,0.024378,0.015767,0.02427,0.0052187,0.004729,0.0052978,0.03252,0.0070577,0.011105,0.017095
0.0025141,-0.0039931,-0.0083504,0.0047027,0.02378,0.020387,0.019576,0.0013053,-0.0037428,0.0017449,-0.00026371,-0.0075445,0.0098976,-0.0047479,0.018145,0.01044,0.012298,-0.0028086,0.019009,7.8074e-05,0.01275,0.034166,0.023484,0.011823,0.021073,0.00016703,0.0018134,0.0025329,0.012286,0.018516,0.027784,0.027678,0.0021395,0.015472,0.014509,0.0086142,0.010294,0.023462,0.016021,-0.011461,0.011385,0.011198,0.018644,0.016614,0.013172,1.5623e-05,0.018747,0.023974,0.012355,0.0070562,0.011028,0.028304,-0.00023958,0.020855,0.013494,0.0077783,0.012423,0.01332,0.0066142,0.013125,0.0211,0.0016053,0.036999,0.024745,0.017393,0.0027771,0.028235,0.0081159,0.0025203,0.020503,0.0003655,0.035615,0.010472,0.0068509,0.013962,0.019341,-0.0082738,0.017166,0.026645,0.0092808,0.030046,0.024401,0.018921,0.032343,0.0036713,0.015957,0.032579,0.01179,0.0028326,0.024238,0.023917,0.020082,0.04813,0.011919,0.0067344,0.016,0.019578,0.011158,0.018519,-0.00092122
0.0085231,0.010353,0.014671,-0.0038113,0.0017482,-0.0026747,0.0042295,0.0066053,0.00076515,0.018841,-0.0097977,-0.0026338,0.0059804,0.0021163,-0.0078344,0.0053193,0.02104,0.022106,0.0091934,0.026652,0.019308,-0.0079291,-0.0052704,-0.0087845,0.0091322,0.038689,-0.0025019,0.0046419,0.026265,0.020175,0.0061053,0.025997,0.019524,0.015931,-0.0034676,0.017088,0.027089,0.0056344,0.016976,0.0012591,0.0090937,0.0022268,0.028686,0.006929,0.0078727,0.018916,0.0095003,0.026992,0.005124,0.014508,-0.0032714,0.029008,0.00779,0.029804,0.029142,0.0061554,0.015587,-0.0038963,0.014892,0.00039087,0.0079506,0.001673,0.038292,0.025165,0.0238,0.0089695,0.0082862,0.018483,0.013012,0.021612,0.016041,0.012396,0.0051774,0.011176,0.0090609,0.0077701,-0.012879,0.0032567,0.0077539,0.012695,0.014319,0.022084,0.015329,0.019624,0.0020884,0.017893,0.037598,0.025503,-0.00030119,-0.0082648,0.013919,0.013889,0.01691,0.01896,0.01456,0.017553,0.015776,0.016087,0.0055895,0.0096963
0.008251,-0.0088663,0.0056852,0.00011002,0.00044339,-0.012272,0.020241,0.012126,-0.010175,-0.013687,-0.0062458,0.028446,0.019077,0.023401,0.015125,0.0066608,0.0017125,0.00057318,-0.0082752,-0.0056092,0.0040642,0.014476,0.028176,0.0062308,0.0037857,0.016522,0.014159,0.011655,0.0021251,0.021401,0.018101,0.041742,0.028324,-0.01085,0.035274,0.019025,0.030513,0.018414,-0.0027751,0.024139,0.0080012,-0.00067413,0.026577,0.014915,0.014451,0.0028268,0.01091,0.038157,0.0083007,0.017531,0.017867,-0.0032338,0.019858,0.026944,0.0053669,0.0017354,0.024661,0.017575,0.018406,0.0020384,0.0046291,0.022292,0.010662,0.032651,0.030035,0.019768,0.023138,0.029172,0.015885,0.042318,0.022997,0.0073314,0.028906,0.028447,-0.0081886,0.033482,0.0026035,0.038829,0.018003,0.026591,0.012702,0.01668,0.0065513,0.029176,-0.0088919,0.029368,0.0054733,0.0046755,0.038734,0.030741,0.026718,0.011631,0.023068,0.01748,0.018443,0.0082097,0.006985,0.0046832,0.020698,0.0188
0.024652,-0.012552,0.0094196,0.0020272,-0.0047773,0.014182,0.0069575,0.0014266,0.012254,0.017918,0.013388,0.0041744,0.012262,0.013295,0.0065377,0.0099693,0.015749,-0.0043643,0.010942,-0.0010125,0.021594,0.028505,0.02591,0.00099221,0.025052,-0.0067344,0.031776,0.0086171,0.00096769,0.024012,0.017062,0.0057986,0.016893,0.018748,0.021065,0.017701,0.01279,0.028631,0.026263,0.0055812,0.02084,0.018661,0.012462,0.017594,0.020452,0.0048391,0.0091632,0.027625,0.011864,0.021873,0.0066915,0.0070893,0.01054,0.013285,-0.010544,0.0020087,0.014523,0.027795,0.014981,0.014183,0.0092303,0.0097136,0.0032968,0.016668,0.015576,0.029136,0.00096163,0.014526,0.0087035,0.0036499,0.018022,0.012083,0.0117,0.017778,0.041555,0.0076353,0.0088816,0.0060927,0.023472,0.02435,0.0050127,0.0069898,0.023537,0.02231,0.0096557,0.0085024,0.014,0.034399,0.016406,0.0055215,0.0047602,0.019153,0.028375,0.0002261,0.014517,0.019239,-0.0029005,0.024239,0.034925,0.018957
0.0065104,-0.014265,0.0069247,0.010264,0.0098297,0.0047314,0.011383,0.00028108,0.0054998,0.022021,0.025619,0.0097325,0.0026939,0.016607,0.016914,0.022928,0.037663,0.014337,0.027096,0.016296,0.0036136,0.0068892,0.026149,0.0090812,0.03475,-0.0026988,0.029354,0.024665,0.010162,0.013554,0.014091,0.013991,0.014035,0.028038,-0.0033123,0.022782,0.0073896,-0.0041825,0.023867,0.014187,0.040022,0.021676,0.026819,0.019299,-0.0019443,0.01872,0.021638,0.01178,0.020087,-0.00029804,0.0070029,0.019303,0.01113,0.020467,0.011257,0.019653,0.0089369,0.01731,0.00079538,0.0028051,0.0094895,0.019637,0.015678,0.019252,0.018728,0.040722,0.0048286,0.018292,0.020079,0.0054819,0.013652,0.016647,-0.01177,0.014622,0.0026432,0.022702,0.015226,0.031847,0.02656,0.021203,0.019475,0.0023625,0.029551,0.016557,0.01956,0.020067,0.02307,0.032223,0.013932,0.028072,0.021778,0.028745,0.030608,0.024577,0.014116,0.022604,0.007019,0.03108,0.018515,0.0035589
-0.016577,0.0064549,0.0068013,0.0032644,0.0064341,-0.010905,0.02456,0.013563,0.0050605,0.0097901,-0.0010364,0.0092401,-0.0020045,0.017772,0.023543,0.011544,0.0064921,0.00055491,0.0014266,0.027395,0.016942,0.013397,0.023495,-0.0091453,0.017871,-0.0054182,0.012882,0.014704,0.01004,-0.0011252,0.018552,0.037024,0.018712,0.02125,-0.00090574,0.015827,0.02343,0.0078483,0.0076745,0.022573,0.026831,0.024809,0.010675,0.021001,-0.0044547,-0.0021858,0.0094083,0.014663,0.022232,0.009765,-0.0033588,0.025227,0.01953,0.0085374,0.0011385,-0.0026526,0.026446,0.0062995,0.026439,0.019207,0.01537,0.0069468,0.011017,0.024765,0.014561,0.015449,0.014345,0.013832,0.0076921,0.02497,0.016584,0.019392,0.013228,0.0098203,0.0089857,0.014801,0.021409,0.018269,0.017763,0.010497,0.025947,0.0098692,0.024203,0.00424,0.013129,0.0064542,0.026637,0.010234,0.046121,0.0089948,0.012697,0.029053,0.013424,0.02512,0.031375,0.023133,-0.0025595,0.014722,0.0064752,0.02815
-0.0057312,0.019415,0.018658,-0.0028552,0.028808,-0.015704,0.012865,0.006101,-0.0017849,0.009705,-0.0028802,0.004618,0.011813,0.014686,0.013301,0.017611,0.015821,0.0047415,0.026433,0.01664,0.0054245,0.005116,0.013946,0.0087354,0.02317,0.0098288,-0.0036322,0.0008038,0.03046,0.026526,-0.0084204,0.016605,0.025829,0.030792,0.036247,0.0087795,0.009479,0.023415,0.00067665,-0.018491,0.010696,-0.0058509,0.0061887,0.015128,0.011358,0.015108,0.022605,-0.0027344,-0.0011769,0.014626,0.026964,0.015842,0.025194,0.02957,0.01892,0.011308,0.0043511,0.019339,0.012193,0.0030963,0.021554,0.0081658,0.027275,0.022971,0.013146,0.0046302,0.01492,0.021314,0.0069493,0.038559,0.010039,0.012636,0.0040911,0.020777,0.029175,0.0059529,0.022387,0.018651,0.023026,0.015606,0.028755,0.019194,0.010318,0.022443,0.0067265,0.011822,0.014663,0.021789,0.02322,0.001208,0.03025,0.020257,0.021076,0.022443,0.0059946,-0.0012478,0.011427,-0.0020162,0.031397,0.033013
0.014609,-0.017518,0.00051831,0.0034271,0.0020772,0.019199,0.0079255,0.024772,0.023011,0.01157,0.00492,0.00020415,0.0006793,0.013723,-0.007883,0.041686,0.011093,0.039408,0.018043,0.0018412,0.0070653,0.0068937,0.0023664,0.018029,0.011444,0.021603,0.01946,0.0086756,0.0064252,0.017332,0.029239,0.016868,0.022365,0.0076689,0.013978,0.010026,0.022388,0.027128,0.026375,0.0093816,-0.0031318,0.021496,0.027345,0.011363,0.02655,0.0041226,0.0034029,0.016344,0.013151,0.012876,0.010395,0.024711,-0.003515,0.011624,0.0020049,0.018095,0.0016876,0.0022298,0.011275,0.020619,0.03134,0.021145,0.024255,0.023722,0.011828,0.0088325,0.028055,0.028443,0.0058402,0.0060253,0.034572,0.016764,0.017746,0.017899,0.0038125,0.0044077,0.0095949,0.011662,0.015637,0.0039054,0.014162,0.0072249,0.018848,0.013472,0.0014792,0.0044014,0.026928,0.023109,0.0043187,0.016097,0.0065759,0.012811,0.028032,0.022179,0.0042606,0.013973,0.017311,0.012362,0.024713,0.022798
0.0031214,0.0030694,-0.0043657,0.0055362,0.016943,0.013588,-0.0024311,0.017242,0.01459,0.013035,0.013044,0.022578,-0.0018331,0.0069228,0.0094987,0.0085316,0.010149,0.0025101,0.026966,0.023736,0.0012323,-0.0087789,0.010818,-0.0016926,0.011764,0.0052211,-0.0066049,0.010196,0.0007224,0.031978,0.00094715,0.025695,0.028682,0.0197,0.020494,0.0013697,0.026231,0.0023482,0.034923,0.024897,0.0081395,0.016382,-0.0086106,0.01757,-0.012443,0.022212,0.026246,0.012326,0.0019426,0.018551,0.010056,-0.0023153,0.0035081,0.02502,0.013558,0.0020647,0.019495,0.0001065,0.035811,0.001494,0.023459,0.013383,0.035302,0.019484,-0.0025421,0.01907,0.012085,0.007949,0.0032069,0.010556,0.034163,0.012444,0.0086103,0.010801,0.015058,0.012702,0.035435,0.024752,0.029605,0.02015,0.019801,0.024156,0.00071447,0.028269,0.0072029,0.026257,0.0065856,0.027455,0.018269,0.024,0.018648,0.029886,0.019849,0.0030422,-0.0031528,0.02191,0.0038076,0.0014406,0.015695,0.022472
-0.0065126,0.0028003,0.010798,0.011299,-0.011731,-0.0067034,-0.0052631,0.016557,-0.0028026,0.0065434,0.0097826,-0.0043689,0.0040316,-0.0009341,-0.010711,0.012436,0.026789,0.021076,0.03145,0.0097479,0.017832,0.021962,0.022877,0.010783,-0.00064183,0.013469,0.015549,0.0056462,0.0083944,0.00092502,0.013867,0.039986,0.0069291,0.027174,0.012332,0.0010412,0.0072364,0.0046655,0.010068,0.0096119,0.013634,0.010146,-0.0063838,0.01492,0.019055,0.016706,0.012498,0.0025585,0.018715,0.0033168,0.0033128,0.020268,0.027926,0.021982,0.016421,0.021383,0.0089531,0.01659,0.016344,-0.0014081,0.01829,0.004974,0.0079217,-0.0030785,0.0050765,0.023914,0.020561,0.0094274,0.0098367,0.017989,0.014004,0.016451,0.017259,0.011882,0.023287,0.01534,0.022915,0.0093416,0.011429,0.0174,0.018972,0.01309,0.014862,0.012845,0.010888,0.0038309,0.0066815,0.016827,0.016533,0.0097903,0.020857,0.027254,0.012155,0.016336,0.011715,0.018245,0.011199,-0.0042067,0.017181,0.0044991
-0.0043868,-0.0016326,0.008102,0.008077,0.0032678,0.01417,0.00085827,0.0085574,0.011371,-0.0065532,0.0025352,0.004653,0.0055598,0.012809,0.019999,0.037652,0.0043139,0.015401,0.010648,0.01849,0.011191,0.017722,0.011937,0.027755,0.0066098,0.037926,0.0077315,0.0066826,0.020377,0.017848,0.016068,0.033668,0.013034,0.014489,0.013323,0.015543,0.023975,0.013956,0.028228,0.020761,0.016444,0.0075925,0.016138,0.03858,0.01162,-0.003259,0.0071466,0.00074072,-0.0108,0.01511,0.033191,0.0088535,0.023784,0.016186,0.021996,0.022763,-0.00047382,0.028226,0.008325,0.026416,0.01794,0.011891,0.015873,0.030422,0.0039086,0.020797,-0.0018017,0.013652,0.011577,0.028891,0.014389,0.0035297,0.010016,0.015834,0.023549,0.012135,0.0078812,0.015898,0.029955,0.0074608,0.0038695,0.020342,0.028416,0.023453,0.0041301,0.01636,0.0073398,0.0031322,0.022304,0.014002,0.012871,0.015467,0.014208,0.018086,0.006734,0.014559,0.014778,0.025478,0.021216,0.0099057
0.0084682,0.0039589,0.0075328,0.0052207,0.019796,0.02411,0.0067309,0.021278,0.023486,0.0032518,0.014227,0.012807,-0.00097843,-0.013061,0.025096,0.017637,0.0095193,0.013127,0.01091,0.017761,0.022811,0.01267,0.01777,0.013069,0.026719,0.015737,0.0065247,0.0029019,0.02367,0.0084963,-0.00049115,-0.0038888,0.028268,0.020241,0.019813,0.0078906,0.02073,0.014081,0.0040367,0.020361,0.0043324,0.00078726,0.013115,0.002728,0.033836,0.0017793,0.01465,0.017675,0.0036377,0.0089975,0.0038094,-0.0078499,0.017242,-0.0026807,0.010389,0.027588,0.026967,0.023008,0.020471,0.037057,0.020276,0.017423,0.024061,0.0095766,0.0097235,0.034784,0.011376,0.0012776,0.022153,0.021638,0.010304,0.0052116,0.0029411,0.012743,-0.010455,0.011504,0.00145,0.00031965,0.019629,0.028779,0.031959,0.023351,0.023465,0.020678,0.01189,0.019671,0.029783,0.036348,-0.0022021,0.032154,0.025611,0.019464,0.0064426,0.014228,0.009668,0.018189,0.019825,-0.00047362,0.01774,0.0124
0.011001,-0.010494,-0.016987,0.015339,-0.0089518,0.0054321,0.006627,-0.001714,0.0049236,0.0020231,0.0056595,0.007204,0.019325,0.0013602,0.017451,0.020218,0.011798,0.016309,0.0083237,0.036653,0.009072,-0.003844,0.024884,0.01592,0.040193,0.0030429,0.0022224,0.00091704,0.0060528,0.032729,0.027166,0.013873,0.0010667,0.029512,0.013276,-0.00072253,0.0075583,0.016268,0.04025,0.016159,0.013613,-0.0010278,0.0024118,0.029434,0.01789,0.0072121,0.015752,0.0034933,0.009346,-0.002295,-0.0046556,0.0016027,0.01544,0.010179,0.021513,0.006348,0.010216,0.0010266,0.0027063,0.0080357,0.018393,0.033952,0.0078651,0.01939,0.016425,0.013311,0.016404,0.025732,0.0232,0.02244,0.0048663,0.010394,0.018899,0.001307,0.034375,0.015416,0.019339,0.023008,0.02366,0.0065491,0.024541,0.0090446,-0.0093979,0.017488,0.0037544,0.0086736,0.0009969,0.021872,0.013776,0.020239,0.0085825,0.007788,0.016017,0.015498,0.0056103,0.010748,0.018396,0.011011,0.023646,0.023474
-0.012205,0.0011772,-0.0035009,0.026237,-0.008842,-0.0052525,0.0033102,0.0039309,0.013125,-0.00093964,0.0040834,0.014502,0.019318,0.0023454,0.018536,0.012574,0.031162,-0.019627,0.011911,0.0091946,0.012274,0.021368,0.0035895,0.01559,0.027991,0.0049976,0.008503,0.031396,0.016645,0.038568,0.0065007,0.020874,0.013547,0.014218,0.020258,0.00624,0.010947,0.016459,0.01933,0.0052821,-0.0020359,0.0048066,0.034805,0.020338,0.022627,0.017594,0.014433,0.0039185,0.00079695,0.012297,0.021703,0.021065,0.021731,0.011674,0.027896,0.024184,0.007752,0.022189,0.012823,0.0012459,0.015289,0.027452,0.012733,0.0069885,0.022635,0.020854,-0.0041588,0.015076,0.012775,0.022852,0.026227,0.0079646,0.013319,0.026064,0.016133,0.012203,0.0034528,0.010803,0.026556,0.033016,0.0052942,0.0070594,0.023509,0.01803,0.0090133,0.023817,0.029577,0.017853,0.023978,0.021729,0.011722,0.035241,0.019826,0.029187,-0.0042724,0.024501,-0.0059196,0.03472,0.018167,0.034883
0.0038408,0.013085,0.016027,0.0033361,0.0188,0.0044475,0.01471,-0.0014524,0.0076457,0.0040093,0.021796,0.021088,0.0068714,-0.0062509,0.0039731,0.0046744,0.021163,0.0073674,-0.0077826,0.012703,0.032482,0.0029376,-0.021214,0.024056,-0.009346,0.019814,0.01149,0.003757,0.011082,-0.006634,0.01346,0.027045,0.015279,0.024384,-0.0015586,0.0050836,0.010123,0.015616,-0.0083043,0.0044786,0.011905,0.0098803,0.029836,0.019477,0.02541,0.0079694,0.0042074,-0.00010887,0.020853,0.024927,0.017583,0.0032052,0.025037,0.027616,0.010156,0.020336,-0.0014583,0.023567,0.016909,0.014294,0.015077,0.015024,0.023826,0.03153,0.032971,0.0055704,-0.0085893,0.020993,0.013867,0.01582,0.025036,0.019597,0.02875,0.016942,0.014695,0.018008,0.010326,0.021404,0.016925,0.022713,0.020331,0.022132,0.011192,0.005536,0.019613,0.026581,0.0089519,-0.0076095,0.017298,0.002908,0.015417,0.027853,0.0080589,0.016187,0.02149,0.034855,0.014444,-0.0025879,0.009502,0.0086638
0.0094118,0.008427,-0.0059658,0.00098319,0.0048939,-0.0040765,-0.0040342,0.0066816,0.0063229,0.005309,0.02302,-0.0050539,0.0082888,-0.0056287,0.014851,0.021134,0.02014,0.014079,0.01106,0.031094,-0.0055442,0.014013,-0.0036119,0.028918,0.011104,0.02483,-0.0035041,0.020909,0.013037,0.0099545,0.019853,-0.0022045,0.025134,0.00017675,0.021929,0.006156,0.010695,0.018387,0.018592,0.0086376,0.025831,0.001897,0.010151,0.017146,0.023249,0.030945,0.023294,0.013658,-0.0016846,-0.0010352,0.0095472,0.014777,0.023453,0.017093,0.023568,0.023462,0.014741,-0.0049469,0.023241,0.0036673,0.01238,0.0037843,-0.0070231,0.0078179,0.012374,0.024549,0.015148,0.015914,0.027402,0.0027947,0.010294,0.02837,0.01114,0.023082,0.020899,0.017117,0.030664,0.010897,0.023969,0.032372,0.016665,0.003002,0.02388,0.014909,0.0036704,0.005523,0.023672,0.01209,0.013618,0.0094005,-0.0065473,0.0086213,0.011893,0.022219,0.017514,0.013137,0.012154,0.0051686,0.014168,0.026183
-0.018518,0.0047192,0.011881,0.0029724,0.019182,0.010511,0.012423,-0.011054,0.0036234,0.0018843,0.00916,0.024267,0.0072419,-0.0011693,0.017877,0.010571,0.00072217,0.017828,0.021501,0.014204,0.022774,0.0094256,-0.010495,0.018085,0.012706,-0.021915,0.011034,0.039187,0.016242,0.017278,-0.0017454,0.010957,0.0026717,0.020634,0.011931,0.008805,0.018448,0.022848,0.0080102,0.0045022,0.015809,0.016377,0.0022361,0.01966,0.021721,0.024903,0.0052251,0.031977,0.00099679,0.019081,0.01587,-0.0028405,0.01835,0.021429,0.022154,0.024313,0.018241,0.038432,0.012958,0.024753,0.0072613,0.032167,0.026569,0.020004,0.024768,0.017524,0.015206,0.0032062,0.020395,0.0089843,0.01448,0.015066,0.0096645,0.025562,0.012329,0.027411,0.01384,-0.0040081,0.020646,0.0065769,0.021453,0.0045908,0.025558,0.023119,0.012534,0.011136,0.014057,0.028944,0.005478,0.0076311,0.003461,0.0011382,0.025028,0.046459,0.016364,0.032378,0.027344,0.0088776,0.015833,0.014328
-0.0036826,0.0095211,-0.0050982,0.00085228,-0.0045531,0.0033099,-0.0048779,0.017066,0.005012,0.0062757,0.016091,0.01821,0.017112,0.013023,0.013889,-0.0046512,0.022245,0.0036822,-0.0037269,0.01754,0.00075398,0.018048,0.024954,0.013076,0.010649,0.018795,0.019403,0.0082612,0.032079,-0.0033517,0.032157,0.011911,0.01049,0.022249,-0.00051371,-0.0087714,0.012917,0.029665,0.017055,0.012049,0.010607,0.017653,0.0045116,0.03326,0.019443,-0.00059959,0.019901,0.022662,0.020351,0.026416,0.022968,0.0019559,0.016642,0.028464,0.01357,0.013346,0.033424,0.0016626,0.0075767,0.004841,0.01121,0.023124,0.00065154,0.011014,0.01763,0.0011875,0.010888,0.0069987,0.0058115,0.019387,0.01898,0.0057828,0.015071,0.027328,0.016459,0.014957,0.014601,0.014348,0.012877,0.022313,0.029974,0.016782,0.020622,0.0041173,0.016077,0.0029438,0.019482,0.0034556,0.023315,0.017431,0.019707,0.032119,-0.0060246,0.013725,-0.0020122,0.0008512,0.0030344,0.029194,0.02306,0.027836
0.0010447,0.021624,0.014346,0.0067202,0.018646,0.026293,0.0186,-0.0068596,0.031188,0.038625,0.0029536,0.0027524,0.036559,0.0087433,0.01459,0.013682,0.019975,0.0099656,0.025672,0.0082093,0.014691,0.00063491,0.0096561,0.023708,0.014338,0.011984,-0.0025124,0.01382,0.016683,0.017459,0.0021337,0.017457,-0.0092902,0.011946,0.013619,0.010426,0.013804,0.027577,0.028559,0.021403,0.024157,0.036919,0.021776,0.012969,0.012041,0.030443,0.033575,0.0090311,0.030106,0.0001741,0.015427,0.02103,-0.0028735,-0.0044907,0.023904,0.026234,0.021024,0.035398,0.025773,0.019097,0.017092,0.02087,0.00086536,0.0344,0.015707,0.0017425,0.02302,0.0059238,0.013649,0.033283,-0.0058958,0.010604,0.023264,-0.0063557,-0.013277,0.016418,0.018099,0.030484,0.019463,0.0065896,0.005617,0.030892,0.034014,0.0040257,0.02803,0.013436,0.028287,0.013485,0.0048279,0.014306,0.020187,0.00047154,0.022918,0.010331,0.018675,0.0038591,0.010207,0.012395,0.010028,-0.002414
0.0079616,0.0083084,-0.0050711,0.00045913,0.0092402,0.0085795,0.0024242,0.017865,-0.007119,0.0061553,0.019527,0.018341,0.0010916,0.011896,0.013681,0.011351,0.019848,0.019755,0.006227,0.028914,-0.0086749,0.026145,0.027069,0.0022927,0.010736,0.015748,0.025021,0.02244,0.018324,0.018192,0.022586,0.024204,0.021041,-0.0067783,0.022181,-0.0098286,0.0015621,0.030354,0.020626,0.012781,0.018128,-0.002817,-0.00443,-0.0029038,0.011979,0.009045,0.01682,0.0073497,0.014251,0.028237,0.016985,0.018503,0.018947,0.0087766,0.010418,0.015971,-0.0049802,0.00033087,0.017755,-0.0018787,0.029776,-0.0039082,0.017435,0.01155,0.010603,0.025256,0.012678,0.011122,0.010364,0.02371,0.01278,0.0094139,0.009879,0.015842,0.022791,0.025442,0.010932,0.029048,0.012832,0.025284,0.018524,0.0099998,0.0096157,0.028121,0.0080751,0.030925,0.01558,0.013952,0.0089112,0.01583,0.026053,-0.007279,0.0013413,0.0081819,0.030123,0.012716,0.024281,0.031471,0.025919,0.028078
0.0017389,-0.0051493,0.0032362,-0.00091727,-0.0083096,0.0090977,0.0021182,0.0060427,0.010776,-0.0062678,0.02779,0.012484,0.016499,0.0052027,0.010593,0.0088024,0.008839,0.010067,0.0024747,0.0011215,0.013921,0.010277,0.029494,0.00079774,-0.0032546,0.012488,0.0093222,0.020218,0.021348,0.023545,0.0091772,0.0082085,0.017784,0.0050235,0.0024836,0.0071934,0.020496,0.020274,0.022811,0.016869,0.02337,0.01913,0.02431,0.021575,0.016818,0.029833,0.0099244,0.013695,0.018294,0.027458,0.012408,0.013588,0.0094822,0.0076509,0.017803,0.0063768,-0.00618,0.0043383,0.016967,0.012166,0.008963,0.032712,0.020606,0.027023,0.012111,0.0036809,0.023507,0.017276,0.019752,0.015698,0.028539,0.024598,0.02207,0.020766,-0.010112,0.012845,-0.011569,-0.0053675,0.010637,0.0096093,0.021069,0.012848,0.026792,0.0083249,0.024539,0.033546,0.039355,0.0064652,0.014277,-0.0042265,0.022923,0.019053,-0.0093369,0.0080071,0.00030271,0.026265,-0.013159,0.0011906,0.0071058,0.038976
-0.015635,-0.00687,0.00022953,0.0068042,0.0040849,0.019117,-0.015582,0.014241,0.035817,0.0064337,-3.1818e-06,0.0082006,-0.0039695,-0.00091377,0.016816,0.01848,0.0034033,0.011945,0.016377,0.030891,0.0075395,-0.0028007,0.0089875,0.0053909,0.019681,0.011577,-0.0026881,0.01954,-0.0049812,0.014081,0.025746,0.018871,0.022946,0.0042215,0.033673,0.011503,0.029657,0.023976,0.010544,0.031885,0.021864,0.016929,0.011687,0.015972,0.025558,0.0097326,0.00034798,0.019463,0.01417,0.012359,0.011029,0.024215,0.0012419,0.0039733,0.010343,0.028085,0.010538,0.0064968,0.02534,0.031809,0.016996,0.018486,0.019959,0.017379,0.0032483,0.021755,0.0053729,0.016565,0.018685,0.016144,0.017776,0.028269,0.0039632,0.026928,0.0031348,0.02074,0.031171,0.002198,0.015571,0.0051878,0.020162,0.022937,0.023801,0.017928,0.0050679,0.033646,0.0089324,0.019539,-0.0025581,-0.0041678,0.0074297,0.01113,0.027753,0.02509,-0.0014419,0.0077743,0.011313,0.017985,0.023519,0.024239
-0.0067016,0.018604,-0.0072823,0.0084247,0.0033898,-0.0029456,0.0098325,0.022863,-0.0022222,0.011528,0.022049,-0.0021803,0.010519,0.017807,0.027733,0.015855,0.014897,-0.021802,0.011627,0.014983,-0.0072598,-0.0036228,0.01118,0.018987,0.022137,0.025787,0.025348,-0.015618,0.034275,-0.0022091,0.013169,0.01483,0.018445,0.019897,0.0131,0.023788,0.018962,-0.0026602,0.035565,0.019886,-0.00081383,0.013405,0.016865,0.0079713,0.017707,0.015805,0.031384,-0.0038201,0.006637,0.014874,0.0091724,0.023645,0.014498,0.0067112,0.023826,0.01575,0.020386,0.0185,0.015424,0.015036,0.018399,0.029816,0.032996,0.016183,0.013617,0.023783,0.016183,0.032739,0.019396,0.012505,0.018593,0.0096551,0.01928,0.019049,0.010059,0.011373,0.015783,0.010335,0.013285,0.019138,0.026632,0.011984,0.020004,0.007,0.01029,0.013546,0.01683,0.017606,0.025448,0.0078748,-0.0081057,0.0045744,0.00073087,0.0068231,0.02026,0.0079065,0.028353,0.014242,0.03138,0.013085
0.010941,0.0012328,-0.0011854,0.017682,0.012185,-0.0089809,0.0015071,0.0081967,-0.00042074,0.018341,0.018646,-0.0065573,0.023193,-0.016874,0.0055003,0.018384,0.021744,0.0050016,0.0081624,0.01888,0.0030935,0.012384,0.015532,0.00010445,0.018241,0.03583,0.0095702,0.033548,-0.0050917,0.021162,0.010275,0.00092927,0.020906,0.013425,0.013375,0.032212,0.019949,0.022541,0.016792,0.0039122,0.020404,0.017294,0.015919,0.014068,0.0046483,0.013108,0.020633,0.00034576,0.026366,0.027682,0.0039627,0.0060759,0.0035328,0.0069989,0.018154,0.015252,0.025278,0.025981,0.005803,0.017729,0.028178,0.026108,0.011071,0.0029325,0.022655,0.010867,0.011587,0.013018,0.00697,0.038092,0.038712,0.0083137,0.019231,0.011098,0.0071005,0.013432,0.0079296,0.018424,0.013175,0.012101,0.025836,0.019136,0.00090213,0.018428,0.021686,0.02518,0.00031818,0.021228,0.011313,0.0073191,0.00072933,0.020445,0.0070612,0.047746,0.019444,0.020271,0.048242,-0.0048339,0.028231,0.014373
-0.0096166,0.012572,0.010738,-0.017907,0.0028566,0.0093565,0.0080377,0.03265,0.0043267,0.00075558,0.028984,0.012706,0.011343,0.011381,0.0051843,0.020597,-0.0014669,0.0010012,0.0050005,0.020525,0.0023734,0.01135,0.00041252,0.036793,0.0074421,0.032094,0.019378,0.012909,-0.0099043,0.0080138,0.016741,-0.0035696,0.011203,0.0034941,0.0051841,0.028853,0.023797,0.0075932,0.0086214,-0.0039164,-0.0021468,0.0055314,0.023427,0.011747,-0.011192,-0.00046948,0.012709,0.0176,0.0011382,0.011088,0.040215,0.0055895,0.021988,0.0069654,0.036888,0.022977,0.028118,0.023926,0.0073294,0.030465,0.010808,0.010021,0.013869,0.024285,0.021449,0.0082038,0.020404,0.016998,0.013447,0.024182,0.013891,0.0095378,0.013963,0.0083092,0.0082968,0.011369,0.0057539,-0.010714,-0.0015712,0.0057904,0.026171,0.0097828,0.018081,0.017653,0.0048159,0.011778,0.024,0.021572,0.023494,0.024552,0.034967,0.011421,0.0095236,0.018702,0.024855,0.0024235,0.0032004,0.018318,0.012178,0.025964
0.016307,0.019992,0.0082718,0.00064283,0.023307,-0.0051662,0.023991,0.0035484,0.016534,3.015e-05,-0.00058913,0.0060907,0.0032224,0.00022502,0.0048976,0.0055949,0.030875,0.038943,0.032177,0.0062153,0.022431,-0.0015205,0.010633,0.0016466,0.025707,0.0023411,0.011535,0.029022,0.025905,0.026622,0.0040062,0.020108,0.016479,0.030484,0.025396,0.00076148,-0.0016161,0.017762,0.015048,-0.0097288,0.017598,0.013525,0.010117,0.02471,0.011032,0.003103,0.024129,0.017765,0.030849,0.013345,0.0029223,0.01421,0.011737,-0.0011339,0.023754,0.015767,0.018103,0.014093,0.022644,0.032149,0.015789,0.012042,0.011268,0.012799,0.0092334,0.017402,-0.0012075,0.045138,0.0093811,0.010555,0.018075,0.01941,0.025193,0.0013805,0.0062346,0.043398,0.019548,0.027341,0.018327,-0.0077284,0.0092899,0.017585,0.0050162,-0.0051792,0.0027243,0.0065805,-0.0031755,0.02212,0.018492,-0.0025475,0.032694,0.02441,0.01703,0.025247,-0.0041781,0.031114,0.0031269,0.0044372,0.0033761,0.02936
-0.014179,-0.00062398,0.017637,0.015049,0.0029204,0.0020559,-0.011238,0.018116,0.015481,0.009376,-0.0093576,0.0090338,0.016877,0.0063066,-0.0015417,0.0028108,0.00058275,-0.0015131,0.030608,0.018703,-0.0028582,0.014815,0.011779,0.010075,0.0096673,0.024531,0.039537,0.021101,0.0084566,0.022448,0.0094527,0.024433,0.019565,0.034094,0.029183,0.011465,0.021919,0.02818,0.0080745,0.011263,0.0083828,0.0036418,0.016121,-0.0067861,0.0051047,0.013988,0.023509,0.001683,0.015962,0.012342,0.020786,0.01788,0.0014192,0.025892,0.026108,0.0062668,-0.0031772,0.0095102,0.016252,0.021592,0.016924,0.017144,0.017071,0.0051309,0.0066395,0.0040994,0.023058,0.022474,0.026326,-0.013684,0.01971,0.015856,0.017177,0.0038286,-0.0012007,0.0060071,0.021033,0.012469,0.0014316,-0.0039479,0.028704,0.0094897,0.039478,0.0071466,0.010544,0.0099286,0.011335,0.020895,0.0031954,0.010133,0.018672,0.0043223,0.012525,0.018029,0.0060294,0.011505,0.0032767,0.014161,0.019292,0.0061006
0.005106,0.010095,0.0072764,-0.011152,0.0090385,0.002961,0.0068913,0.015963,0.018101,0.026851,0.014557,0.020263,0.0045705,0.019851,0.0099467,0.0091947,0.013684,0.010419,0.0054739,0.0090566,0.021188,0.015797,0.013296,0.024114,-0.0018794,0.013721,-0.0025995,0.010584,0.01195,0.021043,0.0077397,-0.0075551,0.017169,0.015233,0.018672,0.0026113,-0.0012524,0.02853,0.0015554,0.032864,0.012023,0.006815,0.025088,0.023397,0.00092663,0.018372,-0.011119,0.035593,0.031791,0.026729,0.014192,0.026739,0.0098737,0.035507,0.031158,0.020253,0.022254,0.022981,0.0023842,0.014077,0.027389,0.011222,0.020397,-0.0023488,-0.0076186,0.0081317,0.027758,0.013456,0.023715,0.011324,0.020602,0.028098,0.022626,0.015466,0.026848,0.015459,0.0013869,0.024261,0.0083239,0.037035,-0.012488,0.0074661,0.026471,0.016363,0.012818,0.014354,0.018644,0.0076852,0.040582,0.009788,0.033375,0.018439,0.026248,0.02941,0.017659,0.017563,0.01108,0.024929,0.00037486,0.019612
-0.020479,-0.00264,0.0050258,-0.0079764,0.00054216,0.012323,-0.00028219,0.012322,-0.013548,0.012958,0.013956,0.0067756,0.0037706,0.016695,0.01955,0.036918,0.0091742,0.0037643,0.017899,0.014014,0.012606,0.017726,0.0048902,0.0003035,0.0093416,0.01604,0.0071058,0.027955,0.024791,0.018283,0.01309,0.0060539,0.012508,0.0084918,0.011547,0.012149,0.015169,0.023712,0.019361,0.02821,0.0095686,0.013132,0.033601,0.0038343,0.0083973,0.022564,0.01947,0.027546,0.026639,0.021435,0.022069,0.011337,0.01152,0.0026602,0.008152,0.026081,0.013231,0.02361,0.014249,0.0036183,-0.0060702,0.0099068,0.031403,0.0064023,0.0073082,0.010744,-0.008763,0.018133,0.047598,0.0080606,-0.007914,0.022663,0.013605,0.016738,-0.0048931,0.014348,0.025075,0.021009,0.017754,0.015261,0.01911,0.0080541,0.011063,0.0059687,0.013134,0.020764,0.005515,0.0018861,-0.0043455,0.010165,0.033841,0.0066284,0.020392,-0.0031676,0.022542,-0.013566,0.023558,0.0032105,0.0035002,0.037458
-0.010039,-0.0063885,0.0047411,0.0088938,0.0075896,0.014829,0.0033052,0.0045808,0.0037511,0.013235,0.0054229,0.015712,0.021199,-0.0041305,0.016798,0.0083371,0.010303,-0.0024958,-0.010133,0.0016397,0.012458,0.012532,0.027345,0.0066731,0.0047786,-0.0057322,0.0057079,0.021526,0.0050377,0.011635,-5.9187e-05,0.0078765,0.020104,0.017052,0.0061123,0.0078674,0.017485,-0.0038134,0.031502,0.011728,0.0090437,0.020185,0.012869,0.024995,0.010985,0.012401,0.017839,0.019018,0.025357,0.019348,0.018175,0.021881,0.011956,0.0091521,0.0097323,0.017304,0.022903,0.02269,0.029067,0.026038,0.014256,0.015409,0.021172,0.032841,0.013292,-0.0092032,0.025329,0.010401,0.0088485,0.012942,0.02796,0.0068376,0.031633,0.0066038,0.016302,0.0047344,-0.0022616,0.014803,0.021839,0.01035,0.016107,0.0065125,0.018924,0.033458,0.033427,0.027313,0.0094963,0.024357,0.01406,0.0046098,-0.0059921,0.0026436,0.012479,0.015894,0.021745,0.0061654,0.0078852,0.010582,0.016435,0.0028234
-0.017069,-0.0068138,0.0025794,-0.0083546,0.010453,0.00088542,0.0047457,0.0049121,0.001922,0.0068594,0.015886,0.0092186,0.014469,0.016113,0.010185,0.027151,0.021527,0.0082409,-0.0059516,0.020135,0.018052,-0.0017483,-0.011317,0.011087,0.016206,0.016045,0.029058,0.010365,0.021024,0.0085,0.043051,-0.0010959,0.027774,0.031327,0.037771,-9.2556e-05,0.020899,-0.0029147,0.022104,0.0083068,0.023195,0.018244,0.018867,0.0084309,0.018901,0.011962,0.0040839,0.027429,0.017816,0.0045805,-0.013579,0.020657,0.023167,0.016376,-0.00067509,0.012572,0.002531,0.015067,-6.0975e-05,0.0062189,0.020566,0.010886,0.0027374,0.022282,0.0088201,0.0010953,0.016424,0.015015,0.017989,0.0018306,0.0034678,0.008074,0.0016258,0.017703,0.001117,4.8747e-05,0.00018564,-0.0071829,-0.0013561,0.0024279,0.036091,0.017693,0.0034284,0.0085276,0.030068,0.018762,0.020277,0.011289,0.010328,0.03442,-0.00068249,0.015399,0.0079345,0.017756,0.012269,0.016853,0.025348,0.0039576,0.019948,0.022458
-0.00649,0.01912,0.0084846,0.021521,0.01069,0.0017115,0.0082257,0.014949,-0.0011507,0.018776,-0.0076689,0.02023,0.027597,0.0035811,0.017392,-0.0053646,-0.0038383,0.011025,0.019211,0.032268,0.0077945,-0.0020063,0.012936,0.0092554,0.0081435,0.018453,0.011125,0.014979,0.024341,0.013198,0.019588,0.0101,0.028051,0.022252,0.030209,0.025019,0.025219,0.011173,0.01428,0.0095948,-0.00608,0.014079,0.013805,0.0038451,0.00081959,0.012767,0.021732,0.011804,-0.0062703,0.022654,0.027669,0.0076053,0.0093583,0.010735,0.0043139,0.014411,0.0097043,0.03017,0.014711,-0.00098328,0.020933,0.0065228,0.0067544,0.014014,0.018468,0.028437,0.033558,0.012746,-0.0017198,0.0015257,0.013342,0.0089714,0.0092725,-0.0038272,0.036518,0.021936,0.028763,0.018388,0.015111,0.018019,0.010621,0.031236,0.0078502,0.03187,0.011855,0.014428,0.008784,0.0046341,0.011804,-0.0022384,0.0066654,0.020736,0.024907,0.019761,-0.0057733,-0.0023134,0.0030191,0.014531,0.0024631,0.0086584
-0.0052234,0.013663,0.029024,0.0034944,-0.0073945,0.023899,0.011495,0.028414,0.0047248,0.019208,0.0053513,0.0066965,0.0047803,0.006954,0.017144,0.0048239,0.008767,0.0093947,0.020991,0.010973,0.017082,0.021629,0.0063853,0.015993,0.0094902,0.0020297,0.0046455,0.0045453,0.028918,0.040382,0.011485,-0.0092124,-0.0021939,-0.00033858,-0.0021653,0.018512,0.022048,0.0042456,0.015877,0.010702,0.00010907,0.021065,0.027361,0.0079105,0.0075038,0.0018661,0.033592,0.012476,-0.0015469,0.0054836,0.015604,0.0081621,0.0095655,0.010585,0.015607,0.018621,-0.0046371,2.6598e-05,-0.0043976,0.006138,0.01119,0.0086268,0.010698,0.0093325,0.012062,0.017471,0.013242,-0.0076085,0.015735,0.011025,0.022761,0.0052172,0.026589,0.0070582,0.01571,0.0055759,0.017756,0.010773,0.0071934,0.022616,0.022359,0.010272,0.0072137,0.037007,0.030839,-7.7192e-05,0.0091776,0.020512,0.011094,0.0088111,0.00056031,0.007961,0.0061516,0.029744,0.014053,0.01455,0.0078555,0.005482,0.0047584,0.022967
-0.0098555,0.017856,-0.005539,0.014647,0.020379,0.00074851,0.021804,-0.0093917,-0.0022148,0.0027285,0.012715,0.017037,0.022935,0.0065262,0.016951,0.0007678,0.01441,0.0036509,-0.0035128,0.0091587,-0.00068737,0.0052569,0.024754,0.0044123,0.029061,0.0054566,0.018835,0.029059,0.01156,0.0055926,0.021178,0.02884,0.021397,0.022391,0.012922,0.0093366,0.012432,0.016306,0.021093,0.014789,0.016334,-0.0022094,0.030066,-0.0064083,0.013851,0.017954,0.0079916,0.0084111,0.02733,0.015284,-0.0029293,-0.0030779,0.017661,0.014662,0.025151,0.0010136,0.0086196,0.032935,0.028248,0.01359,0.019834,0.030743,0.017419,-0.007946,0.03783,0.004594,-0.0040625,0.020187,0.017739,0.010896,0.010336,0.0036988,-0.0032901,0.0087866,0.02137,0.010626,0.0084255,0.020444,0.021111,-0.0060323,0.042455,0.017416,0.026044,0.0020262,0.027187,-0.0026488,-0.011932,0.0079365,0.024042,0.006737,0.002036,0.02297,0.018107,0.035635,0.0035864,0.00060111,0.031566,0.0087249,0.015328,0.0069062
0.00042584,0.022399,0.0055881,0.0037931,0.023976,0.0045077,-0.0028102,0.018644,-0.0018357,0.012661,0.0071849,0.022124,0.0078638,0.013912,0.020396,0.028179,0.033151,0.015834,0.0090353,0.01212,0.012664,0.027966,-0.0054329,-9.8907e-05,0.016318,0.018117,0.038429,0.02337,-0.014933,0.013998,0.0052634,0.01026,0.019295,0.016022,0.012687,0.027401,0.013798,0.017604,0.017319,0.0075999,0.010572,0.0059246,0.02236,0.020844,0.029609,-0.0025173,0.022377,0.01154,0.028382,0.0074776,0.019004,0.024386,0.025469,0.020848,0.027583,0.012081,0.036364,0.014202,0.0071904,0.013952,0.01173,0.018682,0.013208,0.001757,0.0070063,0.0072093,0.0070127,0.010463,0.014898,0.017903,0.0025697,0.018016,0.010018,0.017246,0.013933,0.01726,0.033699,0.0052278,-0.0040355,0.02798,0.0011941,0.015459,0.0088303,0.020688,0.00012732,0.019426,0.02212,0.0086895,0.0056942,0.028005,0.025049,-0.010973,0.036759,0.0026348,0.014403,0.019971,-0.0022248,0.007386,0.02504,0.0098326
-0.0017636,-0.00078125,0.0005706,0.0089623,-0.0072928,0.0062241,0.002876,0.010026,0.011874,0.014252,0.0027007,0.012355,0.027727,0.020368,0.01504,0.0069446,0.031893,0.018256,-0.0056479,0.036893,0.022446,0.01374,0.034564,0.0078622,0.0043447,0.022425,0.011461,0.027987,0.0037749,0.00069507,0.041657,0.034355,0.030931,0.019589,-0.0014795,0.026491,0.02495,0.021438,0.0014942,0.021906,0.011731,0.021263,0.034147,0.0099203,0.025313,0.02282,0.023425,0.0087515,0.0070749,0.022576,0.0061591,0.022708,0.0098401,0.025652,-0.0054251,0.0034284,0.0074628,0.023625,0.010076,0.024558,0.036737,0.0060879,0.0055588,0.0040205,0.0094684,0.032835,0.015567,0.012072,0.012555,0.025629,0.027046,-0.0075617,0.022271,0.016805,0.0043345,0.016283,0.01457,0.0087997,0.019973,0.0089752,0.011104,0.013289,0.020703,0.014678,0.018965,0.02001,0.0020285,0.025815,0.020777,0.0037598,0.014764,-0.00097812,0.01635,0.020606,0.013557,0.036195,0.021219,0.021315,0.017288,0.0077826
0.010335,-0.015444,-0.010862,0.003476,0.00042436,-0.0103,0.011077,0.014574,0.0010424,0.010094,0.0036788,0.033375,-0.011694,0.012103,0.0090961,0.017522,0.022139,0.018706,0.0047774,-0.0030993,0.011147,0.030354,0.01778,0.011531,0.013254,0.018217,0.024016,0.0097968,0.013612,0.012773,0.011258,0.0086355,0.034261,0.010441,-0.0036578,0.022123,0.010298,0.023421,0.035631,0.027013,0.013031,0.01884,-0.00024522,0.0031456,0.0077649,-0.0058421,-0.0096381,0.026021,-0.0014394,0.016688,-0.0007451,0.015972,0.024784,0.031751,0.013902,0.026883,0.020174,0.014196,0.0039317,0.016005,0.007225,0.023389,-0.0055457,0.0042513,0.0044499,-0.0072391,0.0091981,0.021879,0.023243,0.012803,-0.00061824,0.026437,0.0019359,0.014413,0.02059,0.031018,0.018779,0.0096003,0.0069209,0.027671,0.018312,0.0041416,0.016335,0.0097144,0.011815,0.0069752,-0.00093556,0.029737,0.010322,0.010454,0.013634,0.013823,0.019368,0.021684,0.0073342,0.010415,0.018751,0.018549,0.02144,0.018469
0.0091013,0.0035279,0.0099059,0.0043501,0.015221,9.5214e-05,0.0015281,0.022234,0.017213,0.019892,0.021144,0.0017074,0.015009,0.019919,-0.00070649,0.0098012,0.00010142,0.0045746,0.0089305,-0.0043109,0.018387,0.015997,0.015434,0.030139,0.010345,0.016088,0.027465,0.018918,0.018793,-0.0021271,0.020463,0.01933,0.035323,0.022204,0.0072896,0.0023641,-0.012287,0.016364,0.021814,0.039499,0.028359,-0.0028056,0.028866,-0.0047938,0.018843,0.019734,0.029361,0.030931,0.016673,0.026476,0.01247,0.0055709,0.0089629,0.012692,0.012484,0.012902,0.0051215,-0.014032,0.018021,0.016032,0.014505,0.015918,0.0079172,0.017237,0.015405,0.0232,0.015533,0.010044,0.018425,0.0057307,0.028374,0.020318,0.017161,0.017459,0.020335,0.0062771,0.0044787,0.014122,0.020116,0.018224,-0.0030872,0.02315,0.023722,0.020754,0.006174,0.0080226,0.0060726,0.0077011,0.020235,0.0035516,0.017615,0.0017295,0.033509,0.002442,0.0061319,0.026575,0.019733,0.0103,0.015474,0.010848
0.0068188,0.010541,0.011315,0.0097639,0.00075,0.024918,-0.00582,-0.0052986,-0.004817,0.016226,-0.013011,0.001952,0.0022656,0.0078729,0.012619,0.019534,0.0025001,0.020429,0.019545,0.019125,0.0067017,0.011216,0.025599,0.02928,0.0051793,0.011176,0.0015297,0.016272,0.0066688,0.035577,0.040505,0.013728,0.0028196,0.0043152,0.016562,0.016179,0.00503,-0.0021584,0.010871,0.013446,0.0084891,0.0041895,0.013759,0.0051415,0.002622,0.02477,0.013036,-0.0032722,0.0095964,0.027423,0.0089815,0.010693,0.012192,-0.00021502,0.0011997,0.012537,0.0065897,0.01988,0.028132,0.013288,0.0096648,0.031656,0.030494,0.034054,-0.01241,0.028518,0.02481,0.012379,0.015766,0.012674,0.0038127,-0.0015626,0.01108,0.020752,0.033709,0.013741,0.0050919,0.026476,0.01415,0.015747,0.016475,0.037622,0.0145,0.022451,0.01333,0.026946,0.0079911,0.014507,0.016866,0.018767,0.018005,0.023117,0.009723,0.023299,0.0257,0.020592,0.028054,0.0059226,0.0082249,0.01716
0.018205,-0.014753,0.019204,-0.0075365,0.0076883,0.00089016,0.0082217,-0.01426,0.018494,0.0042592,0.011623,0.015779,0.0066416,0.043988,-0.0082994,0.025315,-0.0046262,0.025927,0.0010352,0.0048911,0.0078399,0.0076284,0.018989,-0.001877,0.0182,0.018525,0.027052,0.041297,0.009964,-0.0032169,0.013652,0.026071,0.0094943,0.013798,0.0037504,0.021527,0.0055611,0.022127,0.012317,0.01111,0.013309,0.01483,0.023801,0.0021047,0.012515,-0.000643,0.0077838,0.017161,0.0067863,0.010992,0.014325,0.0084557,0.0064225,0.011071,0.027158,0.017723,0.0239,0.012104,0.0098712,0.014577,0.016576,0.022967,0.025932,0.0083251,0.017238,0.028291,0.03332,-0.0043519,0.024005,0.015482,0.020318,0.0076016,0.010702,0.00068921,0.026261,0.015548,0.014118,0.025056,0.020526,0.029538,0.018097,0.0088777,0.022941,0.009802,0.00048715,0.0060973,0.020112,0.010144,0.0087689,0.013153,0.024803,0.01639,0.026984,0.033199,-0.008671,0.0023685,0.010574,0.0051554,0.009858,0.018896
0.0074195,0.0018227,-0.0039255,0.0054817,0.020869,0.0040626,0.022146,0.014463,0.015382,0.0071774,0.0083892,0.010911,0.016044,0.013968,0.015755,0.016373,0.0056224,0.0013009,0.012934,0.010748,-0.0064404,-0.0060498,0.018799,0.010641,-0.0044665,0.024254,0.012146,0.038729,0.01045,0.026515,0.019055,0.02672,0.0016329,0.012462,-0.0020905,0.0094593,0.013181,-0.0086455,0.0096576,0.013167,0.0006774,0.016836,0.024317,-0.00055424,0.012676,0.045463,0.029204,0.0095095,0.023283,0.013828,0.034033,0.0015422,0.038676,0.025094,0.027638,0.024902,0.017432,0.010433,0.012625,0.018693,-0.004149,0.0073639,0.014913,0.026206,0.028529,0.014042,0.011785,0.0019581,0.010193,0.011773,0.023791,0.017674,0.016108,0.0089449,0.0090535,0.012425,0.01251,0.036588,0.0014109,0.031889,0.015773,0.012287,0.013641,0.026099,0.030434,0.01713,0.026303,0.017028,0.021724,0.019449,0.01495,0.025163,0.0017704,0.013782,0.011515,0.016202,0.032621,-0.0096365,0.0027581,-0.0024281
-0.012209,-0.011336,-0.002131,-0.0029963,0.0079092,0.016188,0.013107,0.0077872,0.010106,0.026276,0.010357,0.016781,0.0042459,0.0093825,0.017301,0.011529,0.022757,0.0076108,0.026521,0.0089122,0.003034,0.0039571,0.0043479,0.012141,0.0082232,0.02308,0.014754,0.0025083,0.029611,0.010305,0.010591,0.011214,0.0094044,0.017811,0.014161,0.014336,0.0039537,0.017844,0.010141,0.017585,0.0066742,-0.00029661,0.013154,0.0056796,0.016916,0.010639,0.011005,0.02624,0.023364,0.028215,-0.0072995,0.01626,0.0089036,0.027195,0.0050487,-0.0071231,0.0054476,0.017799,0.026452,0.018938,0.001681,0.025275,0.010655,0.027949,0.012334,0.020138,0.013237,0.021079,0.001362,0.022733,0.015609,-0.010055,0.024869,0.0018191,0.014877,0.016095,0.0071599,0.02117,0.011892,0.0321,0.017733,0.0058284,0.0067044,0.028067,0.03055,0.018128,0.008766,0.0109,0.0019715,0.013598,0.02281,0.014037,0.028622,0.011417,0.03356,0.026499,0.023755,0.008748,0.036489,0.017363
0.021712,-0.007025,0.0056659,-0.0022786,0.028683,0.013916,0.0034767,0.017202,-0.0056666,0.024928,0.0091484,0.0092955,0.012832,0.01625,0.0075758,0.016205,0.0098681,0.0123,-0.005314,0.0035879,0.017685,0.010765,0.0035408,0.021707,0.018572,0.012298,0.019723,0.01891,-0.0014954,0.021934,0.013301,0.0010764,0.0095444,0.016917,0.0093216,-0.002924,0.022692,0.015475,0.016983,0.0017598,0.0045453,0.01499,-0.010633,0.0081042,0.011575,0.013426,0.024517,0.017763,0.0076314,0.006693,0.020813,0.031821,-0.013016,0.019377,0.010405,0.0091213,0.0011433,0.010022,0.023183,0.017282,0.020649,0.01171,0.011978,0.0026841,0.029376,0.0088228,0.019389,0.010483,0.012905,0.019279,0.0065596,0.011203,0.022995,0.019553,0.0071996,0.033334,0.03245,-0.0033204,0.02311,0.011018,-0.0010874,0.022892,0.014118,0.024301,0.023759,0.031953,0.019903,0.0094394,-0.00039546,0.029248,-0.002404,0.012838,0.015304,0.0013293,0.023105,0.022562,0.012565,-0.0014869,0.019363,0.0073745
0.00060226,0.015336,-0.0078045,0.0040089,-0.00273,0.013148,-0.0036687,0.025294,0.0066872,0.015025,0.0070727,0.0048206,0.023261,0.004754,0.00071593,0.018462,0.0092884,0.023101,0.022239,-0.00047282,0.0018076,0.01011,0.0054714,0.01081,0.02169,0.028463,0.034968,0.002508,0.0093617,0.020544,0.016511,0.026916,0.012758,0.02023,0.030248,0.0015526,0.023171,0.0080549,0.0023409,0.0081213,0.021285,0.014546,0.0072755,0.023888,0.0065904,0.026553,0.017132,0.024671,-0.0070292,0.0074868,0.020502,0.016902,0.007377,-0.0099939,0.0051112,0.032676,0.022699,0.02425,0.014603,0.0015943,0.03942,0.0084294,0.0077603,0.027637,0.018069,0.020488,0.01664,0.013591,0.00073807,0.003965,0.016055,0.021575,0.013779,0.019539,0.004718,0.0077146,0.015878,0.025986,0.021964,0.0089082,0.012857,0.012962,0.014307,0.017384,-0.0075187,0.0032118,0.028801,0.027762,0.0044569,0.018319,0.014734,0.022564,0.022195,0.032439,0.025962,0.012571,0.018274,0.0021242,0.027188,0.026258
0.0045519,-0.0041948,0.023319,-0.0044085,0.0099041,-0.0063671,0.018991,0.0040377,0.0078704,0.016934,0.0083609,0.026253,0.024394,0.01192,0.0076083,0.011812,0.011668,0.002336,0.019504,0.024374,0.010612,0.026935,0.014843,0.0056668,0.019644,0.025676,0.0099991,0.0077042,0.027782,0.018801,0.0045289,0.040045,0.039746,-0.00061736,0.015527,0.011023,0.0073913,0.015187,0.032759,0.011345,-0.0027943,0.020976,0.024399,0.0090656,0.018833,0.0008454,0.01282,0.016653,0.010178,0.0078529,0.027845,0.021967,0.01105,0.0094232,0.015042,0.015241,-0.0027086,0.022312,0.028115,0.02882,0.0086784,0.024373,0.010151,0.0057584,0.011678,0.010288,0.021366,0.009404,-0.0010095,0.0049101,0.02605,0.027351,0.028786,0.011958,0.0076669,0.012387,0.016383,0.00091643,0.013141,0.0029615,0.024097,0.02705,0.015828,0.043421,0.011523,-0.006641,0.024195,0.013822,0.0044846,0.023337,0.018086,0.0097415,0.0030137,0.0050523,0.024514,0.011356,0.023522,-0.004518,0.013482,0.0057939
0.0043306,0.0041872,0.0080111,0.00064801,0.011544,0.0025689,0.0065208,-0.0086248,0.0041437,0.024908,0.0057375,0.0033146,0.015585,0.019901,0.020563,0.019063,0.024085,0.019925,0.022423,0.012073,0.020884,-0.005467,-0.0039733,0.015529,0.012221,0.023238,0.013941,0.01838,0.022623,0.014624,0.022652,0.025538,0.019087,0.020106,-0.0069803,0.00048201,0.024714,0.012937,0.021522,0.0292,0.018941,0.014479,0.024567,0.0024468,0.0033496,0.014745,0.019058,0.012338,0.015349,0.00056249,0.031966,0.0016982,0.019946,0.020014,0.020627,0.014703,0.015381,-0.0016744,0.022178,0.029246,0.021017,0.023305,0.0083502,0.011364,0.0095468,0.010222,0.029484,0.020005,0.0084609,0.024717,0.0040823,0.015828,0.006616,0.00893,0.020754,0.0072192,0.034266,0.023452,0.017602,0.020356,0.0073056,0.02041,0.018758,0.02432,0.016463,0.012808,0.027737,0.0026458,0.021394,0.011145,0.0052277,0.0072767,0.029093,0.0186,0.0041273,0.01362,0.028804,0.0053101,0.001388,0.018338
0.0078013,-0.013762,0.00023928,-0.0089589,-0.002981,0.022311,0.0074211,0.016381,0.015007,0.0065398,0.009161,0.012055,0.0058574,0.016669,0.028142,0.023387,0.012142,0.0017095,0.012944,0.023158,0.0062259,0.010893,-0.0014144,-0.0041352,0.010495,0.027001,0.041306,0.019134,0.021386,0.0074983,0.025826,0.0028838,0.016796,0.005308,-0.0079754,0.0082674,-0.018066,0.022888,0.021626,0.0082245,-0.0013987,0.012408,0.019928,0.019137,-0.011067,0.0045983,0.0097898,0.019445,0.013878,0.0075186,0.0052111,0.02281,0.020598,0.019277,0.0085282,0.014402,0.0090482,0.040672,0.031965,0.029014,0.0055709,0.014231,-0.0018992,0.011116,0.019273,0.039799,0.0057018,0.00057643,0.031777,0.012943,0.0085928,0.02207,0.004554,0.021396,0.001273,0.035697,0.019551,0.0077632,0.014801,0.021821,0.0029723,0.015871,0.014803,0.028854,0.013693,0.024039,0.012224,0.01662,0.023889,0.034235,0.020892,0.02966,0.019307,0.0027669,0.01114,0.0036832,0.041865,-0.0027214,0.02003,0.027854
0.0088264,-0.004018,-0.002113,0.0051526,0.0041166,0.0062678,0.025568,0.024446,0.028435,0.0055613,0.007816,0.014658,0.0075632,0.020036,0.0034132,0.0088405,-0.0017264,-0.010791,0.011905,-0.0013923,0.016263,0.01803,0.022141,0.014409,0.0036212,0.014092,0.012067,0.022627,0.0092116,0.023967,0.021959,0.024296,0.02692,0.0067172,0.0073348,0.019036,0.0022759,0.015656,0.023885,0.0063479,0.021893,0.0079406,-0.01805,0.019676,0.022636,0.01071,0.027202,0.0096283,0.0023536,0.0057117,0.017587,0.015181,0.017864,0.017021,0.0036649,0.0072188,0.015715,0.010593,0.020152,0.01532,0.033971,0.026193,0.0020587,0.01117,0.0038711,0.027271,0.018704,0.018768,-0.012132,0.015933,0.0092807,0.0080942,-0.0073207,0.020687,0.00030147,0.015748,0.01616,0.022758,0.024847,-0.00046527,0.0065471,0.015523,0.0070826,0.015674,0.028097,0.022198,0.019733,0.025272,0.02589,-0.0084262,0.0061299,0.0045141,0.011556,0.031061,0.029373,-0.00099781,0.0080138,0.025801,0.000377,0.022065
-0.01025,-0.002436,0.0085299,-0.0042277,0.0045412,-0.00028633,0.016616,-0.001387,0.0049825,-0.0089894,0.029519,0.027789,0.022227,0.025744,0.011672,0.04377,0.0030426,-0.0030291,0.0020829,0.025494,0.030242,0.033254,0.0051805,0.004886,0.0024629,0.021785,0.0080437,0.028206,0.0029464,0.028691,0.01202,0.025574,0.018239,0.023612,0.03373,0.011876,0.029683,0.03725,0.0038621,0.010573,0.031128,0.019591,0.038218,0.024765,0.0032667,0.0051879,0.003925,0.01306,0.029999,0.0096365,0.0039993,0.016066,0.0043812,0.0063651,0.019317,0.025562,0.012397,0.0093889,0.021829,0.023179,-0.0012096,0.018977,-8.7696e-05,0.0029293,0.018613,0.0054711,0.0062137,0.0046319,0.025202,0.0049048,0.019844,0.0011147,0.011879,0.015682,0.016146,0.018287,0.030467,0.0052585,0.015403,0.024125,0.028292,0.029306,0.011842,0.026784,0.012731,0.021215,0.030558,0.0038089,0.016072,0.0094435,-0.0038853,-4.2625e-05,0.022625,0.019197,0.022422,0.008066,0.02905,0.010415,0.0010438,0.014405
0.013026,0.023843,-0.0093675,0.0042263,0.017388,0.019376,-0.0060284,0.0011452,-0.00068645,0.013078,0.010138,-0.0048292,0.021394,0.0013794,0.0026731,0.0042441,-0.0090925,0.011267,-0.0058555,0.0212,0.00017222,0.016823,0.015063,0.0048678,0.01476,0.023441,0.02184,0.014683,0.00059073,0.0048095,0.0093507,0.029264,0.01821,0.038035,0.022493,-0.012151,0.034306,0.02257,0.002568,0.017815,0.0026418,0.01812,0.010342,-0.0045276,0.010324,0.0048065,0.0046667,0.025489,0.010823,0.016842,0.005052,0.013979,0.016732,0.016885,0.013133,-0.0042955,-0.0023754,0.0046984,0.014606,-0.0010557,0.0094242,0.017927,0.0019835,0.014001,0.012649,0.0084685,0.010055,0.01242,0.020331,0.0055891,0.016892,0.013342,0.014749,0.0040421,0.015638,0.021895,0.0020169,0.024823,0.012227,0.016672,-0.001269,-0.0032832,0.030783,-0.0022492,0.010191,0.011478,0.011881,0.031235,0.0052076,0.016126,0.012341,0.0077151,0.01514,0.025205,0.0030159,0.014365,-0.0010108,0.016317,0.011909,0.0016397
-0.010716,0.0094738,-0.0021286,0.0026666,0.0068659,0.023365,0.011774,0.013234,0.0085953,-0.0056787,0.015063,0.015134,0.014613,-0.00017843,0.014542,-0.0021795,0.019298,0.010143,0.0058308,0.019377,0.0092834,0.021964,0.0040113,0.024497,-0.0024042,0.0085845,0.014864,0.0075061,0.014365,-0.01451,0.021169,0.033443,0.01489,0.0050291,0.013112,0.03572,-0.0024585,0.011666,0.014776,0.036535,0.010346,0.010538,0.021463,0.0026484,0.01997,0.014701,0.012746,0.0035366,0.012241,0.0073547,0.0012228,0.019633,0.00080384,0.0052284,0.0092915,0.011219,0.012641,-0.0080905,0.0060722,0.0024921,0.0065415,0.018221,0.0099634,0.013018,0.021965,0.01923,0.022213,0.017934,0.015557,0.020534,0.011839,0.027083,0.028658,0.0028396,-0.010176,0.019083,-0.014365,0.03412,0.014172,0.024695,0.01951,0.020634,0.022581,0.014269,0.022187,0.027907,0.00090354,0.023052,0.018389,0.009148,0.029239,0.0075033,0.0096907,0.011426,0.0077632,0.0025688,0.021835,0.018955,0.0043658,-0.0036212
