0.12874,0.046226,0.099257,0.0035791,-0.049525,-0.024505,-0.034969,-0.012515,0.01895,0.030454,0.058066,-0.036852,0.072611,-0.052916,0.090368,-0.044608,0.0491,0.018222,0.066297,0.024232,0.067793,-0.066087,0.10439,0.036473,0.087784,0.035361,-0.035956,0.08375,0.070368,0.015394,0.1294,-0.049466,0.09116,0.023016,-0.020474,0.037664,0.0045215,-0.040465,0.12401,0.029263,0.041493,0.0064919,0.082811,0.067896,0.057012,0.011725,0.0072086,0.05855,0.0025502,0.011484,-0.036807,0.07428,0.024112,0.074284,0.085296,-0.036822,-0.1012,0.086028,0.060843,-0.0087219,0.031028,0.022657,0.064743,0.030795,-0.028858,0.033404,0.049702,0.0063572,0.012587,0.08249,-0.02703,0.024237,0.030815,-0.040229,-0.01887,0.094109,-0.030143,-0.0014294,0.0011077,0.13263,0.0099674,0.095943,-0.062126,0.011776,0.092145,-0.0041737,-0.0074087,0.0055092,-0.12835,0.023115,0.063508,0.21682,0.099577,-0.037057,0.055963,0.016975,-0.018249,-0.10261,-0.040726,0.030615
0.044418,-0.054753,-0.040306,0.031247,0.038602,0.02196,0.052968,0.022322,-0.065978,-0.019766,0.020094,0.10251,-0.032741,-0.066517,-0.018641,0.015072,0.083418,0.076699,-0.012781,0.0257,0.00031333,0.042599,-0.048158,0.035844,-0.063784,-0.071058,-0.054202,0.037512,-0.016906,0.079548,-0.037909,0.048581,-0.058078,0.013514,0.040114,-0.033593,0.11081,0.025261,-0.079514,0.056062,-0.048324,0.095917,0.063862,-0.056763,-0.06264,0.010877,-0.060189,0.0078985,0.023978,0.028906,0.09715,-0.094263,-0.029854,0.04821,0.042772,0.013861,-0.025937,-0.047327,0.049965,0.033949,0.049949,0.03748,0.038998,0.036896,0.024861,0.052146,0.021807,0.018951,0.092384,0.13493,-0.04496,-0.083337,-0.052977,0.040592,-0.019089,0.015342,0.061855,0.0009556,-0.030763,0.057016,0.053224,-0.021333,0.0024114,0.023006,0.12275,-0.0076025,0.032413,0.01313,0.025691,0.14342,-0.036159,0.065894,-0.082854,0.031944,0.10592,0.038683,0.055925,0.058178,0.0011194,-0.0039578
0.15462,-0.039224,0.021413,-0.072123,0.11321,0.061401,0.046161,0.047379,-0.012335,-0.021296,0.069044,0.026741,-0.018147,-0.055263,-0.011646,-0.029135,0.11516,-0.062619,0.057723,-0.064865,0.054461,-0.0053684,0.067978,-0.085115,0.061079,-0.046283,0.012453,0.014527,0.034921,-0.12809,0.057676,0.023077,0.039498,0.035488,0.055451,0.06609,0.067972,-0.045072,0.067366,0.064123,0.11292,0.065671,0.037207,0.022482,-0.017065,0.03088,0.093446,0.17285,-0.017368,0.059663,-0.024235,-0.021274,0.080889,0.035489,-0.066551,0.022579,0.03494,0.044705,-0.011955,0.15415,-0.0082161,0.00051677,0.18844,0.011631,0.035921,0.039387,-0.0011722,0.051561,-0.016084,-0.063569,-0.16967,0.087581,0.039069,0.038308,0.024208,0.077813,0.11699,0.027089,-0.052876,-0.018819,0.10264,-0.054732,0.04152,0.018486,0.031684,-0.047021,0.017367,0.0051844,0.0024913,0.070534,-0.012415,0.031477,0.033169,0.060962,0.087058,-0.039338,0.0055284,-0.014014,0.058636,0.10672
-0.02803,-0.061522,-0.041284,-0.058071,0.12214,-0.076063,0.046097,0.073345,-0.024456,0.053996,0.057798,-0.052335,0.024832,0.013164,0.046487,0.025303,0.038994,0.07742,-0.01778,0.075483,-0.024499,0.095997,-0.063404,0.10104,0.052183,0.0083236,0.032498,-0.080527,0.01006,-0.027509,0.062098,0.039272,-0.00085402,0.030457,-0.0030444,0.11801,0.018056,-0.016077,0.14709,-0.045566,0.029124,0.10736,0.041164,-0.0070356,0.10757,0.032632,-0.074524,-0.088143,-0.00049866,0.012788,-0.040925,-0.016245,0.027343,0.066924,-0.0084374,0.0020083,-0.044417,0.15262,0.01137,0.087866,0.017768,-0.023435,0.048827,0.1067,-0.00029975,-0.035859,0.046635,0.17419,0.0268,0.040027,-0.014203,0.029603,-0.038571,-0.018385,0.024905,0.053434,-0.043415,0.052134,-0.01365,0.032577,0.037998,0.10334,0.146,0.050414,0.017396,0.016615,0.04412,0.055437,0.08647,-0.015092,0.032811,-0.0013367,-0.030531,0.082601,0.001409,0.085202,-0.02485,0.058397,0.1043,-0.070515
-0.020153,-0.045757,0.060559,-0.041082,0.034458,-0.0037068,-0.057438,-0.089938,-0.093344,0.053896,0.020708,0.10545,-0.053039,-0.031606,-0.070962,0.0082772,-0.0052813,0.09333,0.053014,0.04156,-0.087965,0.029121,0.022915,0.075123,0.0021599,0.055068,-0.095232,0.034462,-0.0052429,-0.064991,-0.10215,-0.0066905,0.079542,0.080203,0.018743,-0.023927,0.057602,0.038173,0.041814,-0.10622,0.03064,0.019908,0.033833,0.069827,-0.051789,-0.025295,0.014635,0.0032502,-0.080026,-0.033212,0.033333,0.087671,0.027787,0.063338,0.11292,0.11332,-0.047103,-0.08051,0.005156,0.069643,-0.015055,0.052377,0.036083,0.002502,-0.038417,0.02533,0.13861,0.016627,0.026574,-0.0063013,-0.0061385,0.090672,0.058536,0.082528,-0.016673,-0.029822,-0.013631,0.093909,-0.04161,-0.02656,0.03265,-0.025423,0.00016712,0.02446,-0.036592,0.046061,0.054309,-0.031284,0.057351,-0.058092,-0.086953,-0.06055,0.048428,-0.0060207,-0.0029192,-0.051289,0.16083,-0.023955,0.14389,-0.054932
0.038183,0.081459,0.080915,0.0033457,0.061561,0.011192,0.10782,0.040675,0.13597,-0.061164,0.0059009,-0.049966,-0.034576,0.0020571,-0.007756,0.062403,0.11171,0.15169,0.12681,0.13964,0.10416,0.01265,0.030114,-0.011003,-0.083094,-0.011045,0.0036956,0.066422,0.042905,-0.033282,0.057552,0.028005,-0.0034314,0.12204,-0.045781,0.06067,0.031209,0.076455,0.13499,-0.055558,0.11339,-0.065351,0.048386,-0.028271,0.17101,-0.02292,0.012402,0.022878,0.048456,-0.094787,-0.070505,-0.040094,-0.073959,-0.041329,-0.036229,0.093307,-0.057661,-0.045375,0.073911,0.039564,0.08351,0.015468,0.027239,-0.075856,0.095559,0.013377,0.015495,-0.018171,0.092939,-0.012349,-0.040084,-0.029293,0.047743,0.11916,0.04773,0.023918,0.028707,-0.0094742,0.070253,0.043634,-0.011785,0.013684,0.069646,0.029022,-0.020438,0.039098,0.086699,0.060325,0.031153,0.070829,0.012679,0.072054,0.027791,0.10258,0.058,-0.024133,0.094366,0.038139,0.10655,0.0046224
-0.10598,-0.086231,0.0081099,0.037652,-0.070909,-0.013506,0.0097515,-0.0065315,0.029792,0.034999,-0.03431,0.03961,-0.027982,-0.07239,0.040033,-0.02093,0.083759,0.02135,0.00085322,-0.10555,0.021296,-0.081729,0.0567,0.092587,0.0069013,-0.082749,0.063759,0.070782,-0.034108,0.046327,0.053445,-0.019333,0.050885,-0.0058267,0.11134,-0.054495,0.026675,0.0020205,0.055529,0.054834,-0.020616,0.048672,-0.05405,0.033945,0.035352,0.12173,-0.0090601,0.087712,-0.03662,-0.031009,0.084359,0.0061757,0.0074231,0.041415,-0.081986,0.057906,-0.051847,-0.022571,0.069657,0.069491,-0.0011288,-0.030301,0.004205,0.042281,-0.014928,0.061416,0.038206,-0.029613,0.084817,0.017436,0.05078,-0.05656,-0.04641,0.020952,0.063838,0.057485,-0.036339,-0.036691,-0.0087476,-0.004215,0.0050049,-0.004291,-0.049757,0.051455,-0.070279,0.048632,0.05882,-0.03063,0.048623,0.018644,0.0065815,-0.032407,-0.048334,0.023414,0.069135,-0.035805,0.082236,-0.023485,0.024288,-0.057117
-0.077935,0.039451,-0.021856,0.031324,-0.015128,0.035305,0.020132,0.15694,0.0073542,0.04308,0.081021,0.019193,-0.0051437,0.046663,-0.038862,-0.0095765,0.026364,0.03358,0.010316,0.015383,0.15723,-0.044485,0.01505,0.020948,0.13786,-0.068677,0.037604,0.060882,0.044269,-0.029813,-0.032353,-0.10413,0.077504,-0.029104,0.047633,0.087805,0.091595,0.025152,-0.035951,-0.048315,0.10602,0.13035,0.061113,0.0025521,-0.026661,-0.054588,-0.020027,-0.055993,-0.084857,0.059641,0.079654,-0.016568,-0.041583,0.094918,0.072021,-0.017443,0.080594,0.016056,0.038186,-0.0638,0.0025118,0.11709,0.072405,-0.00080096,0.063866,0.023983,0.12348,-0.05745,0.12037,-0.12523,0.083375,0.014501,0.0463,0.080256,-0.040557,-0.072494,-0.0059655,0.069436,0.045959,0.022986,0.12713,0.1023,0.12978,-0.069358,0.055615,0.018658,-0.00081385,0.082147,0.11575,-0.013425,-0.045617,0.096213,0.096973,0.15883,0.0027885,0.02615,0.11364,0.040039,0.05732,0.12527
-0.04383,0.079516,-0.036906,0.0040886,-0.05377,0.0031624,-0.10404,-0.046304,-0.019846,-0.011575,0.089075,-0.013786,-0.0099253,0.0095628,0.033105,-0.03731,0.09807,-0.016619,-0.015015,0.099751,0.017477,0.10554,0.016565,0.023538,-0.085415,0.070008,0.035769,-0.011608,0.0060292,0.066241,-0.037154,0.074783,0.030188,-0.0019982,0.053121,-0.0068141,0.087488,0.096841,0.0038324,-0.0092178,0.1618,-0.037974,0.050463,-0.01476,0.018945,-0.0038701,-0.0060868,-0.010601,-0.00044546,0.012698,0.031442,0.024692,-0.066148,-0.0051039,-0.040477,0.091495,0.046842,0.025115,0.067104,0.072449,-0.0074467,0.012071,0.0078738,0.085918,0.022085,0.030652,-0.02395,0.098826,0.037292,-0.018629,0.088709,-0.008635,-0.096215,0.088682,-0.017907,0.15362,0.032195,-0.012591,0.016233,-0.00069078,0.01015,0.02109,0.11081,-0.0057191,-0.038582,0.049723,0.025688,-0.077422,-0.029674,-0.042555,0.093107,-0.039993,0.00677,0.051093,0.055164,0.10543,0.0061676,-0.034307,0.089705,0.0067401
0.034533,0.13952,-0.063077,0.079665,-0.061651,0.0063037,0.073885,0.016088,-0.046771,0.025078,-0.073722,0.059075,0.002877,-0.068537,-0.025164,-0.040757,0.078164,-0.13739,-0.04493,0.14155,-0.0072921,0.053051,0.069482,-0.016052,-0.048005,-0.088518,-0.047642,-0.014511,0.029414,-0.071473,-0.025506,-0.033297,0.017703,0.07579,0.047102,0.029234,0.11225,0.089264,0.048432,-0.10524,-0.0075978,0.099596,0.017153,0.014087,-0.070172,-0.063698,-0.017655,-0.0094257,0.025453,0.18307,0.18038,0.030722,0.11451,0.13674,0.077096,0.038413,-0.05733,-0.033006,0.1136,0.074918,0.068935,0.015737,0.11611,0.10805,0.00017361,0.015538,-0.0719,0.062735,-0.067941,-0.021037,0.055195,0.12856,0.10162,0.066404,0.12462,0.099934,0.083386,0.016786,0.046617,0.0045198,0.030718,0.048367,0.066701,-0.066569,0.16121,-0.039093,0.090195,0.054106,0.068785,-0.054316,0.056702,0.064057,-0.040227,0.062239,0.056933,-0.034387,0.093477,0.019647,0.081535,-0.0050568
-0.010055,0.023959,0.027062,-0.06064,-0.024139,-0.0098707,0.11231,-0.016627,-0.011325,-0.016319,-0.026849,0.047086,0.11582,0.058352,0.13924,0.080395,0.070792,0.034886,-0.048803,-0.038386,0.076385,0.10668,0.018959,0.058857,0.013835,0.034192,0.054883,0.020126,0.00084465,-0.06748,-0.0081681,-0.039077,0.044974,0.043227,0.01301,0.021215,0.05507,0.069202,0.016785,-0.10734,0.0007687,0.011285,-0.033322,0.083187,0.1456,0.095701,0.036818,0.034992,-0.037112,0.055806,0.047193,0.061343,0.11273,0.021877,0.061506,0.045867,-0.022605,0.097287,0.013794,0.039517,0.051582,0.027404,-0.009095,0.05678,0.083637,0.039971,0.063976,0.0062603,-0.097439,0.054654,0.076036,0.02971,0.017132,0.055458,0.0016637,0.053497,0.035743,-0.074886,-0.0015137,-0.038607,0.0090891,-0.057057,-0.018109,-0.080552,0.028578,0.099811,-0.10079,0.00092622,0.057904,-0.0032628,-0.025296,0.0054335,0.16815,-0.07465,0.09258,-0.031913,0.095468,0.037554,-0.0041202,-0.055357
-0.021514,0.026013,-0.076546,0.043717,-0.094672,-0.0036768,0.15713,-0.0098998,-0.042249,0.060571,0.044005,0.076817,-0.011557,0.053879,0.082864,0.021732,0.059885,0.055884,-0.01338,-0.012967,-0.010909,0.028975,0.14547,-0.01254,0.020206,-0.030855,0.094132,0.11495,0.044196,0.057203,0.030489,0.0012189,-0.02386,0.014088,0.048936,-0.055332,-0.048036,0.038503,0.046102,-0.0073602,0.019495,0.038538,-0.071603,0.11363,-0.011339,0.026826,0.14068,0.090693,-0.0062213,0.031365,0.093885,0.13381,0.11123,0.015594,0.075489,0.032162,0.017993,0.088543,0.070073,-0.014286,0.0099098,-0.013909,0.069295,0.0025217,0.077628,0.006851,-0.079172,-0.024532,-0.022684,-0.021253,-0.10234,-0.085397,0.073749,-0.017883,0.047233,-0.0090391,-0.0046574,0.076864,0.12255,0.12978,0.1065,0.069218,-0.019287,-0.011755,-0.036872,0.045456,-0.0025677,0.013527,-0.0014113,0.021553,0.039324,0.04427,0.010141,0.041338,0.059194,0.047675,0.037873,0.18151,0.046629,0.038635
0.0095024,-0.0032682,-0.1196,-0.042652,-0.018942,0.032763,0.042339,0.025471,-0.025453,-0.038685,0.075776,0.046512,-0.10211,-0.033111,0.14786,-0.036882,0.016162,0.12233,0.028673,-0.049202,-0.050954,0.0016941,-0.0023389,-0.091735,0.084827,0.014148,-0.076112,0.0020092,-0.016531,-0.018622,0.040123,0.0083133,-0.019532,0.053542,0.15524,-0.071723,0.10014,0.041589,0.0020179,-0.00011499,0.019393,0.06264,0.012482,0.069049,0.027299,0.060572,0.0575,0.043474,-0.062958,-0.018338,0.10458,0.018938,-0.0085279,0.020992,0.1033,-0.030994,-0.048503,0.053476,0.06706,-0.023239,0.0047734,-0.01633,0.17321,0.04975,0.083502,0.084247,-0.010998,-0.041273,0.086423,0.015425,-0.0010858,0.020939,0.018578,0.098136,0.10451,0.012345,-0.076073,0.049992,0.036957,0.064459,-0.022527,0.039117,0.074856,0.0021336,0.00094491,0.038015,-0.036993,0.052167,0.011086,0.060808,0.065274,-0.01573,0.0034457,-0.013324,0.0091238,-0.025607,-0.017531,0.026629,0.042955,-0.011537
-0.062987,-0.022913,0.036179,-0.090769,-0.033299,0.06707,0.057536,-0.031181,-0.011444,0.070521,0.020436,0.049658,0.036993,0.080218,0.011882,0.0043725,0.061114,0.043343,0.0009144,0.078879,0.10363,0.052326,0.05028,0.1471,0.060572,-0.027105,0.034861,-0.028377,0.061125,-0.098639,0.015327,0.058431,0.011844,-0.022363,-0.022889,-0.057789,0.048314,0.035111,0.079871,0.090032,0.024331,-0.052401,-0.019511,0.088512,0.029978,-0.036778,-0.096406,0.04791,0.029158,0.032374,0.057916,0.11842,-0.022124,-0.064181,-0.0076388,0.025238,-0.015458,0.025237,0.060254,-0.0048177,-0.041298,-0.0024233,0.039796,-0.075891,0.11849,0.059141,0.17958,0.12323,-0.012322,0.092857,0.026305,0.020101,0.077194,-0.0081499,-0.088399,0.020171,0.099348,0.019308,-0.0026113,0.098919,0.045629,-0.012005,0.10572,-0.10604,0.13717,0.024555,0.063144,-0.030581,0.038095,0.028167,0.031545,0.047214,-0.0046397,0.01035,0.10051,0.055217,0.080645,0.017249,0.015101,0.12806
0.061287,0.06776,0.093011,0.041409,-0.0016055,0.012676,-0.063116,0.034802,0.09549,0.057173,-0.063693,-0.079284,-0.017772,-0.028013,-0.00049331,0.14048,-0.021663,-0.049839,-0.036001,0.086257,0.011381,0.098996,0.0054883,0.12037,0.025831,-0.020098,0.058005,0.077755,0.066482,0.091424,-0.024213,0.088727,-0.067915,0.1031,-0.052869,0.026536,0.11118,0.034734,0.03092,0.017306,0.10828,0.097919,0.039248,-0.046221,-0.021725,0.071379,-0.062696,0.07473,0.060265,-0.018022,-0.078537,0.016038,-0.022823,0.0039384,0.034572,0.019887,-0.013202,0.00085151,-0.009717,-0.013561,0.050006,0.027422,0.056185,-0.054389,0.067043,0.023309,0.018253,0.022841,0.11426,-0.0028525,0.013491,-0.024143,0.031683,-0.061315,0.029682,-0.0076951,-0.012488,0.013243,0.057436,0.023971,0.037893,0.0064111,0.049283,0.097041,-0.037611,0.030701,-0.047221,0.077495,-0.038929,-0.061321,0.10188,0.18392,0.038494,0.07781,0.074549,0.01842,-0.00236,-0.044963,-0.048116,0.071516
0.073246,-0.067461,-0.055676,-0.076546,0.013779,0.073737,0.041154,0.030211,0.064537,0.063867,-0.063793,0.015118,0.11167,-0.077831,-0.042064,-0.017485,-0.040214,-0.011055,-0.062842,-0.10218,-0.03954,-0.021588,0.0088804,0.099087,0.026977,0.019704,-0.018954,0.0802,-0.056818,0.069788,-0.020077,-0.078141,0.046268,-0.0022822,0.090547,0.13099,0.021503,0.079773,0.06373,0.066356,-0.042406,-0.011073,0.0044305,0.14081,0.11181,0.032697,0.095752,-0.038426,0.0077399,0.0010828,0.19581,-0.018022,0.021934,0.068776,-0.031285,-0.042368,0.038974,0.015233,0.040072,0.026772,0.1103,0.079578,-0.0064124,-0.034923,0.030416,0.12675,-0.037719,0.079543,0.083557,0.037058,0.02575,-0.0067163,-0.014325,-0.055818,0.11165,0.053397,0.01657,-0.087478,0.14625,0.11144,-0.024192,-0.015172,0.0037217,0.030847,0.022351,-0.050922,-0.0258,0.00019022,-0.044818,0.082838,0.13199,-0.051343,0.022134,0.025109,-0.02604,0.027619,-0.026308,0.050062,0.031593,0.0096197
0.052182,0.043237,-0.0041427,0.024323,0.0098641,-0.014337,0.023436,-0.017149,0.015786,0.043089,0.060573,-0.010429,0.044305,0.03746,-0.03281,0.049505,0.038377,0.018052,0.0053587,0.041566,-0.010777,0.02973,0.0077154,-0.10649,0.018971,-0.064151,0.10026,0.063523,0.0045423,0.028967,0.01292,0.022555,-0.10252,0.040965,-0.020017,0.017116,-0.048969,0.0083557,0.034608,0.073357,0.039663,-0.011214,-0.0034335,-0.06789,-0.010361,0.0056863,0.071914,0.05299,0.042889,0.22958,0.13732,-0.029588,0.045333,0.10991,-0.014326,-0.028338,0.041078,-0.012942,0.029447,0.043987,-0.047881,0.026867,0.034109,0.054237,0.082561,-0.014622,0.060858,0.00090339,0.085259,0.022653,0.03991,0.048527,0.032257,-0.015839,-0.049405,0.049104,0.011053,-0.010973,0.029712,0.036783,0.011796,0.053717,0.017501,0.047004,0.046414,-0.050565,0.046655,0.004399,-0.012426,0.01746,-0.0020402,0.037417,-0.084211,0.05572,0.038458,0.034802,-0.028376,0.018746,0.037917,0.12714
0.022677,0.01039,-0.030472,-0.059052,-0.031228,0.055503,0.012946,-0.027966,-0.028692,0.063978,-0.050628,0.031416,0.062183,0.10617,0.085892,0.109,0.03618,-0.022749,-0.04376,-0.013425,0.058376,0.10307,-0.0079601,0.073696,0.003158,0.018471,0.081994,0.14271,0.03889,0.11619,0.094431,-0.057038,-0.037408,-0.017307,-0.0092503,0.027546,0.024845,-0.042273,0.071819,0.054532,-0.018128,-0.015169,0.1713,0.057824,0.059383,0.0099576,0.019158,0.1513,-0.054076,0.022242,0.03702,-0.034117,0.073778,0.086321,-0.0045834,-0.087581,0.027503,-0.02401,-0.074107,0.011817,0.028644,-0.017104,-0.0012492,-0.013,-0.031762,0.054257,0.052393,0.068113,0.070999,0.10917,0.045574,0.039675,0.054196,0.027809,0.021565,0.10091,0.15572,0.044269,-0.048967,-0.0058152,-0.006012,-0.011363,-0.0949,0.028121,0.077859,0.12311,-0.018214,0.031921,0.11509,-0.017434,0.066619,0.02683,0.08484,-0.061111,0.074584,0.12606,0.036519,0.040493,0.10759,-0.040461
0.013162,0.0053596,0.01701,-0.0081811,0.046765,-0.044427,-0.0095984,0.025808,0.14619,0.020098,0.018088,-0.025496,0.078494,-0.032817,0.062669,-0.018009,0.039011,-0.043368,0.12672,0.070761,0.00563,-0.083034,0.13628,-0.032906,-0.1111,0.015203,0.025095,0.022865,-0.01264,0.02852,0.0082407,0.031845,0.018215,0.028962,0.018641,0.020041,0.080997,0.0089147,-0.072157,-0.025771,0.075546,0.016668,-0.052107,-0.013096,0.0065014,0.13807,0.11658,-0.0037802,0.061213,0.036845,0.018841,0.00082689,0.0087566,-0.11808,0.083649,-0.063835,0.012562,-0.022913,0.10057,-0.030747,0.094479,0.051027,0.022436,0.017583,-0.065743,-0.0062272,-0.031392,0.094504,0.019452,0.02547,-0.035185,0.0093488,0.09446,0.0065525,-0.0058265,0.073141,0.014215,0.076313,0.11722,0.015438,-0.10633,0.033584,0.033221,0.037914,-0.027772,-0.004559,0.035248,0.039063,0.0084331,-0.043515,0.025056,-0.037058,-0.058605,-0.014135,0.0071664,0.15382,-0.065702,0.013807,-0.0068664,0.11389
-0.036775,0.021669,0.0081448,0.039076,-0.031925,-0.08073,-0.013534,-0.089143,0.019934,-0.021634,0.081188,-0.028538,0.059685,0.017877,0.012547,0.026867,-2.4503e-05,0.0042033,0.033488,0.027309,0.12924,0.21359,-0.0052035,-0.06617,-0.080884,0.03046,0.00064599,-0.0047963,-0.037321,0.045031,0.033283,-0.025707,-0.036738,-0.062825,-0.0044579,-0.021013,0.066021,0.015567,-0.018604,0.038756,0.035234,-0.061173,-0.0057993,0.037742,0.10566,-2.7572e-05,0.046573,0.1474,0.066122,0.068382,0.092528,-0.0272,0.01576,0.10419,0.18978,0.099371,0.089483,0.21875,0.05464,0.048867,0.058257,0.051557,-0.041606,0.0020759,-0.006172,0.031858,0.020134,0.10588,-0.0025651,-0.035818,0.0047638,0.11418,0.10915,0.077498,-0.002783,-0.058412,-0.059927,0.0049333,-0.034803,-0.0045431,0.039244,-0.097476,0.073508,0.064453,0.0052966,-0.027891,0.066953,0.0011515,-0.025408,-0.035939,0.041548,-0.05874,-0.014006,0.013616,0.077893,-0.017051,0.040532,0.018184,0.0017209,0.056932
0.08382,0.014163,-0.026655,-0.026601,-0.0021392,-0.02616,0.058998,-0.013277,-0.0049383,0.037313,-0.030479,0.064943,0.048295,0.070802,-0.012622,0.00011815,0.022472,-0.093628,0.19046,-0.050311,-0.002352,-0.036099,0.0051202,0.12614,0.069253,0.027011,0.043205,-0.04745,-0.00632,0.082841,-0.023757,0.002507,0.052225,0.038624,-0.0075579,0.033341,-0.017888,0.081478,0.092412,-0.05608,-0.056843,-0.0087997,0.038815,-0.029603,-0.013605,-0.051163,0.071614,0.02269,0.068606,0.048815,-0.013054,0.087303,0.019995,0.061116,-0.0085098,0.016134,0.097086,0.070685,-0.011648,0.064752,0.1181,0.057435,-0.087018,0.068044,0.18482,-0.0011588,0.061051,0.009001,0.071908,-0.023225,0.18242,-0.13246,0.16989,0.12967,-0.031165,0.027793,0.023148,0.059989,0.0044383,-0.015295,0.05478,0.16936,0.095471,0.0075597,0.016114,-0.049856,0.10393,0.015159,0.029529,-0.050953,0.098082,0.020808,0.062271,-0.00041552,0.028702,0.029061,-0.018461,-0.048173,0.06749,0.058038
0.042286,-0.049318,0.052662,-0.0081985,-0.019954,0.0046706,-0.040788,0.031122,0.055067,0.044922,0.052607,-0.0032907,0.076936,-0.054753,0.016964,0.04305,-0.018022,0.07335,0.06133,0.12415,-0.019204,-0.017418,0.0022212,0.016035,0.026354,0.063634,-0.030554,-0.056869,0.041595,0.083296,0.077726,-0.017617,-0.024023,-0.012495,0.070616,0.058125,-0.022421,0.080109,-0.065433,0.059539,0.017119,0.039225,0.015174,-0.09402,0.011252,0.011251,0.01773,0.071552,0.060603,0.076457,-0.10297,0.039737,0.076127,-0.0060065,0.035784,0.047894,-0.01094,0.0061251,-0.045205,0.019918,-0.03561,-0.036939,0.096061,0.11031,-0.017924,0.010894,0.12831,0.014349,0.0076284,0.026881,0.040326,0.021413,-0.013202,0.021434,0.055654,0.024494,0.083857,0.093546,0.017209,0.012601,0.11344,0.14252,0.007741,0.021551,0.030801,-0.003536,0.038281,-0.0064837,0.035089,-0.0096422,0.030184,0.036657,0.0193,0.046512,-0.029829,0.11571,0.0039784,0.12907,0.067853,-0.0547
0.016857,0.10913,-0.13949,-0.020878,-0.024213,-0.10535,0.052353,-0.062203,-0.0014376,0.046393,0.017773,0.034524,0.063982,0.15627,0.012615,0.015789,0.065206,0.042427,-0.00024099,0.049422,0.099409,-0.010345,0.041212,0.048289,0.12956,0.027179,0.11108,0.14166,0.041052,0.078753,-0.0098385,0.013369,-0.0037565,0.0096704,0.085108,-0.0021743,-0.054628,0.036096,0.082725,-0.036877,0.018524,0.035014,-0.051273,0.014654,0.081701,0.027038,0.01847,-0.031286,0.024602,0.070251,-0.076986,0.03637,0.066638,-0.029505,-0.005011,-0.010022,-0.029755,0.043239,-0.045363,0.17966,-0.058515,0.13569,-0.034908,0.049385,0.021992,0.06088,0.099003,0.0037997,0.0041186,0.032116,-0.020603,0.050595,0.01792,0.048648,-0.040282,-0.012966,-0.04555,0.08279,-0.015582,-0.021351,0.095631,-0.043436,-0.012992,0.087212,0.084234,-0.00093136,0.080613,-0.038528,-0.0054975,0.096965,-0.0096643,0.035187,0.011823,0.10428,0.062825,-0.033366,-0.014313,-0.04738,0.0043649,-0.024369
0.037626,-0.013642,-0.0016443,-0.030779,-0.027303,0.013316,-0.014464,0.04301,-0.035055,-0.0037212,0.080698,-0.029786,0.027388,0.010475,0.01336,0.038347,0.089927,-0.056454,0.053267,0.074927,0.048189,0.040574,0.051423,-0.062338,0.074402,0.18091,0.083566,-0.032236,0.013828,0.0036308,-0.082483,0.089135,0.06836,0.0573,-0.008779,0.042004,-0.0095251,0.044645,-0.015838,0.019516,0.0048443,0.015211,-0.023104,0.048515,0.10097,0.071853,0.0030605,0.051315,0.013604,-0.0017138,0.13426,0.1006,-0.017392,0.066084,0.027505,-0.014327,0.040099,0.082362,-0.050362,0.081656,-0.0071267,0.070189,0.075108,0.054138,-0.027366,-0.016005,0.0041545,-0.086874,0.069443,0.08213,-0.045846,0.043305,0.031938,-0.018025,0.031953,0.00023751,-0.01895,0.043844,0.21705,0.065796,0.059364,0.015056,0.021832,-0.039309,0.09592,0.013788,0.082495,-0.033015,0.10054,-0.053315,-0.010724,-0.05678,-0.028695,0.0086532,0.12411,0.057374,0.013795,-0.030345,0.10797,-0.035528
-0.04536,0.078514,-0.098621,0.0015361,0.0070028,-0.014918,-0.063595,-0.060174,0.036664,-0.041562,-0.0075418,0.018258,0.073857,-0.0037441,0.075184,0.013928,-0.0598,0.139,0.062545,-0.059432,0.041324,0.077707,-0.017938,0.022486,0.029996,-0.031239,-0.086119,-0.027498,-0.050324,0.027393,-0.00059772,-0.019876,0.087809,0.022956,0.06843,0.075714,0.036159,0.045264,-0.087418,-0.015016,0.020347,0.098593,0.035528,-0.11769,0.12961,0.011292,0.066474,0.10173,0.10737,0.10997,-0.072811,0.037089,0.030891,-0.0059942,-0.064014,0.0011088,-0.0038492,0.032859,-0.042766,-0.018199,-0.02982,-0.014554,0.16342,-0.046222,0.004659,-0.0088151,-0.019453,-0.062803,-0.010133,-0.0051032,0.016429,-0.025954,0.019063,0.067359,0.0024418,0.044714,-0.011008,0.046138,0.025622,0.021794,0.0037626,0.036403,-0.020736,0.031528,-0.0026142,0.051194,-0.0030485,0.03555,0.20164,0.0056348,0.077668,0.028271,0.030451,-0.0047306,0.039855,0.028469,0.071042,0.061867,-0.024697,0.04048
-0.0086598,0.041232,0.018212,-0.017205,0.020437,-0.013791,-0.032274,0.071423,-0.009601,0.060577,0.030284,-0.028332,-0.056588,0.062443,0.00092426,0.055502,0.057124,0.041411,0.028507,-0.036139,0.023146,-0.00037189,-0.034053,0.016987,-0.031999,0.069248,-0.0045161,0.028573,0.11802,0.026821,0.10987,-0.040416,0.084852,0.018591,0.071686,-0.031616,0.014263,-0.029023,0.09056,0.034485,0.018533,0.097767,0.029086,-0.061617,0.088905,0.085854,-0.021513,-0.042246,0.13915,-0.070571,-0.02888,0.062899,0.044669,0.074685,-0.031725,0.011594,0.0015384,-0.043947,0.043857,-0.029605,0.051425,-0.0085616,0.026184,0.095439,0.065101,0.053487,0.12832,0.031126,0.13468,0.088236,-0.0036807,0.068764,-0.039214,-0.045867,-0.0054938,-0.035244,-0.062276,0.00717,0.014151,0.040499,-0.02604,-0.0095508,0.0715,0.0076009,0.064282,0.12133,-0.051164,0.1504,-0.058078,0.045232,0.03671,0.079271,0.15687,0.027207,0.09236,0.039299,0.031242,-0.023201,0.078391,-0.010312
-0.062623,0.046428,-0.033487,0.079898,-0.091516,0.020552,0.062943,-0.039812,0.099035,-0.034253,-0.053871,0.038372,0.0040937,-0.031858,0.025475,0.10706,0.15313,-0.0097405,0.030114,0.10902,-0.016923,0.026805,0.027165,0.02925,0.00017461,-0.011975,0.045576,-0.010585,0.062139,0.1703,0.15287,0.066391,-0.039097,0.023811,0.1483,0.1182,0.069237,-0.049373,0.0311,0.10225,-0.0098884,-0.037674,-0.011801,0.0026216,0.1166,0.026007,0.11419,-0.013682,0.027931,0.052409,0.077881,0.055521,0.064257,0.032761,0.033858,-0.025943,-0.0552,0.064361,0.06488,0.079839,-0.0018412,-0.0049065,0.093998,0.1073,0.025735,0.0013241,0.016546,0.061716,-0.0090102,-0.02844,-0.0743,0.062861,-0.063043,0.14566,0.0026386,-0.018936,0.070662,0.030914,0.042713,-0.0014205,0.025598,0.079449,0.050991,0.082742,-0.060186,0.033907,-0.082365,0.087497,-0.057079,0.024169,0.030778,0.028494,0.05759,0.054978,0.084434,0.0059018,0.033135,-0.031717,-0.0058495,0.058878
-0.035857,-0.015167,-0.055151,-0.10007,0.023114,0.066449,-0.027906,0.0051638,0.079362,0.053313,-0.0047955,-0.037544,0.13621,0.15478,0.03857,-0.0057629,-0.044273,0.025255,-0.078683,0.066654,0.077438,-0.015578,0.12933,0.076546,-0.04135,0.044923,0.086189,-0.017789,0.098739,0.094637,0.090212,0.084512,0.07535,0.061198,0.0084906,-0.0059143,0.098524,-0.036408,-0.013084,0.074608,0.078352,-0.024987,-0.014879,-0.0212,0.045182,0.02194,0.011616,-0.097551,0.0096132,0.15063,0.15833,-0.083375,0.042672,0.071499,0.10883,0.077974,0.081087,0.058914,-0.021074,0.027321,-0.021338,0.052918,-0.024169,-0.071288,0.10459,-0.10327,-0.039728,0.0087774,0.036003,-0.043298,0.10992,0.013958,-0.058149,0.081421,0.067995,-0.10509,0.094946,0.01141,0.063568,0.0031244,-0.0051226,-0.094158,0.075839,-0.071065,-0.018328,0.08576,0.030652,0.035917,0.006268,0.010843,0.010283,-0.011608,0.14605,0.044784,-0.0082303,0.088238,0.0046001,0.061002,0.10616,-0.0075198
-0.0030089,-0.031584,0.017584,-0.048371,0.072537,0.1136,0.063646,-0.032873,-0.0065393,0.024523,-0.0024437,-0.014468,0.022951,-0.023947,0.039397,0.0059169,0.0061225,0.005286,0.15312,-0.0071796,0.077412,0.0054418,-0.031226,0.017076,0.016373,0.0096539,0.061373,0.038656,-0.055312,0.16047,0.027901,-0.031681,0.098365,-0.0058929,0.016301,0.076315,-0.026267,0.045851,0.059537,0.014925,-0.059263,0.068576,0.13154,0.043813,0.033717,-0.012167,0.065617,-0.03747,0.047689,-0.0041653,0.021776,-0.034941,0.10437,-0.02835,0.09596,0.1165,0.085869,0.076851,0.061368,-0.12193,0.026808,-0.080404,0.057936,-0.037396,0.11461,0.062651,0.073579,0.11979,0.062339,0.079715,0.0047056,-0.067393,0.059679,0.044882,0.0071417,-0.08108,-0.044032,0.074995,-0.0043393,0.15738,0.0056779,0.11338,0.032117,-0.079744,0.0093844,0.062726,0.0086054,0.038668,0.025422,-0.012904,-0.0073009,-0.093759,0.022789,-0.040301,-0.05213,0.019037,0.16409,0.069828,-0.01227,0.082235
-0.015568,-0.041721,-0.020897,0.053516,-0.015414,-0.029676,0.12359,-0.031743,0.13549,-0.10516,0.10799,-0.0053426,0.012322,-0.046325,0.12981,0.063375,-0.015119,-0.020432,-0.014185,0.09096,-0.073539,0.063102,0.064549,0.034766,-0.025628,-0.060175,0.042959,0.068551,0.054639,0.10225,0.015643,-0.0020769,0.074558,-0.053145,-0.029095,0.079439,0.033644,0.076433,-0.034408,0.084213,0.080322,-0.048269,0.06676,0.048733,0.044166,0.042576,0.028445,0.038076,-0.040516,-0.057061,0.039767,0.055571,0.027276,-0.10452,0.029668,0.093385,0.050358,0.058604,0.091567,0.096726,-0.076616,0.081092,0.12524,0.0084378,0.083576,0.079895,0.073327,0.074963,-0.031146,0.022114,-0.014352,-0.043532,0.10592,0.047357,-0.034808,-0.0061704,0.08541,0.13394,-0.043467,0.078324,0.026052,0.032583,-0.0089918,-0.0063,0.089831,0.1268,0.059329,0.021066,0.0542,0.11798,-0.061545,-0.064601,0.032798,-0.04913,0.10015,0.10649,0.022977,0.1076,0.083372,0.064854
-0.01761,0.058702,-0.079237,9.1702e-05,-0.009022,0.018509,0.011629,-0.10371,-0.0081385,0.024686,0.084072,0.00069971,-0.022006,0.062268,0.087309,-0.054523,-0.019926,0.0045677,0.10993,0.11941,0.047139,0.030485,-0.0072081,-0.013383,0.071049,0.022664,0.036882,0.027228,0.043657,0.035701,-0.033794,0.067992,0.12019,0.11802,0.12319,-0.0031301,0.022619,0.029175,-0.061615,0.024339,0.080032,0.084878,-0.0039725,-0.018285,0.0032452,0.069141,0.024311,0.020321,-0.053618,0.03974,0.042191,-0.025115,0.18876,-0.030116,0.084855,0.033795,0.069062,0.045553,-0.043306,0.058713,0.066206,-0.0057193,0.052865,0.023797,0.054214,0.034062,-0.020247,0.10813,0.015274,0.080895,0.039792,0.06436,0.089264,0.12755,0.094,0.036926,-0.016682,0.065551,0.09791,0.062716,-0.059465,0.011349,0.07893,0.069163,0.078548,0.0038193,-0.0051549,0.026132,0.0051809,0.022011,-0.083433,0.029727,-0.027651,0.067346,-0.059228,0.098715,0.062096,0.12449,0.15597,-0.070763
-0.010005,-0.069475,-0.0059659,-0.035928,-0.032111,-0.0057245,-0.076627,0.029129,0.15325,0.036626,-0.037293,-0.026122,0.050128,-0.022961,0.13432,0.035951,-0.0074312,-0.045582,0.0060113,0.07152,0.024106,0.134,0.075562,0.044519,-0.00097749,0.040773,-0.041085,0.069355,0.045534,-0.024586,-0.03539,0.052925,-0.021389,-0.080395,0.008244,0.033375,0.083086,0.1781,0.032496,0.002331,0.023586,0.073288,0.083017,0.095795,0.012892,0.041055,0.051669,0.04029,-0.027539,-0.039137,0.016891,0.065681,0.022741,0.067031,-0.05506,-0.0063827,0.087405,0.028627,0.035553,0.013577,0.060062,-0.098335,0.075412,-0.023456,-0.045979,0.041089,-0.031699,-0.041882,0.088702,-0.056057,-0.026905,0.034479,0.10898,0.11159,0.062048,-0.053505,0.033081,-0.0272,0.040714,0.033226,0.014228,-3.8003e-05,0.098374,-0.011358,0.023785,0.006207,-0.11884,0.035095,-0.012637,-0.032854,0.035049,0.083914,-0.0011637,-0.0017033,-0.012569,-0.042874,-0.038649,0.084396,0.013436,0.046417
0.079183,0.037833,0.058278,0.061738,-0.0034155,-0.015445,0.051244,0.023729,0.063624,0.023609,-0.050432,-0.027149,0.13332,0.0007383,-0.0043266,-0.076271,0.014387,0.008047,0.12692,0.062528,0.03686,-0.025347,-0.019577,0.0051295,-0.013704,-0.015357,0.11174,0.11904,0.13119,0.0015638,0.11436,0.12241,-0.0070979,0.046349,0.030493,-0.080524,-0.035204,-0.085142,0.064778,-0.073582,0.14636,0.020997,0.026233,0.042574,-0.0087357,-0.024188,-0.067122,-0.042891,0.082392,0.0071732,-0.0014636,0.013899,-0.017326,-0.016235,0.054172,0.039292,0.032261,0.04331,-0.0059801,0.10348,0.080503,0.0008875,-0.041162,-0.026397,0.058722,0.11528,0.11902,-0.064603,0.0023076,0.07008,-0.069181,-0.012284,-0.0093975,-0.0083603,0.016338,0.074797,-0.038648,0.0049663,0.042394,-0.0096148,0.090363,0.090071,0.080631,0.036361,0.039418,-0.0056327,0.047908,-0.04533,0.090507,0.07175,0.00080989,-0.050345,0.11779,-0.092475,-0.030553,0.051376,-0.038797,0.015109,-0.012195,0.12861
0.0030777,0.1158,0.025179,-0.0017546,0.096813,0.027434,0.089986,-0.065275,-0.064926,0.037194,0.026142,0.031177,-0.013094,0.089251,-0.061499,0.030936,-0.076967,0.048448,-0.0015185,0.098858,0.018012,-0.03991,-0.032108,-0.061232,0.031492,0.0494,-0.050361,0.080639,0.098833,0.026383,0.03353,0.072776,0.085804,0.080201,0.068034,-0.011448,-0.053311,0.03682,0.063711,0.056935,0.13357,0.051463,-0.026369,-0.010288,0.089977,0.11089,0.083223,-0.033143,0.090636,0.11031,-0.0071637,0.03364,-0.061113,0.083106,0.019488,0.11358,0.097783,-0.063541,-0.053556,0.064251,-0.02889,0.011057,-0.023572,-0.067883,-0.08282,0.10259,0.080963,0.023857,0.10207,-0.0044773,0.083553,0.062007,-0.086499,-0.012173,0.055906,-0.050666,0.092149,0.011733,-0.038283,-0.03194,0.035369,0.037907,-0.031403,0.059369,0.075789,0.099509,-0.022792,0.221,0.10336,-0.028142,0.06983,0.067108,0.055507,0.088018,-0.010225,0.025221,0.093004,-0.051862,0.061768,0.070181
-0.02762,0.058357,-0.078696,-0.0097297,0.016863,0.15206,0.065128,0.070633,0.073054,0.020654,-0.0034685,-0.054239,0.035882,0.056408,0.076278,-0.12185,0.10943,0.11337,-0.028715,0.049669,0.1357,0.081073,0.065835,-0.021947,0.037687,0.067443,0.08589,0.020619,-0.041533,0.0018572,0.018945,0.015815,-0.043713,0.061584,0.074865,0.06465,-0.039637,0.0090529,-0.014534,0.086045,-0.020441,0.0049506,0.11968,-0.042489,0.047043,0.073768,-0.061519,0.144,-0.013635,0.023195,-0.017089,0.0932,0.026309,-0.0081019,0.0023973,0.0033391,-0.009177,-0.018332,0.022591,0.0020814,-0.034843,0.035952,-0.060836,-0.018986,-0.02485,-0.089275,0.11252,0.01875,0.047953,-0.039583,-0.0018243,0.022817,0.040323,0.046821,-0.008765,-0.015183,0.031837,0.17352,-0.085446,0.097895,0.00063048,0.10387,-0.065644,-0.053505,0.14745,-0.038889,-0.040533,0.057011,-0.11217,0.079269,0.086987,0.014801,0.0047379,0.032897,0.072354,0.025131,0.017708,0.015247,0.0046026,-0.022253
0.023329,0.024095,-0.062987,-0.027394,0.0019717,-0.010556,0.038215,0.04113,0.12663,-0.016358,0.034151,0.091855,-0.025092,0.089023,-0.051345,0.025447,-0.023013,0.018096,0.042498,0.11255,0.13586,0.028492,0.045512,0.10285,0.26449,-0.022341,0.16443,0.06619,-0.0050985,0.054533,0.01812,0.059379,0.031331,-0.038088,-0.010223,0.037792,0.070091,0.070341,-0.07468,0.089115,-0.023936,-0.02106,-0.046204,-0.074523,0.13178,0.0049886,0.041842,0.15691,-0.056027,0.1452,0.01145,-0.025798,0.11219,0.019621,0.037322,0.07571,0.041748,0.0028422,0.071605,-0.010035,0.10215,0.036316,0.064836,0.0017837,0.069702,0.075695,0.033505,-0.058879,-0.025733,0.14488,-0.0022163,0.051702,-0.067201,0.0064181,0.048005,0.019702,0.12929,-0.057146,-0.030786,0.0031931,0.0042834,-0.053559,0.049052,0.0080685,0.020982,-0.076122,0.13611,0.0089463,-0.050452,0.0656,0.11554,-0.0022464,0.045448,0.11759,0.1026,-0.082879,0.016902,0.084964,0.017555,-0.0051538
-0.051209,-0.086069,-0.016487,0.082752,0.046362,0.020095,-0.0090851,0.022073,0.031545,0.065677,-0.014505,0.011821,0.037062,-0.062966,0.016893,-0.066243,-0.011351,-0.038912,-0.037542,-0.011736,-0.016991,0.086771,0.01567,0.064814,-0.013984,0.067853,0.077773,0.063986,-0.054891,0.10057,-0.079914,0.0063558,0.036789,-0.0053594,0.0096479,-0.020328,0.040878,0.073172,0.0063204,0.035256,0.031932,0.061449,0.042235,0.040574,-0.055382,0.028385,0.0030222,0.035498,0.014803,0.034681,0.0577,-0.02414,0.007503,0.18902,0.047851,-0.00017448,0.07758,0.021079,0.00057611,-0.024792,-0.045233,0.087506,0.029444,0.0065667,-0.052197,-0.024432,0.019237,0.081362,0.029132,0.011319,0.064945,-0.018327,-0.025061,-0.0055106,0.066868,-0.07631,0.059373,-0.025598,0.019591,-0.0072352,0.07968,-0.026254,0.073662,-0.074265,0.13805,0.078107,0.0012019,0.080674,-0.031144,-0.026608,-0.10101,0.010191,-0.023202,0.13031,-0.0081199,-0.001979,0.059368,0.058913,-0.036968,0.056032
-0.0015884,0.0041195,-0.071229,-0.12154,-0.017085,0.051351,0.018012,0.062149,0.052371,0.057508,-0.0076948,0.010401,0.082238,-0.075289,0.0041835,0.027678,0.087561,0.1072,0.017654,0.031526,0.022809,0.081016,-0.010918,-0.069899,0.065789,-0.0088872,0.012961,-0.04237,-0.021447,-0.013722,0.015116,-0.00070383,0.056708,0.074505,0.060183,0.21802,-0.065207,-0.041073,-0.071646,0.12948,-0.0078796,0.033786,0.026257,-0.010861,0.018611,0.00064195,0.095475,0.038438,0.026099,0.16789,-0.014445,-0.10653,0.050919,0.083019,0.040651,-0.037546,0.017143,0.0030448,-0.048366,0.078569,0.10522,0.0058697,-0.018809,0.036076,0.094648,0.084275,0.0063661,0.12691,0.05332,0.011894,-0.040767,0.039374,0.048026,-0.026142,0.10669,-0.017181,0.0084134,0.090019,-0.0014333,-0.005434,0.020641,0.06212,-0.009783,0.026156,0.026292,0.019556,-0.089588,0.030715,0.096905,0.10181,-0.066428,0.057268,-0.021227,0.075355,-0.0058543,0.047893,-0.028026,0.024812,0.15761,-0.0075607
-0.024596,0.12543,0.0050872,0.051813,0.03946,0.096287,-0.041363,0.013636,-0.043618,-0.068021,0.071039,0.034087,-0.004152,0.04565,0.012855,0.038345,0.031802,0.069884,0.0018287,0.10405,-0.026834,-0.01285,-0.052262,0.022487,0.047666,0.12838,0.13183,-0.042791,-0.023289,0.073288,0.028894,-0.044411,-0.015365,0.041715,0.048658,0.016722,0.049738,-0.0096712,-0.049696,0.032441,0.0019936,-0.041775,-0.06685,-0.013959,0.058506,-0.0021132,0.11644,0.041541,-0.07982,-0.028187,-0.11558,-0.06738,0.047918,0.13881,-0.0089998,-0.031094,0.012752,-0.0073302,-0.10855,-0.046129,0.02294,0.011566,-0.066117,0.039122,-0.059055,0.0017776,-0.020285,0.028094,-0.03957,-0.0054154,0.021767,0.041845,0.073869,0.089268,0.037662,0.018302,0.011258,0.060489,0.0065376,0.04663,0.086946,-0.0075951,-0.0022694,-0.018096,-0.024072,-0.022748,0.019519,0.015501,0.069082,0.047896,0.13353,0.050253,0.030253,0.013019,0.04846,0.047749,0.039029,0.083755,0.05375,-0.003518
-0.043801,0.0772,0.05278,0.034433,0.067636,0.10419,0.094709,-0.023659,0.020841,0.12043,0.0019605,0.10255,-0.054841,0.016428,-0.022845,0.024117,0.04602,0.07333,-0.060033,0.050645,0.13503,-0.026101,0.10957,-0.026671,0.049147,0.065059,0.20492,0.0057361,0.12198,0.07712,-0.072342,-0.047182,0.083295,-0.0079699,0.053383,-0.044291,0.12561,0.066898,0.038479,0.021156,-0.036644,-0.016757,0.098222,0.012003,0.082212,0.11304,0.053188,0.069974,0.11136,-0.061572,-0.012045,-0.046208,0.035477,0.049919,-0.025423,0.092462,0.088187,0.038172,-0.027815,-0.017576,0.0005048,-0.094821,0.089497,0.013019,-0.007976,0.015118,0.1027,0.028637,-0.04358,-0.03159,0.13637,-0.050713,0.020934,0.080554,0.12708,0.015462,-0.062026,-0.018638,-0.0081603,0.086488,0.027214,0.022169,0.057756,0.08519,0.010799,0.038355,0.041081,0.034849,-0.0089164,0.072691,0.12721,-0.0029255,0.04868,0.11687,-0.0090012,0.022709,0.011694,0.081601,0.064807,0.0059368
0.00407,-0.02905,0.021007,-0.048424,0.071719,0.043096,-0.043174,-0.092151,0.13131,0.019423,0.042168,0.063588,-0.07442,0.041866,-0.092319,-0.017165,0.063342,0.0023796,0.028556,-0.024709,-0.0092772,0.069498,0.065822,0.14196,0.038979,1.8239e-05,0.092415,0.034593,0.10631,0.013305,-0.010474,0.17862,0.024351,0.20806,0.021072,-0.037393,0.11433,-0.068351,0.060492,-0.01403,0.0027392,-0.01428,-0.015779,-0.048286,0.038909,-0.059882,0.011192,0.003006,0.028362,-0.059648,0.0038182,0.036869,0.18184,-0.030062,0.043555,-0.076628,-0.012459,0.035105,0.021812,0.011265,0.0042565,0.049764,0.028812,-0.034977,0.021853,0.096795,-0.079167,0.11609,0.034496,0.0036506,0.015346,0.081983,-0.027891,0.015927,0.0056797,0.04747,0.022963,0.021073,0.01217,-0.010187,0.070602,0.046819,0.16987,0.067129,0.037037,0.063091,-0.032458,0.035353,-0.052983,0.029875,0.18822,0.060735,-0.0065762,-0.012689,0.10491,-0.017042,0.0062585,0.068004,0.10406,-0.039576
-0.02861,0.034644,-0.025923,0.0061359,-0.0045143,0.073676,0.027134,-0.0337,0.030377,-0.067928,0.021295,0.07151,-0.009834,-0.023238,0.13059,0.031697,0.034417,0.14817,0.075707,0.043804,0.069353,0.00013124,-0.011065,-0.029092,-0.064689,0.051928,-0.033337,-0.049688,0.038948,0.12362,-0.01637,0.10995,-0.054458,-0.0035159,0.029728,-0.00167,0.064748,0.12494,0.069388,-0.02851,0.11221,0.036342,0.12163,-0.036508,-0.082671,0.061021,0.037041,0.055003,0.16114,-0.020891,0.068007,0.074669,0.016275,-0.040601,-0.12477,-0.028289,0.026176,-0.06025,0.027184,-0.042835,0.010768,0.027849,0.037554,0.028033,-0.004262,0.020794,0.14058,0.010944,0.085935,0.0025347,0.12492,-0.036163,0.08899,0.1006,-0.076673,-0.056821,0.023189,-0.023348,-0.0050432,0.012413,0.021945,0.015143,-0.042811,0.02275,0.078135,0.011295,0.029584,0.10475,0.052826,-0.013019,0.11439,0.12859,0.039639,-0.085472,0.035466,-0.024193,0.03879,0.061987,-0.00064652,-0.0093711
0.020457,-0.035053,0.024124,0.0068994,0.099702,0.039141,0.01087,0.062791,0.045481,0.15059,0.037889,0.11367,-0.042586,0.042627,0.058964,0.024701,-0.014234,0.012245,-0.03639,0.057852,-0.031445,0.0021069,0.017766,0.033637,-0.054726,0.027751,0.030666,0.037702,0.011235,-0.039995,0.071984,0.053568,0.10819,0.086453,0.031327,-0.013265,-0.018614,-0.0015172,0.073008,0.01111,-0.055225,0.07521,-0.085007,-0.0046523,0.06801,0.12973,-0.022886,0.05701,-0.045629,0.074967,0.12533,-0.013866,0.068736,-0.048315,-0.06319,0.038599,-0.030484,0.060818,0.079206,-0.010261,-0.078291,0.0021414,0.05673,0.0935,-0.056176,-0.052308,0.022483,0.081559,0.0068113,0.034892,-0.014346,-0.072725,0.10041,0.0076643,-0.073677,-0.019398,-0.053361,0.11439,0.069957,0.03278,-0.021471,0.14858,0.064931,0.11733,-0.015679,-0.014793,-0.028126,0.060301,0.10477,0.18246,0.073795,0.018858,-0.023113,-0.0023927,0.12419,0.026506,-0.042358,0.046289,0.021572,-0.093564
-0.06671,0.0025238,-0.12532,-0.020392,0.06309,0.10369,0.077473,0.14338,0.11709,-0.061323,0.14516,0.077198,0.0063258,0.058415,0.20146,0.050688,0.042984,0.02246,0.037335,0.033235,0.084811,0.13795,-0.056772,-0.029446,0.090678,0.046804,0.031647,0.036688,0.0014772,0.045059,0.028991,-0.048044,0.008889,0.02062,0.098367,0.081393,0.12082,-0.00014447,0.20641,0.029874,0.039471,0.046167,0.034305,-0.029136,0.059948,0.01487,0.057564,0.030389,-0.034313,0.033368,-0.034625,-0.007438,0.029288,-0.020406,-0.075285,0.071948,0.0032055,0.030955,0.0029793,0.054019,-0.0037665,-0.07253,-0.097431,0.1479,0.013473,-0.0080772,0.083552,0.045644,0.063067,0.0056392,0.052956,0.02762,0.055713,-0.019034,-0.068754,0.068702,0.055733,0.013587,-0.015564,0.071659,-0.064261,0.13402,-0.065195,0.037223,-0.06306,0.096124,-0.0066926,-0.0079379,-0.025992,0.042706,-0.083968,0.17057,0.090368,0.071461,0.10049,0.011607,0.01387,0.024642,0.049798,0.046786
0.0064012,0.035626,0.00021501,0.037248,-0.058656,0.041464,-0.028767,0.047309,-0.014206,0.00088547,0.051241,0.045313,0.010864,0.044341,0.018387,0.008376,-0.013602,0.058335,0.066146,-0.0074081,0.13424,0.0067963,0.029723,0.015823,0.034529,0.20585,0.086028,0.030438,-0.014008,0.01749,0.070377,0.021316,0.052177,-0.017179,0.071899,0.038279,0.03051,-0.081933,0.082403,0.089586,0.14004,-0.050955,0.0045944,0.11337,-0.031521,-0.067783,0.066833,-0.068169,0.099587,-0.00078502,0.080696,-0.031366,-0.11199,0.0087421,-0.067161,0.065024,-0.053149,0.11357,0.039886,-0.041901,0.063219,0.069509,0.039554,-0.031454,0.15101,0.062045,-0.036262,-0.0083577,0.11076,0.015656,0.010792,-0.020968,-0.013674,0.076163,0.020652,0.026092,-0.024245,0.010769,-0.020311,0.1664,0.069756,0.0047096,0.024691,0.15176,0.08895,0.075208,0.023008,0.06125,0.02159,0.13882,0.0026721,0.021862,0.12143,-0.019349,0.045164,0.033145,0.039374,0.042842,0.045055,0.063488
-0.040865,0.010474,0.023772,0.10365,-0.028875,0.025131,-0.011839,0.014025,0.12337,0.02445,-0.068507,0.040481,0.082184,-0.063861,0.077669,-0.0077235,-0.05921,-0.10484,0.05868,0.020509,0.029148,0.04602,-0.015488,-0.040667,-0.05787,0.044437,0.043405,0.048848,-0.026853,0.037456,-0.070648,-0.12214,0.018261,-0.031461,0.09588,-0.01232,0.051201,-0.014776,-0.019582,-0.005603,-0.015762,0.041584,0.0019809,-0.044703,0.095264,0.027003,0.070733,0.10819,0.065778,0.032262,-0.055561,-0.013416,0.034804,0.040738,0.048031,-0.031161,-0.026042,-0.020434,-0.027518,0.023867,0.082738,0.11222,0.10047,-0.041047,0.055877,0.12135,0.05869,-0.00061056,0.10406,-0.030786,0.053651,0.021395,0.053022,-0.021071,0.097799,-0.0168,0.0019555,0.01069,0.036903,-0.028431,-0.03306,0.085872,-0.0051309,0.085184,0.0011724,0.069155,0.060795,0.059382,-0.011867,0.11125,0.045737,0.06832,0.044047,-0.01512,0.010801,0.11601,0.087322,0.050752,0.017278,0.11873
0.08059,0.10615,0.0069627,-0.16674,-0.014059,-0.043926,-0.032489,0.016074,0.052233,-0.051787,-0.012809,0.12878,0.051572,0.01851,0.064424,0.035324,0.10885,0.040668,-0.0078226,0.024776,0.014407,0.080338,0.085713,0.033623,0.08325,-0.017647,0.029955,0.039188,0.073015,0.062512,0.080507,-0.038127,0.10169,0.084891,0.013305,0.032712,0.09886,0.10705,0.019379,0.086619,0.04765,0.17088,0.10089,0.0015691,0.094488,0.029875,0.14262,0.01729,0.019289,-0.021754,-0.0025777,0.003348,-0.01081,-0.085964,0.10122,-0.037947,0.0053941,0.074421,0.036236,-0.0046007,0.026805,0.086561,-0.038777,-0.0024337,0.022032,0.035594,0.021308,-0.008821,0.089331,-0.046652,0.10794,0.17183,0.15389,-0.021727,0.080333,0.010248,0.099557,0.035386,0.084057,0.011222,-0.046466,0.085445,0.072482,0.069651,0.06219,-0.07262,0.0042389,0.047771,-0.094826,-0.013479,0.051544,-0.021665,-0.020244,-0.066963,-0.050066,-0.012307,0.059964,-0.012779,0.06963,0.050983
-0.025522,0.046446,0.097453,0.029078,-0.057128,-0.030555,0.093166,0.011409,-0.030154,-0.029582,-0.020076,-0.11456,0.025801,0.043865,-0.00051822,-0.00012203,0.011863,0.0046653,0.035877,-0.00057239,0.094042,-0.013272,0.0065233,-0.053112,0.081488,0.078171,0.09075,-0.0217,-0.0050093,0.042946,0.067551,0.00396,0.10358,0.020677,-0.050527,0.049625,0.11102,0.10073,0.019936,0.10484,-0.011015,0.146,0.068036,0.051757,0.040115,-0.10606,0.0048337,-0.032351,0.10631,0.022372,0.13631,0.01979,0.039269,0.046128,0.0063759,0.0057645,-0.035728,0.0025702,0.11991,-0.021734,0.042884,-0.0012472,0.062011,0.024238,0.060037,0.052616,-0.027921,0.11666,0.060577,-0.0062098,0.034538,-0.04988,-0.058214,0.036492,0.061776,0.067973,-0.010503,-0.032222,0.042928,0.033007,-0.10565,0.045858,0.034926,0.082854,0.023823,-0.038157,0.024153,0.06565,0.039705,0.11408,-0.054437,0.025236,0.015169,0.048573,0.017207,-0.078719,0.0085324,0.066627,0.023595,0.029402
-0.055587,-0.0017852,0.1459,-0.04997,-0.030721,-0.020878,-0.022966,-0.043856,0.088662,0.041018,-0.036965,-0.019433,-0.029264,0.028858,0.076414,0.013203,0.0047973,-0.011653,-0.012104,0.040482,0.12824,-0.05777,-0.037857,-0.0040282,0.052812,-0.0049176,0.045389,0.0050799,-0.0061443,0.11365,0.017039,0.060616,-0.022072,0.0056217,0.11899,0.10106,0.014024,0.044351,0.012066,-0.034064,-0.0013159,0.071374,0.012856,-0.0080682,-0.028186,-0.083575,-0.0070541,0.098437,0.12106,-0.0069214,0.12176,0.14074,0.043496,0.046387,0.052508,-0.042733,-0.061647,0.079827,0.071233,0.063408,0.047964,0.016417,0.12793,0.030582,-0.03075,0.14138,0.0055989,-0.031168,-0.0066447,0.048576,-0.00090283,0.099254,0.096678,0.092863,0.15053,0.16085,-0.012654,0.089927,0.061615,8.7355e-05,-0.0094972,0.019224,0.091048,0.11245,-0.0038185,0.018756,0.028569,0.075491,0.10888,-0.030049,0.0074665,0.0060344,0.14283,0.046558,-0.060496,0.034742,0.054831,0.092993,0.070972,-0.0098356
0.039606,-0.043587,-0.02895,0.035144,0.037563,0.044938,-0.0051973,-0.051433,-0.056345,-0.019575,-0.010748,0.036784,-0.047558,0.022157,0.058073,-0.0021632,0.10899,-0.052113,0.062431,-0.027567,-0.0084773,0.10674,-0.017733,-0.014994,-0.036005,0.094688,-0.041244,0.018284,0.038134,-0.010537,0.055421,0.012665,-0.1509,0.11201,0.056734,0.12418,0.039481,0.0066512,0.073764,-0.022876,0.035488,0.065587,-0.03141,0.051131,0.050618,0.062899,0.16999,0.097151,-0.013637,0.0099222,0.0065899,0.051712,-0.086492,-0.022411,-0.022661,-0.042845,0.055262,0.052481,0.067321,0.12965,0.068999,-0.020698,0.02822,-0.06808,0.077561,0.0084775,0.091002,-0.0078548,0.016732,0.0077002,0.0047776,0.0026923,-0.04987,0.13371,-0.0080605,-0.0096896,0.038923,0.012777,-0.024801,0.19113,0.040403,0.1334,0.0021715,-0.048373,0.12293,0.11455,0.047155,-0.047579,0.0686,0.010104,-0.024977,0.025749,0.13741,-0.057756,-0.031469,0.015479,0.061054,0.12435,0.032595,0.040763
-0.035194,-0.039353,0.022468,-0.073777,0.048708,0.047531,0.039169,-0.018335,0.0073187,0.026277,0.015086,0.12935,0.021972,-0.0075781,-5.4067e-05,-0.017018,0.041329,0.053287,0.0091285,-0.10329,0.17621,0.030154,0.11874,0.040807,-0.068524,0.079547,0.036821,0.10661,0.10216,0.034395,0.0020534,0.00057461,0.012834,0.060059,0.033815,0.075708,-0.055782,0.1115,0.00025976,0.055016,0.013924,0.0092474,-0.0025575,0.017009,0.066704,0.07978,0.026189,0.1218,-0.0056916,0.0033234,-0.011432,-0.010361,0.0023137,0.076492,0.063304,0.014091,0.088178,0.023227,0.047571,0.020791,0.043717,-0.0055579,0.12727,0.016967,0.13065,0.018956,-0.10495,0.0077765,0.13547,-0.048011,0.034137,0.13408,0.069211,0.10043,-0.0235,0.037716,0.083562,-0.015624,0.022232,0.061607,-0.017997,0.054243,-0.038991,-0.013346,0.049661,0.059392,-0.059602,0.001048,0.024985,0.049336,0.043043,-0.042158,0.049915,0.12846,0.056178,0.15239,-0.048768,0.032058,0.088029,0.074078
0.044878,0.10217,-0.022644,-0.061188,0.010466,-0.030615,0.0029644,-0.0073043,0.092612,0.010341,0.049185,0.046323,0.099169,-0.02435,0.0096587,-0.097279,-0.036946,0.10851,0.12773,0.02008,-0.036333,0.0076752,0.034654,-0.12006,-0.0098831,0.028341,0.089499,0.04725,0.080773,0.0020795,0.0015156,-0.053046,0.10161,-0.021818,0.1007,-0.020585,0.042965,0.027546,-0.014142,0.043465,0.0032038,-0.079334,0.075022,0.0026898,0.08316,0.073055,0.025914,0.011152,-0.023267,0.0018498,0.096784,0.097067,0.12502,-0.017502,0.0017864,0.07904,0.020453,-0.0027107,0.042377,0.0032018,0.14129,-0.0020717,-0.002924,-0.025455,-0.082216,0.086573,0.073318,0.002674,0.039849,-0.01355,0.037679,0.08572,0.047667,0.045055,0.055102,0.047293,0.11189,0.067662,0.05491,-0.012786,0.047619,0.022272,-0.097799,-0.031384,-0.028047,0.10791,0.062984,0.026037,0.090171,-0.014076,0.038184,0.029615,0.061512,0.010202,0.014852,-0.037391,0.039196,0.095846,0.12941,0.16062
-0.030026,0.11007,-0.029562,-0.14118,-0.046268,-0.0041704,0.11817,-0.0055302,-0.041607,0.058028,0.003677,0.033234,-0.027552,0.060305,-0.017281,0.025236,0.11626,0.0035146,-0.043298,-0.078798,0.048948,0.072722,0.060505,0.027134,-0.029764,0.046287,0.053344,-0.030169,0.1394,-0.036548,0.029203,-0.057404,0.073376,0.052361,0.065764,-0.024265,0.082679,0.16422,0.0081638,0.058539,0.050254,0.012697,0.08863,0.10733,0.1048,0.017878,0.034592,0.0028989,0.13542,0.01553,0.01558,0.0019274,0.11421,-0.030557,0.051182,0.031882,0.059937,-0.022804,0.016223,0.10467,0.088126,-0.041584,0.029398,0.0082041,0.079129,0.053797,-0.047315,-0.0046195,0.05191,-0.022096,0.077456,0.035914,-0.05345,0.092128,0.0022261,-0.048837,-0.075828,-0.053977,-0.0051182,0.043787,0.12851,0.065347,-0.035391,-0.030603,0.088861,0.042339,0.12357,0.048541,0.0020797,0.042541,0.091874,0.02369,-0.029653,0.05975,0.065597,-0.015517,0.041846,0.059124,-0.042537,-0.036909
-0.003497,0.0097798,-0.0031189,0.0056034,0.012266,0.064151,-0.011258,-0.019915,-0.08681,0.035925,-0.0066996,-0.055766,0.043921,-0.014766,0.0092037,0.043013,0.067389,0.075965,0.018343,-0.0016906,-0.00020541,0.11048,-0.067775,0.0069485,-0.0052547,0.030829,0.033069,0.057902,0.12989,0.073191,0.066827,0.028937,-0.018,0.079301,-0.019072,-0.061868,0.060438,-0.020828,0.075546,-0.10173,-0.0084471,0.13312,0.023075,0.078162,0.061919,0.063712,0.023116,0.047004,0.014452,0.095425,0.060361,-0.12542,0.085392,-0.0051128,0.033969,0.051088,-0.0011839,-0.017568,-0.035642,-0.0048513,0.086434,0.048294,-0.072652,-0.005464,0.044958,-0.034167,0.014991,0.0059296,0.10356,-0.0011653,0.10792,0.097073,0.123,0.11488,0.055685,0.067858,0.076241,0.062389,0.15385,0.12707,0.00052237,0.0038263,0.031137,-0.027765,0.12002,0.040296,0.03796,0.042265,0.09097,0.041926,-0.020821,-0.0096262,0.021205,0.040859,0.0019681,0.064793,-0.038204,-0.0062303,0.032678,-0.063697
0.048205,0.012656,-0.068768,-0.00027818,0.061407,-0.004632,0.022977,-0.032391,0.022679,-0.00064752,-0.086495,0.0084144,0.037543,0.021361,0.076606,-0.074767,0.087132,0.0048772,-0.0032322,0.071872,-0.027838,0.030625,0.08168,0.079439,0.0068935,0.053024,-0.020789,0.0089096,-0.01826,0.011356,0.07129,0.038389,-0.0026994,-0.023174,0.05423,0.041797,0.10716,-0.018821,0.0042595,-0.022063,0.10385,0.097317,-0.024427,0.00036123,0.082842,0.13962,0.012993,0.099485,0.11407,0.0024009,-0.08029,0.05254,-0.0064055,-0.025299,0.012337,-0.023471,0.071509,0.02408,0.046854,0.037145,0.049749,0.019127,0.020691,0.063886,0.010779,-0.00131,0.037432,-0.046078,0.10913,0.088198,-0.025007,0.10762,0.025787,0.050394,-0.0069844,0.022978,0.084393,0.1547,-0.049848,0.097311,0.048217,-0.016848,0.050972,0.01904,0.11578,0.097603,-0.0052779,0.0093743,-0.013712,0.008678,-0.0046982,-0.017399,0.042746,-0.014713,-0.041802,0.057696,0.11285,0.018531,0.050894,0.053167
-0.053569,-0.036401,0.070135,-0.064598,-0.0040983,-0.047861,0.019699,-0.0018816,-0.10409,-0.010165,0.054365,0.0090896,0.032171,0.077857,-0.0073129,0.041682,0.089228,0.0083432,-0.004177,0.072928,0.027633,-0.054983,0.018598,0.025179,-0.086534,0.10678,0.13544,0.0044233,0.11197,0.005124,0.10445,0.038251,0.07377,-0.057552,0.075514,-0.0096219,0.063053,0.011059,0.0082962,-0.041927,-0.007683,0.06443,-0.016368,-0.017888,0.016455,0.13138,0.038223,0.050904,0.064984,0.10066,-0.0367,0.052929,-0.021854,0.03989,-0.022963,-0.013322,0.038092,0.10191,0.11154,-0.155,0.19168,-0.043455,0.005357,0.0090853,0.11362,0.025492,-0.093693,-0.024774,-0.032437,0.072151,0.11868,0.089622,0.14919,-0.007798,-0.074793,0.05756,0.021058,-0.011049,0.031127,0.05063,0.071541,-0.0098135,0.065197,-0.023699,0.039875,0.10029,0.056842,0.079713,0.10294,-0.0016373,0.055531,-0.029811,0.027387,-0.0065541,-0.072858,0.047883,0.092935,-0.062706,0.062723,0.053689
0.034157,0.0060594,-0.050845,0.0052788,0.11255,-0.065792,0.0027957,0.0046756,-0.04788,0.024595,0.007192,0.005944,-0.050991,0.10203,0.019376,0.037227,-0.051381,-0.04558,0.086792,0.010421,-0.033679,-0.028488,0.025704,0.027,0.020412,-0.029249,0.01008,-0.010549,0.0068507,-0.023219,0.066311,0.10064,0.036104,-0.0028099,-0.0021287,0.14755,0.016328,-0.0056113,0.079169,-0.018359,-0.029595,0.0071516,0.065476,-0.034099,-0.0070076,0.046984,-0.026702,0.062837,-0.050841,0.080052,-0.01864,0.031499,-0.019787,0.031846,0.10767,0.031199,-0.030894,0.13156,-0.033282,0.004091,0.032209,-0.037528,0.11253,0.020253,-0.060584,0.055961,-0.035609,0.072502,0.032516,0.15937,0.0070831,0.0012452,0.067196,0.071306,0.069314,0.062112,0.1927,0.043584,0.045311,-0.054976,0.018567,0.073621,-0.063351,0.03386,0.036295,0.071078,-0.014309,0.0047149,-0.069474,0.046966,-0.040291,0.0048209,-0.076999,0.12149,0.071286,0.025875,0.046938,-0.013295,0.017426,-0.051416
0.088526,0.038378,-0.022207,0.068984,-0.021363,-0.055807,0.04368,0.00060885,0.0028496,-0.056462,-0.11738,-0.057538,0.027967,0.070864,0.019379,0.089535,0.054929,0.047316,0.096701,0.10574,0.066649,0.10765,0.014118,-0.019413,0.10307,0.014031,0.096726,0.0061792,-0.034464,0.10373,0.041614,0.075325,0.091649,0.16634,0.040757,0.14268,-0.068457,0.079754,0.047873,0.013636,0.012883,-0.028085,-0.061962,0.01903,0.0313,0.042636,0.035269,0.018903,0.020398,-0.080396,0.15509,0.093392,-0.082125,-0.0041167,-0.042074,0.054835,0.074738,0.11347,0.1039,-0.078866,-0.012342,0.043509,0.002864,0.0026573,0.040333,0.082675,-0.014769,0.12847,-0.019147,-0.020788,0.17131,-0.037399,0.11708,0.1363,0.094434,0.057315,-0.021958,0.09683,-0.010817,-0.059291,0.04734,0.070904,0.053438,-0.025241,0.084046,0.052848,0.0021977,0.076958,0.04229,0.067135,-0.020135,0.010567,0.023387,-0.008373,-0.041327,0.075347,0.055366,0.039179,-0.024475,-0.020301
0.12586,0.023848,-0.0061672,-0.082807,0.022916,0.018658,-0.065236,-0.077777,0.063029,0.038157,-0.039928,0.025239,-0.030524,0.0025642,0.071724,0.030134,-0.010233,-0.038608,0.023228,0.053288,0.041476,-0.015793,0.042341,0.04808,0.01376,0.04237,0.11322,0.039696,0.10346,-0.001644,-0.0022781,0.16724,-0.0081463,0.063043,-0.0078763,0.0069551,0.038219,-0.081929,-0.0082918,-0.012078,-0.027008,0.039066,-0.0074192,-0.0087566,0.057006,0.02591,-0.017697,0.043367,-0.019721,-0.050755,0.053407,0.060942,0.10182,-0.036525,0.031958,0.098793,-0.057196,0.15988,0.078257,0.013927,0.044489,0.1136,-0.059183,0.081765,0.0090136,0.03499,-0.079917,0.050886,0.018628,0.0084768,0.091873,-0.045272,-0.0033088,0.0099062,0.027731,-0.036192,0.06124,0.06691,0.041027,-0.14741,0.044325,-0.013946,0.018532,0.0027706,-0.02223,-0.011391,0.032502,0.022485,0.11182,-0.024447,0.042904,0.03408,-0.076057,0.041176,0.069649,0.12864,0.020438,0.19319,0.042004,0.044448
0.094743,-0.063502,-0.082335,0.037273,-0.0018923,0.015674,0.12691,0.060873,-0.0054542,-0.014036,-0.095097,-0.018043,0.08172,0.064674,-0.022779,0.13247,-0.024606,0.054368,-0.067852,0.080741,0.0015976,0.045048,-0.028288,0.058258,0.062843,-0.029452,-0.020886,0.018804,0.018779,-0.026846,0.0069247,0.094304,0.034732,0.0025981,-0.017181,-0.011429,0.031256,0.0032726,-0.049638,0.0015506,0.17022,0.067306,-0.0098689,0.037971,0.081846,-0.0031368,0.023234,0.039642,0.010814,-0.050209,0.058501,-0.10604,0.032766,-0.018161,-0.033152,0.017167,0.026304,0.042885,0.10445,-0.0014594,0.048703,-0.091923,0.069958,0.067531,0.062421,0.009057,0.041819,-0.027033,0.029573,0.032217,0.0075739,0.037425,0.15608,0.060339,0.036384,-0.041155,-0.0093665,0.083038,0.058891,0.073416,0.044895,0.030682,0.072732,0.11785,0.064023,-0.040121,-0.053442,0.019242,0.072757,0.083205,0.0099159,0.02825,0.059036,0.043214,-0.0098043,-0.012712,-0.042946,-0.0064833,0.0052507,-0.015477
0.0051616,0.07404,-0.010627,-0.015152,0.023627,0.019432,0.065401,-0.04054,-0.039297,-0.12151,0.0086516,0.14208,-0.056415,-0.018449,0.056139,0.018013,-0.054238,-0.009967,0.042393,0.042925,0.021267,0.092307,0.11303,0.0089174,0.023507,0.029048,0.035448,-0.0083878,-0.0062461,0.023171,0.091214,0.0046455,0.058024,0.08661,0.23328,0.0028203,0.097919,0.022812,0.051082,0.030369,0.0086291,-0.0353,0.055013,-0.037746,-0.0076948,0.029642,0.062876,0.00073739,0.0053069,0.021222,0.064572,0.014811,-0.037096,0.060316,0.053296,-0.001957,0.010189,0.04857,0.036267,-0.037138,0.043863,0.057213,-0.058213,-0.038015,0.011333,0.08211,-0.026698,-0.020993,0.048546,0.004805,0.095077,0.063554,0.021437,0.057783,0.002056,0.04864,0.027769,0.06717,0.19246,0.019238,0.0025459,0.021668,0.034109,-0.03101,0.0080933,0.11198,-0.013757,0.074489,0.061108,-0.012269,0.048138,0.0042006,0.034702,-0.029945,0.052506,0.19545,-0.020533,-0.017123,-0.0061662,-0.043422
0.075892,0.0086465,0.013775,-0.063523,0.015849,0.05283,-0.10711,-0.061373,0.072264,0.056894,0.12142,0.029602,-0.011137,0.056109,0.088556,0.0049647,0.043979,0.042647,0.051053,-0.096984,0.066673,0.025454,0.062411,-0.023563,0.038458,0.13164,0.02155,0.075613,0.052533,0.0068608,-0.14149,0.13261,0.038816,0.028003,-0.065862,-0.056825,-0.029809,0.11137,-0.013582,0.091615,0.076878,0.057921,-0.012258,-0.0075808,0.1081,0.044857,0.059815,-0.063723,0.030696,-0.0042888,-0.0041907,0.10717,0.014096,0.0099831,-0.050188,-0.12038,0.12677,0.08053,-0.0091387,0.038004,0.015692,0.00092173,-0.011581,-0.045393,-0.042085,0.05677,0.0039415,-0.046917,-0.022573,0.00084007,0.059101,-0.010794,0.017056,0.07893,0.03049,0.080811,0.05793,0.011569,0.043581,-0.024259,0.014764,0.077136,0.11827,-0.010729,0.12545,0.014641,0.014837,0.0096061,0.084114,0.12949,0.098256,0.039573,0.23362,-0.053537,0.10101,0.056834,-0.076117,0.053386,0.010139,0.17548
0.027837,-0.057672,0.065785,-0.046304,0.026435,-0.039107,-0.032349,0.078304,0.040877,0.049539,0.029053,0.11098,-0.018669,-0.020668,0.024812,-0.077769,-0.064532,0.056375,0.048469,0.02396,0.086363,0.060821,0.010472,0.022505,-0.010989,0.12526,-0.096904,0.074665,0.0037877,0.031162,0.065329,0.058952,0.045853,0.0075002,-0.013549,-0.018556,0.035661,-0.013332,-0.019427,0.0019434,0.087482,0.032839,0.055358,0.040113,0.052987,0.047826,0.053245,0.085283,0.16767,0.08452,0.060342,0.064561,-0.019512,-0.037558,0.10764,0.047496,0.063927,0.093699,0.019698,0.051243,0.033095,0.014311,-0.04325,0.097807,-0.069119,0.1275,0.0078762,0.023894,0.026389,-0.088191,0.20559,0.022414,0.062112,0.030436,-0.012225,0.10056,0.05551,0.13081,-0.046351,0.14493,0.13055,0.13423,0.091891,0.016988,-0.028239,0.03489,0.075011,-0.05457,-0.041298,0.090419,-0.023535,0.043759,0.024796,0.069837,-0.03487,-0.022843,0.07068,-0.0057178,0.0047194,-0.024573
0.063674,0.0085538,-0.051915,0.018257,-0.059844,-0.10766,-0.021107,0.018399,-0.080689,0.10923,0.049744,0.027966,-0.053269,0.030792,0.016297,-0.083369,0.068223,0.0072136,-0.030028,0.054341,-0.0096722,-0.020974,0.025521,0.07552,-0.03509,0.1485,0.0043855,0.075818,-0.065026,-0.010458,0.030049,-0.0084575,0.11124,-0.039418,-0.0099924,0.051462,0.0054363,-0.070582,-0.0077606,-0.029655,0.0097529,0.045739,-0.037121,0.038987,0.042757,-0.16001,0.048563,-0.077744,0.016826,-0.061804,0.1237,0.087738,-0.024103,0.079456,0.036918,0.031146,0.08611,0.15308,0.055769,0.05398,0.10556,0.07222,0.10499,0.072713,0.065062,0.08153,0.098372,0.052215,0.11032,-0.05672,0.0031071,0.034675,0.0010641,0.075558,0.013633,0.065756,-0.020028,0.067039,-0.044849,0.066735,0.059768,-0.036925,0.036647,0.059557,0.047868,0.167,0.0023511,-0.038088,0.11405,0.032137,0.068682,0.009259,-0.0067621,0.033698,0.035307,0.031399,0.076387,0.088788,0.020945,-0.0013517
0.054541,0.1115,0.047004,-0.060621,-0.0052094,0.010477,-0.042469,-0.017432,-0.05273,-0.023798,-0.073216,0.077549,0.036999,-0.056827,0.086472,0.024663,0.082396,0.090636,0.1356,0.045905,-0.047191,0.010126,-0.017788,-0.001019,-0.050028,0.047711,0.044705,0.02701,0.089432,0.071858,-0.012351,0.079022,-0.0071176,0.089736,-0.086089,-0.021067,0.039552,0.096536,-0.08728,-0.016269,-0.010144,0.01611,0.020866,0.05259,-0.012565,-0.006511,0.026764,-0.04019,-0.062968,0.030077,0.0018976,-0.04209,-0.0092086,-0.065422,-0.032689,0.0081413,0.07131,0.028259,0.10904,0.092991,-0.027394,0.022905,-0.009787,0.047626,0.0096327,0.002006,0.070724,0.0078643,0.019805,0.077865,-0.058474,0.0037801,0.01468,0.085206,-0.0075044,0.022064,0.087918,0.03467,-0.016454,0.14632,0.033989,0.096904,0.1267,0.065747,0.089809,0.11718,0.070482,-0.01424,0.0034451,-0.073612,0.089653,0.040876,-0.0082152,-0.069927,0.09253,-0.026895,0.034376,-0.04706,0.11619,0.10307
0.016467,-0.013318,0.094037,-0.036502,-0.0092801,-0.089807,-0.0055459,0.012208,-0.066021,0.025549,0.10599,-0.044184,0.095533,0.025924,0.16306,-0.027757,0.0077408,-0.007438,0.064425,0.16607,-0.048384,0.041569,0.044104,0.029313,0.03851,0.033239,0.03633,0.0076531,0.036903,0.062182,-0.0039667,0.054252,0.011104,0.026108,0.030696,0.031699,0.12442,0.090782,0.050093,0.016985,-0.0055188,0.036665,0.055968,0.071866,-0.015958,0.041455,0.0041496,0.085165,0.036424,-0.00047092,-0.067656,0.057766,0.063142,0.011686,0.04089,-0.040474,0.02561,0.11123,0.034575,0.024865,0.039107,0.026808,0.0076658,0.046775,0.080987,-0.022319,0.019488,0.015933,-0.058549,0.10103,-0.03364,-0.0031711,0.071845,-0.038425,-0.032398,0.041739,0.19382,-0.03805,0.10623,-0.0044373,-0.011539,-0.021411,0.013598,0.0041803,-0.047383,0.022215,0.035386,-0.11168,0.026605,0.077666,-0.034728,0.030414,-0.0069829,-0.012408,-0.0050609,0.035818,-0.079663,-0.012694,-0.039976,-0.019998
-0.053488,0.032749,-0.051318,-0.058207,-0.034867,0.088063,-0.044952,0.054062,0.0041406,0.16041,-0.047855,0.063232,0.0841,-0.021963,-0.030714,0.045124,0.067305,0.070286,-0.023585,0.062753,0.052721,0.0029775,0.17665,-0.045633,0.015715,-0.02497,-0.065961,-0.014613,0.064438,0.021747,0.041012,0.11188,0.033718,0.11,0.015727,0.038297,0.02382,0.037922,0.030396,0.039007,0.068024,-0.07468,-0.023037,0.081584,0.10576,0.088854,-0.049285,0.1448,-0.007587,-0.028841,0.0096755,-0.017653,0.1163,0.042024,0.031075,0.12543,-0.025571,-0.041491,0.025016,0.04271,0.023184,0.061863,0.061533,0.055918,0.094851,0.051273,-0.038709,-0.022641,-0.023177,0.0049001,0.051292,-0.041397,-0.038516,0.032821,0.071096,0.080295,-0.023186,0.072799,-0.070954,0.066886,0.018849,0.047336,-0.0082398,0.040055,0.094083,-0.010278,0.037019,0.048557,-0.0065781,-0.018183,0.076666,0.012109,0.11042,0.036646,0.16997,0.0019835,-0.02059,0.13137,0.048027,-0.01743
0.029869,-0.051689,0.051948,0.026214,0.17753,0.047818,0.058412,0.035642,-0.059701,-0.02512,-0.016165,0.10319,0.096131,0.066613,0.093026,-0.018035,0.089804,0.0013755,0.010766,0.017633,-0.075602,0.029885,0.015879,0.085649,0.014351,0.029106,0.026936,-0.042562,0.047953,0.041404,0.023181,0.050773,0.022554,-0.0018715,0.06929,0.040764,0.087193,0.10502,-0.024558,0.056887,0.047672,0.0037864,0.10233,0.052537,0.020961,0.14161,-0.019603,0.080818,-0.021104,0.019995,-0.0026039,0.073101,-0.026844,-0.03977,0.028973,0.14071,-0.025205,0.014651,0.13274,0.11248,-0.031077,-0.028594,0.043431,-0.039699,-0.11849,0.073611,-0.050987,0.0050099,0.010691,0.018443,-0.025905,0.12552,0.025339,0.013585,-0.030461,-0.026273,0.059423,0.04669,0.078929,0.068798,0.0049271,0.16928,0.00044813,0.10525,0.014777,0.035368,-0.069632,-0.061446,0.0022812,0.00082472,-0.0021182,-0.029201,0.050347,0.11303,0.011048,0.081521,-0.034141,-0.039098,-0.077933,0.10204
-0.058854,-0.043097,-0.10808,0.045846,-0.033723,0.015905,0.091531,0.03463,0.13601,-0.061123,0.025269,-0.046494,-0.051912,-0.0089643,0.081509,-0.027772,-0.0052604,-0.0014707,0.05693,0.021148,0.012573,0.037202,-0.040562,-0.03498,-0.077284,0.063133,0.003872,-0.011775,0.033444,0.10496,0.033046,0.078811,0.14133,0.063176,0.021969,-0.065694,-0.020533,-0.047719,0.011599,-0.026941,-0.0069973,0.1153,0.0087681,0.036311,-0.0043308,0.093331,-0.053987,0.0089803,0.041541,-0.11525,0.11288,0.1455,-0.0081358,0.13555,-0.031274,0.057381,0.083206,0.0097827,0.12894,0.033806,0.1341,-0.044335,0.02506,0.060694,0.031245,0.089323,-0.058123,-0.066858,0.077477,0.051075,0.10497,-0.14889,0.039746,0.054254,0.0071622,0.063222,0.024849,0.059804,0.017682,0.0073508,0.021299,0.17075,-0.0002385,0.099392,0.073768,0.062841,0.07315,0.080672,-0.060498,0.058,-0.071187,0.05201,-0.025578,0.029175,0.026484,0.068857,-0.013808,0.02118,0.04408,0.018477
0.05377,-0.01189,-0.02192,0.087977,-0.12152,-0.040127,0.006787,0.048747,-0.029343,0.029817,-0.074906,-0.00028067,0.099516,0.12194,-0.072518,-0.016314,0.072021,-0.024268,0.026236,-0.049354,0.058546,0.0092727,0.025766,-0.011189,-0.048133,0.05468,-0.0079191,0.093623,0.12664,-0.094924,-0.085997,0.11251,0.010556,0.0065939,0.057889,0.039544,0.051489,0.10397,0.066271,0.098339,0.095554,0.035795,0.1364,0.033307,0.075438,-0.017101,0.073949,0.038743,-0.016335,-0.067679,0.058283,-0.064549,0.03907,0.040386,0.05605,0.074827,-0.035758,-0.035706,-0.018769,0.029233,-0.03247,0.060391,0.0049862,0.067425,0.062455,0.036416,-0.00023082,-0.011964,0.04378,-0.023802,-0.015207,-0.018165,-0.10635,0.066639,-0.041947,-0.0061487,-0.0050448,0.017263,0.10289,0.046363,0.019833,-0.022722,-0.021301,0.055108,0.011131,-0.017522,0.0536,0.07087,0.019122,0.080859,0.11979,0.11967,-0.023423,-0.041059,0.014064,0.0062175,0.085343,0.022361,0.11903,0.033487
0.046581,0.037885,0.10131,0.010384,0.013196,-0.0469,0.00021995,0.047716,0.0070072,-0.022978,0.0054915,0.0030276,0.037477,0.13108,-0.0058148,0.063127,0.063175,0.071715,-0.00079563,0.044444,0.08729,-0.049391,0.11827,0.1099,-0.0058156,-0.0016998,0.18057,-0.0059938,-0.10704,0.0185,-0.0014055,-0.027675,0.14032,0.052826,-0.029678,0.098106,0.036055,0.065721,0.0065145,0.1794,-0.026023,0.10481,0.048229,0.063075,0.013257,0.035263,0.058384,0.043255,0.061646,0.014026,-0.047794,0.12662,-0.087229,0.099742,0.065695,0.071346,0.00083191,0.051123,0.056677,0.045861,0.084701,-0.02732,0.14515,0.025139,0.032325,-0.0061414,-0.075066,0.059322,-0.036553,0.022674,0.17669,0.042538,0.10854,0.050984,-0.065539,0.050605,-0.0027379,0.077269,0.0079589,0.011368,0.02762,0.091658,0.018787,0.0071775,0.067197,0.12787,0.042372,-0.025888,-0.0012505,0.0009713,0.084886,-0.080085,0.02755,0.069519,0.095342,0.015692,0.088923,0.045458,-0.023547,0.039943
0.055056,0.0048897,0.019875,0.0050524,-0.010375,-0.053437,0.028124,-0.0055227,-0.038824,0.0078954,-0.054573,0.03856,-0.027174,-0.019652,-0.050867,0.07392,0.025533,0.063413,0.10241,0.044363,0.026743,0.11007,0.021471,0.03892,-0.022772,0.11372,-0.021883,0.16334,-0.056815,0.062685,0.067985,0.024156,0.13047,0.039245,-0.019958,-0.0034902,0.084753,-0.098866,0.058984,0.0073404,-0.01501,0.089661,0.06106,0.10023,0.02281,0.062936,0.052109,0.1745,0.082211,0.0072538,0.069868,0.031031,-0.051494,0.071937,0.011352,-0.071002,0.039128,0.0014614,-0.042627,0.075873,-0.01387,0.060909,0.15174,0.032061,0.095243,0.11787,0.090521,0.043632,0.071925,0.04879,0.078479,0.093844,0.14085,0.062289,0.033852,0.086238,-0.055475,0.030358,0.047214,0.03522,-0.0068753,0.0073893,-0.021801,0.051048,-0.03717,0.15381,0.0073299,0.032775,0.073864,0.056187,0.06729,0.011693,0.078133,-0.022765,0.050759,-0.024225,0.047647,0.072429,0.023353,-0.053386
-0.0045563,0.0026426,0.082382,-0.0025494,0.081742,0.019553,-0.058097,-0.00051648,0.060693,-0.061269,-0.040774,0.067647,-0.043992,0.071316,0.10369,0.011207,0.056917,-0.073001,0.044023,0.13798,0.032312,-0.0038859,0.11647,-0.017663,-0.054106,0.029522,0.050024,0.083445,0.015658,0.023159,0.013237,0.036467,0.064997,0.0099979,0.016059,0.027995,0.12769,0.14771,-0.029029,-0.035587,0.12409,0.030118,0.13801,0.099502,0.034404,-0.064688,0.027205,-0.016115,-0.04086,0.021894,-0.0080635,0.077522,0.012497,0.012313,-0.010218,0.0003669,0.12564,0.17151,-0.074898,0.0060409,0.0092015,-0.028167,-0.048191,-0.0060612,-0.012935,-0.049613,-0.029051,-0.0176,-0.0065125,-0.038265,-0.082159,-0.067292,0.0011458,0.018674,-0.03911,-0.023702,0.049505,0.051299,0.029226,0.0519,-0.056287,0.023117,-0.039095,0.10323,-0.0031692,0.077533,0.072556,-0.012003,0.023995,0.19198,0.0045299,-0.01153,0.017935,0.17106,-0.015041,0.11241,-0.048197,0.090932,0.11414,0.061765
0.10397,0.049394,0.0028519,0.0083902,0.15352,0.051557,-0.0086225,-0.019007,0.065986,-0.051223,-0.033864,-0.0040003,0.06536,-0.067295,0.0015756,0.053115,0.10789,0.11495,0.023371,0.077236,0.026754,-0.028234,-0.075333,0.066951,0.11156,0.019517,0.0341,-0.00023447,0.028165,0.074831,0.073771,0.09256,0.00057212,0.12835,-0.009067,0.022566,0.050346,0.011585,0.039353,0.089478,0.0013026,0.096432,-0.039457,-0.021181,0.0051737,0.048735,-0.038301,-0.010138,-0.065943,0.020873,0.15583,-0.048035,0.029962,-0.080695,0.0069855,0.056243,0.027725,0.099113,0.00014575,0.073875,0.056839,0.0052458,0.070392,-0.044818,0.042107,0.003943,0.026073,-0.0066056,0.14174,0.13103,0.13638,0.0043549,0.042869,-0.00225,0.11683,0.056875,0.12117,-0.036142,0.029706,-0.0033187,0.055253,-0.037012,0.13607,-0.0098658,0.034694,0.13744,0.010008,0.060733,0.059543,0.034683,0.17024,0.12023,0.017926,0.0038469,0.016291,-0.046248,0.032072,0.073075,-0.018802,0.038254
0.018643,0.01076,0.051853,-0.033128,0.025831,0.042722,0.019801,-0.020197,-0.04362,0.12011,-0.011551,-0.068529,0.099141,-0.096703,-0.033515,0.13848,0.12729,-0.012378,-0.0056768,-0.15612,-0.0022527,-0.015019,0.033708,0.046502,0.12465,0.032188,0.086624,0.067487,0.13324,0.067622,0.051546,0.054233,0.10501,0.06378,-0.046033,0.087058,-0.035902,0.050444,0.0070935,-0.020407,0.12792,0.090591,-0.050851,-0.013725,-0.041234,-0.0045851,0.075813,0.074431,-0.03625,0.26013,0.12191,-0.0014672,-0.036277,0.070827,-0.0044223,0.016462,0.066987,0.067817,0.17812,-0.083781,0.044966,0.10488,0.013862,0.08474,0.048891,0.012412,-0.025476,0.057826,0.097338,-0.014729,0.052301,0.051326,0.054717,0.018797,0.077057,0.011643,0.073498,-0.021284,-0.030778,0.072597,-0.013577,0.097389,0.030033,0.014679,0.21403,0.0086483,0.018088,-0.01437,0.008601,0.031618,0.041056,0.061231,-0.022085,0.053695,0.11085,0.014104,0.034501,0.03337,0.017772,-0.019782
0.098318,-0.009805,-0.039958,-0.012742,-0.013069,0.0028116,-0.098616,0.032565,-0.11304,0.099756,0.074811,-0.025233,-0.016538,0.0050666,0.03813,-0.074335,0.08742,0.043872,0.060785,0.02108,0.13188,0.019055,0.074645,0.068625,0.12005,0.023753,-0.078588,-0.0031796,0.036012,0.039605,0.099235,0.052527,0.016551,-0.068734,-0.056947,-0.031887,0.04171,0.0016857,-0.054288,0.088393,0.099875,0.016853,0.053471,-0.0053438,0.062237,-0.01005,-0.086413,0.020197,-0.0034962,-0.01121,0.045286,-0.017499,0.010198,0.081117,-0.011404,0.0025944,0.091322,-0.014742,0.05215,0.073051,0.10462,-0.005455,-0.014694,0.063708,0.027336,-0.0039259,-0.00057436,0.067348,0.17138,0.042104,0.085013,-0.04828,-0.027785,0.071966,0.029913,-0.026828,0.076239,-0.005367,0.056148,-0.0079312,-0.0019412,-0.012504,0.026867,-0.051583,0.077416,-0.011564,-0.041458,-0.002171,-0.0010611,0.1222,0.10288,-0.03816,0.12261,-0.06368,-0.044976,0.061359,-0.03906,0.093305,0.055252,0.055349
0.062444,0.13666,-0.12118,-0.00030329,0.059172,-0.024584,0.036929,0.028241,0.047314,-0.012824,0.031561,-0.033752,-0.075979,0.057167,-0.047006,0.011825,-0.039987,0.0082337,-0.034048,-0.011762,0.011493,-0.014936,-0.02534,0.034225,-0.026797,-0.030151,0.026216,0.16188,-0.043933,0.080373,-0.058222,0.0053683,0.016782,0.045392,0.13933,0.10874,0.0051279,0.076702,0.011361,-0.012221,0.011863,0.031199,0.062715,0.01402,-0.07489,0.061926,-0.0049506,-0.025152,0.0042716,0.085844,0.0057387,0.025941,-0.0026184,-0.077023,0.048211,-0.039292,-0.034639,0.14865,0.050177,0.049352,-0.021584,0.052328,-0.00073308,0.15075,0.10269,0.16021,-0.04882,0.026919,0.055481,0.069155,-0.0010714,-0.031417,0.068349,0.073225,0.0059674,0.061187,-0.072929,0.12622,0.073629,0.032411,0.20753,0.093703,-0.011771,0.038106,-0.039611,0.038595,0.057236,0.0050916,-0.048448,-0.012764,0.018786,0.029096,0.0018221,0.059213,0.074366,0.0040356,0.099246,0.022472,0.0072284,0.029418
-0.071327,0.036065,-0.014339,-0.061622,-0.014074,0.021256,0.055523,0.00090186,0.020679,0.045424,-0.033602,0.0090197,0.060568,-0.047785,0.087476,0.031051,0.021225,0.042543,0.010971,0.05172,0.067548,0.058364,-0.069644,-0.073988,-0.0037168,0.030876,-0.014911,0.042314,0.084766,0.067582,0.036031,0.050891,0.064023,0.037912,0.0099331,0.15893,0.07347,-0.023448,0.091822,-0.072844,0.023171,0.0012004,0.090456,0.00018914,-0.022737,0.060459,-0.053074,0.12327,0.11035,0.033186,-0.0035049,0.13343,0.061721,0.11352,0.066036,0.0027633,-0.031097,0.038519,0.062404,0.06331,0.032736,0.06451,0.070791,-0.037023,0.007166,0.044873,0.018439,0.095138,0.087291,-0.058503,-0.014537,0.035636,-0.027078,0.017674,0.057664,0.044921,0.065489,0.053545,0.090083,-0.065028,-0.037303,-0.016111,0.013824,-0.099578,0.079073,0.067899,-0.037019,-0.082896,0.11216,0.038046,-0.019865,-0.076815,0.053947,0.081188,0.010832,0.056105,0.072808,0.069477,0.12966,0.011898
0.028282,-0.019017,0.051632,0.09948,0.033348,0.040044,-0.096347,0.04948,0.030597,-0.043425,0.0028056,0.033333,0.034035,-0.024007,-0.0089469,0.0062112,0.0044453,0.034083,-0.012104,0.13649,-0.0089586,0.024729,0.041988,0.064006,0.01889,-0.062069,0.10096,0.081281,0.044732,0.013376,0.041461,0.058982,0.051857,0.1098,0.083893,-0.0054876,0.026916,0.039231,0.05093,0.057473,0.085153,0.037371,0.078148,0.072104,0.048774,0.040914,-0.034264,-0.029994,0.057999,0.045858,-0.0021747,0.06083,0.066484,-0.045959,-0.070195,0.030894,0.049585,-0.1663,0.029157,0.0699,0.012298,-0.034996,0.15316,0.011475,0.024763,0.094232,-0.074891,0.054802,0.010335,-0.03509,-0.034495,-0.021835,0.081932,0.15285,0.05168,0.039997,0.10308,0.039875,0.045268,0.081661,0.077949,0.048603,0.012361,0.0083822,0.025202,0.061441,0.11021,0.15075,0.077829,0.13801,0.02984,-0.068678,0.049148,-0.024869,-0.0097797,0.06599,0.048661,0.043932,0.071368,0.047953
0.15788,-0.10254,-0.045674,-0.020566,0.059275,0.044736,0.036116,0.08759,-0.036938,-0.14013,0.020878,-0.031468,0.066918,0.074855,0.17002,0.030709,0.066484,0.21599,0.036904,0.036063,-0.01654,0.033472,0.076153,0.059186,-0.051121,0.015665,0.059683,-0.013867,0.014649,0.05291,0.059473,0.044997,0.047165,0.064039,-0.01644,0.11191,0.085862,0.020738,0.0050159,0.02535,-0.036789,0.0013119,0.032217,0.044642,0.020786,0.032088,0.029824,0.062567,0.068546,-0.032517,0.051558,0.023931,-0.0060589,0.061121,-0.0040335,0.10661,0.017896,0.062427,-0.023931,0.11626,0.098313,0.083443,0.086145,-0.078327,0.0026479,-0.063107,-0.023998,-0.016676,0.040514,0.01724,0.033361,0.10592,0.030376,0.038675,-0.023174,-0.085269,0.031618,-0.023795,-0.043727,0.067077,0.042688,-0.072941,0.0085571,0.053072,0.0082446,-0.084309,0.054024,-0.065269,0.0056293,0.12504,0.055217,0.028182,0.085443,0.010356,0.12778,0.16039,-0.0040535,0.067242,0.083992,-0.057306
-0.12455,-0.12139,0.0004452,0.028376,0.079913,-0.057494,0.068015,0.013703,-0.0047578,0.020895,0.048633,0.035958,0.0016194,-0.0083777,0.0099481,0.0050167,0.10094,0.0088849,0.028919,0.05266,0.00043645,0.053062,-0.010552,0.039777,0.14277,-0.019136,0.095812,0.016922,0.006662,-0.026765,0.0068089,-0.021266,0.088011,0.14175,0.065233,0.019308,0.08015,-0.040483,-0.012542,0.044994,-0.092505,0.087753,-0.063294,0.10824,0.079862,0.025061,0.079249,-0.0019997,-0.03018,0.0027921,0.065673,0.053972,0.0077263,0.039194,-0.029782,0.01867,-0.096243,0.1753,-0.001614,0.053457,0.11845,0.046461,0.078457,0.15759,0.078042,0.018894,-0.012262,0.02028,-0.017089,-0.014671,0.10614,0.077572,-0.0082303,0.092284,0.18771,-0.026863,0.10966,0.085774,0.054705,0.06713,0.021014,0.049098,-0.0020113,0.12224,0.019144,0.1395,0.02612,0.11066,-0.038535,-0.039975,0.058183,-0.0011893,-0.0047995,0.027162,0.02959,0.016541,0.025891,0.090491,0.014351,0.014473
-0.044556,-0.026039,-0.065312,-0.025907,-0.046817,0.048282,-0.00016915,-0.031374,-0.036883,0.0028712,0.080375,-0.020844,-0.032074,0.018154,0.06295,-0.001946,-0.028761,0.030113,-0.020853,0.018472,0.08292,0.022443,-0.025658,-0.032145,0.010386,0.06055,0.04778,0.15392,0.025323,-0.018206,0.033897,0.059256,0.024602,0.108,0.027494,-0.035891,0.01401,0.074288,-0.059582,-0.031603,0.10035,-0.01351,-0.015864,0.12799,-0.023468,-0.040088,0.083505,-0.006657,0.068306,0.057306,-0.051108,0.077003,0.16071,-0.015321,0.042399,0.047222,0.038731,0.1122,0.092847,0.0073584,-0.035104,0.089115,0.027396,0.022856,0.022164,-0.15016,0.065875,0.022342,-0.043342,0.032882,0.06898,-0.062003,0.037383,-0.0016412,0.038617,-0.0602,0.046196,-0.011005,0.17702,0.0038919,0.030491,0.00010093,0.015344,0.054659,0.13268,0.081376,-0.033386,0.048099,0.06211,-0.040588,0.028266,0.011158,0.13322,0.037567,0.05395,0.020793,0.21974,0.12337,0.0431,0.10415
0.088857,-0.0011023,0.019529,-0.077132,0.064882,0.14425,0.032643,0.017795,-0.044999,-0.013139,-0.070007,-0.093171,0.032264,0.08855,-0.015141,0.040399,-0.01726,0.063924,0.049552,0.097664,-0.00039512,0.047574,0.019959,0.012724,0.067808,0.15034,0.051535,-0.089875,0.10328,0.0013664,0.028062,-0.017077,0.039186,0.040898,0.092638,0.027245,0.13908,0.1184,0.024556,0.095602,0.097769,0.0072012,0.077329,0.050842,-0.02306,0.038453,0.0095983,0.080306,0.14692,0.052831,0.10116,0.059622,-0.048389,0.028942,0.0065516,0.10502,-0.013131,-0.032189,-0.031861,0.0031291,0.093372,-0.016836,0.040818,0.034587,-0.006158,-0.060144,-0.0081303,-0.041922,0.070162,0.061943,0.096423,0.025147,0.091365,0.075019,0.027379,0.12581,-0.044036,0.030587,0.081107,0.0052042,0.054884,-0.044224,0.013546,0.097291,-0.00086068,0.07182,0.12878,0.094127,0.049466,0.011549,-0.074252,-0.013628,0.022689,0.017982,-0.078309,-0.022477,0.017506,0.068826,0.018483,0.11572
-0.061459,0.056267,0.088978,-0.014782,0.036181,0.054136,0.13487,-0.094113,-0.034696,0.061307,0.027387,-0.067847,0.055997,-0.048088,-0.07247,0.17436,0.031832,0.0091278,0.045092,0.05953,0.050973,0.045674,0.029062,-0.040872,0.065323,-0.00016637,0.011944,0.18883,0.11597,0.059583,0.084648,0.0083352,0.027998,0.12519,0.025944,0.077582,0.051124,-0.0087997,0.052532,0.11735,0.067024,0.041802,0.046296,0.19659,0.070453,0.027817,-0.0094804,0.0090065,0.015504,0.046605,0.12997,0.054263,-0.009532,-0.0071432,-0.019641,0.02645,0.075919,0.089918,0.053586,-0.0067646,-0.056819,0.027972,-0.020205,0.013763,0.10996,-0.021684,0.029723,0.0053959,0.098529,0.010633,0.036709,0.017699,0.0091896,0.1491,0.1499,0.075,-0.016371,-0.081535,0.031975,0.06007,-0.096885,-0.069041,-0.046247,0.01676,-0.021381,0.15804,-0.064282,0.080372,-0.0029788,-0.03582,0.022977,0.049544,0.11604,-0.0481,-0.0040166,0.10843,-0.010161,-0.00087567,-0.019463,0.046125
0.085504,0.0092702,-0.01422,0.11653,0.018969,0.1085,-0.0068671,0.061656,0.02101,0.031513,0.087481,-0.064914,0.034602,0.047826,0.02595,0.031794,0.045677,-0.022927,-0.0042418,0.10459,0.056404,0.10886,-0.055627,0.060545,0.0047883,0.036022,0.041283,0.024233,0.031253,0.05464,0.075128,0.097981,0.082124,0.045677,0.026619,0.060825,0.011428,0.023597,0.15041,0.070559,0.12385,0.13418,0.10959,0.022743,0.086997,-0.0066785,0.048295,0.044803,0.066853,0.02101,0.10005,0.047526,0.0051205,-0.055226,-0.073064,0.052009,-0.075696,-0.059502,0.00437,0.0013172,-0.014433,0.027596,0.033403,0.15382,0.049626,0.1077,0.13613,0.010365,0.037184,0.058212,0.065993,-0.0048772,-0.019935,0.11875,0.061855,0.031008,-0.039296,0.059496,-0.019614,0.0078299,-0.002736,-0.00036309,0.0082007,0.0084202,0.094018,0.045565,-0.020161,0.10242,0.027919,0.062799,0.043046,0.13439,-0.025596,0.13393,0.0004897,0.027584,-0.0059811,0.030174,0.085199,-0.019661
-0.050411,-0.010541,-0.034377,0.052532,0.094484,0.059246,0.036647,-0.0018455,-0.067701,-0.044467,-0.056418,0.027251,-0.0058942,0.037828,0.033937,0.059822,0.022595,0.029535,0.001256,0.020532,0.10438,0.012355,0.050002,0.058488,0.014687,-0.062125,-0.014321,-0.022784,0.015249,0.1028,-0.047299,0.039705,0.080728,0.010816,0.013641,0.0039323,-0.015879,0.026029,0.041112,0.032249,2.975e-05,0.15641,-0.043282,0.048895,-0.058276,0.037613,-0.034731,0.082443,0.063244,0.02824,0.017763,0.010341,-0.043248,-0.0036878,0.033643,-0.03056,-0.028494,-0.065056,-0.062394,0.024653,0.14882,0.018808,0.018783,0.084439,0.10978,-0.031204,-0.039398,0.021335,0.015192,-0.085647,-0.04355,-0.033338,0.014512,-0.0044704,0.042585,0.041159,0.014377,0.019577,-0.00084526,0.23275,-0.013611,0.12722,-0.01597,0.059297,0.017779,0.034693,0.092476,-0.044791,0.012456,-0.040946,-0.0015049,0.049547,0.12696,0.00059689,0.024129,0.043233,-0.0054253,0.049754,0.11797,0.0012063
-0.024504,-0.0065128,0.018433,0.026694,0.078671,-0.0733,0.14544,-0.026343,-0.023065,-0.059443,-0.027872,-0.026744,0.012823,0.032078,-0.0064872,0.038802,-0.020057,-0.030941,-0.032251,-0.05687,0.078758,-0.022008,-0.061156,0.1458,0.043264,0.16837,0.035549,0.064892,0.072011,0.0074977,0.08388,0.052884,0.080107,0.049924,-0.078829,0.048514,0.031692,0.031932,0.0892,0.16469,0.029967,0.037467,-0.046779,0.11912,0.06827,-0.039967,0.0048151,0.035137,-0.0068556,0.01939,0.078991,0.098797,0.083398,0.10362,-0.0084243,-0.018525,-0.068675,0.061111,0.057571,0.074275,0.030483,0.02098,0.026032,0.033089,0.0010565,0.06482,-0.11412,0.058731,-0.020646,0.0091308,0.041676,0.084121,0.083531,0.043072,0.078871,-0.053112,0.026383,0.034937,0.033683,0.0024573,-0.0023975,0.053508,0.0047896,-0.030377,0.088406,0.0022495,0.13467,0.13082,-0.03745,0.031691,0.068469,0.072847,-0.044552,0.049316,-0.024627,-0.058369,0.093086,0.091195,0.12661,0.083116
-0.0097262,0.022929,0.02106,-0.058599,0.16423,-0.026579,-0.042056,0.035011,0.0011097,0.058847,-0.064933,0.045849,-0.040245,0.030886,0.022744,0.05863,0.029909,-0.011788,-0.050927,0.062379,-0.019466,-0.10559,0.06473,0.12338,0.012675,-0.046992,0.13301,0.0049528,0.13743,0.010378,0.05212,0.047958,-0.029652,0.055179,-0.015833,-0.029855,-0.020558,0.075142,0.070147,0.0020056,0.010741,0.11006,0.037537,0.051364,-0.0021836,0.082603,-0.025325,-0.0044596,0.012998,0.062665,0.069428,0.079445,-0.069766,0.046031,0.071886,0.011526,0.0062701,-0.034766,0.14,0.05883,0.0011918,0.10238,0.10183,-0.11484,0.094319,0.023268,0.031893,0.02103,0.019101,0.095026,-0.018647,-0.016338,0.053047,0.032719,0.041237,0.036822,0.091721,-0.029219,-0.0009881,0.0032766,0.11307,-0.006297,-0.042138,-0.045042,0.094289,0.10902,0.019009,0.24451,-8.6528e-05,0.025098,-0.059343,0.14413,0.004316,-0.019229,0.0017444,0.093469,0.019318,-0.039954,-0.038313,0.029006
-0.042268,0.0078747,-0.052568,0.098931,5.2302e-05,-0.059884,-0.032962,0.01519,0.0079787,-0.011347,-0.013027,0.014633,0.088445,0.05123,0.086969,0.10402,0.041301,-0.038491,0.067735,0.030558,-0.0088558,-0.10221,0.00010856,0.011919,0.030259,-0.017532,0.060789,-0.01137,0.010737,-0.082213,0.093281,0.1196,0.072591,0.051705,0.069582,0.043509,0.12175,-0.1546,0.025609,0.0023573,0.10449,0.016953,0.04718,0.094471,-0.028421,0.011643,0.072898,0.031667,-0.03085,-0.069905,0.090678,0.047492,-0.049867,0.072215,-0.010945,0.005428,0.11753,0.042462,0.042401,0.059298,-0.0025578,-0.066579,-0.034786,0.01971,0.075522,0.02273,0.093127,0.064539,-0.043028,0.071875,-0.038512,0.014474,-0.016956,0.12648,-0.035322,-0.0384,0.11684,0.081392,0.13302,0.027882,0.073888,0.064626,0.037338,-0.080786,0.074584,-0.018169,0.068441,-0.061468,0.037995,0.13907,0.05732,-0.00030454,0.11956,0.11586,-0.030978,-0.086096,0.045651,0.028014,0.0052674,-0.089626
0.0017313,0.076534,0.023138,-0.047852,-0.013094,-0.051686,-0.064693,0.012809,-0.074259,-0.0017851,0.066469,-0.00404,0.088612,0.08199,0.1175,-0.020246,-0.0074388,0.016219,-0.066507,-0.010918,0.073233,-0.010562,-0.010862,0.10234,0.0090869,0.030933,0.039131,0.0042375,-0.0094776,0.097397,0.14388,0.04888,-0.076821,0.03784,0.015621,0.083771,0.046351,0.097816,0.028296,-0.015642,0.015338,0.017278,-0.039124,0.042416,-0.00020191,-0.058402,-0.0030501,-0.042053,0.05057,0.02682,0.00071342,0.064427,0.0991,-0.0027298,0.0025026,0.10921,0.13217,0.078998,0.08277,0.13166,0.052158,0.0007186,0.045514,0.0038627,0.084505,0.017842,-0.057625,-0.0033157,0.066029,-0.017587,0.062788,-0.019255,0.0086924,0.077584,-0.0286,0.0011464,0.0066983,-0.035983,0.076592,0.060891,-0.044786,0.085968,-0.067151,0.16922,-0.070922,0.040626,0.087762,-0.05506,0.011105,-0.0048678,0.1428,0.051291,0.019267,-0.010459,0.054559,0.072139,0.062703,0.081157,0.010506,-0.010579
-0.019923,-0.048726,-0.049459,0.012404,0.13816,-0.034398,-0.042846,-0.042573,-0.007816,0.0013916,0.019199,0.067662,0.076122,-0.0014564,0.081722,0.026457,-0.067333,0.0064337,-0.015224,0.0038405,-0.060384,-0.035887,0.030169,0.056049,-0.067606,-0.0070678,-0.066441,-0.13611,-0.055594,-0.025904,0.027067,-0.0062756,0.065574,0.097776,0.10776,-0.037639,-0.12305,0.061878,0.0020315,0.16814,-0.040701,0.16531,0.034215,0.0075935,0.030588,0.11348,-0.06362,0.1124,0.063146,0.0085855,0.091185,0.080198,0.028091,0.0087648,0.068199,0.11724,0.0033632,-0.064524,0.0617,-0.050088,0.0288,-0.0056572,0.042017,0.048792,0.052706,-0.02256,0.11474,0.045041,0.0010127,0.036865,0.14476,0.099671,0.11447,0.026717,-0.015688,0.00036437,0.0039674,0.094498,0.15577,0.023113,-0.061801,0.085992,0.022602,0.047305,0.039543,0.02038,-0.088591,-0.0157,0.025143,0.0092597,0.099769,0.02707,0.096784,-0.035893,-0.022842,-0.09006,0.039809,0.026899,0.05698,-0.067292
0.10643,0.035943,-0.0085141,0.048141,0.017761,0.050563,0.037094,0.065931,-0.10804,0.15013,0.095724,0.10951,-0.034571,0.053566,0.072687,0.11297,-0.047632,-0.056622,-0.032435,0.046698,-0.025393,0.028699,-0.02462,-0.055685,0.11704,0.092124,0.055206,-0.049151,0.13578,0.089586,0.03559,-0.026635,0.064082,0.058374,-0.014795,0.12764,0.015949,0.029554,0.048834,0.012694,0.011533,-0.010693,-0.048761,0.11641,0.057512,0.037727,0.11352,-0.0026131,-0.063812,0.021958,0.058897,-0.013401,0.023759,-0.031592,-0.012355,0.028311,-0.010682,-0.012176,0.048557,0.16628,0.022141,0.10389,0.11427,-0.0043401,0.046174,0.057048,0.04272,0.040661,-0.011452,0.042906,0.0059801,0.018622,-0.0082885,0.0029408,0.12002,0.0085249,-0.014645,0.07501,-0.0061219,0.057146,0.0028119,0.061892,-0.027651,-0.028887,0.03099,0.078135,0.0070297,0.036743,0.017497,0.083221,0.13691,-0.056236,0.0040906,-0.023716,-0.043897,0.0013282,-0.0046558,-0.0042267,0.0013572,-0.0131
-0.013568,-0.028122,-0.024112,0.011352,0.020972,0.11289,0.027199,0.049982,-0.057082,-0.017141,-0.10875,0.094577,0.13722,-0.022578,0.056092,0.034697,0.076521,-0.019215,0.068265,0.034664,-0.065614,0.13125,-0.0535,0.077035,0.068437,0.15405,0.07134,-0.038775,0.11997,0.067237,0.11112,0.04932,-0.065889,0.017631,0.10906,-0.040266,0.11935,0.017425,-0.0080378,0.012871,-0.00057635,-0.016398,0.083426,0.017811,0.053089,0.056765,0.034563,0.072764,0.15655,0.033578,0.058581,0.029011,-0.017933,0.027568,-0.044218,0.060841,0.13603,0.01159,0.0044607,0.05337,0.041961,-0.0038695,0.090277,0.0051904,0.0091258,0.0068281,0.046134,0.031695,0.041841,0.00013766,0.04117,0.040351,0.0024988,0.029483,0.14671,-0.042957,-0.026731,0.10996,0.021313,0.0035815,-0.050931,-0.057631,0.091596,-0.033695,0.024819,0.078361,0.13521,0.063705,0.021482,0.042521,0.064819,0.064388,0.08621,0.0014094,0.067425,0.069948,-0.0033667,-0.039777,0.036185,0.055765
0.10008,0.024714,0.05222,0.047864,0.068638,0.012804,0.029997,0.027669,0.11087,0.036897,-0.01924,0.013562,0.12199,-0.030134,-0.075888,0.066902,-0.013863,0.090435,0.12641,0.037673,-0.079087,0.044234,0.1111,0.031327,0.044796,-0.013625,0.035584,0.033383,0.0030579,-0.019218,-0.021934,0.068015,-0.1025,0.16565,0.016541,-0.03489,-0.020341,-0.025005,-0.027859,0.062201,0.01063,-0.059638,0.061605,0.03665,0.06116,0.032065,0.066795,0.01865,-0.037297,0.050335,0.016649,-0.086274,0.07927,-0.032697,-0.017055,-0.021646,0.071975,-0.0036309,0.11045,0.026508,0.084671,0.19502,0.078864,0.0086149,0.0087658,0.0373,0.043337,-0.0071236,0.0076966,0.026903,0.19318,0.050725,0.077861,0.011901,0.0063342,0.012046,-0.034646,0.059211,-0.043654,-0.072871,0.056231,0.023736,0.072389,0.043731,-0.02515,0.1207,0.024855,-0.03011,0.015495,0.0014929,0.014699,0.039833,0.094133,-0.0019595,0.054784,0.018373,-0.04528,0.10477,-0.0014073,0.0035538
0.092126,-0.006827,-0.016134,-0.027497,0.10802,-0.082117,0.010842,0.037156,0.0023341,0.1997,0.00989,-0.012221,0.064158,-0.1305,-0.015923,0.037696,0.080155,0.053892,-0.042858,0.055393,-0.01602,-0.079378,-0.049263,-0.0079345,-0.043092,0.04286,-0.028022,0.010206,0.030625,0.051006,0.10584,0.063449,0.0068977,0.090221,-0.012783,0.067582,0.034925,0.078627,0.029279,0.08454,-0.026094,-0.009435,0.0072319,-0.0686,0.026612,0.044708,-0.022324,0.014228,0.18894,0.0221,0.11919,0.050268,0.027286,-0.019365,0.068881,0.090474,-0.017437,0.073115,0.061518,0.0072284,-0.014435,0.10983,0.11152,0.029327,0.013793,0.067658,0.0073644,0.050866,0.064263,-0.046284,0.13872,-0.015028,-0.032877,0.049226,0.011456,0.19001,0.04547,-0.042299,0.14953,0.11421,0.034191,-0.02983,0.11912,0.10575,0.10282,-0.042078,0.060994,-0.022885,-0.02369,-0.017082,0.02127,-0.0064918,0.067126,0.065984,-0.011397,-0.041989,0.078276,0.02259,0.1037,0.01547
0.053838,-0.094291,0.048602,0.029886,0.029087,-0.11143,-0.039051,0.052222,0.021364,0.0035448,-0.08089,0.059123,0.032004,-0.0012754,0.056856,0.043526,0.029402,0.094329,-0.13764,0.13899,0.088256,0.055991,-0.093256,-0.024325,0.08323,0.12933,0.07552,-0.029834,0.042801,0.032152,0.10557,-0.0040257,-0.023855,-0.018074,0.077864,0.10104,0.039905,0.015025,-0.065855,0.061972,0.054243,0.10623,-0.034403,0.043247,-0.062786,-0.002446,0.033261,-0.040901,0.029264,0.022122,0.076369,0.073904,-0.070047,-0.056571,0.059872,0.084942,-0.019361,0.12835,0.037119,0.051146,0.012814,0.026506,0.05659,0.039673,0.016665,-0.055683,0.058068,0.046958,-0.046124,0.0070414,-0.02539,0.068979,0.031731,0.064787,0.08622,0.045945,0.082342,0.053317,-0.0054282,0.11016,0.061543,0.057776,0.077981,0.055534,0.010905,0.091251,-0.0083178,0.11067,0.042689,0.0005876,0.083907,-0.057333,0.037865,0.01375,-0.076076,0.05345,0.021383,-0.033164,-0.034084,0.051638
0.035011,0.051868,-0.041233,0.034628,-0.0012648,-0.016374,0.039376,0.12549,-0.060435,-0.041445,0.021469,0.02812,0.018658,-0.090629,0.028837,0.030512,-0.020101,0.066989,0.0019779,-0.052462,0.030761,0.050775,0.063708,0.039929,-0.075125,-0.0028588,-0.092017,0.0013599,0.071252,-0.023557,0.11495,0.093555,-0.049685,0.027692,0.052366,0.099321,0.06409,0.090938,0.048398,-0.0073422,-0.014804,0.055535,0.010023,0.038552,-0.027207,0.11239,0.071057,0.047975,0.045356,0.14556,-0.043213,0.12188,0.053132,0.033002,0.044696,0.025298,-0.046249,0.074619,0.033657,0.081605,0.018404,0.036214,0.01617,-0.057026,0.017519,0.043519,-0.029274,0.090009,0.078821,-0.027239,0.034812,0.051902,0.029951,-0.064284,-0.014604,0.099221,0.094493,0.021986,0.051227,0.091954,0.10283,0.10053,-0.0093969,-0.02643,0.12415,0.073973,0.034275,0.048158,0.14209,0.083316,0.042012,0.092223,0.02136,0.059988,-0.022216,0.14569,0.024226,0.078483,0.040342,0.11402
0.019656,0.04858,-0.0080829,0.057556,-0.10414,0.042772,0.092383,-0.057416,0.0043963,0.058879,-0.064865,0.032729,0.097299,-0.0011938,-0.0036186,-0.070137,0.1169,-0.0096563,-0.024028,0.082344,0.019776,-0.013351,0.032897,0.16611,0.13744,0.074163,-0.025432,0.051319,-0.087168,-0.012307,0.09924,0.031228,0.018769,-0.076887,-0.00072404,0.046418,-0.0059073,0.025355,0.06143,0.027189,0.10965,0.020287,0.080279,0.013334,0.039773,-0.0007796,0.18819,0.056079,8.0286e-05,0.02601,-0.013091,0.045598,0.0078038,0.046964,0.04914,-0.022745,0.011352,-0.016818,-0.0069709,0.049786,0.048482,0.048268,0.054285,0.025735,0.082917,0.053917,-0.1064,-0.011939,0.038838,0.072519,-0.054093,0.066707,-0.031419,0.001858,0.0029263,0.17725,0.080207,-0.018052,0.06072,0.061751,-0.073936,0.055974,0.037493,0.037515,-0.043854,0.068905,0.10266,0.060338,-0.0096521,-0.009267,0.073454,-0.010902,0.017798,0.051691,0.028079,0.054219,0.046461,0.042473,0.10825,0.032962
0.084338,0.073838,0.11667,0.03803,0.0012878,0.093894,0.054324,0.075566,-0.041949,-0.0094792,0.073332,-0.047226,-0.04435,0.089589,-0.0085458,0.013057,0.02599,0.0033237,-0.096767,0.04829,0.06469,0.024939,-0.0091489,0.042909,0.018231,0.051525,0.063017,0.035495,-0.023169,-0.010746,0.026316,0.045453,0.14922,0.12436,0.12927,-0.019358,0.089307,0.043129,0.073695,0.035173,-0.047181,0.068255,0.015147,-0.045297,0.037106,-0.012538,0.13502,0.15363,0.060761,0.043368,0.06616,-0.010067,0.079332,0.003018,0.079534,-0.027743,-0.0040281,0.069539,-0.034623,-0.035633,0.068803,0.051531,0.021897,0.052087,-0.023734,-0.07935,0.127,0.077227,0.098392,0.0066164,0.1187,0.1005,-0.014144,-0.0061128,0.085313,0.04318,-0.058771,0.0026121,0.16044,0.024897,0.058253,-0.018016,0.056439,-0.066578,0.085205,0.045787,0.0030523,0.11878,0.055097,0.051246,-0.0054274,0.058715,0.058109,0.022461,0.10179,0.043223,0.08159,-0.046396,-0.026731,-0.0011156
0.11546,-0.024507,-0.1022,-0.076571,0.0071376,0.043133,0.039803,0.044167,0.064502,0.019072,0.054555,0.091015,0.0038499,0.027469,0.034452,-0.0042216,0.043504,0.023738,0.023209,0.088417,0.054929,-0.017632,0.061453,-0.028482,0.049168,0.048024,-0.037888,0.028652,-0.059972,0.050475,0.10646,0.0046133,-0.023806,0.13813,0.049778,0.0090529,0.0047512,0.14349,0.014908,-0.0023014,0.0050492,0.0034476,0.089762,0.019567,0.03335,-0.0023577,0.09619,0.084773,-0.042471,0.054678,0.039105,0.0076211,0.045163,0.062961,0.048085,0.031469,-0.0070856,0.010271,0.041721,0.064852,0.10354,-0.022445,0.013484,0.070314,-0.0088105,0.071015,0.14273,0.0187,0.041493,0.0056825,0.13918,0.030269,0.064152,0.017695,0.032734,0.064357,0.020859,-0.03561,0.074755,-0.0012732,-0.029251,0.10756,0.043258,0.12353,-0.076209,-0.0079611,0.090042,0.19936,-0.029299,0.049181,0.087708,0.049302,0.020363,0.0083191,0.14775,-0.0059088,-0.0057344,0.098798,-0.015378,0.049497
