0.060268,0.027625,0.061971,0.016981,-0.028183,-0.0084222,0.0056868,0.029149,0.00058665,0.014084,0.066815,0.0077831,0.04773,0.028979,0.029394,-0.02954,0.025583,0.04208,0.063858,0.033149,0.043222,-0.0084004,0.028979,0.019215,0.034764,0.01559,0.0081766,0.039022,0.040678,0.020312,0.05924,0.0076428,0.010582,0.015858,0.028293,0.0072836,-0.00048766,0.0042664,0.040102,0.0013353,0.0063258,0.0046839,0.039369,0.010075,0.022339,0.017308,0.041192,0.030837,-0.0048789,0.011958,-0.035193,0.050466,0.019124,0.04909,0.047108,-0.03056,-0.008735,0.081638,0.020961,-0.023528,0.025692,0.042251,0.043372,0.025659,-0.021475,0.03978,0.00090516,-0.0010687,0.023991,0.014217,0.030995,0.067412,0.027346,0.0026771,-0.0030973,0.0065033,-0.055479,0.012081,0.026902,0.044376,0.0094916,0.035184,-0.021187,-0.0015708,-0.0007227,0.015915,-0.01404,0.013677,-0.056071,-0.010765,-0.00030538,0.085747,0.04419,-0.0043206,0.026969,0.021629,0.012545,-0.011782,0.011232,-0.028094
0.023548,-0.027586,0.0052432,0.0065977,0.017524,-0.027709,0.0099022,0.031349,-0.022577,-0.0059709,0.0094823,0.059395,-0.0315,0.0050437,0.011898,-0.014679,0.052845,0.015019,-0.013818,0.02898,-0.0015012,0.0029849,0.0051099,0.033379,0.0099034,0.018797,-0.024624,0.019388,-0.00046839,0.0039117,0.0015975,0.028766,0.02202,0.038339,-0.052546,0.043855,0.055071,0.0034898,-0.0079098,0.04526,-0.038803,0.025483,0.035276,0.0013782,-0.029238,-0.0088939,-0.013464,0.013603,0.020739,0.038979,0.048655,0.00052516,0.016601,0.025299,0.014826,0.0076865,-0.0056067,0.011659,0.022079,0.038464,0.028929,0.023472,-0.0041465,0.054954,-0.012816,0.0075213,-0.017309,0.016222,0.06915,0.051888,-0.042207,-0.041385,-0.0050386,0.04222,0.0027397,0.041602,0.012244,0.019726,0.010938,0.039936,0.023763,0.0014961,-0.0030044,0.05801,0.055473,-0.0077359,0.01515,0.011965,0.026683,0.050376,-0.00060961,0.031139,-0.022189,0.027913,0.03581,0.060805,0.085981,0.023902,-0.027147,0.028755
0.011651,-0.022985,0.009053,-0.030212,0.074419,0.020445,0.028505,0.058202,0.0066595,0.0052544,-0.019202,0.051677,-0.012386,-0.016361,0.0057414,-0.014439,0.048537,0.0073134,0.01768,-0.030664,0.033105,-0.026525,0.020896,0.0071704,0.043346,-0.031906,0.010695,0.0036979,0.02458,-0.042111,0.025846,0.025731,0.0043027,0.024545,0.032986,0.015258,0.021706,-0.033729,0.06849,-0.0032598,0.038075,-0.0053821,0.0060351,0.029013,0.003819,0.0010004,0.067794,0.074199,-0.041296,0.058763,-0.028815,0.0018017,0.041021,0.017619,-0.0082498,0.042522,0.019409,0.0054545,-0.038573,0.057817,0.0025344,0.00046327,0.082039,0.016021,0.036991,0.025197,0.022046,0.037126,0.020946,-0.02358,-0.066811,0.063021,0.021674,0.037048,0.02691,0.025097,0.029346,0.0051478,-0.028715,-0.012923,0.040084,0.0067135,0.021991,0.0085467,0.054169,-0.01167,0.032421,0.013758,0.057726,0.022746,0.011647,-0.0135,0.039544,0.013932,0.035654,0.00077979,0.00030364,0.03941,0.049392,0.022848
0.0041209,0.020835,0.0096509,-0.018733,0.06494,-0.017829,0.0093142,0.03872,0.013913,0.040555,0.014387,-0.018951,-0.012942,0.037265,-0.012348,0.0064884,0.013627,0.036888,-0.030931,0.015691,-0.013921,0.073647,-0.026686,0.044864,-0.0011881,0.037938,0.033816,-0.038779,-0.0016847,0.019931,0.029629,0.049719,0.016746,0.048969,0.00059835,0.074836,0.030943,-0.0095964,0.075009,-0.0081878,0.048002,0.040323,0.064573,0.026265,0.055674,0.026679,-0.017849,-0.04967,-0.0030719,0.018553,0.025641,0.00921,-0.0056235,0.044608,0.0017774,0.02412,-0.0042222,0.0247,0.028286,0.010635,0.010602,-0.0019437,0.027346,0.038262,0.010235,-0.034381,0.037941,0.067604,0.019298,0.034949,0.0012627,-0.0050495,-0.0075238,0.0054731,0.056686,0.031779,-0.045052,0.017908,0.032089,0.020426,0.03766,0.058827,0.044836,0.042771,0.039259,0.015737,0.036936,0.0018004,0.061713,-0.00048416,-0.010206,0.0019503,0.002195,0.0098841,0.015902,0.031322,0.0081367,0.038899,0.00058062,-0.016319
0.00065597,1.6176e-05,0.020627,-0.019689,-0.00046316,0.016052,-0.019136,-0.033936,-0.018475,0.013917,0.014971,0.069548,-0.0323,-0.012104,-0.0041523,-0.0049688,-0.030036,0.0086066,0.0010492,0.032293,-0.03181,0.01547,0.037801,0.035553,-0.010825,-0.00028073,-0.017558,0.00396,0.0054696,-0.026818,-0.034606,0.038169,0.040027,0.0018115,0.0071523,0.014871,0.024364,0.016379,0.014936,-0.035781,0.033948,0.037325,-0.025222,0.045574,0.00052797,-0.022022,0.044806,-0.014273,-0.014517,-0.01595,0.013478,0.021204,0.043348,0.025929,0.070606,0.066013,-0.0010272,0.0083207,-0.036417,0.01079,0.018727,0.0178,0.03473,0.010126,-0.0042758,0.020629,0.062027,0.037113,0.028891,0.016536,0.0034228,-0.0091117,0.014824,0.022868,-0.011941,0.0076422,0.05538,0.040426,-0.014951,-0.027413,0.020681,-0.018107,0.01057,0.031507,-0.01212,0.015238,0.012127,0.010147,0.027544,-0.021752,-0.036111,-0.027913,-0.011071,0.00091561,0.017172,0.0030092,0.051836,0.0013718,0.057764,0.01261
0.030267,-0.002926,0.04002,0.0052232,0.017528,0.0002515,0.022572,0.059431,0.035874,0.0096533,-0.0098004,-0.05226,0.0010912,0.046614,-0.010605,-0.0048166,0.022305,0.068567,0.096728,0.095537,0.028133,0.05034,0.055979,0.0027409,-0.0027189,0.0058729,0.029724,0.024218,0.055228,-0.018701,0.05095,0.058303,-0.052479,0.0028167,-0.0055514,0.052918,-0.0063617,0.06045,0.030877,0.035329,0.055618,0.0037907,0.065219,0.058258,0.037935,0.018845,-0.013984,0.034509,0.040887,-0.041584,-0.0079446,0.010346,-0.013571,-0.019796,0.030428,0.039952,-0.040882,-0.017599,0.11183,0.020587,0.0062057,0.0070228,0.024433,-0.0033064,0.020078,0.044217,0.018025,-0.0072137,0.03672,0.011804,-0.005488,0.020079,0.046376,0.05201,-0.033963,0.031216,-0.0044827,-0.031534,0.020119,0.039098,0.039611,0.015826,0.012597,0.020764,0.01741,0.013961,0.053843,0.015921,-0.0056475,0.041712,-0.0079586,-0.011308,0.047571,0.055573,0.030684,-0.017729,0.021703,0.039251,0.059801,-0.011688
-0.028325,-0.020327,-0.00039883,0.057294,-0.046436,0.0018601,0.036059,0.0014875,0.024965,0.026648,0.0012859,0.013652,-0.0059067,-0.017073,0.035306,0.014365,-0.0021762,0.0029954,0.0046242,-0.030736,0.0093368,-0.0095129,0.022734,0.014736,0.00070788,-0.028665,0.03905,0.056412,-0.008945,-0.0060551,-0.0080007,0.022679,-0.00088477,0.037259,0.083428,-0.018014,0.010402,0.018542,0.010129,0.024437,-0.0013883,0.054591,-0.024914,0.025763,0.026912,0.014079,0.0016544,0.047425,0.0090362,0.0079135,0.027729,0.0055449,0.015139,0.081576,-0.056147,-0.0089593,-0.019629,0.041339,0.028186,0.051221,0.029182,0.0024411,0.022656,0.0059219,-0.015244,0.029665,-0.0081181,-0.0075537,0.064288,0.004,0.014879,-0.017055,-0.013934,0.043314,0.04057,0.04434,-0.029962,-0.0032072,-0.01091,-0.013331,0.025486,-0.0044149,0.019508,0.0043979,0.0021575,0.053167,0.064519,0.039239,0.0335,0.047509,0.005468,0.0065205,-0.015723,0.033809,0.062162,0.005249,0.031239,0.00044204,0.047533,0.0069273
-0.030136,0.026477,0.026787,0.023718,-0.0025784,0.025842,0.039315,0.055605,-0.019534,0.029166,-0.0086392,0.052057,0.023286,0.011069,-0.019106,0.0063111,-0.00034339,0.010301,0.0013418,-0.039185,0.087245,-6.266e-06,0.029127,0.016493,0.024545,-0.017482,0.032292,0.057839,0.015439,0.0077878,0.0071327,0.0042318,0.0076857,0.022336,0.010191,0.044437,0.053463,-0.00049112,-0.0074274,0.027864,0.029893,-0.015562,0.027469,-0.019286,0.01875,0.025461,0.0063515,-0.0041621,-0.034897,0.013832,0.032374,-0.01727,-0.0043644,0.032488,0.048662,0.0056397,0.083856,0.013621,-0.0068294,0.02366,0.019826,0.052193,-0.0097977,-0.017715,0.04425,0.0079649,0.046838,-0.021146,0.084335,-0.034167,0.057965,0.026825,0.023258,0.037579,0.0066077,-0.032331,0.021958,0.027497,0.017129,0.023975,0.040084,0.039012,0.068342,-0.0031803,0.023563,0.0014951,0.0098892,0.018172,0.053205,-0.021778,-0.046938,0.015635,0.032541,0.062554,-0.018705,-0.0011833,0.025706,0.025016,0.012455,0.069271
-0.057201,0.031666,-0.017807,0.0063871,-0.0068247,0.016391,-0.01633,-0.00025503,0.018702,0.025466,0.045564,-0.0041577,0.012249,0.0059928,0.01365,-0.0016534,0.0029591,-0.032109,0.033158,0.033212,0.0047104,0.030413,0.0074701,0.021359,-0.048604,0.056151,0.021977,-0.0016921,0.00791,-0.0017498,-0.0077342,0.047063,0.0019081,0.0070162,0.047793,-0.021279,0.045473,0.045766,0.0037399,0.014698,0.076171,0.020001,0.021828,0.0017593,0.016965,-0.028932,0.019018,0.012346,-0.00087969,0.018225,0.03517,0.016145,-0.039885,0.013825,0.011578,0.037866,0.038654,0.011208,-0.01391,0.058305,0.0093974,0.023332,0.0082305,0.04361,0.018756,0.0076073,-0.010901,0.049728,0.014396,0.0057666,0.092356,-0.005496,-0.017311,0.027453,0.045455,0.047109,0.0079561,0.002083,0.032964,0.010544,0.0095865,0.054342,0.07931,0.017332,-0.0029005,-0.0019102,0.013499,0.0027896,-0.0044048,0.017501,0.048053,-0.010753,0.019272,0.022449,0.044651,0.056427,0.044632,0.046231,0.034995,-0.01537
0.014191,0.050852,0.020456,0.053059,-0.021313,0.051684,0.051825,0.013518,0.0094003,0.015824,0.0093104,0.042024,0.017527,0.001083,-0.014125,-0.032406,0.07907,-0.0011588,-0.013749,0.073899,0.0041852,0.047445,0.019921,-0.030004,-0.0011506,-0.03632,-0.025986,0.0076948,-0.0010119,0.023237,-0.016222,0.032067,0.038323,0.014843,0.026776,0.0079817,0.043579,0.062515,0.023578,-0.018789,0.0083574,0.011171,-0.0044412,-0.013532,-0.033957,-0.0051726,0.0095766,0.0099049,0.044727,0.09979,0.080437,0.026137,0.058576,0.099647,0.0042004,0.021873,0.0006159,-0.016145,0.090646,0.020407,0.019779,0.016921,0.033349,0.068714,0.0020915,0.010113,-0.0073356,0.049966,-0.028888,-0.042807,0.029917,0.076984,0.017415,0.037607,0.067214,0.064089,0.020368,0.031597,0.03109,0.054354,0.0071755,0.014486,0.035224,0.0019875,0.058998,-0.015328,0.013825,0.020565,0.030497,0.045019,0.03789,0.0077162,-0.014365,0.04622,0.01678,-0.011563,0.027131,0.0059473,0.052315,0.033992
0.0053482,0.0035186,0.028788,-0.017593,0.0076439,0.01924,0.061243,-0.025257,0.022671,0.046218,-0.0081728,-0.025455,0.073432,0.021275,0.062215,0.060497,0.026478,0.0018628,-0.026013,-0.031992,0.020774,0.035767,0.036096,-0.020584,-0.012719,0.040712,0.0085414,0.0067239,0.051031,0.010787,-0.017136,0.019817,0.0024909,0.049821,-0.031748,0.012874,0.017889,0.025541,0.0049855,-0.016386,-0.0232,0.035328,0.0090039,0.034208,0.049901,0.032806,0.017641,-0.010781,-0.014031,0.065319,0.015903,0.059776,0.072547,0.031554,0.028936,0.018703,0.011406,0.05678,0.038912,0.043135,0.071561,0.037958,0.024424,0.0046624,0.036617,0.022885,0.045013,0.02675,0.0008867,0.032792,0.048847,0.0051749,-0.033375,0.0033336,0.0047961,0.06346,-0.010246,-0.015626,-0.012255,0.012271,0.015059,-0.041906,0.027606,-0.029878,0.0082013,0.040157,0.012917,-0.028111,0.0041539,0.013628,0.0053001,0.013997,0.061582,-0.013609,0.033554,0.013431,0.041397,-0.018784,0.0034024,-0.028684
0.018856,0.02401,0.014916,0.011355,0.027698,0.022666,0.016745,-0.0045894,0.011167,0.029237,0.051878,0.031909,0.028205,-0.0071287,0.069559,0.0037396,0.017158,0.023545,0.0013836,-0.0029239,-0.021263,0.032359,0.071871,0.0084136,0.0080062,0.026353,0.054202,0.0037802,0.024176,-0.001602,-0.010718,-0.0026705,-0.0060355,0.032326,0.022049,0.0065986,-0.024297,0.037108,0.044525,0.043921,0.037671,0.0029718,-0.033176,0.042718,0.015422,0.012331,0.043377,0.05164,-0.018205,0.011899,0.045027,0.062317,0.084592,-0.034785,0.048856,0.003946,-0.013885,0.049112,0.031232,0.018184,0.011722,0.0017522,0.0011037,0.013545,0.073733,0.0089694,0.0026899,0.019847,0.030721,0.010442,-0.026108,-0.047943,0.044828,0.017875,0.015257,0.0076089,0.021671,0.042905,0.051372,0.026245,0.014055,0.048405,-0.009765,-0.027115,0.013175,0.012895,0.0081983,0.00020518,0.024791,0.065715,0.046016,0.051397,0.021293,-0.0098858,0.024978,-0.014461,0.028033,0.043192,0.036652,0.030211
-0.010589,0.021834,-0.053638,0.0076493,0.045904,0.0029297,0.039747,0.01213,-0.0014113,-0.01188,0.034298,-0.014431,-0.050939,0.020142,0.054788,-0.0048328,-0.012029,0.036612,0.016393,-0.015223,0.008371,-0.03894,-0.049103,-0.033114,0.070235,0.015591,-0.028235,-0.0022252,-0.023507,0.013,-0.0043952,0.043292,-0.031682,0.082572,0.06226,-0.008339,0.0042254,-0.015484,-0.013642,0.014928,0.015271,0.00073318,0.0066078,-0.0010121,0.041818,0.036591,0.040735,0.034207,-0.024416,-0.0024933,0.046451,-0.0080792,-0.0020973,0.0089845,-0.0015483,0.0078201,-0.0054564,-0.01019,0.023963,-0.0052423,0.00066416,-0.010561,0.06385,0.05532,0.055678,0.079045,0.047685,0.028886,0.0080475,0.013038,0.031171,0.034773,0.0044795,0.019819,0.03559,0.065137,-0.076746,0.059991,0.02062,0.041309,-0.0041241,-0.020595,0.056148,-0.030952,0.042902,0.0023474,-0.0093768,0.0049556,0.064752,0.017157,0.036117,0.011432,-0.017303,-0.0074137,-0.027794,-0.035581,0.0041053,0.035764,0.0058046,0.026666
-0.0069724,-0.015244,-0.0052889,-0.025575,0.0027307,0.030717,0.090274,-0.00086472,-0.018486,0.024307,-0.0016093,0.028631,0.0679,0.038621,0.014562,0.024118,-0.0088958,-0.034168,-0.00015775,-0.0050448,0.0081116,0.04365,0.017681,0.027423,0.018707,-0.012583,0.029976,0.043359,0.031383,-0.013938,-0.0023424,0.040701,-0.010872,-0.020072,-0.015696,-0.0015863,-0.0055154,0.040728,0.048491,0.056076,0.037638,-0.015678,0.00020735,0.039907,-0.0066393,-0.0061617,-0.017702,0.0014583,0.041716,0.032345,0.00056952,0.055046,0.02006,0.0047503,-0.017062,-0.0077006,0.0012813,0.025213,0.0032531,0.00043872,-0.016378,-0.0031771,-0.016031,0.0015914,0.030692,0.017505,0.04248,0.045938,-0.037056,0.02305,-0.0039606,-0.0061907,0.011853,0.01363,-0.0306,-0.021228,0.060815,0.045401,0.0080146,0.031932,0.043196,-0.0047571,0.022262,-0.015276,0.072074,0.022716,0.039887,0.031662,0.02275,0.02017,0.031155,0.039206,-0.033855,-0.036788,0.041667,0.013268,-0.036948,-0.0014442,0.049263,0.058712
0.036273,0.062823,0.026522,0.015642,0.001381,0.016525,-0.03971,0.012375,0.035972,0.019327,0.0061227,0.0098094,0.0076386,-0.0037226,-0.02132,0.043025,0.018864,-0.024671,0.019781,0.077237,0.030865,0.015092,0.043939,0.031252,0.052152,-0.019787,0.044535,0.039219,0.024835,0.056602,0.036074,0.023978,0.0021729,0.02705,0.0045277,-0.0016113,0.032404,0.036121,0.010136,0.066713,0.072387,0.049842,0.0017916,0.019641,0.0024022,0.025534,0.0011798,0.020401,0.019085,0.016709,-0.0017652,0.0028674,0.033784,0.01898,0.019999,-0.0071619,-0.011753,0.016951,0.037901,0.0073517,0.080095,0.024871,0.014126,0.0055864,0.063828,-0.0030841,0.034334,0.027076,0.018906,0.013293,0.0013502,-0.032193,0.025,0.011902,0.012301,-0.0080788,-0.016294,-0.029746,0.014916,0.036505,0.018765,0.049181,0.029922,0.049998,-0.036818,0.038791,-0.015638,0.019933,-0.016109,-0.023239,0.022495,0.044565,0.013185,0.072378,0.0574,0.05066,0.0065761,-0.022979,0.012437,0.018006
0.045004,-0.0037319,-0.0088449,-0.023213,0.023413,0.0097588,0.042266,0.033867,0.052135,0.0018073,-0.036554,0.0054238,0.041602,-0.031784,-0.025204,-0.0054741,-0.02815,-0.0082179,-0.030969,-0.030623,0.0035057,-0.012162,0.012033,0.02634,0.0040349,0.010355,0.0056914,0.069662,0.012815,0.042786,0.030568,0.008441,0.046994,0.019632,0.0475,0.052663,0.025519,0.054149,0.027669,0.051867,-0.023881,0.0181,0.04408,0.073062,0.063642,0.030302,0.015534,-0.021058,-0.007158,-0.011047,0.052653,0.00084424,0.0085966,0.020536,0.0019856,-0.013655,0.030862,0.029857,0.009304,-0.015087,0.061662,0.020376,-0.00084226,-0.0041481,0.023528,0.052057,-0.019961,0.014209,0.051984,0.04365,-0.026384,-0.016023,0.01503,-0.035878,0.027838,0.020566,0.011919,-0.0041616,0.024001,0.0395,0.0097063,-0.0036161,0.025714,0.048632,0.03282,0.0017533,-0.031664,0.014602,-0.017592,0.056597,0.035122,0.0014225,0.030822,-0.028151,0.0057769,-0.012806,0.021781,0.02611,0.047848,0.019129
0.019288,0.025177,0.00064989,0.035239,-0.0020495,-6.1408e-05,0.019744,0.01768,0.019854,0.05379,0.064062,0.024397,0.0070533,0.010939,-0.01193,0.020928,0.034532,-0.016502,0.0073316,0.026453,0.0086924,0.019488,0.009668,-0.0090434,0.030892,-0.023126,0.073115,0.026212,0.011686,0.049009,0.033768,-0.0075813,-0.058701,0.020497,0.014081,0.0085182,-0.021235,-0.021321,0.02776,0.044904,0.00068113,0.022342,-0.011719,-0.011818,0.0070184,0.020702,-0.012412,0.030409,0.0025305,0.12404,0.060033,-0.022636,-0.00083961,0.065455,0.01961,-0.022407,0.030494,-0.013283,0.022039,0.03471,0.025657,0.03948,0.045859,0.023774,0.050474,0.0044952,0.045908,0.015126,0.017937,0.010208,0.045368,0.012489,0.02119,0.0065313,0.0036548,0.0026291,0.014885,0.034548,0.0086779,0.042319,0.0092962,-0.0045824,0.039979,0.0065392,0.039716,0.021556,0.00064435,0.016612,0.0058479,-0.0012124,0.0091558,0.028475,0.0036065,0.026494,0.019043,0.054485,-0.00027364,0.046307,0.037391,0.056054
0.011212,0.039489,-0.014104,-0.028425,-0.022757,0.011539,0.027395,-0.00050695,0.0048019,0.027729,-0.020625,-0.015276,0.030062,0.083585,-0.0033464,0.038674,0.036387,-0.029069,-0.015971,0.054747,-0.013165,0.0079521,-0.015221,0.029365,0.017616,-0.0014439,0.033381,0.026345,0.028669,0.037813,0.019728,0.00033579,-0.0035952,0.039249,-0.0099402,0.007876,0.010113,-0.012718,0.057094,0.048027,-0.029795,-0.0021886,0.068414,0.055951,0.04059,0.014635,0.0010357,0.055401,-0.037035,-0.00080207,0.020766,-0.020244,0.04145,0.024357,0.072027,-0.046299,-0.010211,-0.015368,-0.037245,0.015388,0.0024821,-0.015676,0.027593,0.030112,-0.0033206,0.057872,0.035361,0.087413,0.012972,0.065603,0.032785,0.0026097,0.019831,0.018465,0.033301,0.01772,0.019814,0.029479,-0.0014707,0.01754,-0.030579,-0.0011956,-0.046934,0.010018,0.011825,0.056772,0.0099311,0.02002,0.042745,-0.026969,-0.011509,0.029883,0.061529,0.02066,0.052064,0.058065,0.0042413,0.011214,0.042342,-0.018262
-0.0098268,-0.0032383,0.0031126,0.038188,0.012104,0.025529,0.01395,0.0256,0.053585,0.021015,-0.0068899,-0.0053073,0.045372,-0.017992,0.050127,-0.0058469,0.0041316,-0.035696,0.04932,0.047849,0.010397,-0.01866,0.054795,-0.0096826,-0.036008,0.049441,-0.0082655,0.013651,0.011817,0.01536,0.0083605,-0.00028545,0.032916,0.018699,0.032901,0.01186,0.035448,-0.0086061,-0.023291,0.0048718,0.036272,0.030227,-0.022606,-0.0069907,0.0024508,0.091439,0.042204,0.012846,0.021479,-0.0033493,-0.016763,0.0073051,-0.013073,-0.016444,0.040037,-0.024261,-0.023978,0.0022878,0.049929,-0.004667,0.024019,0.017326,0.01393,0.019945,-0.021589,-0.00073827,-0.053333,0.031028,0.023561,0.019846,0.010582,0.019322,0.057808,-0.0010908,0.02824,0.02632,0.014681,0.036116,0.066911,-0.015113,-0.044132,-0.012431,0.0069126,-0.01953,-0.0093989,-0.039352,0.0091479,0.045784,-0.033193,-0.0039792,0.016193,-0.033804,0.030156,-0.037337,-0.020146,0.043743,-0.019751,0.021936,-0.037319,0.058027
-0.036508,-0.00063296,-0.014368,-0.015065,0.025928,-0.0039488,-0.036324,-0.027769,-0.0017053,0.0026849,0.063418,-0.011949,0.0086095,0.056541,0.02549,-0.0062119,-0.0041694,0.0069293,0.016985,-0.0081735,0.082062,0.076136,0.0036744,-0.0079554,-0.034214,0.028686,0.0019366,-0.023565,-0.023631,0.049781,0.0069579,-0.0044432,-0.03722,-0.010449,0.027932,0.015858,0.037646,0.01148,0.015382,0.0027059,0.010717,-0.05302,-0.010067,0.021968,0.064438,-0.02758,-0.0014127,0.042715,0.04063,0.049365,0.0022759,-0.017284,0.023838,0.041901,0.057676,0.047424,0.058484,0.09095,0.022387,-0.0034961,0.01812,0.035415,0.005748,-0.011182,-0.0072218,0.019908,0.0075279,0.025616,0.060224,-0.00055856,0.018594,0.030752,0.029031,0.062268,-0.0012448,-0.0047924,0.0032788,0.021196,-0.025655,0.033357,0.049736,-0.040564,0.048314,-0.045376,0.030613,-0.0029884,0.046501,0.03185,0.028459,0.038528,0.027696,-0.022841,0.016312,0.026095,0.028306,-0.0017003,0.05712,-0.012089,0.02302,-0.011253
0.027671,0.026283,0.026834,-0.014743,0.0026502,0.0053021,0.0070988,0.0036482,0.037488,0.020559,0.02159,0.071539,0.022065,0.04409,-0.018309,-0.01175,0.034535,-0.022384,0.079341,-0.00035075,-0.016043,-0.011228,0.017361,0.034313,0.015164,0.0039528,0.0060087,-0.0071258,0.02204,0.030692,-0.034914,0.0066548,0.014895,0.0060212,0.012618,0.013606,-0.0027003,-0.0045324,0.040689,-0.016527,-0.025171,0.0061343,0.04198,0.02667,0.026906,-0.036511,0.014046,0.0035796,0.034325,0.049995,0.0079121,0.037112,0.019085,0.030352,0.0045396,-0.023814,0.025261,0.028917,0.0068852,0.06938,0.059977,0.078664,-0.0013336,0.043936,0.080581,-0.0074767,0.037441,0.017558,0.026496,0.018496,0.05724,-0.010681,0.072702,0.070105,-0.017895,0.020921,0.017158,0.044333,0.002135,-0.034531,0.028052,0.093813,0.0089509,0.025686,-0.016235,0.015718,0.033264,0.022527,-0.019151,-0.0097792,0.065575,0.008436,-0.014663,-0.0081023,0.055457,0.047111,0.04117,0.0055237,0.074131,0.040131
-0.030197,-0.01443,0.01075,-0.011098,0.024448,0.010013,0.021392,0.033318,0.005575,0.0057393,0.0025375,0.020976,0.064904,-0.027124,0.009268,0.040481,-0.0098895,0.056517,0.041023,0.028058,0.010055,0.017084,0.026209,-0.00088255,0.033532,0.045738,-0.014181,-0.066322,0.01267,-0.014255,0.034356,-0.015876,-0.012758,-0.0038439,0.023717,0.032087,-0.018948,0.0066541,-0.007844,0.0051454,0.041133,0.0099812,-0.0044313,0.027225,0.00072995,0.019282,0.052106,0.002795,0.040301,0.0053913,-0.050941,0.045086,0.035661,-0.02388,0.02732,0.051142,0.022323,0.02513,-0.0094901,0.016327,0.023394,0.0071459,0.053827,0.059863,0.014408,-0.00012743,0.055309,0.014238,0.025931,-0.026084,-0.0098406,0.035638,-0.018612,0.0076866,0.033988,0.0045141,0.060636,-0.005736,0.016859,-0.028457,0.035129,0.036032,0.01234,0.033768,0.00075737,-0.012498,0.062574,0.0029039,0.040426,0.0034986,0.016115,0.052417,0.084564,-0.0093333,0.014596,0.069703,0.0041595,0.064431,0.056417,-0.020338
0.014586,0.028778,-0.014183,-0.04116,-0.01733,-0.045101,0.019143,-0.025809,-0.027504,0.036053,-0.00048951,-0.013154,0.0016102,0.0095307,0.040377,0.034124,0.058782,0.04761,0.014368,-0.015167,0.035549,0.013082,0.060559,0.026502,0.026602,0.0010883,0.031908,0.084258,0.057888,0.0718,0.0081474,0.0099067,-0.00058963,-0.0057683,0.029445,-0.0046552,0.014868,-0.00094508,0.046326,0.017664,0.04159,0.024936,-0.017127,0.022493,0.064978,0.0001751,-0.0062792,0.023149,-0.0090711,0.034827,-0.002069,0.048537,0.0020968,0.010276,0.0040702,0.024222,0.0013668,0.028149,-0.015234,0.010829,-0.018722,0.062076,0.0041126,-0.0088554,0.02859,0.016225,0.070147,0.024633,0.046583,0.0076326,-0.0083459,0.048818,-0.00019476,0.016409,-0.003538,0.010882,0.017613,0.032092,-0.026479,-0.0069675,0.050848,-0.014479,-0.0068774,0.065311,0.054401,-0.011431,-0.017449,0.00053489,-0.011421,0.00077209,-0.048453,0.027027,0.032989,0.091308,0.040866,-0.023508,0.017369,-0.046998,0.0077267,0.024279
-0.00070188,-0.0059323,-0.011112,-0.018536,0.019042,0.0093841,-0.014627,0.019503,0.026448,-0.018365,0.039701,-0.0349,0.010233,0.0024411,-0.010437,0.051454,0.032581,0.0015329,0.048015,0.051563,0.050654,0.0055438,0.038597,-0.001237,0.010619,0.05772,0.064578,0.028699,0.011188,0.021359,-0.048562,0.040196,0.023043,0.026251,0.006833,0.043896,0.060802,0.013113,-0.008854,0.039421,0.013598,-0.0094967,0.014547,0.072447,0.018351,0.0429,0.0011571,0.00020107,-0.0039254,-0.02906,0.061299,0.067808,-0.018253,-0.027301,-0.039232,0.024407,0.031403,0.032732,-0.012709,0.026629,0.031029,0.018816,0.023009,0.046134,-0.031744,0.0074348,0.030357,-0.0062247,0.058568,0.031563,0.030216,0.0015521,0.048508,0.032976,0.036577,-0.027281,0.0064405,-0.0041412,0.047052,0.055937,0.0099884,0.0057304,0.024289,-0.035114,0.024963,-0.034095,0.027121,-0.0048122,0.04252,-0.019411,-0.011876,0.040437,-0.0059046,0.012775,0.051032,0.036402,0.05466,0.0066852,0.029607,0.021759
-0.03334,0.018077,-0.03667,0.038872,0.028681,-0.024404,0.0057979,-0.02677,0.01542,-0.029799,-0.016192,0.0008406,0.03908,0.008621,0.044811,0.030073,-0.0010319,0.058481,0.059377,-0.0044412,0.018332,0.021843,0.030178,0.007431,0.045128,-0.0022831,-0.014814,-0.02105,0.015341,0.004071,0.040055,0.015203,0.042119,0.032654,0.039429,0.055059,0.039682,0.034196,-0.0055268,0.011555,0.021522,0.047705,0.02204,-0.0246,0.060012,-0.020085,0.035221,0.017844,0.093217,0.058684,-0.029554,0.038212,0.018599,0.014468,-0.017757,0.023306,-0.012047,0.025267,0.018902,0.0071282,-0.0015134,-0.024076,0.10447,0.0031637,-0.01113,-0.0070209,-0.0207,-0.010252,0.0021385,0.037437,0.024521,0.00075476,0.020643,0.042479,-0.011693,0.005624,0.0087996,0.032159,0.025729,-0.011447,-0.0098503,0.044221,0.0055021,0.059143,-0.03557,0.013373,0.035066,0.021288,0.091488,0.021871,0.0086348,-0.0052374,0.03572,-0.0043271,0.089568,0.011925,0.047632,-0.013208,0.0069651,0.051931
0.023582,-0.00073476,0.025582,-0.0053602,-0.0082684,0.0019412,0.0033108,0.02693,-0.0065295,0.038961,-0.0019349,-0.030429,-0.01577,0.036249,-0.0064057,0.061168,0.03998,0.042774,-0.0036047,-0.0022255,0.026265,-0.0093246,-0.012411,0.020145,-0.012448,0.036273,-0.00085468,0.00485,0.034782,-0.016854,0.03434,-0.012489,0.063944,-0.018876,0.0030513,-0.0074455,0.039548,-0.042016,0.018936,0.0031282,-0.0048221,0.023178,0.0021557,-0.024512,0.0089372,0.016012,0.014442,0.0034534,0.083955,-0.036845,0.018235,0.020313,-0.0068906,0.064533,0.011754,0.0079658,0.023818,-0.027935,-0.002012,-0.0046217,0.02771,0.020354,-0.034663,0.030563,0.055377,0.038355,0.033056,-0.022351,0.041929,0.050508,0.034542,0.048332,-0.0050326,-0.017746,-0.013208,0.0013465,0.012451,-0.0094807,0.020497,0.045262,0.029793,-0.010177,0.031771,-0.022924,0.06148,0.047518,0.015066,0.099092,-0.012397,-0.0030283,0.044574,0.027199,0.054425,0.022566,0.05869,0.016147,0.051509,-0.00048015,0.00035919,0.011135
-0.015269,0.017489,-0.014028,0.0081206,-0.010337,0.02285,0.048632,0.031857,0.071305,0.0074377,-0.031204,0.01049,0.020537,-0.015541,0.0073171,0.0678,0.07213,0.021397,0.018555,0.044048,0.041189,0.011564,0.030461,0.0043458,0.011265,0.021077,0.040401,0.0079761,0.039997,0.06449,0.057376,0.052788,-0.029388,0.026115,0.034414,0.04488,0.060154,-0.018299,0.029427,0.048919,0.012771,0.0072918,0.018777,0.048271,0.080969,-0.0056574,0.055762,-0.013655,0.011174,0.031225,0.033524,0.016918,0.042286,0.019252,0.0047866,-0.020333,0.0068533,0.05755,0.0098427,0.045619,0.001282,0.0024172,0.062989,0.080479,0.014502,-0.0015165,-0.0033396,0.031033,0.011444,-0.0091585,-0.012325,0.030627,-0.0052522,0.060128,-0.017877,0.042422,0.055008,0.024478,0.02481,-0.020608,0.04086,0.059429,0.019311,0.10593,0.0046749,-0.003554,-0.0022,0.0064133,0.0053376,0.028699,0.016735,0.024147,0.0099686,0.026466,0.052141,0.0094382,0.026421,-0.0042045,-0.022754,0.03944
-0.027728,-0.0086036,-0.00063483,-0.034234,0.07209,-0.0051465,0.0017462,0.0091449,0.019088,0.037663,0.00026657,-0.015355,0.035063,0.057252,0.031492,-0.0039664,0.0033773,0.025748,-0.041498,0.013916,0.031566,0.026014,0.070817,0.035713,-0.020713,0.014889,0.05848,-0.01369,0.075079,0.049966,0.039843,0.015982,-0.030608,0.035212,0.010905,0.039,0.040242,-0.010694,0.034114,0.022512,0.083582,-0.027494,0.032392,-0.016092,0.057264,0.030938,0.030071,-0.031012,0.00039156,0.0089551,0.068062,-0.02979,0.012779,0.028393,0.053567,0.051972,0.015294,0.059698,0.006485,-0.00034927,-0.020975,0.016065,0.0041166,-0.025268,0.038982,-0.017378,-0.01825,-0.003081,-0.016242,-0.030153,-0.002696,0.014443,0.0013266,0.041273,0.0057694,-0.043843,0.020763,-0.014884,0.0033066,0.021037,-0.00093347,-0.028195,0.028668,-0.012113,0.014853,0.011864,0.0093939,0.040154,0.0040648,-0.0095599,-0.026788,0.015317,0.057866,0.040523,-0.011732,0.036531,-0.010011,0.016857,0.05878,0.011588
0.0083266,0.023266,0.026942,-0.016017,0.078159,0.020561,0.0056665,0.020345,-0.038329,0.010288,0.028701,-0.032036,-0.025057,-0.018598,0.031326,0.021675,0.044735,0.052802,0.076704,0.011363,0.02967,0.016165,0.00063204,0.016884,-0.013599,0.019059,0.056706,0.01803,-0.0034133,0.032954,0.01643,-0.011122,0.069658,0.014814,-0.01842,0.052388,-0.022584,0.014008,0.04486,0.0024274,0.0201,0.050901,0.060801,0.0010441,0.066353,0.01796,0.021375,-0.0039715,0.0057137,0.041368,0.0065473,-0.012184,0.032984,-0.0057288,0.022562,0.051084,-0.013009,0.045629,0.030492,-0.041541,0.022676,-0.021434,0.0057873,-0.023868,0.016847,0.052325,0.036663,0.033978,0.069347,0.025898,-0.024005,-0.019984,0.0025702,0.010526,0.0095596,-0.060202,0.0022242,0.039312,0.018671,0.065085,0.00045492,0.054661,-0.0092121,-0.033568,0.0048853,0.031888,-0.024925,0.0075388,0.025734,0.01073,0.027875,-0.044833,0.0069758,0.011903,-0.03042,-0.017468,0.053054,0.037974,0.0069307,0.028733
-0.01289,3.114e-05,0.015603,0.028796,-0.0043235,0.0068172,0.066872,0.055575,0.045174,-0.0091046,0.02434,0.016276,0.012413,-0.017659,0.047128,0.051809,0.002519,-0.0032081,0.0085184,0.049504,-0.024874,0.035665,0.039813,0.0045342,-0.0086976,0.013756,0.025959,0.014531,0.024022,0.081024,0.0074187,0.031714,0.025701,-0.0056628,0.020362,0.031187,-0.0035525,0.015597,-0.00083649,0.068238,0.06722,-0.0007958,0.055127,0.036485,-0.00084617,0.01053,0.018614,0.025931,-0.030563,-0.042011,0.024811,0.032178,0.017585,-0.037748,0.016839,0.044713,0.060175,0.035859,0.039827,0.046792,-0.010638,0.036961,0.035418,0.058625,0.023138,0.098038,0.0062896,0.038463,0.0005012,-0.0085391,0.023109,-0.00059669,0.036375,0.053025,-0.023471,0.017749,0.080037,0.051452,-0.0061416,0.037769,0.023696,0.018711,0.013551,-0.013291,0.023733,0.031431,0.033221,-0.00034424,0.05081,0.034381,0.02726,0.0096675,0.018984,-0.0096292,0.034494,0.049925,-0.0077686,0.027827,0.04421,0.011779
0.012141,0.0052249,0.033969,-0.0056316,-0.042992,-0.016471,0.009488,-0.0053858,-0.032375,0.02117,-0.011057,0.028469,0.040449,0.072399,0.048958,-0.026272,0.0118,0.032589,0.009286,0.023498,0.017019,0.0020878,-0.015582,2.3625e-05,0.041402,0.014726,0.01029,0.023102,0.028548,0.012234,-0.0032175,0.036664,0.025159,0.036885,0.078818,0.029804,-0.030906,0.0071643,-0.015789,-0.0079616,0.038837,0.059125,-0.0019591,0.017982,0.02863,0.027624,0.033969,-0.021349,-0.026517,0.027583,0.0092002,0.024158,0.058586,0.026205,0.041503,0.010665,0.0081636,0.048557,0.021471,0.026513,0.020556,0.010962,0.004715,0.0057198,0.057893,-0.0157,0.019554,0.058073,0.021968,0.022431,0.039772,0.013617,0.024617,0.045712,0.060078,-0.011113,-0.0074197,0.029048,0.063926,0.028029,0.0057935,0.03477,0.020346,0.053316,0.041651,0.043339,-0.015115,0.0072387,0.013639,-0.021139,-0.031223,0.021055,-0.0025145,0.036346,-0.022648,0.075593,0.014996,0.038872,0.071998,0.01995
0.028628,-0.053524,0.027899,-0.013164,-0.015745,0.017354,-0.018674,0.0007646,0.055309,0.032725,-0.035301,-0.0084384,0.03314,0.013496,0.049791,0.038045,0.033004,-0.045872,0.037655,0.064373,0.025368,0.014047,0.038965,-0.036043,-0.012863,0.0020127,0.039026,0.0014101,0.014556,0.027407,0.037899,0.0044349,0.02255,-0.011093,-0.022276,0.058807,0.032109,0.066111,-0.0040853,-0.00065412,-0.011853,0.050126,0.0029012,0.038778,-0.013999,0.018136,0.0064498,0.0044573,-0.012505,0.013412,-0.025252,0.0094997,0.0086221,0.014831,-0.044688,0.0052697,0.023576,-0.027223,0.016544,0.052122,0.011425,-0.017325,0.063439,-0.0078013,-0.020346,0.029105,-0.012071,0.027235,0.076275,-0.03038,0.010416,0.011413,0.005295,0.090561,0.033563,-0.039868,0.058886,0.049523,0.027118,0.040751,0.018715,-0.018366,0.06495,0.015818,0.035565,0.021605,-0.038575,-0.014403,-0.017612,-0.011767,0.034812,0.030434,-0.011827,0.025131,0.0086211,-0.01395,-0.021837,0.050372,0.0018668,0.0076109
0.0094523,0.01445,0.04081,0.039976,-0.00050507,0.019142,0.046891,0.038706,0.0079897,0.029861,0.038262,-0.01422,0.065505,-0.014175,0.023156,-0.052402,0.061075,0.012781,0.04359,0.016083,-0.01396,0.030568,-0.016654,0.034575,0.050335,-0.017641,0.059128,0.025749,0.026123,0.013034,0.033756,0.04869,0.021367,0.032372,0.026563,0.010489,-3.7133e-05,-0.030952,0.024066,0.0259,0.05766,0.0038866,-0.018954,0.014606,0.017587,-0.0061685,-0.031555,-0.014373,0.006689,0.037607,-0.0040046,0.0085961,-0.026021,0.0062196,0.034267,0.0048568,0.031645,0.023649,-0.032471,0.039927,0.048834,-0.034652,-0.014492,0.0019237,0.063446,0.030874,0.062376,-0.0306,-0.0013312,0.043659,-0.011578,0.022797,-0.0085671,-0.0094639,0.0416,0.074548,0.004823,0.027041,0.02067,0.028145,0.009885,0.042912,0.021541,-0.016933,0.01286,0.0025831,0.01223,-0.021248,0.044191,0.061338,-0.010114,-0.038387,0.037765,-0.011069,-0.011095,0.036286,-0.0449,0.028234,0.034684,0.088211
0.0065789,0.071833,0.02692,0.024233,0.027533,0.023791,0.034698,0.0046704,-0.00039176,-0.0043422,0.010006,0.036954,0.0081169,0.064309,-0.036282,0.029431,0.0070037,0.027275,6.5101e-05,0.026414,-0.026078,-0.022223,0.013414,-0.011621,0.0042997,0.0016382,0.02114,0.051736,0.094603,0.043196,0.02898,0.004598,0.026319,0.042275,0.026145,0.0013967,-0.0038591,-0.023143,0.02488,0.065324,0.05635,0.053748,-0.015798,0.011088,0.058056,-0.0057036,0.041072,-0.011248,0.045658,0.050543,-0.028623,0.033313,0.00097694,0.012909,0.016814,0.0089895,0.026199,-0.017211,-0.036162,0.044886,-0.016456,0.016865,0.04272,-0.020139,-0.0051117,0.016281,0.016597,-0.030343,0.053059,0.01539,0.043805,0.025067,-0.0092977,-0.0095995,0.0041747,-0.0265,0.031356,0.02032,0.0081769,-0.013992,0.024679,0.037926,-0.024965,0.021595,0.032016,0.066434,-0.046904,0.08158,0.057354,0.010215,0.049608,0.023629,0.0068155,0.018341,0.024933,0.020723,0.024219,-0.026659,0.010414,0.02986
-0.016217,0.033382,-0.041766,0.0045946,0.024625,0.034857,0.051549,0.015988,0.025998,-0.011652,0.026793,-0.0061276,0.019706,0.033926,0.058942,-0.011272,0.041017,0.051322,0.012539,0.014302,0.051822,0.061009,0.021343,-0.016406,0.025114,0.01357,0.017382,-0.002036,-0.025286,0.060195,-0.0066692,0.0081488,-0.0074396,0.058094,0.0071156,0.029461,-0.0045173,0.013838,0.01374,0.034075,0.0043333,0.017847,0.019572,0.019242,0.0319,0.042221,0.0041084,0.049728,-0.0013454,0.042506,0.037009,0.041648,-0.0065038,0.014642,0.011143,0.036984,-0.0025731,-0.0036971,0.027439,0.03391,0.00067647,0.014444,-0.051275,0.010548,-0.0051506,-0.06426,0.05664,-0.017511,0.012907,0.017986,0.031828,-0.014491,0.026973,0.044702,0.019632,0.039546,0.034814,0.056787,-0.047754,0.045831,-0.014541,0.065519,-0.051205,0.0051295,0.036192,-0.00053458,-0.012878,0.0032203,-0.040519,0.015688,0.050157,0.016066,0.0074263,0.0058265,0.048931,0.048358,0.023901,0.017083,0.032457,-0.011495
0.011342,0.02386,-0.0076917,0.0035131,0.046339,-0.0085464,0.025309,0.034248,0.061312,-0.0075245,0.025605,0.0076926,0.0053138,0.048303,0.00068125,0.041427,0.0034249,0.027498,0.0039422,0.050955,0.091839,0.015834,0.018077,0.060509,0.058054,-0.019357,0.064919,0.013,0.0023119,0.019642,0.064731,0.00057941,0.0056006,0.031383,-0.017029,0.028372,0.0025301,0.025627,-0.0098463,0.017026,-0.041299,0.028989,-0.031888,-0.0026256,0.023268,-0.025323,-0.0026648,0.070807,-0.017235,0.050385,0.019806,0.0070577,0.055524,0.019491,0.04709,-0.00091315,-0.0028638,0.00063535,0.037047,0.0091812,0.054203,0.010452,0.018599,-0.01231,0.011909,0.024732,0.033502,-0.01933,0.045608,0.088781,-0.0030903,0.014052,-0.023758,-0.0063949,-0.0060912,0.019432,0.073346,-0.018155,-0.0075511,0.025234,-0.026409,-0.0055774,0.038662,0.043347,0.018589,-0.022425,0.059512,-0.0020771,-0.016879,0.010418,0.027282,0.0042812,-0.01284,0.056836,0.054185,-0.031043,-0.0071496,0.050161,-0.013941,0.0046028
-0.042202,-0.034301,0.013361,0.04089,0.018123,0.021588,0.028465,0.060198,0.028944,-0.004052,0.018469,0.064459,0.0052386,-0.032153,0.013362,0.0029595,-0.011163,0.045931,0.00089541,0.0044481,0.058743,0.043442,0.026141,0.038277,0.0023639,0.043645,0.053547,0.04151,0.0084133,0.031834,-0.020788,5.6335e-05,-0.0091158,0.017948,0.0067695,0.00052661,0.035147,0.01082,0.0094927,0.016698,0.030827,0.034016,-0.0085086,0.046102,-0.050111,0.010218,-0.0052672,0.011604,0.011848,0.030431,-0.019314,0.00777,0.0048458,0.056384,0.049886,0.011809,0.013844,0.0090023,-0.018911,-0.028009,-4.9157e-05,0.0079649,0.017542,-0.00018553,0.0047384,0.020437,0.046532,0.031196,0.023802,0.03914,0.062357,-0.0052516,0.0053771,-0.05111,0.052554,-0.012559,0.023963,-0.0254,-0.0099477,0.0022334,0.050475,0.02688,-0.011889,-0.043094,0.038329,0.02461,-0.039888,0.040013,0.016962,0.013199,-0.080832,0.017293,0.037805,0.050652,-0.0050962,-0.016387,0.020813,0.03264,-0.042188,0.044532
-0.0001914,0.013831,-0.011181,-0.05863,-0.015579,0.02915,0.0054193,0.037509,0.052773,0.051019,0.0024579,0.010982,0.016151,0.021793,-0.0017802,0.014517,0.055822,0.031697,-0.0017012,0.01772,-0.014293,0.073991,0.0034716,0.0059656,0.040642,0.051497,-0.011412,-0.019009,-0.02045,0.021543,-0.029109,-0.011628,-0.0027725,-0.016624,0.011079,0.098813,-0.020372,-0.017594,-0.028924,0.01215,0.012088,0.017187,0.023579,0.029211,0.0034821,-0.016787,0.058788,0.016846,-0.012591,0.069632,0.051217,-0.025814,0.021942,0.03935,-0.012062,-0.019662,0.0025294,0.031999,-0.011174,0.083397,0.030051,0.026748,-0.018872,0.029662,0.043853,0.024267,0.0078828,0.0633,0.015983,0.044407,-0.026683,0.035038,0.028461,-0.0084058,0.029187,0.024292,-0.0017208,0.01007,0.016138,-0.015477,0.0096601,0.042312,0.038511,0.02888,0.0038428,0.018734,0.012003,0.022322,0.011454,0.018502,-0.030961,0.052835,0.0017068,0.062274,-0.0081513,0.028588,0.028474,0.083614,0.054679,0.018334
0.014398,0.035328,0.015955,0.01972,0.012085,0.040603,0.022438,-0.018149,0.013298,-0.028125,0.033009,-0.015761,0.01839,0.027328,-0.010823,-0.00079158,-0.0010556,0.016667,-0.0082462,0.046288,-0.0039159,-0.03505,0.014986,0.020662,0.023017,0.10109,0.069516,0.019834,-0.019811,0.0017665,0.019423,-0.033674,-0.022209,-0.0031318,0.038596,-0.0028231,0.042529,-0.013543,0.021372,0.021606,0.011452,-0.019316,-0.012244,-0.029856,0.046978,0.0022631,0.06823,0.025436,-0.040436,-0.0032247,-0.045176,-0.033369,-0.005383,0.038808,-0.0043075,0.0099522,0.006719,0.0080696,-0.053273,-0.017797,-0.014206,-0.0030656,-0.034906,0.011868,-0.012658,0.0081189,-0.00080035,0.0015946,-0.033555,-0.0040503,-0.0085696,0.014272,0.017604,0.047454,-0.014633,-0.016066,0.022243,0.019221,0.050398,0.037692,0.024602,0.021169,0.024933,0.021133,0.031509,0.0069997,0.021219,0.0067791,-0.020106,0.073487,0.036043,0.020776,0.028999,0.01701,0.0024338,0.00044978,0.039703,0.030618,0.0081811,-0.015091
-0.0095079,0.021444,0.064008,0.028855,0.045343,0.04041,-0.045502,0.024503,0.02776,0.056407,0.0041219,0.063412,-0.010444,0.02348,0.011345,0.033461,0.054659,0.033757,-0.013645,0.025872,0.067517,-0.012995,0.045544,-0.0060425,0.047139,0.047015,0.071042,0.012311,0.025667,0.0022605,-0.040184,0.00053244,0.01556,0.055171,0.0079238,0.037742,0.057996,0.044609,0.0060207,0.02246,-0.014312,0.025745,0.014423,0.012228,0.035661,0.048327,0.011187,0.03555,0.04544,-0.020093,0.01577,0.017495,0.020591,0.068558,-0.031128,0.048616,0.035647,0.036871,0.013514,0.0065096,-0.0018496,-0.015846,0.054773,-0.018075,-0.0055035,0.00048147,0.067563,0.0007471,-0.014653,0.012207,0.02205,0.0097797,0.036558,0.001085,0.031232,0.054452,0.01303,-0.0096486,0.0012907,0.062007,0.014162,-0.019834,0.040154,0.047214,0.014265,0.033212,0.016743,0.040373,-0.014463,0.036781,0.047052,0.025096,0.0022802,0.027663,-0.01693,0.020802,-0.022947,0.0084422,0.002114,0.023901
0.008823,-0.013085,0.024065,0.0056107,-0.0052208,0.041234,0.028826,-0.019131,0.070769,-0.0057077,0.024579,0.038137,-0.019501,0.021287,-0.028697,-0.017955,0.043472,0.011323,0.01824,0.0054212,0.014671,0.0075907,0.035769,0.040669,-0.016323,0.010207,0.048998,0.0017254,0.024163,0.013633,-0.010292,0.061644,0.013636,0.10913,-0.02988,0.010095,0.051623,-0.028137,0.021579,0.033469,0.029538,-0.02253,-0.0094971,-0.018512,0.017173,-0.0063145,0.015224,0.024812,0.031126,-0.024294,-0.012979,0.0039947,0.089461,-0.010417,-0.0075755,-0.027349,-0.018829,0.0089165,0.023478,0.0053996,-0.037278,0.012867,0.018317,0.028273,0.021091,0.063293,-0.023929,0.024349,-0.034572,0.036916,0.049366,0.030488,0.012394,0.01818,0.0084548,0.03926,0.020082,0.027113,-0.0043341,-0.0025353,0.012249,0.020085,0.090526,0.025353,0.0036538,0.045459,-0.043367,0.0002989,0.00019548,0.020707,0.073315,0.028042,0.036327,0.025605,0.043638,0.018899,-0.018528,0.0068624,0.0076283,-0.041495
0.0058516,0.043973,0.017979,0.027989,0.027133,0.04107,0.0028822,-0.0055815,0.042252,-0.022354,-0.0028866,0.0095451,0.010112,0.0035198,0.035452,0.042081,0.011385,0.032855,0.0014198,0.033579,0.021616,-0.019601,0.026216,-0.0010883,-0.01143,0.011081,0.021844,-0.0081933,0.014003,0.0519,0.033034,0.042107,0.0045088,0.015611,0.051727,0.010149,0.039854,0.056709,0.028699,-0.041917,0.026432,0.016207,0.078638,0.0004782,-0.011309,0.057468,-0.014386,0.039503,0.074512,-0.014888,0.049473,0.031564,0.029318,-0.019177,-0.02798,-0.036465,0.019857,0.0055632,0.018494,-0.024378,-0.010749,0.031162,0.046443,0.0028951,0.033077,0.0055344,0.057813,0.0099278,0.0058035,0.015506,0.059016,0.013108,0.025584,0.055893,-0.033574,-0.014425,0.031119,0.0077788,-0.03771,0.0092337,0.032562,-0.0060387,-0.025265,-0.00029785,0.05036,0.013889,0.0034973,0.058219,0.022396,0.018461,0.038156,0.076794,0.043652,-0.026047,0.040739,0.0019966,0.019251,-0.012018,-0.030447,-0.0053547
0.0049768,0.019316,0.0078261,0.032659,0.0616,0.034509,0.021733,0.036778,0.031818,0.071226,0.020167,0.048098,-0.018977,0.0081762,0.049832,0.032765,-0.019935,0.017743,0.005115,0.01488,-0.0057064,-0.009535,0.0060108,0.060843,-0.048286,0.0055614,0.014829,0.022935,0.00082557,-0.00021519,0.023351,0.051493,0.066344,0.030397,0.0081536,-0.04614,0.023244,-0.014089,0.049294,-0.015463,-0.01277,0.055384,-0.0028441,-0.0022752,0.03098,0.016437,-0.014341,0.049047,-0.009645,0.0029443,0.044663,0.0065969,0.027156,0.030267,-0.0343,0.043913,-0.0072051,0.010374,0.03798,0.020028,-0.011983,0.010119,0.044894,0.049285,0.0084462,-0.01692,0.0095669,0.023771,0.029643,-0.020777,-0.042203,-0.054967,0.065013,-0.031243,-0.0601,-0.021638,-0.022783,0.07316,0.0021125,0.004654,0.0098698,0.026492,0.011087,0.051446,-0.0065338,-0.029124,0.0010531,-0.01236,0.065695,0.078809,0.031758,0.029789,0.016044,0.0062818,0.051248,0.015432,0.013703,0.0088642,0.001461,-0.018046
-0.028043,-0.0053291,-0.03622,-0.030113,0.040947,0.060691,0.044994,0.047525,0.082053,0.0015408,0.032303,0.044367,-0.0013306,0.036013,0.11029,0.037146,0.033746,0.043257,0.011869,0.019233,-0.0025203,0.06738,0.0044796,-0.0049782,0.018764,0.017121,0.03028,-0.0059546,0.014921,0.012608,-0.0019712,0.012282,-0.0043918,0.01918,0.013481,0.040262,0.095552,0.0013403,0.047443,0.010605,0.043869,0.023692,-0.012489,0.021759,0.042583,0.018707,0.07149,0.014551,-0.005092,0.022907,-0.028431,-0.013158,0.005387,0.024468,-0.039427,0.014296,0.032699,0.03613,0.01031,-0.022814,0.013498,-0.020414,-0.061349,0.07027,0.043678,0.026586,0.057564,0.052675,0.018633,0.0085539,0.0085089,0.016645,0.027674,0.0015108,0.014981,0.02777,0.060872,0.0068404,0.030048,0.063199,-0.019437,0.03553,-0.022753,-0.0053764,-0.0060534,0.041191,0.0037762,-0.0067905,0.0018122,0.019965,-0.029172,0.051604,-0.010583,0.076399,0.075522,0.010761,0.032577,0.0099498,-0.0069683,0.046544
0.0036661,-0.0078864,-0.012791,0.0096151,-0.029085,0.0094985,-0.023466,0.027399,0.012057,0.047471,0.040821,0.048906,0.025712,0.049102,0.022047,-0.023657,0.0034202,-0.0086704,0.0059885,-0.0065761,0.030315,-0.00023144,0.039961,0.025876,0.048982,0.079655,0.066562,0.035603,0.044092,0.024928,0.059508,0.029345,0.039907,-0.018526,0.033387,0.0053868,0.029873,-0.01933,0.056625,0.030623,0.057505,-0.0161,0.0086954,0.057813,-0.022034,-0.014406,0.055729,0.006802,0.03579,0.0049732,0.017523,0.01316,-0.033136,0.0021141,-0.015737,0.019032,0.0099035,0.07099,0.035388,-0.043429,0.03434,0.04584,0.032772,-0.0046011,0.051169,0.025383,0.024333,-0.019025,0.030715,-0.022577,-0.0045167,-0.013652,0.024971,0.041053,0.021811,0.009402,0.016689,-0.0062438,0.041218,0.091679,0.020223,0.0077141,0.0051113,0.074926,0.025046,0.037553,-0.012232,0.03457,-0.014564,0.038508,0.0086773,0.016252,0.054253,0.033375,0.05461,0.040608,0.022737,0.008142,0.026304,0.024922
0.0083784,0.0067939,-0.0044985,0.042191,0.04479,-0.0052596,0.024524,0.004357,0.063777,0.057545,0.0072942,-0.0041566,0.05004,-0.014515,0.001729,0.0018708,-0.024203,-0.02268,0.040114,0.013399,-0.023408,0.018581,-0.027572,-0.051572,-0.028408,0.033546,0.041941,-0.015151,-0.01284,6.4077e-05,-0.036834,-0.065846,-0.0097063,0.035022,0.033711,0.0026855,0.058884,-0.015956,0.032893,0.0018894,0.012598,0.062144,-0.0073724,-0.013157,-0.012693,0.016372,0.010592,0.063545,0.029019,0.0089172,-0.028762,0.020571,0.053674,0.039517,0.048804,-0.052349,0.013817,0.041505,-0.013796,0.0068677,0.062081,0.052611,0.010426,-0.019746,0.035096,0.034583,0.04174,0.046076,0.063115,-0.0081901,0.02219,0.028828,-0.0023071,0.007357,0.020395,-0.011241,0.015658,0.033064,0.0021266,0.0059197,-0.00052018,0.064182,0.015669,0.023018,0.0035016,0.0031486,-0.014663,-0.016473,0.023871,0.033795,0.051937,0.040049,0.012052,0.027676,-0.016548,0.018439,0.049677,0.018275,0.014276,0.065759
0.044671,0.033099,0.022574,-0.04957,-0.017213,-0.028009,-0.0028909,-0.0061642,0.022096,-0.025634,-0.013757,0.010933,0.031835,0.0044332,0.062045,0.037757,0.065292,0.024194,-0.015175,0.015085,-0.0058708,0.048327,0.0075403,0.073078,0.046122,-0.00012992,0.027526,0.0078028,0.04607,0.011676,0.058417,0.01095,0.06396,0.057781,0.034302,0.033593,0.016722,0.019301,0.0048088,0.052311,-0.0081232,0.062946,0.021955,0.016593,0.051559,-0.0035273,0.089922,0.035667,0.00095235,0.010284,-0.001115,0.012435,0.0078683,-0.011081,0.019452,0.0078393,0.047117,0.030979,0.014664,-0.01054,0.044378,0.023303,-0.052563,-0.00534,0.038666,0.064362,0.0096791,-0.010428,0.075713,-0.0094927,0.029654,0.087156,0.073464,0.005409,0.0054134,0.0082473,0.034883,0.027065,0.044888,-0.023428,-0.021575,0.0043654,0.012865,0.051039,0.042324,-0.037944,0.030389,0.021309,-0.027003,-0.016435,0.024536,0.036675,0.026104,0.010166,0.019118,-0.0069543,0.024219,0.015533,-0.022325,0.056411
-0.023257,0.045959,0.01884,0.0014153,-0.0059014,-0.040183,0.018523,-0.032684,-0.020072,0.0066993,0.0010972,-0.030235,0.010627,0.032971,-0.01108,0.069514,0.015784,-0.00078892,-0.0020029,0.041752,0.073253,-0.023172,-0.015946,-0.037295,0.03556,0.028531,0.082993,-0.0012717,0.0064035,0.0027017,0.04863,-0.010739,0.060927,0.02205,-0.017763,0.021797,0.027785,0.042606,0.017495,0.0669,0.0026493,0.080292,0.018922,0.025347,0.0050012,-0.014124,0.059735,-0.03316,0.11034,0.025225,0.016877,0.012471,0.011554,0.0060964,0.0096461,0.014546,-0.0035223,0.026186,0.065152,-0.0059135,0.0091146,-0.0023054,0.0016086,-0.0026592,0.022957,0.029177,-0.053525,0.041443,0.029886,-0.0081633,0.022358,0.030815,-0.0093314,0.043873,0.036946,0.041657,-0.003496,0.006293,0.014689,0.0003989,0.0055291,0.016685,0.025779,0.035802,0.0085891,0.0038889,-0.0012507,0.024351,0.05294,0.03668,-0.037535,0.0089173,0.025645,0.032312,0.034454,-0.017264,-0.0096385,0.017834,0.032762,-0.0034393
-0.034573,-0.011673,0.013021,0.017727,-0.011659,0.039247,-0.021765,0.036721,0.022532,0.039411,0.02261,0.014376,0.015008,0.025196,0.048337,-0.0089343,0.010608,-0.0081189,-0.029062,0.036711,0.054267,-0.037685,-0.022429,-0.009004,0.0020568,-0.020244,-0.0099308,0.046256,-0.023263,0.032812,0.039493,0.015403,0.028422,-0.0025532,0.056158,0.0049895,0.069382,0.022695,-0.010204,-0.013297,-0.024439,0.028537,0.046215,-0.0068446,-0.031819,-0.0388,0.026366,0.068364,0.036348,0.0054191,0.055742,0.040623,0.0017116,0.0078198,0.0040433,-0.011963,-0.022457,0.082067,0.042354,0.039042,-0.0073314,0.00072429,0.061068,0.066852,0.017235,0.011255,0.011826,-0.055296,0.048111,0.058378,0.073612,0.03586,0.029957,0.056758,0.049039,0.048009,-0.0055369,0.030816,0.034823,-0.017384,-0.0082582,0.011892,0.054103,0.042699,0.005267,0.012785,-0.0088296,0.03944,0.067967,-0.030529,0.020343,0.0091085,0.046346,0.045925,0.010977,0.044118,-0.012245,0.049452,0.031636,0.0043072
0.0095902,-0.016937,-0.003696,0.01965,0.034274,0.036717,-0.026108,-0.019586,-0.015053,0.044933,0.021926,-0.0056397,-0.015226,0.0068434,0.021828,0.012901,0.039839,-0.014433,0.048252,-0.015454,0.0062503,-0.021122,0.00318,-0.016138,-0.039524,0.019119,-0.018419,0.013805,0.030875,0.017119,0.0463,-0.0094746,-0.072479,0.051243,0.024273,0.020188,0.025022,0.014955,0.062542,-0.018626,0.018956,0.069461,0.0065928,0.016126,0.036915,0.045112,0.069373,0.03195,-0.04623,0.010568,0.01669,0.019349,-0.011462,0.0083547,0.038479,-0.023169,0.01964,0.010965,0.032945,0.046712,0.031045,-0.0086911,0.0336,-0.016753,0.021027,0.010974,0.078908,0.034827,-0.028328,0.020747,-0.0012687,-0.012913,0.011333,0.058694,0.011658,0.011716,0.049341,-0.0023397,-0.031611,0.061921,0.0073276,0.031262,0.031845,-0.027464,0.063845,0.067137,0.0060078,0.028698,0.025795,0.011314,0.0095364,-0.024689,0.06729,0.032263,-0.015806,0.025918,0.021374,0.031704,0.024733,-0.0011999
-0.01222,0.0046066,0.010173,-0.057557,0.035801,0.042924,0.050856,0.014801,0.00065891,-0.0028836,0.019907,0.055443,-0.014931,-0.0030553,-0.0037948,0.007845,-0.013767,0.0015574,0.0056593,-0.032848,0.011872,-0.021766,0.041751,0.020825,-0.0082586,-0.0030698,0.0075625,0.015593,0.027601,0.054476,-0.012918,0.040337,-0.0013529,0.023602,0.014024,0.045113,-0.034022,0.026314,0.0070799,-0.0084179,-0.00716,0.0388,-0.013242,0.0051331,0.047815,0.011538,0.015768,0.050987,-0.02751,0.0093034,0.034762,0.012835,-0.019003,0.019621,0.038563,0.017107,0.074138,-0.027541,0.054554,0.020765,-0.010059,-0.003992,0.057172,0.031571,0.093835,0.0010757,-0.039915,0.061412,0.0063581,0.017605,0.017456,0.065538,0.010485,0.045977,0.0021589,0.057955,0.024642,-0.0060586,0.028325,0.029169,-0.003657,0.0082747,-0.042411,-0.0090229,0.042611,0.031132,-0.024526,0.0036641,0.034567,0.013873,0.052531,-0.042461,-0.0045048,0.01162,-0.0059031,0.067048,-0.011296,0.030885,0.046689,0.035404
0.03865,0.035726,-0.0060889,-0.036206,0.040414,0.011851,-0.014705,0.0094157,0.042833,0.023777,0.0035086,0.048871,0.070199,0.0015526,0.0090081,-0.015974,-0.032835,0.064957,0.045074,-0.0082026,-0.024685,0.0028135,0.0037653,-0.028655,0.0020396,0.021783,0.053125,0.019125,0.024588,0.010469,-0.022619,-0.053032,0.09487,-0.0078803,0.032352,-0.0074239,-0.018965,0.029864,-0.013641,-0.021174,0.0037853,-0.016526,0.03589,-0.0089156,0.0078419,0.030684,0.016747,-0.0040203,-0.016829,0.026701,0.031996,0.057212,0.029775,-0.027272,-0.010302,0.00036131,0.031415,-0.006516,0.06066,-0.00068595,0.05906,-0.029769,-0.025606,-0.018586,-0.036013,0.049623,0.067027,-0.010922,0.010124,0.035695,0.011652,0.044114,0.054811,0.028541,0.038546,0.016534,0.058613,0.054659,0.038634,0.034256,0.039175,0.026163,-0.034557,-0.04292,0.024498,0.022019,0.019512,0.020787,0.022116,0.0030106,0.046308,-0.0010025,-0.012259,-0.0051181,0.0055881,0.037267,-0.0022159,0.018052,0.037114,0.052227
0.00070406,0.067712,0.0091672,-0.05343,0.010025,-0.012152,0.031807,0.022783,-0.0015016,0.043031,0.0062453,0.048136,-0.046092,-0.013635,-0.017139,0.0029996,0.026377,-0.03065,-0.0025178,0.0014189,0.058305,0.057577,0.043857,0.01688,-0.014884,0.029863,-0.003186,0.0026542,0.016751,-0.024307,0.048083,-0.00059977,0.059184,0.011365,-0.0033943,0.023075,0.045927,0.051553,-0.013908,0.073344,0.031376,0.00029993,0.046845,0.015181,0.05944,-0.01943,0.021169,-0.012508,0.050126,0.026847,0.04456,0.0038463,0.049773,-0.013892,0.021862,-0.0065903,0.013886,-0.0029736,-0.0045157,0.034948,0.073705,-0.0086581,0.033405,0.024976,0.02995,0.022256,0.0075529,-0.032225,0.043856,0.024838,0.02128,0.017397,-0.01832,0.039737,0.0083124,-0.043268,-0.020696,0.011289,0.027182,0.067027,0.0467,0.06834,0.01477,-0.020254,0.017697,-0.00058641,0.030153,0.050544,0.023013,-0.003509,0.058178,0.029493,0.0155,0.056264,0.0088299,-0.0037756,0.00069615,0.022218,-0.037855,-0.0096501
0.028968,0.026905,-0.029556,0.00054225,0.041996,0.028084,0.036351,-0.02268,-0.031726,0.0042616,0.018768,-0.03476,0.055069,0.0024101,0.0072591,0.05915,0.029279,0.077198,0.023293,0.056949,0.0039637,0.037898,-0.055421,0.050838,-0.00086892,0.041521,0.0048252,-0.0032466,0.060461,0.037098,0.0086511,-0.014575,0.013335,0.10278,0.0037426,-0.026076,0.010495,-0.0012596,0.036367,-0.036272,-0.029189,0.048389,0.011631,0.036579,0.033475,0.042694,0.00021248,0.007436,0.021355,0.05505,0.04639,-0.05414,0.045277,-0.00079026,0.043447,0.028498,-0.0055131,0.046461,0.0036257,0.0052932,0.054984,0.032712,-0.001688,-0.0019696,0.054575,0.029845,0.043798,0.0043137,0.087595,7.3938e-05,0.058965,0.036868,0.01838,0.031168,0.024871,0.078988,0.074157,0.0092827,0.050668,0.060584,0.012354,0.0031631,-0.0095355,0.0063754,0.059629,0.015168,-0.00017689,0.02103,0.040178,0.035215,-0.0015111,-0.0045006,0.018842,0.051127,0.01086,0.0032308,0.0010906,0.01341,0.0012817,0.0014134
0.02741,0.026452,0.0065936,0.011056,0.0035023,-0.0092292,0.016217,0.028581,-0.015226,-0.020481,-0.019762,0.014405,0.021292,0.010266,0.067109,0.0048308,-0.0087916,0.017586,0.017179,0.05676,-0.015768,0.013933,0.074963,0.018381,0.023116,0.030339,-0.01688,0.036137,0.017714,0.064986,0.022252,0.013963,-0.013074,0.043184,0.0087113,0.023043,0.079065,-0.0022089,0.015978,-0.015919,0.02125,0.049053,-0.014022,0.025099,0.01862,0.051736,0.015113,0.038809,0.028612,-0.0083235,-0.010217,0.032068,0.041693,0.035625,0.010945,0.0014767,0.026621,0.023315,0.023717,0.056727,0.0012252,0.010116,0.023982,0.055687,-0.0037452,0.020569,0.022886,-0.016677,0.039842,0.049633,0.030464,0.070395,0.033795,0.027541,-0.0028605,0.017417,0.068507,0.078333,0.037963,0.025848,0.07288,0.027034,0.030173,-0.012274,0.013987,0.053881,0.0055946,0.031729,0.008679,0.0028721,0.01004,-0.035514,0.019468,0.033271,0.017402,0.049934,0.050565,0.020195,0.016416,0.012601
-0.039571,-0.053722,0.024053,-0.027046,0.0066721,-0.050427,0.015104,-0.012908,-0.030067,-0.020838,0.054578,-0.0037991,0.012109,0.026464,0.010007,0.0097128,0.0064026,-0.0030692,0.00541,0.017387,0.0038314,-0.039198,-0.014857,0.018765,-0.039465,0.040913,0.068064,-0.0067387,0.050884,0.026668,0.054996,0.053783,0.022961,-0.012691,0.048409,0.029303,0.0551,0.028044,-0.006966,-0.012577,-0.021468,-0.009938,-0.014384,0.023684,-2.5641e-05,0.070554,0.0010247,0.034889,-0.0079503,0.074867,-0.0067365,0.034569,0.00051159,0.025301,0.021235,-0.0051453,0.065601,0.077204,0.020402,-0.0058991,0.073008,0.014752,0.0015418,0.0030082,0.030185,0.016016,-0.0401,-0.031029,0.011499,0.036828,0.070417,0.054873,0.050094,0.040113,-0.052734,0.047161,0.013687,-0.019345,0.026425,0.010188,0.07494,0.028955,0.011449,-0.017082,0.0076834,0.06104,0.034545,0.069153,0.012717,0.0082523,0.025503,-0.0093857,-0.015575,0.015687,-0.035693,0.014946,0.027299,-0.019048,0.031808,0.052276
0.0023568,0.03696,-0.024595,0.022603,0.073036,-0.039811,-0.003552,0.018877,0.031695,0.0058695,-0.0043405,-0.0046904,-0.03548,0.075482,0.0068462,0.046018,-0.020156,-0.01478,0.01673,0.018646,-0.023344,0.0042456,0.053245,0.019979,0.021482,0.030572,0.0060402,0.0026891,0.028656,-0.0209,0.069991,0.0089019,0.032306,0.017074,-0.023545,0.046505,-0.0057186,0.028851,0.016806,0.016801,0.00050035,0.0011418,0.019992,0.049162,0.037944,0.037362,-0.029883,0.039584,-0.031969,0.0327,0.012148,0.044764,0.020371,0.03864,0.058024,0.021029,0.0084594,0.069665,-0.01102,-0.017024,0.019344,-0.020864,0.055498,0.03416,-0.03592,0.027715,0.038434,0.038176,0.010011,0.078227,-0.0036792,0.021447,0.055185,0.032468,0.011852,0.052529,0.077377,0.040693,0.036636,-0.043576,0.0040492,0.050618,-0.050644,0.0045949,0.0018497,0.033526,-0.0078708,0.010245,-0.03496,0.011593,-0.012903,0.0097941,-0.031665,0.057619,-0.0010588,0.0045522,0.024921,-0.012812,0.027208,0.0052949
0.027115,0.019016,-0.017424,0.043981,-0.022636,-0.018048,0.030588,-0.020903,0.028978,0.014011,-0.012965,-0.05114,0.016238,0.0030536,-0.038311,-0.013965,0.027337,0.016106,0.02556,0.024131,0.031475,0.07958,0.030957,0.0071272,0.071193,-0.001738,-0.011167,0.011122,-0.025391,0.0255,0.0014347,0.033768,0.026055,0.037325,0.011088,0.038036,-0.025847,0.057073,0.040577,0.016401,0.0022859,0.010674,-0.038064,-0.0046881,-0.024055,0.016865,0.036111,-0.011886,-0.0024966,-0.013322,0.057101,0.0078943,0.0052807,-0.0092278,0.020082,-0.0043762,0.054587,0.049891,0.053433,-0.05327,0.00039088,0.064163,-0.012707,0.0054603,0.0058152,0.074063,0.0072388,0.078464,0.00036398,0.010358,0.08361,-0.0055946,0.036834,0.049988,0.029803,0.025427,-0.034868,0.036574,0.040616,0.01048,0.023775,0.076427,0.049469,-0.012322,0.05944,0.046412,-0.010046,0.046922,0.018323,0.075247,0.023297,0.023247,-0.0049371,0.037429,-0.023522,0.0019784,0.029265,0.0083173,-0.0015172,-0.0043849
0.055277,0.020868,-0.00060066,-0.030666,-0.046239,0.031647,-0.0032516,0.0077135,0.018798,0.030498,0.027078,0.019101,-0.0019555,0.01754,0.041288,0.057634,0.023147,-0.020718,-0.022716,0.035213,0.046643,0.012841,0.019911,0.016007,-0.01311,0.021235,0.0067113,0.038562,0.061659,0.031584,-0.0098911,0.092392,-0.0043827,0.07365,-0.033756,0.017561,0.01954,-0.017177,-0.021396,0.0030446,1.3943e-05,0.019814,-0.025497,-0.012997,-0.0049903,0.054283,-0.026199,-0.0049294,-0.00085232,-0.024877,0.0095235,0.051415,0.038427,-0.015147,-0.014421,0.039794,-0.014035,0.044672,0.036583,0.029775,0.00060158,0.05493,-0.00057989,0.032329,-0.0093254,0.042179,-0.039013,0.01402,-0.029209,0.053086,0.01494,0.00074268,-0.0068558,0.0037152,0.034628,0.010918,0.044544,0.032132,0.022724,-0.030906,0.021517,0.013175,0.014706,0.024685,-0.0014549,-0.0003098,-0.014873,0.028509,0.034943,0.011171,0.028119,-0.0081075,-0.017549,-0.012002,0.00031993,0.060595,0.02206,0.048857,0.0050804,0.037896
0.011878,-0.0036572,-0.012244,0.038711,0.032087,0.031454,0.07241,0.030107,0.0026126,-0.009,0.019264,-0.016759,0.032461,0.027383,0.02212,0.047805,0.025641,0.043043,-0.061777,0.049124,-0.0076174,-0.0055086,-0.0068656,0.013869,0.037713,-0.016109,-0.011201,-0.00099838,0.016786,-0.025617,0.017425,0.033505,0.02635,-0.022855,-0.01258,0.022933,0.023596,0.026174,-0.052962,0.025124,0.051637,0.044547,0.017907,-0.0178,0.044572,0.0073249,0.0090647,0.012338,0.02013,-0.0021829,-0.0055041,-0.046955,0.044378,-0.0039148,0.0049049,-0.0045147,0.016334,-0.012037,0.04698,-0.0047359,0.018235,-0.03301,0.023768,0.029439,0.043642,0.011259,0.077022,-0.046017,0.015782,0.031017,-0.00097851,0.05008,0.057396,0.042197,0.034339,0.028747,0.021746,0.0027793,0.03,0.029046,0.02217,0.077759,0.071475,0.052403,0.026671,-0.022969,-0.018819,0.075078,0.048311,0.039053,0.017117,0.029488,0.061536,0.044972,0.041221,-0.024618,-0.013763,0.0027747,0.041834,0.026428
0.0069452,0.01802,0.022652,3.9514e-05,0.036238,0.031476,0.057223,-0.0079965,0.01526,-0.033441,0.0084826,0.073347,-0.022434,-0.0040155,0.024105,-0.0096844,0.013451,0.024055,0.021391,0.01538,0.054009,0.033568,0.032674,0.012157,0.0054467,0.029308,0.037864,0.0062529,0.036215,0.013364,0.025855,0.0072719,0.043938,0.042358,0.082621,0.0090189,0.035402,0.026702,0.037875,0.00071741,-0.017083,-0.035415,-0.012143,0.023394,-0.018971,0.013543,0.03819,0.0085739,-0.0022402,0.033288,0.027619,-0.011402,0.008988,0.031175,0.035069,0.0022844,0.022414,0.0098359,0.049241,-0.010021,0.03397,0.046555,-0.010281,-0.037068,-0.014752,0.0273,-0.018922,0.00112,0.048622,0.020762,0.054665,0.036955,0.010819,0.017413,-0.0021617,0.056432,0.0028494,0.042586,0.082655,0.032054,-0.0093381,0.020958,0.0050651,-0.023158,0.010499,0.024145,0.028235,0.049758,0.049156,-0.013464,0.020467,0.056637,-0.010979,-0.024099,0.044204,0.079134,-0.030659,0.0070535,0.033489,-0.01179
-0.0070969,-0.027301,0.015364,0.0032558,-0.037914,0.014008,-0.042536,-0.004839,-0.0033733,0.0030485,0.022046,0.015812,0.016675,0.031388,0.064073,0.02094,0.042189,0.031425,0.025368,-0.0073072,0.00023745,0.034594,0.038408,0.0073339,0.046998,0.044306,-0.0076447,0.034274,0.026884,0.0010987,-0.0076215,0.031912,-0.015062,0.05369,-0.059776,0.00085237,-0.0060338,0.067137,0.020629,0.049777,0.057939,0.023189,0.02186,0.0031533,0.046566,0.051731,0.047921,-0.00089757,0.041705,-0.0036824,0.0072548,0.084377,0.0079814,0.016529,-0.0088307,-0.04381,0.067014,0.029003,0.014382,-0.0011017,0.0090512,0.046786,-0.0091421,-0.029286,-0.022824,0.040615,0.017023,-0.045666,-0.00095129,0.014928,0.055812,0.0065156,0.027761,0.029843,0.028701,0.05519,0.012029,-0.0065336,-0.0060819,0.025373,-0.01773,0.019903,0.035237,0.034169,0.038302,0.016092,0.044885,0.042122,0.04465,0.04666,0.02581,0.040752,0.085671,0.0072649,0.024566,0.0057136,-0.053488,0.049398,0.029853,0.058314
0.0026498,-0.039695,0.055854,0.04498,-0.011187,-0.022907,-0.0098542,0.034354,0.018418,0.01285,-0.0088149,0.052332,0.0051785,0.012317,-0.0016369,-0.017372,-0.025324,-0.00156,0.016684,0.010605,0.066548,0.043294,0.031057,0.026719,-0.0027208,0.082431,-0.057627,0.056117,0.016928,-0.021507,0.067101,0.0129,0.027852,-0.014226,0.0010501,-0.010237,-0.0084099,-0.012388,-0.013691,0.0038279,0.05062,0.026176,0.034549,-0.012156,0.0012374,0.048292,0.024997,0.066875,0.077909,0.053347,0.078045,0.035001,-0.021342,-0.014106,0.053468,0.028289,0.001783,0.051103,0.015955,0.054304,0.0083149,0.016714,-0.023257,0.066713,-0.034824,0.0023409,0.0077827,0.040229,0.022014,-0.015576,0.10013,0.002321,0.035605,0.013182,0.033808,0.0176,-0.010871,0.048633,0.021472,0.075791,0.035398,0.062177,0.030326,0.013731,-0.028686,0.018906,0.00080333,-0.007841,0.03362,0.040716,-0.01884,0.027935,0.049492,0.032565,0.021997,0.00036564,0.0031999,0.017753,0.030191,-0.013756
0.00282,0.027246,-0.025103,0.031168,0.001389,-0.039666,-0.013608,-0.0036376,0.010564,0.029476,0.0191,0.027541,-0.048434,-0.017374,0.0030736,-0.013795,0.040384,0.028651,-0.039921,0.036894,0.0020397,0.0071306,0.014498,0.027705,-0.0019885,0.051512,0.0080633,0.0056052,-0.03724,-0.0042396,-0.0066634,0.019224,0.08649,-0.038353,0.0073898,-0.0042619,0.05029,-0.014222,0.0063506,-0.02251,0.0013196,0.035182,0.0069584,0.023518,0.031246,-0.066114,0.046815,0.01764,0.050066,-0.033042,0.043107,0.051386,0.0069619,0.054173,0.0258,0.057828,0.069347,0.046151,0.013492,0.033953,0.058593,0.029341,0.041665,0.044134,0.033596,0.020068,0.023467,-0.01345,0.029739,-0.022548,0.02154,0.012253,0.0032326,0.03152,-0.00057462,0.04872,0.011016,0.054503,-0.037535,0.073709,0.03933,-0.0030168,0.024969,0.028537,0.011956,0.056244,0.0082698,0.011552,0.054424,0.037706,0.0364,-0.01697,0.0068552,-0.0057153,-0.028233,0.046206,0.03961,0.029618,0.023686,0.025264
0.0054208,0.063518,0.029624,-0.015554,-0.012123,0.040574,-0.0064883,-0.008383,0.0083759,0.030206,0.0048726,0.044053,0.023709,-0.0060808,0.053811,0.027072,0.059372,0.058381,0.055153,0.061656,-0.013704,-0.007603,-0.00061812,-0.026276,0.0071344,0.056979,0.027126,0.0017212,0.045146,0.023118,0.0035033,0.028211,-0.0060621,0.067737,-0.030699,-0.02537,0.032141,0.038864,-0.028493,0.012912,-0.031579,0.014466,0.025122,0.042877,0.012673,0.016512,-0.011815,0.046984,-0.036915,-0.0026666,0.01146,0.013783,0.021247,-0.035473,-0.011932,0.001356,0.007432,0.041231,0.036785,0.063165,0.012234,0.0058967,-0.013659,0.023521,0.00029816,-0.0054622,0.025994,-0.012607,0.015777,0.04629,0.0072461,0.016187,-0.0088995,0.024538,-0.021528,0.060407,-0.016383,0.016307,-0.00021148,0.042789,0.018811,0.06148,0.05706,0.031625,0.044205,0.042919,0.049681,0.009976,0.0064844,-0.0055484,0.040385,0.035252,-0.0096497,-0.050014,0.020456,-0.0044637,0.011323,0.0069879,0.032996,0.056761
0.018268,0.0059189,0.028922,-0.042784,0.022793,-0.024081,-0.015663,0.0094858,-0.026949,0.031828,0.041622,-0.004064,0.07951,0.059648,0.045671,0.0056496,0.0079062,-0.018644,0.078317,0.1126,-0.0017515,0.013361,0.013041,-0.0083302,0.030191,0.00644,0.0031994,-0.040887,-0.0096433,0.020455,0.031563,0.027234,0.016285,-0.012059,0.043954,0.0018863,0.094794,0.02879,0.057959,0.037281,-0.011323,0.014718,0.02712,0.010056,-0.0015225,0.042338,-0.0082211,0.039014,-0.024876,0.012517,-0.0031219,0.0025344,0.032939,0.011281,0.019308,0.029072,-0.02317,0.084439,-0.0046846,0.018846,0.043034,0.036,0.0036481,0.0020222,0.052923,-0.0086495,0.012512,0.019056,-0.019613,0.025225,-0.015574,0.00092694,0.021617,-0.021961,0.0030189,0.03537,0.12915,-0.011697,0.053155,0.013269,-0.0048772,0.022845,-0.044022,0.018289,0.0058905,-0.0036442,-0.013669,-0.035425,0.0168,0.067808,-0.030118,0.060333,-0.014123,0.027697,0.016646,0.034394,-0.041387,-0.015096,0.014484,-0.011581
-0.0025068,0.012607,0.025591,-0.024659,-0.017694,0.011952,-0.014807,0.0051265,0.061883,0.079308,-0.0024095,0.024652,0.013157,-0.024085,0.0091836,0.0067038,0.05291,-0.043452,-0.012518,0.044624,0.027618,0.0015777,0.086199,0.016124,-0.017785,-0.0068054,-0.011859,0.016479,0.045106,-0.0021129,0.028059,-0.00070613,0.024923,0.038471,0.015967,0.0051524,-0.020558,0.028575,0.0095836,0.014798,0.042631,-0.014458,0.037272,0.028394,0.087032,0.027074,0.014117,0.02015,0.038471,0.0037527,-0.009036,0.00052376,0.043621,0.059927,0.021415,0.063572,0.013405,-0.021754,0.0086851,0.039306,0.00094889,0.024805,0.02771,0.028092,0.034621,-0.024328,0.020715,0.03948,0.031027,0.027851,0.038208,0.017071,-0.010693,-0.02501,0.029161,0.066903,0.0058392,0.029441,-0.02216,0.058983,0.014952,0.055984,0.0047855,0.00038705,0.029229,-0.015031,-0.029707,0.039621,-0.031202,0.011588,0.022301,-0.028957,0.042233,-0.012121,0.047589,-0.004269,0.01149,0.029236,0.012432,0.0084085
0.016147,-0.0023738,0.024893,0.011985,0.10497,0.051391,0.062334,0.0065865,0.009075,-0.018063,-0.015161,0.041901,0.043982,0.044459,0.071555,-0.0064266,0.026943,-0.038114,0.020227,0.036005,-0.030246,0.034294,-0.0055799,0.030796,-0.00062357,0.021963,0.07641,0.0067937,0.010913,0.00084571,-0.0083506,0.07046,0.018201,0.008367,0.078049,-0.010405,0.0012007,0.017205,0.02973,0.014289,0.00050018,-0.0034049,0.027747,0.013399,-0.005325,0.07674,0.036419,0.025604,-0.00466,0.016763,0.028965,0.041919,0.00027142,0.01471,-0.01403,0.038331,0.010674,0.028068,0.044946,0.026562,0.014978,-0.031932,0.066631,0.039569,-0.019216,0.021469,-0.010386,-0.0043778,0.0095802,0.0034397,0.0026258,0.048111,0.046472,0.0062479,-0.0029546,0.028956,0.021667,0.040324,0.062431,0.0035812,0.0063699,0.029957,0.0021839,0.024918,0.011971,0.040972,0.0086844,-0.01092,-0.014073,0.030154,-0.00064849,0.017585,0.036344,0.049135,0.017214,0.051812,0.009795,0.010915,-0.013112,0.04411
-0.016974,-0.012611,-0.024674,0.021885,-0.010548,0.0063206,0.018122,0.036203,0.01508,0.013701,0.025323,0.0025093,-0.0081349,-0.0088036,0.041649,0.037315,-0.0001502,0.0098978,0.012002,0.016549,0.055286,0.011026,0.011315,-0.015115,-0.01861,0.036717,-0.005029,0.02656,0.034182,0.029642,0.001689,0.049561,0.036209,0.030317,0.027773,0.022153,-0.016425,-0.045466,0.025995,-0.022473,0.0049056,0.053731,0.013656,0.021466,0.019576,0.060073,0.0086522,-0.0032339,0.027741,-0.032394,-0.0007841,0.038264,0.0047111,0.04687,-0.022076,0.016782,0.0088601,0.017967,0.034885,-0.0032668,0.097855,0.038641,-0.0032539,0.027266,0.013698,0.062146,-0.019042,0.043605,0.019114,0.03821,0.034795,-0.056085,0.019831,0.033215,-0.015288,0.0058356,0.03475,0.025525,0.00043155,-0.041691,0.015904,0.047865,-0.020031,0.041137,0.03812,0.034155,0.04505,0.072008,-0.025376,-0.012125,-0.028746,0.024103,0.004692,0.05086,-0.012633,0.054729,0.051717,-0.0065245,-0.021703,0.023196
0.017993,0.003012,0.02672,0.053933,-0.063356,-0.02098,0.027,-0.0033683,-0.0079851,0.015779,-0.034837,0.0073686,0.053118,0.040227,-0.038189,0.033357,-3.7816e-07,0.024817,0.0057335,-0.0072062,0.010353,0.013205,0.015926,0.00046404,-0.0016973,0.009454,0.039285,0.0088984,0.062601,-0.067691,-0.012996,0.044178,0.041737,0.010488,0.015135,0.043437,0.0026279,0.0229,-0.0067164,0.040416,0.016915,0.02889,0.063704,0.015783,0.036234,0.0071625,0.013854,0.047278,0.0006635,0.010753,0.033074,-0.061611,0.037377,0.029098,-0.013841,0.074577,0.014462,0.019352,0.013355,0.065718,0.0033475,0.027086,-0.0018267,0.032516,0.025636,0.01304,0.04878,-0.022084,0.040516,0.057205,0.031557,-0.0042925,-0.048359,-0.0020139,-0.017356,-0.0032379,0.017892,0.0091178,0.042672,0.019111,0.035267,-0.01443,0.022581,0.014627,0.0043825,-0.036173,0.052836,0.024339,0.011469,0.030607,0.03517,0.080849,-0.003532,-0.030468,-0.0081844,0.011425,0.015463,0.0030619,0.046458,0.040847
0.036639,0.025675,0.074635,0.010628,0.032183,-0.021606,0.02063,0.040112,0.049988,-0.026465,-0.0082,0.0071484,0.046179,0.042889,-0.0084728,0.01206,0.03158,0.040352,-0.0022923,0.030687,0.018902,-0.023058,0.040683,0.034797,0.014664,0.022305,0.071388,0.0046536,-0.022817,0.0048749,0.0014785,0.0067151,0.064994,0.016649,-0.011179,0.045925,-0.019615,0.020631,-0.017006,0.055615,-0.018778,0.08249,0.0039724,0.043506,-0.01925,0.036246,0.054452,0.030411,0.025748,-0.034145,0.00055666,0.065202,-0.039594,0.04046,0.038088,0.060647,0.00094491,-0.0023472,0.046773,0.01706,0.016886,-0.0096042,0.064636,0.039926,0.026315,0.017522,-0.013567,0.012234,0.00088533,-0.019375,0.060308,0.034976,0.049432,0.028132,-0.013434,0.043624,0.029954,0.013851,0.0079676,-0.0031601,0.046162,0.040874,0.010576,-0.015134,0.028427,0.056348,0.0071148,0.0066176,0.031072,0.018123,0.077767,-0.018547,0.0049259,0.026606,0.053855,0.047855,0.024825,0.015951,0.00011244,-0.040843
0.00050486,0.0024977,0.020898,-0.0048022,0.022514,0.0083559,0.0068231,0.011449,-0.016567,0.034617,0.00016181,0.049769,-0.0093148,0.0091959,0.00067413,0.064633,-0.00059617,0.0010392,0.0016401,0.016681,-0.010953,0.033588,0.017346,0.040786,0.055132,0.031205,-0.0032225,0.062374,0.0083571,0.012494,0.014465,0.019693,0.065732,0.0091172,-0.01161,0.010477,0.056468,-0.032018,0.015214,0.024613,0.017,0.062392,0.016843,0.059072,0.011587,0.055904,0.031802,0.079035,0.021177,0.022221,0.042971,0.029144,-0.030059,0.0087534,-0.021698,0.0068184,0.0054174,0.015926,-0.018806,0.093998,0.0033625,0.016874,0.055526,0.023711,0.028725,0.062528,0.045056,0.00066653,0.010492,0.0047668,0.039631,0.053931,0.051859,-0.0032255,0.038677,0.02892,-0.0048122,0.043681,0.0071874,0.049733,-0.0069545,0.014909,-0.010238,0.021976,-0.00021805,0.042023,0.020896,0.073501,0.03657,0.043987,0.016111,0.027517,0.018061,-0.014225,0.020673,-0.052548,0.033337,-0.0045092,0.028386,-0.012295
-0.0011433,-0.026598,0.018415,0.0089381,0.037698,0.01875,-0.041922,-0.040413,0.061847,-0.027508,0.037383,0.054224,-0.01147,0.030748,0.066409,0.021856,0.061287,-0.05444,0.015134,0.045014,0.0054707,0.0018131,0.016211,-0.0056717,-0.010892,0.0038212,-0.022312,0.062152,0.012678,0.0044884,0.042924,0.013287,0.026018,0.02695,0.031193,0.012819,0.041637,0.063229,0.0065138,-0.01132,0.012162,0.011463,0.07406,0.070333,-0.010691,-0.024144,0.02198,-0.0093386,-0.0017119,0.011441,0.023974,0.055511,0.010001,0.0044431,-0.004361,0.01736,0.0674,0.058587,-0.019894,0.0077426,0.017112,-0.022429,-0.028541,-0.031724,0.032445,-0.041795,-0.03104,-0.01187,0.028494,0.0035626,-0.022874,-0.027531,0.012024,-0.010454,-0.011858,0.024117,0.0057711,0.0061756,-0.017853,0.034474,-0.0087144,0.030777,0.0079623,0.022235,0.015765,0.057555,0.030154,0.022998,0.03915,0.068982,-0.00085191,-0.0032553,0.013758,0.051112,-0.01967,0.022864,0.01046,0.021653,0.05996,0.028145
0.049672,0.0065683,-0.0089443,-0.00067817,0.05582,0.037642,-0.017287,-0.026657,0.046388,-0.044498,-0.0089643,0.055115,0.015235,-0.0071115,0.016689,0.014797,0.027538,0.048374,0.044834,0.053315,-0.022828,-0.0034072,-0.039289,0.013217,0.054304,0.051056,0.0028697,0.039944,-0.0072739,0.056642,0.0098303,0.023645,0.05472,0.040864,0.010948,-0.0036502,0.0062738,-0.0047787,0.012625,0.052381,-0.012227,0.013427,-0.048446,-0.0025262,0.022183,0.0025236,0.0090488,0.016904,-0.050909,0.04747,0.08817,0.0054227,-0.0040681,-0.015061,0.028646,0.030668,-0.0066864,0.055737,0.011074,0.053991,0.01636,0.021752,0.029295,-0.0055877,0.049449,-0.005577,0.036003,0.033233,0.042924,0.028288,0.057866,0.027298,0.0015137,0.0014774,0.068174,0.047904,0.017418,0.025634,0.042403,0.0063795,0.022184,-0.02128,0.045967,0.0031212,0.0042357,0.10175,0.027972,0.061897,0.017586,0.049186,0.097964,0.064184,-0.0026662,0.019354,-0.0064056,-0.0083007,0.034562,0.011436,0.021094,0.0468
0.017191,-0.010365,0.024009,0.025177,0.080168,-0.013126,-0.018571,0.042584,-0.015821,0.028895,0.014315,-0.018469,0.098123,-0.025275,-0.027132,0.03683,0.077452,0.0085671,-0.015943,-0.022324,0.0085817,0.027172,0.035031,0.013173,0.062213,0.022946,0.027336,0.048669,0.063473,0.072748,0.053045,0.042452,0.054479,0.0382,0.013361,0.030545,0.026734,0.045227,0.016013,-0.011355,0.057984,0.060881,-0.018708,0.019697,-0.0027343,-0.039026,0.010102,0.053819,-0.014423,0.083294,0.075787,-0.010111,-0.012778,0.04386,0.0094313,0.011949,0.040072,0.037066,0.066489,-0.01438,-0.002154,0.044082,-0.0057648,0.06107,0.022963,0.00091058,-0.023823,0.021403,0.023261,-0.0044048,-0.011258,0.057725,0.029504,0.026896,0.019507,0.0070713,0.063668,-0.0050939,-0.0039795,0.011824,0.024198,0.070197,0.040205,0.0044469,0.067201,-0.014955,0.0013516,-0.010671,-0.021571,0.013552,0.044008,0.021839,0.0051447,0.040712,0.027177,0.0086567,0.047807,0.030896,0.042813,0.026183
0.020351,0.01432,-0.055089,0.023113,0.02214,0.02567,-0.017685,0.010866,-0.056462,0.04702,0.02366,0.015383,-0.013585,0.010155,-0.0025439,-0.074793,0.047856,0.008984,0.034379,0.008117,0.074398,0.026534,0.048542,0.044083,0.01158,0.0067139,-0.019021,0.051705,0.0551,0.076843,0.060258,0.042622,0.008711,0.015879,-0.0079403,-0.017572,0.0047165,0.019392,-0.0086794,0.063553,0.053263,-0.0033714,0.023732,0.016625,0.010507,0.019247,-0.022716,0.012678,-0.018122,-0.011041,0.025802,-0.01652,0.0038081,0.047538,0.026489,0.0085101,0.025828,0.027114,0.042274,0.077396,0.063319,-0.0024126,0.023046,0.0067536,0.025668,0.029816,0.043759,0.031171,0.043261,0.022545,0.0051923,-0.02243,0.014019,0.039923,0.0075191,0.0038047,0.0092771,0.017176,0.036264,0.0055488,0.040736,0.04058,0.0035324,0.00079665,0.046014,-0.012507,-0.032439,0.033471,0.018301,0.049084,0.062455,-0.012946,0.052666,-0.011218,-0.034177,0.01368,0.014743,0.05059,0.0057311,0.011926
0.024751,0.082432,-0.02548,-0.0072725,0.048075,0.01811,0.024189,0.058114,0.0084046,0.022572,-0.0028992,0.0088274,0.0015222,0.050499,-0.045545,0.02321,0.007186,0.0067085,-0.012668,-0.0012292,-0.013392,0.0087147,-0.038829,0.049018,-0.00128,-0.00030555,0.023549,0.098614,0.0027895,0.052642,-0.003809,-0.033264,0.0452,0.0027791,0.052606,0.060866,0.019397,0.039454,0.0017702,-0.0061234,-0.0020254,-0.0015211,0.054727,0.0049995,-0.047511,0.024825,-0.047241,0.0037957,0.032972,0.069659,0.065128,0.020912,0.018544,-0.014654,0.0040462,-0.030269,-0.023661,0.063779,-0.0087633,0.03068,0.035406,0.028959,0.018141,0.064144,-0.0012797,0.065665,0.0071062,0.0019136,0.017706,0.036404,0.058156,-0.01186,0.007624,0.058001,0.011628,0.021476,-0.05731,0.046492,0.064427,0.042765,0.036804,0.071104,0.037544,0.018662,0.0093882,0.026254,0.027464,-0.028273,-0.021732,-0.0020695,0.035163,0.025851,-0.026787,0.0076377,0.027652,-0.0039199,0.023862,-0.0019173,0.00064831,0.036523
-0.025973,0.022953,-0.011702,-0.038451,-0.0056969,-0.0039783,0.023233,-0.027847,0.033534,0.027595,0.0023828,0.035713,0.019154,0.038168,0.061091,0.008047,-0.00068767,0.013937,0.025722,0.036962,0.051785,0.043196,-0.030282,-0.03318,0.019085,0.01907,0.033217,0.04213,0.045968,0.010157,0.033544,0.025873,0.0448,0.0063915,0.037317,0.08535,0.076109,0.050459,0.060573,-0.039993,-0.011602,0.030475,0.039204,-0.022066,0.0085374,0.017341,-0.015912,0.037704,0.044405,0.029411,-0.0059753,0.025487,0.036095,0.05007,0.019292,0.023197,0.0078945,0.074463,0.055596,0.019337,-0.0057995,0.028204,0.032479,-0.015968,0.0020392,0.023393,0.055646,0.025943,0.050516,-0.0023697,0.0031453,0.039827,-0.017131,0.041033,0.021211,0.020158,0.02421,0.043504,0.030902,-0.024269,-0.0069506,-0.0057819,0.018146,-0.027682,0.025806,0.016342,-0.014408,-0.042995,0.020375,-0.0071923,0.011401,-0.011673,0.0082356,0.070646,0.032917,0.036216,0.081334,0.051993,0.082993,-0.0062208
0.046116,-0.0083313,0.020472,-0.0058492,0.037421,0.00014288,-0.0057795,0.0044391,0.017655,-0.0094472,-0.016019,0.020956,0.023675,-0.025691,-0.0017604,0.012788,0.010161,0.0020281,-0.046572,0.056304,0.036391,-0.00057821,-0.020823,0.01929,0.017142,-0.055661,0.018812,0.018639,0.026851,0.015959,0.041623,0.058222,-0.0085113,0.046653,0.030796,0.019216,0.057348,0.025547,0.054109,0.017989,0.0588,0.015913,0.038069,0.012019,0.0085343,-0.029241,0.013514,-0.0039468,0.019714,0.0015165,0.0067047,0.016036,0.014813,-0.022683,-0.019502,0.018146,0.018293,-0.07354,0.018205,0.03445,-0.017597,-0.023459,0.06695,0.0039932,-0.034731,0.040749,0.034052,-0.0081766,-0.014528,0.028834,-0.011972,0.034944,0.037249,0.047047,0.015739,0.031958,0.058339,0.048014,-0.015176,0.090299,0.067031,0.030484,0.010893,0.0024029,0.0072435,0.057399,0.02711,0.071624,0.029076,0.066943,-0.00017031,0.022658,0.029013,0.021841,0.026238,0.065584,0.028411,0.015576,0.058243,0.023937
0.058998,-0.033979,-0.015734,0.0022476,0.0049858,0.047126,0.038814,0.063288,0.0080477,-0.027057,0.022773,0.0050259,0.027898,0.021025,0.082596,0.0042427,0.03994,0.081394,0.04371,0.0097967,0.01574,0.035771,0.024686,0.0091922,-0.034484,0.033491,0.038598,0.00014082,0.033369,0.029026,0.051539,0.0092945,0.0055931,0.083248,0.012246,0.056433,0.051122,-0.017928,0.015597,-0.022397,0.0049082,0.047659,-0.014472,0.034361,-0.0089496,0.013148,0.004833,0.0083463,0.052966,-0.048985,0.028393,0.022862,0.014768,0.014188,0.020382,0.043127,0.018622,0.027832,0.025186,0.03852,0.0066681,0.055546,0.037055,-0.035861,0.034823,-0.019184,0.015189,-0.011647,0.024751,0.0059086,0.02308,0.023751,0.0050452,0.020016,-0.014872,-0.016102,-0.039593,-0.0088349,0.027198,0.037782,0.030402,-0.037846,-0.0058419,0.042826,0.02271,-0.034164,0.010775,-0.011487,0.044376,0.026198,0.039112,0.028397,0.062273,-0.0029595,0.047532,0.04109,-0.041188,0.012208,0.037495,-0.022353
-0.04125,-0.069944,-0.0030721,0.032669,0.033169,0.00026609,0.020697,0.02086,0.012083,0.014181,0.054893,0.055399,0.023067,-0.047574,0.0503,-0.010037,0.071359,0.0034143,0.021098,0.00045002,0.0091075,0.077229,-0.03336,0.079958,0.052897,-0.0097464,0.062727,-0.0043173,0.0088383,-0.029588,0.032896,-0.0079619,0.027998,0.045231,0.029339,0.0148,0.05729,-0.0026222,0.017705,0.014033,-0.01612,0.038184,-0.0021583,0.051564,0.006921,0.045902,-0.00062266,-0.038861,-0.038278,0.038567,0.028748,0.024008,-0.0095812,0.059056,0.022387,0.0067783,-0.057936,0.077402,0.044104,-0.00638,0.048953,0.077008,0.043382,0.056711,0.040677,0.0099506,-0.012696,-0.0034332,-0.00062564,-0.013663,0.0077538,0.033651,-0.0046631,0.021252,0.057497,-0.0049977,0.053634,0.03787,0.028887,0.043226,0.00061648,0.012415,0.032727,0.0972,-0.0005305,0.076489,0.034689,0.06589,-0.001297,0.011421,0.040038,-0.038741,0.049893,0.019899,-0.011945,0.0060376,0.030604,0.018515,0.040958,0.030971
-0.010393,0.010442,0.004706,0.0056441,-0.014444,0.034172,0.0083504,0.0085976,-0.031098,0.0068982,0.038232,-0.04379,-0.014496,0.051,0.036818,-0.016476,-0.024699,0.00096876,0.036761,0.023508,0.047938,-0.0041975,0.0037185,0.011479,-0.0029595,0.025586,0.054241,0.047676,0.004865,0.003221,-0.0011551,0.062747,0.011433,0.090429,0.034913,-0.034387,0.018002,0.063481,-0.017318,-0.00095709,0.028912,0.0096491,0.032065,0.061788,0.018349,-0.024774,0.037316,0.0059055,0.043926,0.029394,-0.0095464,0.039993,0.073512,-0.013858,0.017393,0.0097648,0.025705,0.0039011,0.044915,0.02818,-0.0001077,0.020828,0.021582,0.012127,0.028824,-0.070316,0.024582,0.0171,-0.037244,0.0048934,0.010595,0.032707,0.014767,-0.015814,0.013501,0.012686,0.037752,-0.0032266,0.085475,-0.0083921,0.021501,0.0041909,0.004414,-0.0013989,0.076695,0.03282,0.0040493,-0.0039432,-0.014842,0.019835,0.0211,0.012365,0.054408,0.027573,0.036913,0.044687,0.088663,0.04135,0.03322,0.022702
0.043949,-0.0043143,0.011141,-0.023783,0.031128,0.028453,0.024919,0.0044153,-0.041629,-0.0014367,-0.0058885,-0.036792,0.0095308,0.029423,0.037736,0.036833,-0.040425,0.0091378,0.050649,0.019341,0.01485,0.048074,0.028383,0.0057668,0.031135,0.035701,0.017945,-0.0019779,0.060504,0.0096947,0.032181,-0.01485,0.03316,0.038075,0.066376,0.0021985,0.042241,0.057511,0.023836,0.024372,0.022802,0.0186,0.03123,-0.0045166,-0.024979,-0.03608,0.014422,0.010482,0.084785,0.0094155,0.050566,0.020734,-0.010685,0.025534,0.034684,0.034655,-0.0057973,0.0069096,-0.014455,0.030453,0.010367,0.014384,0.038223,0.011384,0.019489,-0.0064236,0.039115,0.036115,0.032351,-0.0060991,0.056375,-0.0041193,0.0542,0.0020437,-0.012942,0.054963,-0.0017167,-0.012277,0.048248,0.036411,0.031423,0.0047925,0.009394,0.022088,0.0014091,0.049145,0.027923,0.045129,0.061051,-0.0086462,-0.035791,0.004477,0.036839,0.0055975,-0.032303,-0.0024523,0.032996,0.055782,0.0067111,0.068812
-0.036029,0.017535,0.037673,0.012465,0.040471,0.017054,0.04406,-0.034941,-0.0095905,0.018659,0.0024951,-0.028168,0.037385,-0.0005073,-0.021434,0.047003,0.0046682,0.031015,-0.0067239,0.0090297,0.033456,0.039234,0.008853,-0.003174,0.044591,0.028464,0.0047409,0.072354,0.034858,0.0026557,0.024508,0.016013,-0.015569,0.058525,0.029669,0.058123,0.018971,-0.013098,0.03239,0.060732,0.031417,0.01994,0.055492,0.077652,0.022767,0.035376,-0.010092,0.0044658,0.016281,0.048456,0.065809,0.031452,-0.013353,-0.0073391,0.019739,0.01903,0.053354,0.005281,-0.030365,-0.015857,-0.026445,0.03135,-0.047816,-0.019853,0.024563,0.0053135,0.035034,0.031564,0.03579,0.014716,0.017506,0.0092874,-0.010672,0.035222,0.062154,0.030179,0.024877,-0.015298,0.06198,0.064404,-0.043429,0.02362,-0.016005,0.017412,-0.026393,0.084395,-0.013202,0.03787,0.0017528,-0.018855,0.0010208,0.035034,0.082952,-0.028133,-0.00025603,0.042331,-0.029379,0.032136,-0.006888,0.021657
0.022419,0.032596,-0.017527,0.042621,0.03117,0.04766,0.023913,0.040521,0.045836,0.010022,0.044612,-0.0031363,0.012741,0.048667,0.024814,0.031562,0.06894,-0.02783,0.028588,0.037642,0.013679,0.067984,-0.024896,0.0279,0.032551,0.018609,0.015085,-0.00078369,-0.0090819,0.0042403,0.036088,0.06119,0.056793,0.037307,0.03361,0.027577,0.035244,0.034918,0.087725,0.037934,0.058295,0.036504,0.030126,0.025773,0.055558,0.011593,0.016212,0.0034729,0.032253,-0.017427,0.01972,-0.0078166,0.037997,0.018348,-0.0097847,-0.0017312,-0.028832,-0.015482,0.012893,-0.025419,-0.017047,0.021962,0.0302,0.061383,0.037729,0.060187,0.049182,-0.0012725,0.016057,-0.0051745,0.064231,-0.014778,0.013596,0.066512,0.050318,0.038042,-0.006021,0.033672,0.0026237,0.023824,0.0026353,0.011757,-0.010273,0.015306,0.028056,0.0064451,0.012199,0.029188,0.0014252,0.019167,-0.0017476,0.06298,0.00070079,0.020115,-0.025025,-0.0101,0.0092458,-0.019167,0.043879,-0.019551
-0.02264,-0.010622,0.013638,0.039331,-0.00088488,-0.0090272,-6.7075e-05,0.035254,-0.054732,-0.027124,-0.013237,0.035299,0.0135,0.0066935,0.062306,0.03816,0.0016476,0.033347,0.020209,0.011267,0.048675,0.015222,0.010213,0.034348,-0.002706,-0.02556,0.023842,0.004722,0.0052745,0.061352,-0.00079907,0.036952,0.032496,0.026943,0.019024,0.011638,0.010187,-0.0028392,0.0071314,0.053649,-0.038381,0.091147,-0.015863,0.057531,-0.043975,0.041553,-0.0094839,0.016924,0.062759,0.0376,0.013375,0.00080139,0.033786,0.023535,0.015957,-0.038983,-0.021697,-0.019272,-0.016688,0.045598,0.065948,0.0074984,0.0095154,0.057349,0.045878,0.0028318,-0.0035412,0.011949,0.021265,-0.029646,-0.013247,0.001889,0.028237,-0.018062,0.016917,0.0018895,0.00513,0.046345,0.013648,0.088171,0.012657,0.062087,-0.01033,0.031916,-0.014613,0.014337,0.041973,0.013509,-0.007513,-0.015343,-0.017596,0.065574,0.076887,0.013551,0.0088872,0.015865,0.023319,-0.011008,0.036736,0.012854
-0.010726,-0.0050541,0.028826,0.01958,0.042305,-0.04433,0.026183,0.033253,0.061793,0.028126,0.014294,-0.016544,0.027496,-0.0028535,0.009662,0.019224,0.0027874,0.02894,0.017057,0.011145,0.031396,-0.020913,-0.019883,0.032003,0.022782,0.070024,0.036422,0.010456,0.023738,0.033166,0.033905,-0.00092227,0.040946,0.015493,-0.041605,0.0049741,-0.0075189,0.017451,0.045836,0.091987,-0.016727,0.038282,-0.023155,0.098553,0.019734,-0.029414,0.0081997,0.033793,-0.016984,0.045271,0.049147,0.046412,0.020099,0.047812,0.0057494,0.026459,-0.029399,0.0055055,0.039425,0.0019874,0.011191,0.017362,-0.0012638,0.039211,0.0009205,0.053986,-0.028012,0.036676,-0.010548,-0.0090656,0.031047,0.024265,0.014883,0.054545,0.051586,-0.031399,0.018642,0.010767,0.059569,0.015143,0.0043924,0.056126,0.018989,-0.026218,0.034929,-0.0080444,0.051495,0.029369,-0.0026082,0.050256,0.046224,-0.0040336,-0.0057766,0.033214,-0.01675,-0.055094,0.035214,0.031811,0.048208,0.040763
0.015485,0.0095106,0.009371,-0.031333,0.065731,0.0020271,0.0045178,0.040757,0.0059285,0.0042216,0.0043015,0.067546,-0.025607,0.041775,-0.0064326,0.015808,-0.0074674,0.013771,0.016148,0.042443,-0.031907,-0.020351,0.025957,0.029628,-0.011174,-0.039187,0.053423,0.01081,0.076806,0.025729,0.012698,0.035873,-0.021429,0.019698,-0.0062514,-0.02204,-0.0064099,0.034785,0.015586,0.0025583,0.045652,0.052084,0.022731,0.0581,0.021209,0.033481,-0.0038987,0.029807,-0.012265,0.024614,0.015834,0.0026432,0.0035493,0.01415,0.041293,-0.012198,-0.04538,0.0014773,0.039879,0.01578,-0.0020617,0.021992,0.0426,-0.043051,0.070619,0.040682,0.056994,0.042893,0.052167,0.02854,-0.052605,-0.050291,0.059581,0.010377,-0.020436,0.032848,0.02285,0.013284,0.022162,-0.0061176,0.03704,0.0076932,-0.0011016,0.014206,0.044804,0.08035,-0.0077749,0.079007,-0.027045,0.010641,0.041191,0.053164,0.015761,0.013823,0.015236,0.030686,-0.0079373,0.021725,-0.0053875,0.0066589
-0.042808,-0.0047191,-0.037997,0.034131,0.010075,0.00015596,-0.0027698,0.032636,-0.016043,0.0067271,-0.0039139,0.011981,0.010736,0.10992,0.029103,0.025632,0.014281,0.017844,0.050497,-0.0067789,-0.034364,-0.060141,-0.024149,0.016153,0.0075685,-0.022263,0.063034,-0.029092,0.0026016,-0.018757,0.039826,0.050469,0.049363,0.036489,0.077071,0.047911,0.050658,-0.059397,0.013295,-0.0080715,0.059746,0.04873,0.01415,0.032971,0.021444,-0.00034289,0.029429,0.025799,0.035127,-0.03082,0.0407,0.0099725,-0.017098,0.019625,0.020905,-0.02034,0.036157,0.041097,0.023266,0.064025,-0.0008417,-0.011609,-0.016184,0.026118,0.010833,0.080733,0.030187,0.017556,0.016978,0.045358,0.00081181,0.029952,-0.00060754,0.078774,-0.027825,-0.0094683,0.051076,0.0030843,0.035992,0.041094,0.05593,0.035232,0.021695,-0.029278,0.010577,-0.02566,0.050363,-5.8694e-05,0.043552,0.092944,0.036592,0.022313,0.048275,0.047169,-0.020611,0.0077958,0.035613,-0.00094732,-0.0052564,-0.010611
-0.0015548,0.037203,0.016099,0.0027883,0.033634,-0.031192,0.025482,0.02388,0.011201,0.036238,0.02511,0.033832,0.061185,0.029135,0.019547,0.021037,0.0028228,0.017051,-0.038321,0.0075958,-0.052134,0.0068558,0.01579,0.069875,0.015079,0.024985,0.05935,-0.02134,0.028697,0.051692,0.067631,-0.010069,-0.00028956,0.029006,-0.014616,0.018888,0.025013,0.0023648,0.020108,0.0082344,-0.01507,0.043112,-0.015704,-0.019108,0.017652,-0.021078,0.0065402,-0.048382,0.00098444,0.0066055,0.024706,0.014943,0.023024,0.051123,0.063357,0.053312,0.085891,0.052114,0.04698,0.053032,0.0022174,0.028474,0.029076,0.010068,0.059265,0.013884,0.0023944,-0.023776,0.022021,0.019667,0.013856,-0.043154,0.041668,0.056728,0.0083751,0.015175,0.043562,-0.0044511,0.025659,0.02909,-0.020318,0.053684,0.015896,0.057347,-0.027659,0.0018496,0.035064,-0.00092778,-0.0080339,0.023343,0.051622,0.060992,-0.00010023,0.025404,0.051063,0.034855,0.010738,0.036033,0.024885,0.01363
0.012375,-0.029076,-0.012607,0.0051266,0.089165,-0.0036946,-0.031158,0.00036176,0.015721,0.024689,0.027743,0.0074944,0.012099,-0.0073017,0.062951,-0.02809,-0.0053738,0.048118,-0.010968,0.0034881,-0.021063,0.0099021,0.002015,0.034154,-0.015132,0.0084561,-0.019079,-0.040551,0.0053167,-0.044993,0.0098148,-0.012902,0.03751,0.047127,0.039324,0.022506,-0.040443,0.034112,0.011912,0.033115,-0.01361,0.082517,0.0017725,0.032823,0.029495,0.06555,0.0035429,0.065074,0.038192,-0.012061,0.078128,0.057876,0.006106,-0.015281,0.023392,0.054312,0.02485,0.0057865,0.0079064,-0.0018913,0.023444,0.017345,0.0069951,0.028121,0.060167,0.029453,0.015895,0.027727,0.013362,0.028383,0.060419,0.052729,0.069847,0.025723,-0.0092158,-0.0082558,0.0035655,0.06204,0.07655,-0.01413,-0.04407,0.029687,0.048436,0.030084,0.069502,0.024914,-0.04186,-0.016017,-0.00035245,-0.011185,0.033624,-0.0074951,0.037922,-0.062207,0.0020405,0.0038692,-0.0024228,0.03379,0.054168,0.010139
0.037095,0.036149,0.0045945,0.013784,-0.012946,0.032893,0.0054641,0.029945,-0.014536,0.057467,0.029783,0.057685,-0.0075009,0.01972,0.030539,0.078451,0.0010751,-0.021212,0.024292,0.02383,0.0082533,0.006399,-0.0091454,-0.029796,0.076293,0.068443,0.025142,-0.03553,0.026416,0.044857,0.026743,0.018993,0.048178,0.00031557,0.045208,0.052534,0.049212,0.034277,0.053265,0.011765,-0.012407,-0.01534,-0.012904,0.081417,0.0077464,0.027373,0.0647,0.047886,-0.013205,0.058423,0.032306,-0.0018831,0.035145,-0.025828,-0.0063907,0.014982,-0.028875,0.017382,0.065321,0.068347,0.014168,0.039674,0.01885,-0.019105,0.012299,0.018722,0.01795,-0.00042262,0.030903,-0.003375,0.0087926,0.012184,0.0026558,0.035425,0.062584,-0.0032604,-0.023989,0.0013005,0.0091038,0.042863,0.046703,0.048781,-0.024532,0.020832,0.011761,0.020479,-0.018638,0.027034,0.022805,0.03888,0.069083,0.011285,-0.071069,-0.025686,0.001734,0.002608,0.024013,-0.0050172,0.0051851,-0.00044543
0.0082952,-0.0022642,0.015345,0.035559,0.025347,0.076382,0.020006,0.0045852,-0.027261,-0.01464,-0.041319,0.036368,0.056239,-0.029065,0.0091598,0.0057966,0.037593,0.016714,0.071616,0.00060195,-0.053714,0.036762,-0.025446,0.0062139,0.015885,0.050584,0.018452,-0.029629,0.036424,0.010626,0.050384,0.05062,0.0079688,0.0060962,0.016941,9.8967e-05,0.034758,0.00032401,0.036601,0.023843,0.0052309,-0.0036719,0.062234,0.016742,-0.0022396,0.046754,0.037854,0.041766,0.089382,0.020356,0.028506,0.0089861,-0.017584,0.015304,-0.0011454,0.01064,0.014694,0.0026909,0.0031854,-0.0035499,0.026302,-0.00090039,0.021479,-0.0053175,-0.016,0.00059063,0.023052,0.041434,-0.023463,0.02606,0.030512,-0.00048948,0.027455,0.035308,0.061225,-0.027708,-0.0068312,0.064492,0.038032,-0.003416,0.022249,-0.040539,0.063465,-0.014903,-0.0096136,0.04308,0.014135,0.041845,0.025763,0.052673,0.025912,-0.0020972,0.059686,0.0073369,0.0492,0.045518,0.016849,0.039463,0.0030139,0.015394
0.086288,0.02466,0.005617,0.0099496,-0.0038696,5.8752e-05,0.010977,0.017498,0.042943,-0.004588,0.017214,0.011478,0.059983,-0.022358,-0.0051273,0.022944,-0.05696,0.025188,0.021857,0.066867,1.156e-05,0.017307,0.0718,0.03228,0.043806,0.017456,0.033278,0.018347,0.02133,0.030774,-0.016595,0.049194,-0.020773,0.075165,0.025801,-0.0011398,-0.0098012,-0.011387,-0.023497,0.020119,-0.033447,-0.0062263,0.020249,0.010995,-0.0079675,0.0093482,0.031821,0.015747,0.013346,0.017561,0.020031,0.01035,0.016242,0.01717,-0.0020382,-0.011626,0.034887,-0.01201,0.078134,0.03267,0.0034993,0.0701,0.039487,0.075173,0.036595,0.041229,0.014258,-0.023511,0.02311,0.027788,0.090021,0.057156,0.015113,0.042927,-0.003956,0.038188,-0.022271,0.054484,-0.0013816,-0.0048068,0.030885,0.0080045,-0.0073872,0.040203,0.0070707,0.022554,0.028449,-0.01127,-0.019936,0.01237,0.030944,0.058288,0.00018949,0.018413,0.019367,0.030072,-0.0057738,0.028626,0.011587,0.020062
0.060185,0.043891,-0.0068845,-0.011334,0.054957,-0.012373,-0.0034145,0.012828,0.0091379,0.036608,0.022379,-0.033271,0.012893,-0.028377,-0.024759,0.0041277,0.034625,0.04683,-0.02202,-0.0041221,-0.019282,-0.012225,0.0024812,0.0050289,-0.016445,0.040301,-0.011671,0.046982,-0.0049304,-0.0051068,0.020826,0.035808,0.022802,0.0502,0.015743,0.039895,0.012192,0.016831,0.0076859,0.029584,-0.021007,-0.012154,0.027699,-0.018355,0.016866,0.013171,0.0047921,0.00067719,0.069994,-0.010885,0.04036,0.01235,-0.0037016,0.016961,-0.0060077,0.021613,-0.0012681,0.035184,0.036518,0.02405,0.032014,0.04967,0.054306,0.023553,0.033476,0.032066,-0.023539,0.058198,0.051104,-0.033125,0.003061,0.0079462,0.0041609,-0.0092863,-0.010359,0.072532,0.0035447,0.0063558,0.12426,0.044241,-0.0053741,-0.024725,0.052868,0.036903,0.025082,-0.027571,0.0085072,0.020829,-0.013333,-0.018591,0.028934,-0.0049509,-0.0023528,0.021744,-0.0059385,0.01788,0.014896,0.03934,0.083572,0.045761
0.031735,-0.00064711,0.057753,0.017353,0.016831,-0.010047,0.01095,0.044391,0.013132,0.018493,-0.038918,0.02708,0.045253,0.043176,0.0092715,0.048773,0.0039056,0.013365,-0.023339,0.055974,0.023368,0.024579,-0.024002,0.027263,0.02016,0.022944,0.081994,-0.0092628,-0.0069326,0.035447,0.038746,0.016297,0.0061866,0.030072,0.033258,0.079856,0.0094245,-0.0036147,-0.075853,0.012974,0.014998,-0.025616,0.0067951,0.037727,0.011877,0.0095643,0.012742,-0.034388,0.015924,-0.0091894,0.03408,0.049146,-0.013403,-0.0044596,-0.031497,0.047511,0.0097107,0.065523,0.0055605,0.072496,0.019331,0.013137,0.0078653,0.0031446,0.0018401,-0.010968,0.010969,0.003322,0.012158,0.032103,-0.010562,0.041223,0.040549,0.050324,0.04316,-0.0064529,0.025004,0.029732,-0.0090631,0.025647,0.0096603,0.03246,0.021967,-0.0068153,0.046694,0.052054,0.029584,0.047687,0.032464,0.0087656,0.020609,-0.042299,0.014773,-0.034483,-0.056788,0.014033,0.0073635,-0.038598,0.0059518,0.0052422
0.049552,0.0098403,-0.0015511,0.010357,0.0078253,0.013981,0.039479,0.022579,-0.075254,0.0057565,0.023222,0.019706,0.019586,-0.034175,0.042183,0.0042514,-0.0045311,0.063306,0.024284,-0.019248,0.032153,0.0049752,0.030003,0.027716,-0.016302,0.0076074,-0.00942,0.038192,0.027476,0.025647,0.04987,0.052377,-0.027851,0.015539,0.0085305,0.050218,0.038817,0.029314,0.053583,0.047507,0.034608,0.027812,0.058119,0.041251,0.019656,0.018097,0.02658,-0.018193,0.0015866,0.066669,-0.0046359,0.044637,0.036107,0.031288,0.044229,-0.019984,0.026683,0.011891,-0.0032083,0.016474,0.044424,0.010991,-0.016203,-0.017828,0.03054,0.027377,-0.0011395,0.027585,0.022048,0.0098269,0.056719,0.026446,0.017282,-0.010651,-0.0089343,0.039307,0.024749,0.026371,0.02844,0.040555,0.027711,0.013851,0.045691,0.013639,0.023057,0.045325,-0.0050689,0.060165,0.087101,0.065231,0.0026454,0.063911,0.01518,0.042861,0.017567,0.04458,0.050657,0.013971,0.026108,0.02735
0.0035672,0.02534,0.0003637,0.020331,-0.0066775,0.09451,0.065506,-0.035147,-0.025744,0.053159,-0.060858,0.021968,0.055305,0.029902,0.0090817,-0.025768,0.046783,-0.013275,0.024018,0.050953,0.025352,0.034238,0.035939,0.084482,0.053017,0.028106,0.028484,0.052716,-0.046233,-0.037452,0.04205,0.039535,-0.0013547,-0.0021022,0.014342,-0.0020579,-0.0099215,0.040252,0.036156,0.027128,0.047385,0.031576,0.045061,0.028241,-0.0091175,-0.026228,0.058518,0.023302,-0.018077,0.021161,-0.01892,0.063397,0.010669,0.02384,0.0098272,0.0066606,0.0087405,-0.024062,0.044909,0.045766,0.01662,0.013968,0.008306,0.0033162,0.015516,0.0095649,-0.039069,-0.003568,0.0041362,0.004126,0.0021099,0.037527,-0.028749,0.0060646,0.010356,0.087406,0.062989,-0.018921,0.047095,0.04854,-0.021922,0.021644,0.018676,0.018794,0.026735,0.053893,0.010377,0.031276,0.032102,0.026884,0.039934,-0.011241,-0.019099,0.037898,-0.038033,0.028862,0.024799,0.0040205,0.032464,0.011382
0.05342,0.010675,0.020255,0.0085841,-0.019631,0.038574,0.036593,0.0077697,-0.014045,-0.024358,0.04947,-0.018107,-0.035247,0.047582,-0.012998,0.028281,0.030289,0.016336,-0.035642,0.015902,0.036103,0.0010214,-0.017988,0.029645,-0.00076939,0.051738,0.041819,0.011925,-0.0045267,-0.0044774,-0.0089264,0.045821,0.053899,0.032026,0.0668,0.0077807,0.038948,0.0077518,0.013782,0.025328,-0.03102,0.033509,0.018878,-0.00093022,0.015565,0.00881,0.0051063,0.036501,0.027075,0.020011,0.0040737,-0.0040621,0.049604,0.050551,0.025769,-0.014286,-0.010876,0.035193,0.025078,-0.013026,0.024661,0.038473,0.019788,0.030095,0.003395,-0.029951,0.055533,0.035396,-0.0070528,0.0052165,0.075075,0.023913,-0.0025585,-0.005331,0.026596,0.015823,-0.0020658,0.004271,0.033273,0.015025,0.0038362,0.03573,0.023338,-0.010617,0.025426,-0.0097654,0.032358,0.051742,0.018465,0.0026699,0.030097,-0.019528,0.016984,0.052284,0.023548,0.02243,0.027877,0.0088817,0.0034934,0.0031131
0.027568,0.019745,-0.022325,-0.0099541,0.020802,-0.011933,0.0077468,0.023771,0.0070158,0.0066757,0.03061,0.06203,0.013905,-0.017975,0.027042,0.031743,0.03895,0.013921,-0.032843,0.045272,0.037112,0.0046768,0.033923,0.0072272,0.012467,0.06627,-0.031006,0.017196,-0.028249,-0.018529,0.0061367,-0.00036808,-0.0043518,0.044847,0.025984,0.050703,0.015141,0.085217,0.029792,0.01389,0.051388,-0.0095899,0.061418,0.018316,0.040739,-0.0041926,-0.0030963,0.015133,-0.0068229,0.0027478,0.055448,0.02828,0.019659,0.026472,0.062061,0.016746,0.0317,0.054161,0.016975,0.026819,0.029148,0.0041053,-0.0098706,0.01256,0.020305,0.018729,0.054849,0.021941,0.028003,0.029594,0.049109,0.02162,0.029834,-0.018526,0.029061,0.033402,0.010814,0.0057782,0.027829,-0.026824,0.019145,0.068631,0.0087338,0.06017,-0.02811,-0.018612,0.035384,0.096839,0.00016881,0.0089654,0.025382,0.034388,0.036421,0.0091154,0.079904,0.014676,-0.0096129,0.038398,0.0091466,0.038815
