0.13415,0.049127,0.056296,0.0017008,-0.025408,0.00066147,-0.026686,-0.0090601,-0.055886,0.042428,0.11982,-0.035209,0.087769,0.015183,0.078627,-0.042913,0.022124,0.079833,0.067462,0.038992,0.095313,0.036726,0.078138,0.0098395,-0.0063017,0.011181,-0.013907,0.05346,0.064175,0.098803,0.098581,0.013735,0.09602,0.085818,0.0046955,-0.041753,0.060118,-0.020339,0.10631,0.036582,-0.043759,-0.020791,0.029981,-0.038497,0.068987,-0.0066357,-0.011311,-0.011504,-0.011058,0.070978,-0.047364,0.061205,0.022045,-0.02983,0.16091,-0.07753,-0.057707,0.1603,0.057973,-0.079618,-0.00089258,0.068265,0.048774,0.08411,-0.0092627,0.057901,0.061365,-0.012771,0.077619,-0.041281,-0.0072083,0.077215,0.0031556,0.0075411,-0.016939,0.060116,-0.12179,-0.0076485,-0.026348,0.037651,0.057615,0.049967,0.031307,0.034384,0.053938,-0.0074452,-0.021062,0.050406,-0.092928,-0.023077,-0.037889,0.10357,0.060243,-0.02975,0.007029,0.053665,0.032868,-0.06508,-0.047893,-0.058519
0.032369,-0.052711,0.042216,0.025419,-0.0039052,0.036025,0.0076212,0.030592,0.01572,-0.006624,0.031834,0.19665,-0.014093,-0.022445,0.025065,0.010596,0.079385,0.030657,-0.046639,0.044435,-0.0022182,0.033763,-0.0089946,0.11889,-0.016584,-0.032534,-0.12865,0.06186,0.054743,-0.02716,-0.034433,-0.010656,-0.015095,0.020619,0.026194,0.0014474,0.1256,-0.053151,-0.075405,0.058902,-0.1009,0.082671,0.085989,0.0004942,-0.030446,-0.038303,-0.063744,-0.0064069,-0.011303,0.056234,0.13477,-0.094215,-0.071497,0.033087,0.061038,-0.015138,-0.046473,-0.018312,-0.027355,0.052408,0.095919,0.057673,-0.031531,0.02052,0.055012,-0.023271,0.019531,0.077653,0.14591,0.028419,-0.087652,0.010117,-0.013144,0.070643,-0.0069689,-0.0011893,-0.013594,-0.028089,-0.046395,0.012879,0.041389,-0.0041236,-0.039355,0.11354,0.11058,0.0080586,0.028116,0.033342,-0.022526,0.09632,-0.023219,0.11571,-0.029438,-0.023915,0.064234,0.040266,0.14085,0.047059,0.010013,-0.045786
0.027021,-0.0082628,-0.022942,-0.031283,0.16585,0.077901,-0.011405,0.077072,0.034504,-0.043552,0.051222,0.040151,0.013515,-0.033192,-0.0080732,-0.044901,0.0092909,-0.054547,0.078155,-0.065006,0.0001608,-0.048041,0.080155,-0.013798,-0.0074635,0.00077382,-0.00505,0.030593,0.014033,-0.10257,0.041853,0.031564,0.018116,0.069833,0.050348,0.039887,0.059842,-0.017973,0.13246,0.058648,0.024542,-0.011147,-0.037759,0.069431,0.0019999,0.03309,0.17541,0.052915,0.01699,0.026005,-0.12219,-0.0083569,0.06594,0.071479,0.0094112,0.050951,0.0063571,0.030398,-0.058031,0.14109,-0.043904,-0.026881,0.13164,0.061861,4.0927e-05,-0.0072131,0.0081528,0.016277,-0.016519,-0.045566,-0.12225,0.099278,0.05413,0.0049818,0.075578,-0.019622,-0.0040373,0.011051,-0.083186,-0.043271,0.093034,-0.0090526,0.085002,0.035937,0.090359,-0.010189,-0.040328,0.05473,-0.028287,0.0037332,-0.062394,0.028442,0.026088,0.039299,0.11369,-0.0038033,0.006887,0.0025911,0.02335,-0.0025227
-0.010941,-0.024776,-0.0074514,-0.039071,0.21083,-0.02287,-0.041294,0.14953,-0.081764,0.04948,0.10104,-0.019867,-0.05327,0.061488,-0.025367,0.032562,0.059817,0.012046,-0.087781,0.013071,-0.046864,0.17583,-0.075812,0.053894,0.072721,0.068633,0.014364,-0.077063,0.002711,0.022396,0.043296,0.052549,0.055057,0.0072137,-0.023231,0.12003,0.025522,-0.043713,0.085307,0.01147,0.050127,0.012423,0.058917,0.014468,0.089865,0.052578,0.02424,-0.053798,0.017483,0.028904,-0.0099254,-0.0052283,-0.010871,0.044581,-0.06969,-0.015814,-0.08525,0.10562,-0.0079671,0.022519,0.052922,-0.0017067,0.02237,0.027218,-0.012843,-0.059414,0.10351,0.10775,0.10989,-0.0089993,-0.0075734,0.0088379,-0.085845,0.038364,0.017237,0.026719,-0.023552,0.039438,0.010057,0.033838,0.024633,0.095246,0.01225,0.043708,0.078698,0.073461,-0.039153,-0.011105,0.10772,-0.014223,0.076325,-0.013438,0.0023709,0.090882,-0.047922,0.069357,-0.019602,0.078568,-0.042797,-0.076321
-0.026929,0.0082536,0.051296,0.010327,-0.061889,0.019248,-0.04477,-0.056101,0.010769,0.026393,-0.004401,0.15488,-0.04308,0.04149,-0.073043,0.11179,0.02574,0.015914,0.029765,-0.056068,-0.076291,0.069993,0.070944,0.042943,-0.016107,0.033041,-0.070016,0.037478,-0.0066393,-0.065276,-0.1108,0.022461,0.067714,0.013068,0.028972,-0.034434,0.04327,0.086681,0.051759,-0.058296,0.022171,0.019109,0.084797,0.0031376,0.065096,-0.058552,0.065918,-0.0092744,-0.019795,-0.094183,0.062903,0.044063,-0.021623,0.11734,0.075049,0.092968,-0.012212,-0.082313,-0.0046618,0.10851,-0.056309,0.044646,-0.019981,0.014352,-0.038174,-0.022762,0.12587,0.049024,0.047967,0.0037622,-0.0071389,-0.027612,0.054344,0.033918,-0.033611,-0.030151,0.055775,0.042391,-0.074841,-0.046823,0.044212,0.064621,-0.026445,-0.020995,-0.023132,0.061131,0.025391,0.0086908,0.021103,0.0059183,-0.085888,-0.080331,-0.037795,-0.046571,0.035041,0.016298,0.10612,-0.032548,0.084195,0.024443
0.13601,0.026231,0.0267,0.010994,0.0059896,0.0032082,0.048856,0.021941,0.14935,-0.028178,0.035325,-0.081336,-0.013123,0.12571,-0.028386,0.022095,-0.016119,0.080752,0.085668,0.092968,0.079525,0.079212,0.099765,-0.043658,0.021301,0.074232,0.042187,-0.0076135,0.11551,-0.0031668,0.054705,0.047952,-0.061114,0.089144,0.0078048,0.067181,0.023032,0.03854,0.066651,0.022035,0.11586,0.0026108,-0.0042946,0.092818,0.031857,-0.032364,-0.029228,0.066017,0.0052993,-0.041033,-0.020513,-0.018231,-0.042451,-0.053115,0.058478,0.044416,-0.037096,0.072333,0.090463,-0.006874,0.017685,0.022735,0.068436,-0.055186,0.024439,0.035969,0.0046574,-0.01842,0.048053,-0.018174,-0.033735,-0.017515,0.0070114,0.0086758,-0.047344,0.0020986,0.060265,0.057843,0.066314,0.10076,0.055141,-0.028446,0.0059972,0.071799,0.088168,0.0021635,0.024668,0.023107,-0.044378,0.079732,-0.02861,-0.063143,0.12618,0.098587,0.022555,-0.026622,0.023344,0.014231,0.03604,-0.025708
-0.075271,0.011035,0.054201,0.061316,0.064649,-0.020026,-0.021512,0.078384,0.068785,0.11332,0.091886,0.097271,-0.0064907,-0.029852,0.034304,0.062376,-0.012189,0.02282,0.038228,-0.068991,-0.045745,-0.045085,0.031707,0.080371,-0.034976,-0.012977,0.048059,0.073497,-0.051837,0.065595,0.031987,-0.036513,0.015157,-0.051212,0.14398,0.01552,0.094606,-0.038113,0.046921,-0.022364,-0.0867,0.057151,-0.043625,0.051146,-0.022282,0.052958,-0.033149,0.074538,-0.041199,-0.0027725,0.10274,-0.013901,0.048393,0.10431,-0.096888,-0.038103,-0.066443,-0.023625,0.063393,0.084261,-0.014693,-0.059456,0.04492,-0.00090362,-0.061645,0.090053,0.01556,0.0074139,0.098212,0.066777,0.038242,-0.019278,-0.088325,0.039313,0.00944,0.087296,-0.0059685,-0.010988,-0.063312,-0.045523,0.029027,-0.024092,0.0015948,0.056962,0.024277,-0.0085182,0.12376,-0.030716,0.01017,0.040764,0.0016027,-0.023748,-0.04158,0.057309,0.091086,-0.030538,0.11462,-0.10317,0.039043,-0.038967
-0.051026,0.066955,0.045461,0.043976,0.033649,0.021713,0.04036,0.12872,0.021761,0.005031,0.021486,0.087087,0.07709,0.040471,-0.14416,-0.042248,-0.026156,0.011991,-0.00088394,-0.082259,0.16899,-0.033088,-0.021544,0.0090801,0.1457,-0.057417,0.012358,0.020202,0.077117,-0.050138,0.014017,-0.023498,0.059528,-0.0071499,-0.039103,0.077518,0.053121,0.0018612,-0.080937,0.05251,0.063671,0.035274,-0.0087054,-0.016496,-0.048028,0.029868,-0.037639,-0.018641,-0.00038894,-0.0045166,0.090802,-0.014065,-0.030156,0.07643,0.065067,-0.021191,0.12191,-0.039844,0.087331,0.00032566,0.041773,0.045396,0.026855,-0.0033736,0.0031318,-0.0098361,0.089203,-0.11399,0.14357,-0.080342,0.09937,0.0471,0.020997,0.073719,-0.046973,-0.049673,0.037205,0.034039,0.023006,0.038129,0.027899,0.085627,0.090186,-0.013648,0.05861,-0.016622,0.026245,0.052084,0.039682,0.056535,-0.061285,-0.028739,-0.012556,0.022283,-0.019808,-0.042458,0.041141,0.079746,0.036359,0.15874
-0.1417,0.080272,-0.021932,0.051551,-0.028935,0.046302,-0.081978,0.039246,0.053888,0.020925,0.10112,-0.030662,-0.017801,-0.019866,0.069133,0.073762,0.083237,-0.012379,0.052493,0.1393,0.0071691,0.025115,0.051497,0.020773,-0.046493,0.057422,0.057872,-0.0269,0.0085884,-0.0091886,0.033837,0.033762,-0.028884,0.056763,0.027619,0.027765,0.037775,0.08324,0.075815,-0.03183,0.14412,0.0029671,-0.035719,-0.032238,0.056854,0.023672,0.069805,-0.023005,0.012463,0.008823,0.034689,-0.045654,-0.050723,-0.023779,0.0032296,0.072518,0.081355,-0.069278,-0.012173,0.076031,-0.044577,0.038388,0.058035,0.017135,0.043936,0.013235,-0.0072843,0.068798,0.026733,0.040159,0.048975,-0.031251,-0.0507,-0.0025783,0.0033271,0.16036,0.069003,-0.001507,0.011672,-0.036758,-0.056956,0.10908,0.095599,-0.052179,-0.044947,0.024003,0.01046,-0.090926,0.020382,0.014519,0.063407,0.0036086,-0.0066678,0.066098,0.085976,0.055391,0.040437,-0.039697,0.097032,0.0043405
0.058476,0.048675,-0.0060939,0.091148,-0.077629,0.057736,0.1169,0.040301,-0.049448,0.0026933,-0.025197,0.053294,-0.020492,-0.016146,-0.010761,-0.018433,0.060567,-0.059574,-0.035137,0.1007,-0.073687,0.047626,0.010941,0.0011044,0.0032154,-0.051256,-0.01748,0.022334,-8.3408e-05,-0.055755,0.040756,0.053235,0.12233,0.0056568,0.043501,0.033226,0.082135,0.057637,-0.017964,-0.060885,-0.057244,0.10678,-0.035881,0.030612,-0.020542,-0.054018,0.0011188,0.011962,0.019983,0.14791,0.11819,0.052815,0.11025,0.20224,0.0081376,0.041747,0.0060795,-0.0065724,0.17299,0.051238,0.026582,0.0099877,-0.010048,0.14453,-0.00012942,0.0084295,-0.021659,0.11652,0.045282,-0.02559,0.062041,0.15779,0.075649,0.048184,0.12409,0.15245,0.039649,0.0073354,0.0035301,0.037324,-0.0037335,0.085507,0.059531,-0.036213,0.10242,-0.085178,0.026946,0.0034962,0.016565,-0.017688,0.08929,0.026569,-0.080815,0.016147,0.037952,-0.048004,0.011523,0.11404,0.066381,0.028156
0.066231,-0.0425,0.078531,-0.046975,0.012804,-0.052533,0.021819,-0.044249,0.017728,-0.0086396,-0.0017832,0.036549,0.065795,0.020012,0.15824,0.036005,0.02776,0.069349,0.024538,-0.034294,0.03319,0.027647,-0.02811,0.007007,0.055259,0.03472,0.000322,0.10184,0.046367,-0.012842,0.056507,-0.081111,0.036077,0.076235,-0.037905,0.017,0.035765,0.015968,0.0017893,-0.051579,-0.069974,-0.011828,-0.02723,0.060114,0.14679,0.041311,0.0036416,-0.081861,0.090276,0.079659,0.034412,0.063022,0.089163,0.071206,0.063464,0.014289,-0.011239,0.13645,0.021323,0.040759,0.11827,0.005536,0.027239,0.023136,0.093666,0.047544,0.026173,-0.015419,-0.048146,-0.0016065,0.063219,0.018214,-0.011769,0.064903,0.024992,0.031578,-0.010999,-0.020097,0.030305,-0.036929,0.069209,-0.075713,0.042443,-0.074539,-0.013418,0.10192,-0.058802,-0.081777,-0.01411,-0.0045305,0.078786,0.032184,0.13336,-0.065957,0.055713,-0.032798,0.06781,-0.041313,0.013031,-0.01502
0.025939,0.018589,0.010823,0.023086,-0.042886,0.012642,0.068808,0.00044299,-0.015227,0.092184,0.080901,-0.0089561,0.0060251,-0.019014,0.083022,0.037273,0.0098932,0.068254,-0.051496,-0.0051108,-0.011635,0.084877,0.12289,0.024851,0.072372,-0.048549,0.090396,0.026609,0.078587,0.010745,-0.067106,0.062623,-0.051617,0.068929,0.0095497,-0.074258,0.0055962,0.033728,0.063587,-0.00056658,0.02965,0.018167,-0.02066,0.083199,0.11505,0.05731,0.076496,0.060137,-0.050947,0.030286,0.016318,0.15436,0.14414,-0.047901,0.013864,-0.10481,-0.06915,0.10096,0.056347,-0.028356,0.033513,0.017736,0.0074014,0.0078265,0.044821,0.0061204,0.032998,0.059773,-0.06644,0.05179,-0.084698,-0.073893,0.022679,0.067629,0.082439,0.021658,0.017185,0.057188,0.11676,0.054585,0.13279,0.068617,-0.064591,-0.0021585,-0.0083486,0.028739,-0.052606,-0.013122,-0.020137,0.044742,0.058032,0.049907,0.0077462,-0.027685,0.12928,-0.0015352,0.048486,0.10265,0.00079437,0.047078
-0.0028934,0.027306,-0.083405,-0.025371,0.005767,0.028112,0.055899,0.024036,-0.013099,0.023779,0.020438,0.012036,-0.062879,-0.020587,0.08986,-0.0091194,-0.077538,0.043926,0.088465,-0.049695,0.049536,-0.09384,-0.063823,-0.03757,0.050899,0.038102,-0.043614,0.025614,0.0066385,0.036279,0.069377,0.059712,-0.13032,0.12403,0.11135,-0.03234,0.068881,0.05826,0.0038674,0.051183,0.0047992,0.037904,0.010052,-0.024972,0.15059,0.12081,0.042393,0.0688,-0.025712,0.028993,0.12424,0.044378,0.0095963,-0.058552,-0.01632,0.016076,-0.034982,0.0088582,0.072578,0.044366,-0.022547,-0.066787,0.12707,0.042827,0.012706,0.17853,0.047789,-0.030146,0.0029421,0.017708,0.010253,0.048394,-0.051134,0.078541,0.065089,0.099456,-0.027429,0.047056,0.03388,0.11568,-0.048916,-0.012894,0.11452,-0.088855,-0.0049348,0.079036,-0.0025125,0.00647,-0.024618,0.055027,-0.016168,0.024375,0.010055,0.038466,-0.013922,-0.11864,-0.04428,0.037668,0.040487,0.074617
-0.038882,-0.016912,0.060257,-0.077671,-0.032779,0.072974,0.11674,0.00034221,-0.092952,0.025513,0.013502,0.0020229,0.08872,0.060375,0.060312,0.071622,-0.023791,-0.085994,-0.048666,0.01814,-0.036203,0.11115,0.10197,0.10817,0.030605,-0.057832,0.064045,0.027609,0.080009,-0.0090491,-0.014231,0.0078622,-0.030685,-0.045532,-0.1028,0.0072954,-0.029015,0.041998,0.042009,0.090538,0.070304,-0.040263,0.021385,0.052251,-0.013286,-0.049057,-0.017424,-0.032854,0.025715,0.056394,0.040602,0.04201,-0.046973,-0.04334,0.012198,-0.019999,-0.00019067,0.030381,-0.0033529,-0.036488,0.024577,-0.07231,0.087037,-0.102,0.054453,0.04922,0.12192,0.074586,-0.063961,0.088385,-0.053679,0.0050675,0.026725,-0.035896,-0.079042,-0.029451,0.095248,0.057262,-0.084697,0.083943,0.052311,0.08044,-0.020924,-0.092014,0.083637,-0.0018616,-0.0041638,-0.068851,-0.020002,0.057634,0.0094245,0.1138,-0.051528,0.0056516,0.10221,0.00041112,0.020559,-0.056055,0.017009,0.078011
0.035851,0.071303,0.14401,0.10743,-0.028639,-0.031883,-0.088154,0.043396,0.13674,0.12471,-0.044934,-0.02771,0.055295,-0.0072767,-0.072781,0.125,0.068585,-0.030599,-0.07601,0.05582,0.060017,0.081152,0.082733,0.030221,0.050681,-0.044332,0.049055,0.062498,0.024038,0.11271,0.078654,0.031139,-0.0381,-0.0097986,0.028415,0.020535,0.066648,0.071241,-0.053329,0.13431,0.16925,0.069367,0.076682,-0.02084,-0.08754,0.029654,0.01853,-0.0064972,0.0090261,0.0072771,-0.042621,-0.012883,-0.032924,0.01536,0.045478,-0.065809,0.0058894,-0.061623,0.010477,0.0067052,0.041472,0.075583,0.065918,-0.00070718,0.062337,0.013375,0.029297,0.099157,0.054919,0.018315,0.019448,-0.059257,-0.0015021,-0.038658,-0.0056252,-0.03577,-0.012104,-0.045598,0.066693,0.082083,0.061366,0.11334,0.07795,0.05266,-0.044761,0.014377,-0.12768,0.080483,-0.028309,-0.060043,0.069097,0.13595,-0.034173,0.05617,0.014597,0.097033,-0.010328,-0.0044454,-0.0052393,-0.02896
0.058649,-0.03372,-0.067955,-0.018685,0.0022908,0.035613,0.11522,0.017297,0.10062,0.087714,-0.11328,0.025774,0.079933,-0.098081,0.018154,-0.017641,-0.040848,-0.087188,-0.036278,-0.020543,-0.012324,-0.05349,0.099425,0.014998,0.052342,0.041187,0.0047219,0.13384,-0.013826,0.11318,0.0053088,-0.054121,0.035352,-0.0043817,0.055479,0.14523,-0.0098511,0.10898,0.10614,0.12301,-0.057162,0.081574,-0.016851,0.12444,0.12383,0.069793,0.13529,-0.055391,-0.011948,0.002523,0.12033,-0.0037913,-0.03288,0.063662,0.0033915,0.024704,0.069082,0.045665,0.004009,0.0026562,0.10516,0.014512,0.081723,-0.03859,0.0024684,0.011841,-0.053026,0.007913,0.081659,0.084614,-0.053029,-0.011676,-0.048472,-0.08511,0.04932,0.062628,0.057836,-0.02279,0.094852,0.10242,0.050639,0.011044,0.031276,0.042405,0.012889,-0.026212,-0.039834,0.01573,-0.090799,0.032659,0.063499,0.0044653,0.058342,-0.078493,0.11665,0.030865,0.035449,-0.055646,0.045298,-0.010183
0.02645,0.073615,-0.010674,0.057859,-0.052343,0.046885,-0.0061949,-0.077229,0.017966,-0.0038061,0.057322,0.0283,0.034034,0.11812,0.011134,0.0043745,0.056718,-0.0016427,-0.041148,0.054915,0.018547,0.025739,0.025111,-0.00036144,0.031791,-0.087173,-0.0072618,-0.011106,0.017882,0.020862,0.011895,-0.044882,-0.090207,0.03215,-0.031597,0.055937,-0.028405,0.027073,-0.003122,0.070322,-0.019957,0.044293,-0.051154,-0.058874,-0.077013,0.00018469,0.078553,-0.045669,-0.003856,0.13641,0.11056,-0.043065,0.050973,0.12413,0.079396,0.0012971,0.10693,-0.025401,0.076016,-0.014355,0.013143,0.034999,0.10192,0.067289,0.065606,-0.024654,0.067134,-0.056597,0.027788,0.016578,0.12531,0.009202,-0.008642,-0.072939,-0.031368,0.034527,0.032101,-0.041287,0.018059,0.03736,0.0051593,-0.0070299,0.059974,0.006526,0.082358,0.015576,-0.011604,0.0093692,-0.03056,-0.025253,0.02561,0.061552,0.0377,0.010389,0.071503,0.064093,0.0063797,0.068793,-0.019761,0.10863
0.014204,0.081137,-0.027292,-0.001901,-0.032694,0.054408,0.043957,-0.049236,0.065713,0.11546,0.011597,-0.027112,0.079385,0.16025,-0.013665,0.071541,0.011765,-0.013089,-0.014052,-0.011604,-0.076254,0.088708,-0.06585,-0.018128,-0.026548,0.051066,0.042093,0.11288,0.03307,0.057473,0.029872,-0.11287,0.010539,-0.012248,-0.015416,0.0095564,0.048722,-0.042834,0.080319,0.047863,-0.080964,-0.034491,0.12491,0.032148,0.11758,0.070932,-0.019962,0.068454,-0.0084991,-0.019848,0.070848,-0.067664,0.08746,0.045689,0.12579,-0.061238,0.011618,-0.0045265,-0.066075,0.027459,-0.007879,-0.032955,-0.0058167,0.038386,-0.051043,0.068411,-0.01855,0.14816,0.077668,0.11713,0.040715,0.016397,-0.014012,0.045062,0.069,0.012305,0.13075,-0.039191,-0.05729,0.083493,-0.069757,0.038214,-0.12218,-0.014747,0.045897,0.099529,0.014984,-0.0027487,0.0050626,-0.039278,0.044928,0.071623,0.0094644,-0.0051454,0.076659,0.10556,0.079586,-0.061392,0.037953,-0.049011
0.051148,0.01886,0.034883,0.043678,0.056748,-0.053284,0.052783,-0.019967,0.15393,0.040595,0.024725,-0.0096928,0.14103,0.064331,0.0094039,-0.036679,0.0091361,-0.043273,0.099785,0.087849,0.057953,-0.020533,0.14486,-0.025551,-0.093147,0.048215,0.019534,-0.0068465,0.059247,0.039221,-0.0024707,0.0065558,0.10676,0.0092695,0.067142,-0.022373,0.03787,0.012909,-0.026917,0.0054724,0.11888,0.038141,-0.071103,-0.11646,0.018043,0.12326,0.15128,0.049118,0.10001,0.044845,-0.0073911,0.034437,0.0085221,-0.051755,0.076723,-0.057064,0.017583,-0.0030227,0.014343,-0.028735,0.079995,0.066815,0.017452,0.011655,-0.031018,-0.01188,-0.067024,0.039399,0.046651,0.03878,-0.046136,0.060199,0.091994,-0.012921,-0.027675,0.019903,0.0041583,-0.0031826,0.13368,-0.045096,-0.099824,0.050753,0.0095127,-0.09756,-0.10248,-0.10214,0.00752,0.049957,0.060064,-0.0093385,-0.029472,-0.041849,0.039924,-0.073116,-0.032487,0.076133,-0.08062,0.044963,0.0076019,0.11647
-0.021166,0.027132,-0.038813,0.021533,0.040724,-0.048949,-0.0070158,-0.044957,0.041357,-0.040671,0.082066,-0.070691,0.025831,-0.017817,0.060812,0.011613,-0.0029234,0.035275,-0.010144,0.054907,0.069746,0.14243,-0.03073,-0.063655,-0.028645,0.035687,-0.00037721,-0.0080403,0.020911,0.026865,0.029767,-0.03842,-0.039645,-0.021123,-0.0036139,-0.017891,0.076865,-0.010905,-0.02637,0.02228,0.065536,-0.13399,-0.029531,0.048768,0.10643,-0.010966,-0.045186,0.1396,-0.033809,0.068998,0.10357,-0.12822,0.01517,0.046343,0.10296,0.031289,0.029229,0.19029,0.079497,-0.031109,-0.012397,0.095828,0.0069619,-0.0064612,-0.074307,0.038834,0.059733,-0.0048598,0.076181,-0.039387,-0.010366,0.085189,0.057314,0.097958,-0.066716,-0.0048356,-0.031976,0.049683,-0.021841,0.003134,0.060989,-0.087505,0.010687,-0.079212,0.0040495,-0.013002,0.022685,-0.010849,0.014834,0.046103,0.056675,-0.029423,0.041255,0.053705,0.077983,-0.0073291,0.050271,0.0026875,-0.029961,-0.010342
0.081776,-0.005629,0.042018,-0.088654,-0.028259,0.023627,0.17356,-0.062645,0.022432,0.055327,0.0096451,0.10155,0.053236,0.10169,0.069467,0.032978,0.036697,-0.048984,0.14321,-0.081542,0.016236,-0.0081906,-0.032696,0.070293,0.08008,0.037891,0.00029044,0.0033862,0.0344,0.087195,0.043712,-0.020885,0.022267,-0.029472,0.0014722,0.032179,-0.043728,0.014675,0.010895,-0.035232,-0.076897,0.037569,-0.028349,0.019697,0.0014194,-0.071675,0.044107,0.091597,0.075757,0.019161,-0.044035,0.066989,-0.0056511,0.054097,-0.0051549,-0.076134,0.040399,0.031225,-0.0093032,0.17098,0.13219,0.055712,-0.065861,0.078563,0.030345,0.022432,0.080267,0.016276,0.089501,-0.013058,0.1358,-0.10939,0.139,0.074764,-0.022154,0.050068,0.091547,0.020849,0.064994,-0.02561,0.068312,0.22056,0.076684,0.066526,0.0074003,-0.063737,0.034687,0.086229,0.023651,0.051701,0.13866,0.0021636,0.063306,-0.018928,0.016854,0.071001,0.035916,-0.00050172,0.086548,0.076839
-0.01049,-0.031355,0.092118,-0.010901,0.020659,-0.024617,-0.015539,0.022846,0.084651,0.076532,0.022782,-0.034892,0.04373,-0.0437,-0.053235,0.097102,-0.01372,0.10726,0.025862,0.074511,0.0065848,0.018418,0.020318,-0.0020765,0.026879,0.10421,-0.066264,-0.098159,0.0087053,0.018896,0.013955,-0.023308,-0.0042194,-0.028364,0.037317,0.039607,-0.017939,-0.044774,-0.036379,0.018894,0.068837,-0.0066319,0.017415,0.020926,-0.016252,0.13686,0.013045,0.011109,0.084542,-0.0045166,-0.063066,0.12378,0.079171,-0.033716,0.030288,0.0051376,-0.0015719,-0.027749,0.017595,-0.0017789,-0.047153,0.0014816,0.10377,0.060633,0.02516,0.005753,0.085841,0.018947,0.039196,-0.034052,0.022332,0.10453,-0.0069264,-0.0079624,0.059007,0.0030589,-0.0065606,0.12449,0.085976,-0.012084,0.056205,0.09192,-0.012901,0.10063,0.0067513,0.016507,0.048136,0.020497,0.038772,0.060463,0.098107,0.018107,0.082443,0.0031572,-0.045476,0.1364,0.050831,0.064064,0.010534,-0.066885
0.015022,0.061911,-0.050228,-0.018514,-0.014826,-0.070412,0.018116,-0.068034,-0.0042983,0.019122,-0.012532,0.005704,0.0018337,0.075916,0.049696,0.028227,0.018449,-0.0090124,0.050903,0.0352,0.075571,0.031841,0.056486,-0.008786,0.15932,-0.028801,0.096539,0.096176,0.13352,0.11315,0.04448,-0.013906,-0.027024,0.011333,0.15615,0.0026091,0.0026029,0.011271,-0.0082293,0.007648,0.063875,0.019471,0.0063026,0.031438,0.10153,0.050659,0.030272,-0.011897,-0.030578,0.039275,0.0027849,0.16343,0.025798,0.053629,-0.015135,0.016064,0.044069,0.033454,-0.048546,0.11875,-0.027816,0.071689,0.011704,0.013237,0.011237,0.065771,0.088089,0.020497,-0.01419,-0.028327,-0.078278,0.037815,-0.005441,0.12284,-0.043405,-0.028953,0.0022844,0.12474,-0.10714,0.036435,0.10378,-0.00059724,-0.043715,0.10612,0.15149,0.062218,-0.0035521,0.0047154,0.0058875,-0.0096165,-0.037543,0.01345,0.019397,0.13874,0.085732,-0.029079,-0.02352,-0.055093,-0.019166,-0.038433
0.015653,-0.025555,0.015311,-0.050973,0.020671,0.051878,-0.048004,0.053465,0.021807,0.0073219,-0.014151,-0.022392,-0.020908,0.047926,0.024328,0.024663,0.079503,-0.085088,0.020145,0.12877,0.059089,0.097855,0.093964,-0.049802,0.039532,0.15724,0.13839,-0.023271,-0.02836,-0.027519,-0.12846,0.10449,0.069921,0.026296,-0.00063366,0.035458,-0.0061221,0.0049397,-0.0072492,0.086278,0.035329,-0.035348,0.0013761,0.085904,0.08485,0.10437,-0.041165,0.03111,-0.014108,-0.0048244,0.13726,0.031876,-0.06169,-0.063272,-0.057475,-0.025293,0.12715,0.033034,-0.042704,0.040035,0.028187,0.078295,0.097036,0.12092,-0.057177,0.014246,0.0282,-0.088628,0.080604,0.029749,0.0060555,0.046936,0.073936,0.017271,0.031278,-0.078128,-0.031648,-0.0062254,0.086261,0.011926,0.060754,0.028836,0.065561,-0.053488,-0.0053443,-0.060511,0.016966,-0.01281,-0.033083,-0.095371,-0.047904,0.042866,-0.015022,-0.044481,0.051841,0.097124,0.028969,0.074515,0.071568,0.027006
-0.10778,0.12242,-0.042889,0.049494,0.065909,-0.041615,0.062115,-0.054012,0.0022047,-0.049838,0.04587,0.00096642,0.11151,0.0030388,0.025908,0.01586,-0.0065876,0.028496,0.13017,-0.021733,0.064736,0.083137,-0.065568,0.020439,0.097979,-0.018656,-0.043229,0.011411,-0.024485,0.029233,-0.0075362,-0.002961,0.12543,0.024539,0.062466,0.10133,0.050682,0.035647,0.066584,0.034882,-0.011799,0.059015,0.056862,-0.086722,0.03541,-0.081959,0.055409,0.069009,0.10618,0.088101,-0.070361,-0.0070889,0.065907,0.08229,-0.055128,0.066968,-0.0048383,0.084319,-0.009951,-0.004622,0.029089,-0.046017,0.030731,-0.023651,-0.049965,-0.00223,0.051781,0.0012934,-0.047555,0.065522,-0.021013,-0.02684,0.040635,0.069621,-0.087408,0.021854,0.041307,0.030812,0.0046895,-0.012895,-0.030079,0.10396,-0.01458,0.078207,-0.015994,0.026565,0.024578,0.037599,0.20652,0.022443,0.027989,0.0074875,-0.0092323,0.018913,0.18457,-0.0098251,0.038633,0.057658,-0.037204,0.063603
0.041344,-0.0090531,0.01688,-0.025963,-0.023193,-0.030875,0.0086939,0.14327,-0.035311,0.065677,-0.013183,-0.092504,0.020615,0.068725,0.0289,0.066021,0.093471,0.058103,-0.01866,-0.10048,0.04994,-0.023355,-0.058136,0.04197,-0.03113,0.039217,0.034173,-0.010065,0.0026217,-0.079377,0.091832,-0.034532,0.079085,-0.016636,-0.019071,-0.0034832,0.011569,-0.0040261,0.10703,0.0036624,-0.010334,0.019798,-0.050628,-0.081873,0.011085,0.010383,0.022958,-0.014667,0.15604,-0.059918,-0.013067,-0.029909,0.025987,0.089385,0.045242,-0.0092875,0.033857,-0.086825,0.028479,0.00019018,0.097932,-0.018397,-0.078367,0.027242,0.10624,0.033179,0.068362,-0.011065,0.1415,0.14154,0.046608,0.071227,-0.04932,-0.021194,-0.037771,-0.033515,-0.023082,-0.072973,0.01072,0.0071384,0.04386,0.029496,0.066026,-0.04011,0.079704,0.09089,-0.015001,0.18802,-0.019345,0.0049402,0.057444,0.08781,0.065007,-0.0028749,0.1233,-0.0015196,0.065643,-0.096955,-0.04112,-0.0030014
-0.021539,0.037181,-0.015877,-0.010668,-0.071055,-0.028885,0.083051,0.035009,0.10322,0.023139,-0.063522,0.049761,0.036767,-0.0057646,-0.10261,0.12581,0.13922,-0.0071454,-0.011443,0.058154,0.024459,-0.020477,0.034875,0.057779,-0.0065204,-0.027057,0.059867,-0.0057559,0.075309,0.17391,0.16251,0.13464,-0.081878,0.083788,0.04589,0.09268,0.11066,-0.068348,0.017511,0.18337,0.048074,-0.019342,0.023943,0.078802,0.032154,0.0082928,0.033644,0.040412,0.040527,0.030445,0.028592,0.052566,0.055519,0.00025283,0.038768,-0.080795,-0.061558,0.10175,0.021722,0.020223,0.018749,-0.019728,0.15883,0.088633,0.0092055,-0.054863,-0.021167,0.073953,0.017238,-0.077144,-0.10988,0.12641,-0.025821,0.14342,-0.026306,0.05914,0.081932,0.026113,0.045819,0.057638,0.027839,0.028092,0.043075,0.10081,-0.053866,0.034426,-0.038968,0.1022,-0.009996,0.081969,0.015297,0.068784,-0.03088,0.053216,0.035343,0.029474,0.016852,0.036482,-0.10151,0.012936
-0.057051,-0.034994,-0.027235,-0.12854,0.15105,0.033411,0.0055107,0.091026,0.049639,0.083697,-0.013829,-0.055866,0.039675,0.123,0.10077,0.016225,-0.081034,0.11214,0.0114,0.083855,0.052678,0.0066282,0.065909,0.057737,-0.011226,0.0061994,0.10436,-0.073883,0.16398,0.015379,0.12296,0.010883,-0.01422,0.029367,0.027897,0.039167,0.11158,-0.038917,0.11145,0.001852,0.16734,-0.066327,0.029889,-0.050411,0.10926,0.032659,0.016261,-0.0894,-0.00055946,0.062578,0.1116,-0.03629,-0.020853,-0.0013213,0.081204,0.071085,0.013146,0.063854,0.0045099,0.038405,0.013458,-0.053694,-0.0066413,0.010906,0.14202,-0.00053346,-0.038418,-0.067195,-0.025852,-0.056363,0.049734,0.049912,-0.030878,0.043308,0.028478,-0.052786,0.13872,-0.017564,0.1474,0.052028,-0.039115,-0.12711,0.028385,-0.071702,-0.01038,-0.01135,0.016092,0.081972,-0.035847,0.042175,0.024738,-0.062777,0.06905,0.071551,-0.069519,0.012746,-0.060288,0.01943,0.098096,0.0013694
0.028808,-0.049255,0.054029,-0.062019,0.092352,0.097439,0.078968,-0.036229,-0.070654,0.078072,-0.002261,-0.014864,-0.018102,-0.030792,0.0075445,0.026308,-0.0043816,0.022505,0.10273,-0.00097704,0.12525,-0.056721,-0.010049,0.015313,0.049006,0.037559,0.038862,0.084928,0.008797,0.055067,0.091363,-0.05495,0.070693,0.039163,-0.04502,0.059208,0.018507,0.04697,0.11046,-0.034396,0.0089147,0.084542,0.084122,-0.0020287,0.0031131,0.011898,0.022588,-0.080932,0.0023488,0.10499,0.046568,-0.042067,0.0214,0.0037909,0.028979,0.085954,0.015009,0.13584,0.024902,-0.045242,0.042387,-0.083298,0.084495,-0.060251,0.11209,0.077234,0.023641,0.069706,0.057246,0.030581,0.017361,-0.080001,-0.006732,-0.017512,0.011123,-0.15161,-0.043808,0.076059,0.087468,0.12883,0.0050125,0.10305,-0.029189,-0.080075,-0.045,0.022815,-0.047274,0.024887,0.010919,0.038429,0.076148,-0.079357,0.0064533,-0.047296,-0.073808,-0.035834,0.10154,0.13657,0.030703,0.070728
-0.0086642,-0.063925,-0.0067322,0.053918,0.026165,-0.021644,0.081569,0.081762,0.19907,-0.0066965,0.091215,-0.051198,0.026607,-0.066989,0.064198,0.018734,0.0035147,-0.00070303,0.035362,0.005188,-0.051421,0.048691,0.029236,-0.048268,0.00033417,0.0047282,0.062033,0.047893,-0.040125,0.12292,-0.043929,0.092905,0.036524,-0.021943,-0.022574,0.052054,0.007827,0.035034,0.029908,0.1727,0.095118,-0.04662,0.094194,0.068661,-0.035228,0.049653,-0.029255,0.01976,-0.11687,-0.061655,0.010289,0.033966,0.015781,-0.039204,-0.042061,-0.015906,0.071024,0.058798,0.042878,0.13711,-0.092547,0.037563,0.1724,0.14492,-0.016163,0.1054,-0.067592,0.038387,-0.097767,0.0077117,0.030227,-0.050821,0.077678,0.15895,-0.0029469,0.028116,0.062747,0.10972,-0.024141,0.071233,0.077396,0.11855,0.016537,-0.0046711,0.12388,0.034351,0.080969,-0.059179,0.024158,0.071798,-0.0103,-0.069991,-0.0036185,-0.066189,0.058517,0.072364,0.024151,0.077746,0.12945,0.017868
0.0009958,0.073192,-0.038148,0.069069,-0.078636,-0.029717,-0.022053,-0.0052523,-0.041904,0.070191,0.0325,0.014812,0.0095038,0.028466,0.14105,-0.070251,-0.045861,0.080474,0.022448,0.047763,0.030602,0.03236,-0.041709,0.0011935,0.12476,-0.01961,0.04025,-0.003995,0.045753,0.014013,0.019824,0.02474,0.044744,0.12386,0.16017,0.028787,-0.059733,0.0053827,-0.043871,0.045851,0.079743,0.06733,-0.050517,-0.023743,0.025273,0.0073381,-0.034681,0.006639,-0.026936,0.10387,0.066376,0.0068349,0.13117,0.062616,0.037335,0.0043253,0.063534,0.065246,0.041438,-0.023142,0.010086,0.010535,0.040634,0.014243,0.010996,-0.0024405,0.049296,0.079172,0.03388,0.044838,0.045367,0.053605,-0.027015,0.046483,0.12503,0.011987,-0.017361,0.050535,0.069773,0.058779,-0.048707,0.005255,0.0139,0.063615,0.015408,0.048909,-0.033275,-0.039523,-0.037095,-0.010171,-0.10092,-0.0044573,0.013147,0.10891,-0.043563,0.054169,0.029809,0.061306,0.14374,-0.0093234
0.026461,-0.090096,-0.0086281,-0.10479,-0.0071409,0.0040137,-0.019288,0.016257,0.057316,0.066579,-0.070866,0.017759,-0.031268,0.077229,0.014961,0.081858,-0.051778,-0.020882,0.0024663,0.11218,0.084926,0.11355,0.049329,-0.032247,0.00051114,0.012697,-0.024703,0.096895,0.041714,-0.032104,0.060412,0.014584,0.024595,0.0076445,0.018654,0.035092,0.12375,0.12691,0.043729,0.052729,0.0024467,0.04513,0.042643,0.10271,-0.0088577,0.092032,0.0032367,-0.010919,-0.066059,-0.057152,-0.086835,0.020571,0.027734,0.057885,-0.084766,0.001512,0.072285,-0.031322,-0.0024994,0.031535,0.079388,-0.0065985,0.026545,-0.045719,-0.0079465,0.045921,0.065216,0.033762,0.025982,-0.0066731,-0.034909,0.058989,0.017638,0.035951,0.058622,-0.030806,0.050359,0.049944,0.05421,0.041846,0.022756,0.0011949,0.074157,0.055392,0.076469,-0.045143,-0.10102,0.022193,-0.045119,0.024919,0.022762,0.025246,-0.041463,-0.017974,0.019713,-0.04563,-0.0060772,0.059438,-0.0016249,0.016643
0.0029276,0.0023762,0.045734,0.070676,0.0030713,0.072966,0.029496,0.10071,0.057502,0.044841,0.052793,-0.017534,0.072241,-0.015199,0.027782,-0.10824,0.074262,-0.022987,0.14063,0.03423,0.045503,-0.012516,0.0045513,0.008894,0.050442,-0.084659,0.0012031,0.069892,0.061314,-0.035884,0.095405,0.013927,0.036442,0.028223,0.030644,-0.054367,0.008401,0.015585,0.0017343,0.019192,0.10877,0.024793,-0.056111,0.050569,0.008374,-0.0052415,-0.074378,-0.040962,0.08206,0.016919,-0.021391,0.11206,-0.017906,0.046336,0.00066583,0.0070467,0.019931,0.067412,-0.10119,0.040654,0.11391,-0.0072525,-0.12129,0.008486,0.0065792,0.032258,0.19822,-0.083385,-0.010695,0.0051302,-0.014115,0.031434,-0.027452,-0.037335,0.066319,0.11781,-0.050749,0.024825,0.014907,0.092482,0.0276,0.0061116,0.077538,0.0068628,0.046983,0.0035231,-0.014549,-0.077925,0.055554,0.072974,-0.020271,-0.039404,0.096298,-0.0279,-0.09176,0.045258,-0.069199,0.0091931,0.022196,0.061165
0.018572,0.096062,0.046093,-0.012173,0.056345,0.022291,0.15042,-0.0080844,0.060821,0.034661,0.029901,0.039267,-0.054316,0.16726,-0.040102,0.018845,0.0080041,0.061664,0.03289,0.10878,-0.019367,-0.06297,-0.022576,-0.062034,-0.0042879,0.071189,-0.04135,0.083842,0.16861,-0.018008,0.064026,0.061327,0.021131,0.11645,-0.025874,-0.028371,-0.014842,-0.020404,0.051678,0.041616,0.084097,0.016578,0.021735,0.084737,0.036726,-0.04135,0.035593,-0.044967,0.085019,0.053743,-0.062913,0.016854,-0.040406,0.099828,-0.034318,0.042127,-0.040814,-0.061831,-0.01837,0.079678,-0.014277,0.085187,0.058859,-0.017183,0.025968,-0.0071199,0.094203,-0.11029,0.093904,0.0094749,0.12075,-0.025041,-0.031349,-0.077382,0.009023,-0.077871,-0.044854,0.022777,0.0052535,-0.068919,0.092674,0.098103,-0.023222,0.051997,0.11435,0.15551,-0.11798,0.20619,0.038778,-0.057738,0.10339,0.052194,0.02179,0.024351,-0.0071132,0.04731,0.012117,-0.02126,0.063927,0.072531
0.0021997,0.051552,-0.093433,-0.025513,0.017752,0.15613,0.098937,0.026013,0.053743,-0.024368,-0.033959,-0.010844,0.05024,0.076836,0.053672,-0.0033324,0.07302,0.085399,0.060539,0.056697,0.1348,0.078533,0.014786,-0.010213,0.055305,0.044529,0.060152,-0.026348,-0.052171,0.086473,0.020765,0.04165,0.017765,0.069595,-0.028239,0.024092,-0.042042,0.015837,-0.017062,0.022768,0.022483,-0.049282,0.13151,0.034121,-0.0026535,0.084183,-0.0028761,0.05846,-0.0018777,0.013441,0.11321,0.091174,0.0098443,-0.0010336,0.014508,0.053506,-0.063409,-0.011832,0.053591,0.06125,-0.012035,-0.039556,-0.05357,-0.031608,-0.034622,-0.065479,0.077553,0.087713,0.021436,0.0065481,0.031764,0.050677,0.040587,0.043827,0.090157,0.053288,0.035465,0.093843,-0.16099,0.069616,0.052949,0.088714,-0.097288,-0.0092133,0.16635,-0.0055605,-0.063384,0.05873,-0.063955,0.076339,0.060295,0.061769,-0.0203,-0.043686,0.07862,-0.012727,0.042195,0.025939,0.0016913,0.0027862
0.016251,0.064755,-0.054228,0.022591,0.042648,-0.0068142,0.054877,0.019109,0.12086,0.060848,0.027525,0.073741,0.077076,0.11621,-0.011694,0.041472,0.04774,0.03074,-0.0015212,0.03881,0.10395,0.038819,-0.0050256,0.11711,0.10355,-0.019673,0.094591,-0.032711,0.00028014,0.027419,0.11955,0.017234,0.03564,0.0014354,-0.0043928,0.11373,0.084773,0.043455,-0.076236,0.089113,-0.036832,-0.014943,-0.072448,-0.087652,0.062716,7.0487e-06,0.0052591,0.11546,-0.019438,0.1138,0.036701,0.017228,0.11014,0.099352,0.092712,-0.04793,0.058166,-0.028344,0.10998,-0.044423,0.12248,0.031779,-0.0053892,-0.024442,0.020271,0.056628,0.0021326,-0.064624,0.01249,0.12795,0.040234,0.043131,-0.0093046,-0.015184,-0.055198,0.07661,0.1044,-0.026936,-0.017727,0.056471,-0.0067703,0.010419,0.076115,0.055414,0.014569,-0.04507,0.11089,0.0049077,-0.081923,0.027122,0.086994,-0.035179,0.020377,0.11919,0.035011,-0.079188,0.001473,0.1046,-0.031645,0.029233
-0.081653,-0.026811,-0.0023386,0.12636,0.078806,0.055301,0.013214,-0.0054504,-0.059552,0.022852,0.057058,0.091211,0.050125,-0.082815,0.057908,-0.032462,-0.06042,-0.020454,0.052608,0.01175,-0.012803,0.13495,-0.086782,0.028716,0.012574,0.058924,0.069827,0.071237,-0.025606,0.09858,-0.061291,0.077995,-0.010669,-0.054568,0.022188,-0.048583,0.063248,0.075119,0.043815,0.056049,0.064229,0.0543,-0.030865,0.017818,-0.12525,-0.0016058,-0.0022352,-0.057335,-0.035256,0.045003,0.11297,0.0049093,-0.062634,0.082803,0.056811,0.018617,0.038506,0.015551,0.045235,-0.016491,-0.010165,0.030545,0.051475,-0.037255,-0.0060123,0.0051194,0.056234,0.045376,0.061191,0.10969,0.058809,-0.017522,-0.022317,-0.014012,0.065686,-0.022556,0.0035978,-0.00020789,0.074446,-0.043191,0.094084,0.025463,0.06281,-0.073919,0.048572,0.030134,0.013937,-0.00040069,-0.027452,-0.015178,-0.13982,0.0020072,0.082011,0.085742,-0.037567,0.021447,0.00372,0.089855,-0.095315,0.049289
0.0089243,0.095885,0.027784,-0.060467,0.052146,0.038426,0.029646,0.10629,0.095178,0.042269,-0.072549,0.040532,0.039381,0.00051869,-0.056425,0.02406,0.1803,0.051198,-0.0023693,0.015938,-0.029368,0.04638,0.032524,-0.021977,0.040787,0.057024,0.01595,-0.010563,-0.038584,0.041023,-0.065452,-0.034981,-0.03614,0.021559,-0.004714,0.13685,-0.038263,-0.0057995,-0.052323,0.044911,0.10965,0.0088119,0.031386,0.053795,0.0092669,-0.083262,-0.011024,0.045169,-0.060186,0.055424,0.0954,-0.089018,0.038205,0.040702,-0.0080551,-0.047019,0.015127,-0.032838,-0.019682,0.13248,0.079286,0.013194,-0.041118,0.065436,0.053105,0.074236,-0.017553,0.04815,0.016434,-0.0083764,-0.025528,0.08416,0.071192,-0.10234,-0.027301,0.0041633,-0.047654,0.03377,-0.016785,0.062496,0.052923,0.066095,0.015237,0.022173,0.044877,0.023802,-0.031343,0.032455,0.013596,0.042289,-0.036749,0.057557,-0.079849,0.10968,-0.040448,0.1168,-0.045883,0.12412,0.068985,-0.013789
0.067038,0.022331,-0.01623,0.078371,0.02338,0.054925,0.033523,-0.0032418,0.0043069,-0.10631,0.085471,0.065389,0.075326,0.026496,0.035331,0.046666,0.10738,0.09658,-0.0061505,0.15154,0.0078946,-0.051747,-0.004705,0.082731,0.065955,0.15375,0.12235,-0.0042474,-0.023371,0.0068841,0.010095,-0.052658,-0.041262,0.074652,0.076634,0.051946,0.049446,-0.025254,-0.020399,0.042906,0.064004,-0.081475,-0.035613,-0.037043,0.10386,-0.0059604,0.11325,0.06491,-0.058314,0.019337,-0.12145,-0.12342,0.0031574,0.10053,0.058559,-0.012232,0.021184,-0.022588,-0.10108,-0.03271,0.072639,0.0011627,-0.085808,0.011641,-0.038179,-0.034399,-0.016058,0.028122,-0.11944,0.023788,0.0095276,0.051375,0.029996,0.16486,-0.089105,0.056541,0.034278,0.075247,-0.016432,0.05235,0.030065,0.058975,0.012699,0.035833,0.0071606,-0.018827,0.05336,-0.058074,0.033986,0.10396,0.12345,0.040323,0.031246,0.009214,0.017025,0.011221,0.14649,0.030266,-0.0013496,0.013982
-0.049924,0.013261,0.056186,0.030992,0.12484,0.05802,-0.081677,0.027011,-0.011783,0.13343,0.0051323,0.18931,-0.038287,0.0075387,0.058199,-0.031037,0.069567,0.098184,-0.064339,0.0027098,0.13554,-0.029979,0.063615,-0.029503,0.034883,0.13537,0.15014,0.029776,0.097003,-0.00085627,-0.0592,0.010515,-0.03063,0.06113,0.059208,-0.008506,0.10854,0.037687,-0.011015,0.028555,-0.014112,0.031118,0.011183,-0.019636,0.098343,0.12718,-0.012233,0.051903,0.079246,-0.023907,0.03596,0.011426,0.051287,0.073372,0.00011431,0.1366,0.061236,0.039493,0.089286,-0.060539,0.013272,-0.03198,0.088041,-0.038294,-0.014009,-0.033588,0.075054,-0.0033894,-0.042288,-0.028337,-0.01644,0.02135,0.06939,-0.022238,0.054535,0.15087,0.0080901,-0.031166,0.017149,0.040704,0.04861,-0.0062463,0.056162,0.08549,0.076093,0.12384,-0.0062975,0.043357,-0.06535,0.10617,0.12145,0.098031,-0.023733,0.011467,-0.022362,0.05794,-0.019118,0.015199,0.062646,0.0066226
0.069293,-0.046726,0.052102,-0.0058451,0.022763,0.15641,0.02896,-0.053286,0.13141,0.011014,0.099993,0.040849,0.0076582,0.040608,-0.014626,-0.022223,0.071338,-0.009528,-0.012857,-0.025865,0.037823,0.029285,0.046116,0.10336,-0.030995,-0.074272,0.14753,0.0048488,0.082572,0.0082932,-0.0017351,0.089845,-0.012225,0.15249,-0.073355,-0.021423,0.0079849,-0.090046,-0.041311,-0.019741,0.0016965,-0.051385,-0.023577,0.018849,-0.018324,0.015605,0.064007,0.030242,-0.037365,-0.10085,0.0066821,-0.039257,0.16096,-0.012919,0.015769,-0.040566,-0.057778,0.051213,0.029178,0.045153,-0.061238,0.056949,0.017744,0.0020952,-0.019166,0.043665,0.014434,0.044636,-0.045896,-0.023513,0.03438,-0.018305,0.014433,0.021576,0.039195,0.072471,0.015343,0.060462,0.04987,-0.045268,0.00038613,0.054346,0.18562,0.054556,0.012454,0.016445,-0.070433,0.013357,-0.091174,0.024907,0.13196,0.042945,-0.01551,0.0019169,0.094485,0.012127,-0.032375,0.034504,0.079628,-0.075758
-0.0038181,0.066256,0.020222,0.059592,0.05562,0.015905,-0.0093092,0.0054211,-0.036079,-0.10407,-0.027225,0.058489,-0.065213,-0.035308,0.064316,0.04871,0.033657,0.080656,0.051375,0.0012736,0.02137,-0.044878,-0.010472,0.004318,-0.031465,0.014698,-0.060546,-0.017796,0.022877,0.15066,0.0035856,0.020392,-0.0052925,0.025533,0.032029,-0.038482,0.096259,0.087522,0.014744,-0.061839,0.0078479,0.065772,0.14384,-0.032154,-0.027174,0.080749,-0.060787,0.061796,0.095454,-0.025886,0.15906,0.0036661,0.05018,-0.077742,-0.067181,-0.007827,0.024908,-0.046349,0.0073264,-0.030293,0.0018665,0.057215,0.1154,-0.016289,-0.0043505,0.029601,0.15011,0.0070285,0.020398,0.050273,0.079448,-0.022284,0.052788,0.061249,-0.084613,0.028103,0.063096,-0.0058127,-0.038764,0.010313,0.029431,0.044928,-0.11227,-0.025094,0.069116,0.039467,-0.010607,0.095942,0.042782,0.064337,0.061025,0.11538,0.091866,0.013042,0.020904,-0.007933,0.097633,0.035,-0.0049775,0.065179
0.033853,-0.036909,0.031315,0.026199,0.074345,0.088135,-0.01215,-0.0071137,-3.7169e-05,0.098015,0.043693,0.053529,-0.011454,0.023177,0.066772,0.022442,-0.12633,0.063336,0.0073277,0.07642,-0.077823,0.081999,-0.016796,0.078485,-0.0083814,-0.040978,0.021547,0.0037333,0.041157,-0.039045,0.046278,0.051139,0.12094,-0.0033534,0.093225,-0.087712,0.021102,-0.0068094,0.066743,-0.028979,-0.0093648,0.14837,-0.010496,-0.026878,0.060467,0.088204,-0.013446,0.019576,0.015956,0.051065,0.080116,-0.0083179,0.040682,-0.0706,-0.072003,0.10186,-0.012749,0.10137,0.04593,-0.036326,-0.047714,0.091995,0.079697,0.079992,0.083998,-0.012382,0.058817,0.074928,0.062236,-0.020069,-0.043081,-0.067611,0.14027,-0.098385,-0.072695,0.0087957,-0.0054575,0.13998,0.039618,0.024602,0.032175,0.11008,0.016935,0.066273,-0.018218,-0.07336,-0.070125,0.047614,0.099709,0.18156,-0.0086801,-0.0072231,-0.020627,-0.025708,0.090894,0.033484,-0.0071325,-0.062646,0.034184,-0.038825
-0.10338,0.042925,-0.065454,-0.019519,0.09833,0.097474,0.062472,0.11298,0.17326,-0.030126,0.11623,0.11058,0.00094997,0.028652,0.15526,0.019095,0.078794,0.097249,-0.011079,-0.042914,0.054967,0.1311,-0.0085257,-0.0013928,0.075471,0.017626,0.023345,-0.038184,0.026841,0.044254,-0.037499,-0.015564,0.029661,0.0092004,0.11949,0.094162,0.092958,-0.0037207,0.18026,-0.031394,0.098335,0.050918,0.012229,-0.055612,-0.0039096,0.033444,0.051147,-0.0079116,0.0011635,0.028924,-0.09288,-0.014324,0.063953,-0.038661,-0.023102,0.026102,-0.013174,0.046303,-0.074699,0.022685,0.05193,-0.0020499,-0.1236,0.12082,0.11734,0.050167,0.088072,0.11421,-0.017547,0.036442,0.03648,0.017206,-0.0082418,-0.051075,-0.066825,-0.012456,0.081722,-0.010896,-0.015814,0.051582,-0.073576,0.12222,-0.12699,-0.050472,-0.0071561,-0.016391,0.02423,0.045285,-0.015676,0.050842,-0.069584,0.06503,0.024955,0.22632,0.029941,0.02449,-0.0033917,0.053772,-0.036431,0.022425
-0.030382,0.0027655,-0.057223,0.030977,0.030435,0.0029143,-0.01453,0.11771,-0.014018,0.091645,0.054997,0.073712,0.037929,0.067992,-0.022458,-0.075917,-0.015089,-0.0064575,0.020445,-0.022472,0.1034,-0.0065212,0.012243,-0.052526,0.072078,0.12725,0.16451,0.083464,0.11023,0.043734,0.10101,0.085059,0.092627,-0.010579,-0.0011942,-0.0051469,0.0064299,-0.015116,0.077469,0.070371,0.10366,0.051447,0.02186,0.060327,-0.079674,-0.04147,0.14898,0.0012216,0.015045,0.036441,0.03933,-0.042055,-0.087987,-0.038285,-0.059146,0.033838,-0.0090882,0.12367,0.10836,-0.10187,0.060557,0.11484,0.019788,-0.057608,0.041514,0.057228,0.019886,-0.039369,0.053381,-0.12039,0.070046,0.01817,0.010986,0.034998,0.0089904,0.025028,0.096158,0.039308,0.0023448,0.14239,0.092831,0.014695,0.015252,0.13549,0.030424,-0.010575,-0.0040349,0.012639,0.023373,0.082697,-0.073383,-0.025071,0.15157,0.10667,0.078459,0.061324,-0.015606,0.036969,0.05073,0.0052573
0.0092691,0.081627,-0.034782,0.055613,0.019211,-0.02716,0.084396,-0.037181,0.062621,0.048629,-0.03281,-0.009992,0.1371,0.0060544,-0.022594,-0.041283,-0.015103,-0.071447,0.052303,-0.018484,-1.4476e-05,0.010339,-0.01974,-0.098797,-0.02031,0.078887,0.10163,-0.028922,-0.024747,-0.010877,-0.041052,-0.070444,0.039163,0.062801,0.062269,-0.0032098,0.10814,-0.024944,0.032106,0.023469,0.049741,0.075455,-0.07386,-0.077331,0.039651,-0.0061902,-0.04337,0.14555,-0.014534,-0.035037,-0.061066,-0.011018,0.068018,0.050534,0.033398,-0.014376,0.010019,0.040496,0.011849,0.039142,0.11338,0.10065,0.027936,0.027291,0.022282,0.068387,0.10788,-0.041623,0.097948,-0.050082,0.016896,0.0081441,0.034876,0.028222,-0.0095607,0.0019749,0.0050146,0.094636,0.00080366,0.015025,0.0020283,0.10375,0.0083886,0.035143,0.022301,0.058748,0.10789,0.027556,-0.023444,0.084675,0.024565,0.074474,0.0023785,-0.027782,-0.0099672,0.076452,0.059911,0.064197,0.034374,0.13334
-0.01495,0.087449,0.018391,-0.12105,0.033927,-0.012903,0.011215,-0.0023436,0.066693,-0.041695,-0.0016354,0.047283,0.063972,0.069409,0.086845,0.031055,0.11702,0.0040386,-0.074846,0.020801,-0.044808,0.095551,0.1116,0.031292,0.099242,0.042688,0.095299,0.035637,0.19114,0.016979,0.094069,-0.00051825,0.10299,0.026789,0.013382,0.078532,-0.032364,0.10263,-0.028892,0.097218,-0.02183,0.097473,0.021085,-0.0089476,0.10537,-0.016865,0.051416,0.022187,0.0023469,0.053593,0.039601,0.0147,-0.012425,-0.04683,0.007245,0.021497,0.10633,0.025964,-0.0070407,0.043299,0.055632,0.038797,-0.026101,0.024702,0.0021456,0.070765,0.023779,0.032075,0.10611,-0.018234,0.084577,0.048657,0.16015,-0.079859,0.064403,0.034244,0.1083,0.030978,0.09375,0.00010418,-0.044916,0.018756,0.052849,0.055165,0.099823,-0.035663,0.011752,0.025142,-0.10778,-0.060078,-0.0032373,0.0097765,0.0062257,0.029822,0.021868,-0.046597,0.029006,-0.019233,0.035073,0.10523
-0.026827,0.096255,0.087738,-0.024844,0.091336,-0.068064,0.041119,0.025258,-0.041066,-0.022921,0.039857,-0.074826,-0.0046913,0.088278,-0.056277,0.029103,0.033957,0.043441,0.064286,0.019908,0.13909,-0.058949,-0.066842,0.0078981,0.059112,0.070671,0.18514,-0.022905,0.043332,-0.0054638,0.042445,0.059383,0.11015,0.024015,-0.047723,0.048217,0.10396,0.084429,0.04697,0.11365,-0.035855,0.12783,0.058529,-0.0040321,-0.032366,0.00022385,0.12806,-0.028447,0.12857,0.021762,0.12225,-0.030485,-0.018933,0.03663,0.012806,0.041056,-0.034584,0.062346,0.055242,-0.028966,0.06947,-0.05601,-0.012696,0.010229,-0.0056172,0.091099,-0.094137,0.11024,0.020638,0.01964,0.037293,-0.072939,-0.033944,0.079535,0.051371,0.065114,0.0081777,0.022621,0.01771,-0.085633,-0.021729,0.040427,0.019082,0.11979,-0.00035271,0.090899,0.044379,0.0563,0.094086,0.10235,-0.0033194,0.09173,0.054831,0.066532,0.033627,-0.060294,-0.035809,0.05449,0.023862,-0.030143
-0.044094,-0.013697,0.023927,0.038834,-0.068911,0.12366,-0.050708,0.12283,0.033458,0.026939,0.0068643,0.0098867,0.03406,0.1183,0.049622,0.014731,0.03384,-0.037296,-0.13412,0.016107,0.090961,-0.064215,-0.048308,-0.052781,-0.018115,0.018478,0.040121,0.062484,0.0036167,0.011377,0.060354,-0.032644,0.019094,-0.031826,0.066,0.096341,0.071716,-0.032286,0.0096666,-0.0031615,-0.049984,0.027032,0.062441,0.02943,-0.0387,-0.069131,0.0020857,0.083971,0.073928,-0.010029,0.042677,0.07979,-0.0075475,0.011757,0.021646,-0.0033212,-0.039281,0.080827,0.084314,0.071603,-0.047444,0.029444,0.11364,0.060488,0.032978,0.048173,0.015127,-0.099419,0.15527,0.0060246,0.056835,0.050703,0.14529,0.11264,0.11747,0.066823,-0.030641,0.057365,-0.030908,0.0017589,0.070519,-0.0069816,0.11751,0.14831,-0.016756,-0.036533,-0.043663,-0.0051742,0.046685,0.0058182,-0.019751,-0.015546,0.13916,0.037907,-0.009865,0.053637,-0.022347,0.09175,0.023671,0.013759
-0.017329,-0.052088,-0.026012,-0.0021879,0.055285,0.050669,0.020494,-0.031942,0.033453,0.059314,0.024712,-0.010119,-0.024937,0.046246,0.043549,-0.057297,0.10183,0.03334,0.00114,-0.058127,-0.0030414,-0.042158,-0.0018994,-0.034482,-0.081842,0.098103,-0.0078291,-0.0021666,0.070188,-0.063358,0.094158,-0.024908,-0.053827,0.089792,0.018461,0.092897,0.086785,-0.010171,0.051978,-0.057423,0.14707,0.11076,-0.044031,0.052999,0.067055,0.068516,0.092664,0.060431,-0.07402,0.052274,-0.0042671,-6.9304e-05,0.039491,0.038122,0.012807,-0.065298,0.032482,0.065615,0.1067,0.13532,0.089496,-0.028626,0.024362,0.029151,0.039768,-0.018128,0.090595,0.027087,-0.033277,0.035649,-0.016777,-0.053153,0.017503,0.093933,0.01758,0.00327,0.083112,0.053567,-0.060839,0.14904,0.029321,0.055937,-0.0013077,-0.10017,0.096356,0.12751,-0.043573,-0.019215,0.079273,-0.010035,0.015752,0.059705,0.13482,0.037891,-0.050153,-0.040238,0.018624,0.11163,0.043586,0.0094099
-0.015214,-0.11837,-0.032675,-0.06594,-0.021253,0.076813,0.042644,-0.010537,0.024268,0.02823,0.0087704,0.088593,-0.004014,0.03048,0.0026006,-0.011769,-0.03134,0.011568,0.0061096,0.021575,0.086996,-0.030133,0.12853,0.14003,-0.048844,-0.011917,0.063461,0.051757,0.024775,0.049949,-0.0060956,0.045518,0.036975,0.092466,0.03251,0.12238,-0.011458,0.059465,0.016944,-0.021574,-0.046766,0.031073,0.026061,0.0014991,0.10002,-0.027532,0.041336,0.057467,-0.036408,0.048916,-0.082795,-0.0042117,0.016528,-0.023286,0.047058,0.052181,0.14413,0.044351,0.031347,0.023674,-0.033141,0.047564,0.040025,0.11266,0.10793,-0.02105,-0.11156,0.040613,0.081638,-0.027979,-0.04106,0.12174,0.0020108,-0.022345,-0.019604,0.0075153,0.010407,0.020978,-0.013458,-0.014355,-0.010996,-0.039019,-0.039572,-0.025671,0.095132,0.0075462,-0.028452,0.051309,-0.03097,0.063864,0.0082495,-0.025828,-0.015768,0.064454,0.059915,0.091651,-0.037708,0.053356,0.070521,0.090634
-0.021631,0.063569,-0.0045505,0.0036136,0.032002,-0.03915,0.071972,0.021417,0.12161,-0.035707,0.068132,0.010755,0.097482,-0.051727,0.024853,-0.037594,-0.095554,0.088436,0.066415,0.026079,0.0026925,-0.0045332,-0.044048,-0.030741,0.0019373,0.064704,0.070938,-0.0085405,0.01312,0.014392,-0.023733,-0.079692,0.1421,-0.012845,0.020671,0.0020155,-0.072111,0.076788,-0.056926,-0.052412,0.023463,-0.06031,0.011868,-0.016774,0.055194,0.0068075,-0.012993,0.013684,-0.017567,0.068874,0.12187,0.093862,0.066499,-0.079298,-0.043039,-0.012916,0.010715,-0.0538,0.11794,-0.027376,0.073075,-0.02055,0.014,-0.10803,-0.087143,0.068576,0.10152,-0.066616,-0.019072,0.036649,0.026292,0.12721,0.14758,0.089465,0.033905,0.044371,0.11286,0.11647,0.066788,0.079951,-0.036822,0.036222,-0.041631,-0.06637,0.081584,-0.042802,0.036066,0.0098889,-0.054264,-0.06145,-0.0098295,-0.050346,-0.023514,0.011009,0.0008611,0.0065053,0.0059251,0.036789,0.059257,0.1013
-0.052924,0.10525,-0.029381,-0.010857,0.008815,0.005339,0.071467,0.027244,0.064343,0.063977,0.058319,0.068564,-0.06636,-0.01283,-0.066497,-0.0030488,0.040027,-0.013428,0.020073,0.030072,0.1113,0.099304,0.029147,0.063204,-0.0228,0.016655,0.037519,0.011136,0.045162,-0.017855,0.044394,-0.012476,0.074595,-0.0098827,0.078314,0.029434,-0.0081071,0.044324,-0.063386,0.11855,0.10375,-0.027878,0.10241,0.038246,0.15988,-0.027218,-0.0063383,-0.045485,0.076605,0.065273,0.045852,0.028459,0.099577,-0.058042,0.020634,0.026517,0.045416,0.010584,-0.063702,0.031755,0.12715,0.015044,0.066146,0.044696,-0.028731,0.051267,-0.02008,-0.033179,0.049266,-0.0063677,-0.0083525,-0.054703,-0.034955,0.12808,0.059918,-0.057334,-0.088832,0.042313,-0.017872,0.033238,0.12592,0.13222,-0.051517,-0.05011,0.081794,0.034573,0.080996,-0.026036,0.042223,-0.0097853,0.099637,0.031436,-0.049535,0.062577,-0.036476,-0.032042,0.031134,0.013973,-0.060053,-0.063863
0.087667,0.04339,-0.033024,0.0035048,0.063942,0.057413,0.0039231,0.0076715,-0.052089,0.0049437,0.012372,-0.070343,0.083066,0.0018069,-0.081232,0.071903,0.005525,0.12363,0.023426,0.16023,0.015535,0.14988,-0.022978,0.071401,0.032962,0.044571,-0.0063287,0.051228,0.10428,0.086009,0.10545,-0.062287,0.063913,0.040765,-0.036185,-0.059664,0.10542,0.033113,0.096555,-0.10717,-0.044888,0.14232,-0.018549,0.026837,0.027796,0.034397,0.062749,-0.011122,0.0047246,0.06049,0.038968,-0.12123,0.044034,0.014158,0.089314,0.082378,-0.017549,0.11356,-0.0086848,-0.057467,0.098605,-0.036873,-0.06636,0.022431,0.11088,-0.056368,0.095206,0.032109,0.19263,0.02704,0.11421,0.037608,0.10527,0.059342,0.10816,0.15308,0.13823,-0.042035,0.14203,0.071667,0.00040896,0.048297,0.011106,-0.015948,0.031833,0.0052015,-0.011822,-0.0032187,0.0034497,0.075325,0.012556,0.0087497,-0.009848,0.079529,-0.050906,0.011639,0.035906,0.061259,0.0070584,-0.026227
0.095963,0.09377,-0.01379,0.011726,0.0024669,-0.0096568,-0.0071837,0.030664,0.047857,-0.012555,-0.023039,0.02179,0.013043,-0.00061078,0.060241,-0.079074,0.077096,0.016071,-0.00055595,0.065298,0.037743,0.058169,0.10843,0.020959,0.048145,0.052402,0.027866,0.052843,-0.016882,0.11585,0.13492,0.024173,0.0086525,-0.015342,-0.021302,0.015702,0.10977,-0.03654,0.010767,-0.0056798,0.054403,0.076493,0.0028456,0.0549,0.11661,0.13641,-0.019001,0.018896,0.094149,-0.014405,-0.042111,0.036779,0.066135,0.028249,0.032536,0.062667,0.0024354,-0.027344,0.042756,0.072312,0.032926,0.072891,0.017818,0.12829,0.0056795,0.085742,-0.0073358,-0.033666,0.057913,0.10747,0.040405,0.098543,0.071015,0.083632,0.056293,-0.0031538,0.044349,0.15892,-0.037488,0.17803,0.061686,0.039876,0.042293,0.013826,-0.00031516,0.076322,0.021323,0.061874,-0.02028,0.035134,0.056972,-0.09322,0.021012,-0.023107,-0.085791,0.083292,0.12702,0.060023,-0.032259,0.014324
-0.018548,-0.064215,-0.01469,-0.053742,0.045323,-0.061641,-0.014738,-0.058039,-0.040991,0.017673,0.12738,0.043454,0.013495,0.0075478,0.007753,0.039354,0.10299,0.035386,0.029617,0.014415,0.011978,-0.049684,-0.0064656,0.043817,-0.03599,0.049229,0.18666,0.0409,0.12598,0.0095602,0.11046,-0.0027788,0.04626,-0.012719,0.00077765,0.10764,0.096851,0.059419,-0.027191,0.0844,-0.040517,0.037585,-0.11316,0.038399,0.017059,0.045332,-0.0011487,-0.035775,0.046175,0.11103,-0.030368,-0.0050115,-0.026412,-0.017289,0.078023,-0.063671,0.066298,0.097032,0.088027,-0.048996,0.13174,0.0070168,0.0066178,0.018115,0.064104,0.028415,-0.068952,-0.064111,0.0075421,0.052265,0.18099,0.084651,0.1194,0.01455,-0.10468,0.075567,-0.00058484,-0.1291,0.014961,-0.032623,0.13331,0.0026104,-0.0033011,-0.055197,0.023656,0.079887,0.058025,0.056486,0.029806,-0.021849,0.068731,-0.041374,-0.048351,-0.0049611,-0.053933,0.057045,0.059981,-0.045657,0.068722,0.086381
0.010101,0.042669,-0.049933,0.068813,0.1968,-0.077827,0.038475,-0.036133,0.01885,0.047664,-0.014199,-0.01996,-0.043517,0.13592,0.037869,-0.037701,-0.063249,-0.042222,0.022831,0.057542,0.03093,0.052439,0.029979,-0.012708,0.073093,0.086815,-0.043086,0.014918,-0.0094514,-0.021658,0.02193,0.04324,-0.018533,-0.0085443,-0.0082615,0.066385,-0.02432,-0.011946,0.060891,0.080343,-0.084065,-0.074058,0.036838,-0.028598,0.021807,0.043048,-0.03523,0.035433,-0.11998,0.089379,0.030409,0.062287,0.0027273,0.091585,0.13323,0.035292,0.039277,0.13827,0.067395,-0.0024805,0.013389,0.00018772,0.10861,0.063956,-0.023755,0.032827,-0.0041505,0.037483,0.015391,0.13275,-0.069184,0.089252,0.081508,0.033543,0.002991,0.048299,0.14403,0.0032408,0.016653,-0.052436,-0.0097167,0.10262,-0.032627,0.019196,0.025253,0.065578,-0.086439,0.041922,-0.076668,0.025099,0.026014,0.008962,-0.020599,0.068425,-0.01251,0.023698,-0.017919,0.014133,-0.00562,0.0096199
0.05924,0.014288,0.013508,0.11084,0.0061203,-0.040379,0.039591,-0.069058,0.047184,-0.037148,0.0069381,-0.0045488,0.031018,0.059679,-0.044725,-0.090081,-0.017261,0.075821,0.059491,0.10392,0.094956,0.097177,0.013991,0.041639,0.084299,-0.020436,0.060949,0.035312,-0.018823,0.04203,0.070579,0.049617,-0.024526,0.14052,-0.024741,0.055568,-0.052767,0.03032,-0.0058513,-0.048935,-0.035371,0.02356,-0.05107,-0.07356,0.029515,-0.0087729,0.054583,0.0032811,0.02311,-0.018684,0.091752,0.016851,0.0024798,-0.02188,0.062509,-0.052567,0.041038,0.10313,0.14305,-0.062428,0.074619,0.051574,-0.050991,0.018951,-0.0023864,0.048377,0.026526,0.15624,-0.019009,0.049346,0.1213,-0.0017859,0.11438,0.094533,0.062168,0.063751,-0.1062,0.064429,0.010004,0.010616,0.038193,0.074849,0.074588,0.027423,0.094528,0.042861,0.01527,0.1063,0.08072,0.021085,0.046767,0.01549,0.068133,0.1005,-0.011392,0.019774,0.090872,0.0037737,0.014634,-0.0050819
0.10599,0.093263,0.041772,-0.053014,-0.039267,0.032132,0.10671,0.010818,0.024263,0.15293,-0.022446,0.064461,-0.077887,0.0037002,0.12292,0.077167,0.013173,-0.012794,0.015848,0.072515,0.0062661,0.085079,0.038501,0.071008,0.025788,0.030671,0.073598,-0.00081904,0.10307,0.0080899,-0.060322,0.17446,0.003877,0.10703,-0.068287,-0.001555,0.033141,-0.0096411,-0.023667,0.048352,0.0039585,0.055303,0.009081,0.023019,0.060679,0.0010293,-0.083852,-0.028266,0.03035,-0.048497,0.029948,0.055825,0.061473,-0.04838,-0.035242,0.097098,0.064319,0.079321,0.040405,0.014206,-0.022341,0.10842,-0.044578,0.088834,0.10426,0.033056,-0.063989,-0.029476,-0.041536,0.039853,0.040524,0.0097652,-0.010999,-0.019022,0.079583,-0.017063,0.062278,0.10536,0.058956,-0.10201,0.032454,-0.029009,-0.0080074,0.044277,0.024754,0.017482,0.027367,0.027352,0.003917,0.015683,-0.0038736,-0.00090665,-0.036468,0.058059,-0.056087,0.13054,-0.018578,0.15681,0.038516,0.077131
-0.025873,0.044801,-0.024387,0.098122,0.081923,0.0401,0.13951,0.057137,-0.027493,0.079139,0.00068972,-0.012989,0.11827,0.075707,-0.033332,0.047164,-0.027875,0.071994,-0.10888,0.074472,0.031306,-0.01445,0.00095616,-0.039923,0.062727,-0.064346,-0.0054419,0.02886,-0.032757,0.00043742,0.063599,0.009314,0.061423,-0.00031585,0.039857,0.032218,0.012306,0.080854,-0.14264,-0.039359,0.063871,0.10161,0.027579,0.0075668,0.017714,0.027844,-0.055302,0.039946,0.011003,0.038371,0.055453,-0.075928,0.077851,0.024127,-0.020763,-0.041581,0.14762,0.054725,0.012509,-0.053409,0.024717,-0.039565,0.15103,-0.0018202,0.14147,0.038961,0.090612,-0.065917,0.015659,0.098468,0.017019,0.072131,0.038866,0.042621,0.039436,-0.0060532,0.021685,0.013272,0.041465,0.051721,0.041353,0.050319,0.050535,0.076949,0.045854,-0.050191,-0.03667,0.045644,0.084473,0.059373,0.046189,0.038024,0.082803,0.094117,0.099587,-0.0081644,-0.03683,-0.022682,0.032757,0.0051113
-0.0098889,0.023699,-0.013273,0.053135,0.097462,0.070014,0.061257,-0.019807,-0.036908,-0.081198,-0.0089091,0.20536,-0.040397,-0.021297,0.0085416,0.0035387,0.0010263,0.026167,-0.03105,-0.048439,0.020317,0.037658,0.076144,-0.031406,-0.047806,0.050422,-0.0090443,-0.013639,-0.039775,-0.048282,-0.028828,-0.021403,0.074384,0.092625,0.099014,0.0004372,0.019545,0.099084,0.065665,0.0012402,-0.051424,-0.025035,0.025752,-0.0025946,-0.082457,0.027408,0.028565,-0.0077912,0.050297,0.035283,0.032976,-0.008864,-0.067929,-0.010639,0.070372,0.052203,0.059116,0.0058258,0.047622,0.021524,0.055819,0.061917,0.015346,-0.043414,-0.028802,0.033705,0.011077,0.011164,0.10067,0.055618,0.030725,0.035217,0.031384,0.039371,0.027654,0.054294,0.03224,0.1513,0.14453,0.039179,-0.058158,0.015053,0.048149,-0.04968,-0.026348,0.14745,0.019621,0.031414,0.13346,-0.0053599,0.10162,0.15277,0.038752,-0.014764,0.027089,0.14967,-0.092103,0.0053086,-0.0061599,-0.0053099
0.080069,-0.086717,0.14696,0.003407,-0.00013313,-0.0067197,-0.10981,-0.0003672,0.06213,0.015061,0.045907,0.030919,0.0086899,0.075114,0.11203,-0.023043,0.029695,0.093409,0.076918,-0.077812,0.08562,0.066546,0.10031,0.045323,0.052252,0.17276,0.059009,0.038054,0.10617,0.033607,-0.17248,0.14223,0.010612,0.085656,-0.12337,-0.017265,0.002019,0.049158,-0.060438,0.10349,0.13104,0.10487,0.03128,-0.028006,0.12525,0.015877,0.078786,-0.044085,0.13881,-0.0245,-0.019456,0.068683,0.036068,-0.0055815,-0.0030296,-0.11143,0.1062,0.10635,0.023579,0.015085,0.011448,0.07436,-0.035446,-0.10806,-0.068919,0.053654,-0.030666,-0.050288,-0.020647,0.0094043,0.084521,0.04537,0.021443,0.1359,0.0010241,0.025497,0.11225,-0.022736,0.030937,-0.0095538,-0.093991,0.048354,0.099777,-0.020811,0.032631,0.080068,0.0038392,-0.050218,0.1042,0.079867,-0.045558,-0.034288,0.21521,-0.057353,0.078707,0.0092952,-0.086687,0.055705,-0.0060545,0.17858
0.012652,-0.053172,0.11237,-0.032848,0.0092659,0.010861,-0.026257,0.090889,0.038093,0.040891,-0.01595,0.13348,0.018953,0.013567,-0.014509,-0.037677,-0.12734,-0.013938,0.0031817,0.017219,0.044985,0.064109,0.062553,0.02931,-0.063565,0.093974,0.041621,0.10171,-0.02774,0.0341,0.15792,0.032327,0.095039,0.019515,0.0026812,-0.04568,0.051872,-0.017473,0.029796,0.037041,0.12932,0.0061148,0.067282,-0.0028107,-0.023906,-0.001879,0.022752,0.15592,0.2084,-0.019823,0.074239,0.072866,-0.046421,-0.095006,0.087637,0.054067,0.074503,0.092514,0.084913,0.074682,0.025739,0.047711,0.0033695,0.16463,-0.080604,0.079524,0.013002,0.090408,0.013518,0.0536,0.12358,-0.030014,0.024107,0.033003,0.040842,0.019565,-0.039642,0.10975,-0.039523,0.053615,0.093987,0.10925,0.016709,0.045914,-0.061407,0.0099303,0.038964,-0.0034276,-0.011717,0.026798,-0.0017762,0.049786,0.082804,0.06143,0.028034,-0.063316,-0.00054274,0.058098,0.059079,-0.042719
0.042053,0.055516,0.036076,0.027491,-0.049342,-0.02831,-0.020521,-0.0069921,-0.050014,0.1217,0.064792,0.038966,-0.053009,0.021272,-0.04949,-0.080142,0.063222,0.056458,-0.017859,0.036025,0.017504,0.070646,0.039053,0.11181,0.052858,0.10428,0.044782,0.028465,-0.060684,0.080105,0.029702,-0.027918,0.15799,-0.11718,-0.067577,-0.0339,0.098358,-0.074446,-0.016384,-0.029491,0.055537,0.040242,-0.061104,0.068427,0.082316,-0.14722,0.024576,0.008446,-0.019089,-0.016901,0.12621,0.065535,-0.02338,0.072704,0.0073354,0.12517,0.060899,0.084731,0.081494,0.078069,0.12729,0.019259,0.10634,0.043182,0.011789,0.068927,0.074277,-0.032035,0.080521,-0.028059,0.040111,0.027065,-0.031724,0.019697,0.067558,0.10543,0.046472,0.049437,-0.09024,0.076375,-0.010193,-0.066816,-0.044628,0.04443,0.052879,0.078925,-0.053023,0.03451,0.16047,0.076303,0.073037,-0.0090851,-0.068593,-0.037623,-0.017889,-0.040133,0.076557,0.066582,0.015788,0.0646
0.047761,0.089847,0.085235,-0.00040893,-0.092369,0.028235,-0.0034312,-0.018188,0.040245,0.061129,0.026284,0.11036,0.013375,-0.0098731,0.14419,0.1098,0.11987,0.18696,0.073656,0.047108,-0.10454,0.017331,0.017169,0.015447,0.023573,0.019208,0.039279,-0.0063305,0.15131,0.0097562,0.010471,0.071289,-0.015061,0.080538,-0.008627,-0.014739,0.045057,0.0094436,-0.09165,0.074059,-0.10125,0.091107,-0.026876,0.094414,0.020692,0.036619,-0.045622,0.043452,-0.083763,-0.0132,-0.0097081,0.013335,0.09237,-0.031276,-0.028874,0.054766,-0.012023,0.12255,-0.016348,0.19261,0.045068,-0.010948,-0.002845,0.040891,0.031154,-0.058013,0.048317,-0.052422,0.054715,0.026246,0.04367,-0.011589,-0.015016,0.11974,-0.067952,0.066716,-0.0186,-0.016132,0.019153,0.071433,0.026585,0.093791,0.18862,0.068432,0.077356,0.041727,0.11926,0.060067,0.03085,0.020523,0.015492,0.065336,0.025127,-0.11432,0.10626,-0.077645,-0.020606,-0.012826,0.036756,0.061462
0.071289,-0.0060883,0.091877,-0.061153,0.016837,0.014764,0.046076,0.021115,0.021202,0.071682,0.045954,-0.040621,0.10546,0.092486,0.10388,0.020363,0.014691,-0.038232,0.082249,0.11787,-0.034287,0.0048524,0.031021,0.0093982,-0.014703,0.087338,0.0027024,-0.050689,-0.031072,0.023672,0.064719,0.067145,-0.029506,-0.015815,0.094176,0.045988,0.11977,0.038949,0.10782,0.079744,0.024794,-0.0030585,0.023903,0.051981,-0.039714,-0.0087687,-0.042984,-0.01904,0.030488,0.00079346,-0.040783,0.006107,0.046211,-0.049461,0.0012542,-0.032415,-0.013295,0.073448,0.031086,0.03074,0.15015,-0.032138,0.013896,0.050787,0.056892,-0.033649,-0.020202,0.037855,-0.010777,0.051772,0.038949,0.017922,0.0424,-0.023172,-0.056376,0.00067031,0.21317,-0.04961,0.10847,0.03681,0.1109,0.034006,-0.010677,0.047963,-0.050789,0.0073626,-0.067308,-0.060822,-0.046557,0.10939,-0.056334,0.082755,-0.073374,-0.017875,-0.015742,0.026424,-0.082206,-0.033898,0.0069978,-0.068462
0.017612,0.031801,0.029302,-0.029823,0.0060948,0.040803,-0.042162,0.041348,0.064472,0.18049,0.020875,0.057322,0.003643,-0.031234,0.011822,0.010861,0.087556,0.071594,0.081754,0.049393,0.036472,-0.10048,0.19044,-0.024191,0.051331,-0.035821,-0.03131,0.041121,0.11313,-0.074058,0.060968,0.10784,0.073881,0.051264,0.045019,0.0022709,-0.01076,0.020259,0.04576,0.039153,0.053589,-0.044438,0.10893,0.10115,0.056942,0.10147,-0.0174,0.012571,0.068462,-0.050745,-0.037534,0.0097307,0.0015801,0.070045,0.0024531,0.12893,0.022102,-0.029698,0.039774,0.13215,-0.010909,0.1486,0.11478,0.058039,0.0666,-0.0058073,-0.066828,0.0097906,-0.0059716,0.096901,0.087261,-0.063685,-0.04988,-0.047221,0.075971,0.090753,-0.054963,0.060147,-0.068837,0.080388,0.011378,0.085191,0.018529,-0.012758,0.0029578,-0.006428,0.089386,0.05914,-0.099897,0.042784,-0.072192,-0.10082,0.085119,0.014339,0.12734,0.00029469,-0.01319,0.052891,0.032292,-0.059337
0.060121,0.057506,0.011255,0.050085,0.089081,0.095012,0.088967,0.025116,-0.047789,-0.043855,0.030511,0.062887,0.11334,0.095395,0.05026,-0.022587,0.080524,-0.071527,0.045295,0.01301,-0.010245,0.02538,0.0020669,0.022954,-0.02747,0.044747,0.077274,0.015777,0.029737,0.01565,0.019115,0.0024238,0.010452,0.040782,0.028989,0.075104,0.033966,0.014448,-0.01762,0.075082,0.0406,-0.027408,0.12335,-0.0020819,0.0073191,0.0012104,-0.032924,0.053433,-0.062006,0.014796,0.052607,0.082747,0.030687,-0.075339,-0.03442,0.086496,-0.030255,-0.0085543,0.064604,0.064851,-0.03879,-0.035642,0.080903,-0.0050166,-0.050468,0.11259,-0.016423,-0.011432,-0.020574,-0.025551,0.081209,0.14078,-0.0083459,-0.0016531,0.0086114,-0.033708,0.043872,0.095129,0.096212,0.081125,0.006589,0.030658,-0.065893,0.084601,-0.013256,0.084522,-0.065524,-0.095237,0.0025946,0.040714,-0.039927,0.055572,0.048355,0.067011,0.092522,0.036637,-0.0084048,-0.048353,-0.011588,-0.0018757
-0.043027,-0.014234,0.0018512,0.042244,-0.033218,0.04339,0.050589,0.09193,0.070418,0.070142,0.0097214,-0.02419,0.042317,0.0023939,0.13591,0.032521,-0.05136,0.12813,0.051067,-0.0019244,0.05192,0.032995,-0.075489,-0.030896,0.01248,0.076892,-0.04314,-0.016919,0.031764,0.049209,0.020417,0.10541,0.078443,0.082634,0.03787,0.0062017,-0.089095,-0.11068,0.0086205,-0.065079,-0.013065,0.064267,-0.019885,0.081629,0.018669,0.049754,-0.0232,-0.00090447,0.088521,-0.090618,0.050914,0.097491,0.001431,0.10619,-0.056052,0.00238,0.093373,0.10295,0.12545,0.0093503,0.15744,0.06821,-0.041553,0.007198,0.054155,0.028317,-0.041808,-0.042256,0.07243,0.086482,0.0044116,-0.17721,-0.01853,0.050171,-0.025409,0.00073593,0.056671,-0.004603,-0.017871,0.012081,0.021105,0.10799,-0.045495,0.063601,0.15336,0.042923,0.066192,0.099956,-0.026323,-0.010822,-0.12653,0.053187,0.064259,0.085828,-0.028927,0.13601,0.057212,0.033367,-0.021066,0.052313
0.10225,-0.0026702,-0.027953,0.12403,-0.046798,-0.079596,0.0032713,0.029157,-0.034535,-0.032975,-0.022087,0.044165,0.096969,0.045497,-0.015382,0.048023,0.027401,0.011105,0.10034,0.031219,-0.063609,0.029918,0.036006,0.096616,0.037673,0.01241,0.1138,0.070493,0.067793,-0.1246,-0.01792,0.10187,0.051571,0.017203,0.00083549,0.043154,-0.019034,0.062362,0.0012807,0.059884,0.048213,0.088822,0.10865,-0.0033447,-0.0091806,-0.051826,0.036234,0.0054104,0.031527,-0.029163,0.021576,-0.099327,0.047044,0.03754,-0.021872,0.076529,0.017989,-0.028594,0.027551,0.073632,0.031086,0.0045012,0.04177,0.063716,-0.023752,0.13,-0.077552,0.0038065,0.014952,0.10775,-0.025749,-0.022965,-0.074197,0.1049,-0.019719,-0.053828,0.046457,0.088206,0.062606,0.028327,0.049681,0.0017346,0.021612,-0.049393,-0.030203,-0.072784,-0.01344,0.097916,0.046814,0.087379,0.10868,0.12796,-0.039631,-0.056755,-0.0056009,0.063657,0.099889,-0.024226,0.10906,-0.020467
-0.0042873,0.029405,0.16048,0.056732,0.034016,-0.074806,0.045812,0.031737,0.054585,-0.057061,-0.011449,-0.019741,0.10766,0.070016,-0.059226,0.047132,0.050334,0.033088,-0.077092,0.07039,0.074685,-0.038738,0.051256,0.070228,-0.0019948,0.029221,0.14643,0.10279,-0.054145,-0.074093,0.026854,0.0063899,0.075898,0.050117,-0.068372,0.050076,-0.034007,0.011412,-0.037838,0.14228,-0.054625,0.10661,0.047307,0.096669,-0.019704,0.088691,0.084677,0.078657,0.073229,-0.071525,-0.070401,0.074803,-0.096128,-0.0050887,0.042218,0.072728,-0.040142,0.00025928,0.074121,0.0082067,0.17488,-0.044221,0.13853,-0.026975,0.053287,0.0033228,-0.10603,0.074522,-0.020591,0.026835,0.13101,0.032001,0.050589,0.050385,-0.052507,0.061077,0.040196,0.029317,0.037619,0.016408,0.043232,0.12368,0.047922,-0.071208,0.089447,0.11763,0.061195,-0.040646,-0.011796,0.024262,0.19052,-0.059751,0.018859,0.074929,0.12005,0.039001,0.11714,0.00319,0.019155,-0.051593
0.02704,0.0095986,0.1087,0.015783,-0.0078461,0.012158,0.0028685,0.018891,-0.017031,0.010802,-0.018441,0.15377,-0.020488,0.017726,-0.051984,0.092127,-0.049599,0.081451,0.10989,0.084139,0.079438,0.13876,-0.0045436,0.041835,0.021091,0.12876,-0.0032162,0.15237,-0.014189,-0.014886,0.058388,0.043662,0.15721,0.034704,0.01267,0.023726,0.10682,-0.064344,0.026626,-0.0083678,0.024057,0.12271,0.063348,0.081185,-0.011986,0.10514,0.08856,0.1468,0.08423,0.062104,0.086221,0.019433,-0.059297,0.0055244,-0.021742,-0.081447,-0.02099,0.073385,-0.030441,0.1443,0.018999,0.053545,0.15579,0.05385,0.11017,0.027479,0.088758,-0.050727,0.001243,-0.040997,0.055573,0.13852,0.11196,-0.033492,-0.0019525,0.080695,-0.079961,0.063385,0.0251,0.024898,-0.064541,0.03365,-0.046519,-0.0096027,-0.037027,0.10534,-0.025299,0.12927,0.036665,0.033859,0.040711,0.041424,0.034066,0.010928,0.05409,-0.10696,0.045003,0.064672,-0.06679,0.013515
0.037249,-0.066443,0.13179,0.037665,0.11437,0.050656,-0.12687,-0.007276,0.12045,-0.066003,0.00081438,0.111,0.027776,0.10209,0.15323,0.060767,-0.013074,-0.071707,0.064789,0.096521,0.011097,-0.0086796,0.12222,0.052892,-0.011228,-0.085464,-0.037271,0.036724,0.020958,0.03703,0.090187,-0.0025326,0.047104,0.082255,-0.0072168,0.032377,0.096232,0.076805,-0.0023463,0.026728,0.064793,0.077677,0.12911,0.10904,0.013143,-0.037246,-0.0028995,0.022359,-0.062739,0.057853,-0.012271,0.061885,0.0021084,0.0052141,0.0020389,0.00022954,0.036231,0.10391,-0.0079442,0.071739,-0.050339,-0.050569,-0.062599,-0.038886,0.040273,-0.080835,-0.03037,0.01417,-0.0012623,-0.036753,-0.096553,-0.054497,-0.044838,-0.040205,-0.02829,0.048785,0.093076,0.034879,-0.0085018,0.067839,-0.026063,0.062773,0.018072,0.011182,-0.04781,0.01529,0.057505,-0.064881,0.030856,0.12568,0.037191,0.075969,-0.048218,0.12648,-0.077481,0.077402,-0.0093924,0.072047,0.10198,-0.00026554
0.15009,0.017257,0.064002,0.060018,0.080348,0.091458,-0.0028765,-0.11448,0.093488,-0.033713,0.028085,0.070274,0.00067004,-0.021958,0.02313,-0.029088,0.13109,0.056039,0.025301,0.050689,-0.017437,-0.0015168,-0.12719,0.022303,0.04776,0.022271,0.048424,0.060979,0.021727,0.09539,0.026177,0.073364,0.040961,0.089639,0.016646,-0.082794,0.068253,-0.039848,0.022468,0.11828,-0.0048548,0.11425,-0.092356,0.016989,0.10794,0.071501,0.04034,-0.013249,-0.032839,0.042419,0.069745,0.0044976,-0.037345,0.0016673,-0.016348,0.059707,-0.0010556,0.066709,-0.0047126,0.061633,-0.054952,-0.0038204,0.053652,-0.034215,0.089216,0.0030758,0.10085,0.0080637,0.11156,0.035548,0.037152,0.014054,0.00025275,-0.0027858,0.11925,0.027173,0.022277,0.031225,0.089475,0.014609,0.047216,-0.067412,0.1199,0.0061042,0.077986,0.14574,0.090073,0.12681,0.026972,0.076361,0.17204,0.082265,-0.020831,0.050113,-0.0383,-0.029364,0.038375,0.054424,0.0017491,0.0041214
0.10328,0.012783,0.029583,0.0037294,0.15479,0.0083241,-0.080746,0.00035118,-0.014065,0.083665,0.023067,-0.024183,0.13611,-0.038565,-0.087783,0.064396,0.14922,-0.069715,-0.005823,-0.076938,0.088372,0.029526,0.067698,-0.026392,0.030282,-0.0087475,0.057705,0.056551,0.090413,0.082251,0.041844,0.026182,0.096892,0.012115,0.0056148,0.078405,0.0073737,0.049793,-0.021144,0.0058307,0.13503,0.12499,-0.0021059,0.028275,-0.073826,-0.013449,0.059597,0.067478,-0.055027,0.20082,0.064748,-0.10002,0.031108,0.047453,-0.0028319,0.0086796,0.046362,0.054146,0.057546,-0.060522,0.025972,0.055779,0.056644,0.10079,0.089015,0.057722,0.012019,-0.016365,0.083292,-0.0095397,-0.03554,0.0044563,-0.014652,0.048475,-0.0085446,0.0015578,0.11182,-0.093493,-0.018552,0.041202,0.066759,0.13265,0.033194,0.00022427,0.15948,0.0086461,0.018897,-0.063953,0.0044502,-0.0139,-0.0049874,0.10901,0.0034668,0.038535,0.0047459,0.00053044,-0.041544,0.10975,0.037901,-0.039164
0.034686,0.12902,-0.091801,0.007866,0.022528,0.014664,-0.072745,0.05536,-0.076062,0.073708,0.069935,-0.023647,-0.063197,-0.017131,-0.028456,-0.080645,0.093354,0.035372,0.019489,0.0088148,0.11191,-0.023958,0.11484,0.047182,0.14163,0.036951,-0.089965,0.090326,0.040445,0.089682,0.085531,0.045776,0.037501,-0.090827,-0.061638,-0.071776,0.034369,0.015828,0.002524,0.05655,0.08812,0.063193,0.039673,-0.01368,0.016866,0.002232,-0.075398,0.074344,-0.081645,-0.005667,0.021551,-0.0526,-0.060841,0.099884,-0.017228,-0.032438,0.071914,0.055045,0.012128,0.12979,0.13864,-0.034483,0.02522,0.087162,0.051466,-0.012351,0.033722,-0.0012821,0.041218,0.13831,-0.044145,-0.06692,-0.08869,0.011821,0.040733,-0.017348,0.027507,0.012186,0.11294,-0.0060418,0.060821,-0.028563,0.02683,0.00021004,0.15078,0.0099561,-0.042934,0.050144,0.025503,0.12332,0.09694,-0.011962,0.11177,0.0076337,-0.028589,0.0084494,0.071729,0.14496,0.032566,0.084881
0.044061,0.079706,-0.0069834,0.14287,-0.041681,-0.028758,0.048803,0.035072,0.073058,0.03435,0.02789,-0.0052735,-0.018114,0.11714,-0.036823,0.027727,-0.032058,0.046446,-0.018619,0.018213,0.0059803,-0.002397,-0.066804,0.072609,-0.010744,-0.007655,0.069767,0.14859,-0.037112,0.026051,-0.0076961,-0.077321,0.057413,0.1239,0.088546,0.098248,0.068823,0.081492,-0.024101,-0.04595,0.057555,-6.4864e-05,0.064694,0.064037,-0.062881,0.029627,-0.080876,-0.07947,-0.059599,0.064852,0.026066,0.0037805,-0.014937,-0.11745,1.8062e-05,-0.085123,-0.05328,0.075952,-0.019919,0.0078554,0.039022,-0.0086584,0.01497,0.080826,0.0876,0.0775,-0.016425,0.046682,0.020253,0.12594,0.052565,-0.0071348,0.13366,0.10012,0.025161,0.050089,-0.10619,0.065197,0.18118,0.024931,0.092958,0.070601,0.0050655,0.034886,-0.016208,0.0045789,0.04594,0.004186,-0.032725,-0.031985,-0.012316,0.017919,-0.013019,-0.050106,0.076265,-0.044441,0.075986,-0.012658,0.03553,0.018593
0.045477,0.05629,0.00043581,-0.051883,-0.0069633,-0.037282,0.10412,0.0065542,0.1481,0.045143,0.017291,0.12804,0.033961,0.016752,0.07004,0.03204,-0.039284,0.039743,0.017608,0.043734,0.024538,0.05085,-0.022473,-0.054591,0.057706,0.0093561,0.038491,0.011729,0.034443,0.031593,0.046128,0.014893,0.052018,-0.052403,0.047837,0.12758,0.13601,-0.022049,0.07329,-0.10331,-0.016481,0.07498,0.0081938,-0.026549,0.027016,0.10302,-0.084286,0.11105,0.070719,0.049375,-0.0039469,0.028872,0.037526,0.060081,0.064961,0.042914,-0.027792,0.035494,0.14446,0.064031,0.027291,0.015309,0.075971,-0.032101,0.048522,0.015948,0.1045,0.011185,0.055697,0.02756,0.017507,-0.0015974,0.0040206,0.093041,0.089789,0.039912,0.051941,0.18324,-0.0095078,-0.087758,-0.019783,-0.001248,-0.073374,-0.041521,0.010349,-0.0097841,-0.065516,-0.03699,0.021586,0.054119,0.029291,0.034656,0.0053021,0.16834,0.026145,0.10323,0.08437,0.10336,0.1757,-0.0018124
0.060402,0.0073039,0.062851,0.029604,0.091583,-0.069874,-0.017385,0.0016744,0.038817,-0.01911,0.015818,0.011509,0.026272,-0.040138,0.026847,0.017641,0.0097673,-0.02381,-0.041628,0.016546,-0.027516,-0.011766,-0.012296,0.017983,0.041369,-0.061928,0.001855,-0.035447,0.066883,0.01289,0.06619,0.10681,-0.0015888,0.035147,0.034613,-0.02457,0.085431,0.040022,0.076983,0.052222,0.14134,-0.027938,0.037441,0.11331,0.066189,-0.064671,0.034355,-0.050982,-0.0092428,0.031778,0.011729,-0.011152,0.094626,0.0067944,-0.021559,0.077819,0.021031,-0.21256,0.031313,0.089769,-0.048337,-0.068991,0.16536,0.031978,-0.028419,0.053938,-0.063511,0.028672,-0.044583,-0.0071622,-0.094134,0.022895,0.055611,0.092168,0.054956,0.017853,0.13886,0.073824,-0.041423,0.15423,0.083012,0.011577,-0.04387,0.013159,0.04182,0.10458,0.092846,0.0562,0.015156,0.13705,0.012736,0.027495,0.10931,-0.010362,-0.017097,0.10292,0.047847,0.0065466,0.044512,0.060515
0.15742,-0.0097098,-0.021166,-0.046448,0.062343,0.052171,0.11962,0.023751,0.032394,0.017352,0.033953,0.058345,0.038026,0.0010816,0.12776,0.04252,0.089084,0.13872,-0.028369,0.067187,-0.0073391,0.043064,-0.010858,-0.017243,-0.039831,0.058505,0.058719,-0.002493,0.040714,0.066847,0.054474,-0.0099633,0.034429,0.059486,0.013429,0.11485,0.083288,0.046219,-0.066184,-0.0095052,-0.011429,0.0021935,0.052649,0.049823,0.013139,-0.00016196,0.059193,-0.0059809,0.021861,-0.062279,0.097901,0.028195,0.0089108,0.011147,0.0076266,0.084244,0.021731,0.071971,-0.011814,0.1177,-0.017106,0.023811,0.10227,-0.11436,0.047038,-0.055099,0.020574,-0.014072,0.10804,0.044654,0.043266,0.060665,0.052424,-0.0045626,-0.044202,-0.031592,-0.020451,-0.040122,0.06835,0.16309,-0.044987,-0.062876,0.019815,0.0024635,0.042667,-0.062783,0.022113,0.014729,0.0011023,0.047342,0.047838,0.032347,0.10385,-0.065825,0.10952,0.13077,-0.013805,0.046555,0.0070761,-0.037482
-0.095989,-0.14622,0.057574,0.067406,0.057613,-0.039833,0.057594,0.02143,0.069604,-0.05776,0.065588,0.026927,0.10936,0.038816,0.053688,0.025722,0.1454,0.018204,-0.030644,-0.013213,0.025554,0.1299,-0.023287,0.11487,0.093848,-0.00034852,0.1305,-0.0020815,0.0057865,-0.0048596,-0.0013076,0.043496,0.042614,0.065021,0.021988,0.10789,0.11655,-0.023202,-0.0068769,0.027051,-0.0073566,0.05297,-0.062599,0.065106,0.021752,0.034757,-0.0361,-0.067456,-0.065927,0.089886,0.079045,0.092685,-0.051414,0.020899,0.04081,0.045141,-0.042436,0.15009,0.026627,0.027234,0.13401,0.044808,0.06763,0.12334,0.0019059,0.086478,-0.057429,0.006645,-0.025115,0.01766,0.010776,0.064593,-0.023855,0.066409,0.12237,0.041874,0.063384,0.10535,0.058301,0.087708,-0.022053,0.033364,0.02612,0.061791,0.03214,0.13768,0.15026,0.11814,-0.011296,-0.059985,0.088827,-0.01982,0.051514,0.037345,0.028786,0.061925,0.018567,0.0040911,0.046148,0.04796
-0.023986,0.0043548,-0.053769,0.0087373,0.052325,0.052127,0.072189,0.060369,0.0014022,-0.002733,0.054888,-0.017063,0.0051277,0.013682,0.046824,-0.023957,0.027769,0.064812,0.025747,0.027059,0.024272,-0.018177,-0.036121,0.041156,0.029022,0.056993,0.070773,0.13416,0.014255,-0.097623,0.01616,0.12181,-0.033211,0.10483,0.067292,-0.030259,0.050112,0.12007,-0.0065539,-0.0055355,0.071158,0.040627,0.07769,0.082125,0.053235,-0.092953,0.11797,0.0064132,-0.0025652,0.090032,-0.024449,0.083279,0.099127,-0.02048,0.017758,-0.013924,0.050622,0.12689,0.12766,0.03869,-0.04756,0.046771,0.040941,-0.0018964,0.13626,-0.12302,0.0078561,0.13392,-0.064042,-0.0018454,0.011039,-0.0080012,0.012153,-0.03936,0.012496,0.014046,0.021519,0.05487,0.13655,-0.030248,0.037832,0.034391,0.029308,-0.01442,0.040737,0.096041,-0.02863,0.019481,-0.020099,0.036236,0.039316,0.062315,0.15329,0.066663,0.099408,0.035492,0.16244,0.13856,0.09827,0.0027299
0.11712,-0.069298,0.019351,-0.013666,0.034965,0.087928,0.031184,0.0055347,-0.00025046,0.019591,-0.060304,-0.05781,0.017342,0.089827,0.032682,0.021715,-0.077499,0.053939,0.070527,0.056508,0.10282,0.0079818,-0.0056984,0.043421,0.049892,0.082992,-0.012287,-0.061322,0.18373,0.056637,0.067778,-0.052041,-0.045637,0.038862,0.15503,-0.0060501,0.056415,0.079665,-0.028612,0.11966,0.094996,0.017098,0.05438,0.012182,-0.04731,-0.071082,0.00056565,-0.016313,0.091518,0.092627,0.16579,0.082875,-0.042926,0.034148,0.0050828,0.071892,0.0083767,-0.019803,-0.041175,0.015299,0.042008,0.031857,0.018462,0.01734,-0.015645,0.01975,0.03312,0.024187,0.09332,0.0067402,0.016243,0.020802,0.076534,0.059668,-0.0848,0.14428,0.019554,0.019038,0.038066,0.098251,0.023002,-0.05468,-0.021495,0.018559,-0.011398,0.060388,0.13274,0.077174,0.061888,-0.013686,-0.058468,0.0051081,0.075456,-0.03348,-0.031536,0.1089,0.052781,0.072404,0.038793,0.11638
-0.060172,0.04166,0.066416,0.046288,0.065498,0.067418,0.091182,-0.075304,0.061534,0.046154,-0.010835,-0.061332,0.10651,-0.017697,-0.028304,0.15385,0.021626,-0.021192,0.01247,0.0397,0.038406,2.8698e-05,-0.012807,0.050034,0.14886,0.017774,-0.010916,0.10569,0.11059,0.0085592,0.047044,0.01602,0.084851,0.11379,0.032896,0.041879,0.0581,-0.046895,0.013711,0.052737,0.055602,0.021852,0.063822,0.2121,0.03758,-0.061444,-0.0065819,0.0074412,0.0064919,0.06971,0.083673,0.061547,-0.033603,0.03353,-0.028557,0.041195,0.016684,-0.033085,-0.019765,-0.043657,-0.044421,0.055027,-0.052146,-0.048139,0.13247,-0.033519,0.037282,0.056331,0.13228,0.072116,0.075626,-0.054919,0.035964,0.082428,0.10697,0.04816,0.0098607,-0.016834,0.082029,0.053727,-0.06593,0.019322,-0.050629,0.077027,-0.041781,0.15276,-0.0064649,0.086216,0.032915,-0.0042011,-0.033604,0.064729,0.14758,-0.033343,-0.022523,0.031184,-0.081678,0.07267,0.039289,0.045576
0.028143,0.0033059,-0.020762,0.073818,0.018396,0.042944,0.062685,0.070957,0.030221,0.027134,0.070781,-0.062975,-0.03483,0.094561,0.05329,0.034469,-0.011898,-0.094919,0.044314,0.11858,0.050369,0.13054,-0.010382,0.090782,0.10206,-0.0090594,0.062079,0.01574,-0.00045827,0.042401,0.054869,0.14636,0.079145,0.05357,0.081572,0.068044,0.11452,0.0067702,0.11619,0.085227,0.16532,0.10304,0.07119,0.080214,0.086556,0.031212,0.077577,-0.020251,0.11713,-0.059089,0.079787,-0.0026575,0.072749,-0.022284,-0.037508,0.0302,-0.068798,0.044008,-0.023757,-0.046001,-0.029896,0.095263,-0.072611,0.063751,-0.0097948,0.090143,0.18102,0.045253,0.013083,0.0046418,0.085743,-0.031435,0.024035,0.15848,0.021166,0.041936,-0.02863,0.076034,-0.04847,0.07537,0.004262,0.013371,0.050998,0.0081876,0.14427,-0.03287,0.013186,0.13464,0.048535,0.04609,0.005426,0.1246,0.056502,0.11243,-0.065454,-0.090522,0.018249,-0.068482,0.044197,-0.0088702
-0.11847,-0.019995,-0.029669,0.056743,0.014741,0.059817,0.052933,0.062498,-0.057661,-0.08438,-0.016303,0.016965,0.071066,0.060657,0.1909,0.10003,0.021244,0.029528,0.04045,0.041166,0.085964,0.047348,0.032292,0.097788,0.034573,-0.061601,0.055048,0.034124,-0.0017467,0.042433,0.013498,0.16976,0.021749,0.056501,0.068338,0.050286,0.037654,-0.038043,-0.033644,0.057259,-0.029293,0.13226,-0.02746,0.071992,-0.060593,0.041899,0.013744,0.050627,0.10839,0.054202,0.012983,-0.030132,-0.001367,0.006622,0.052659,-0.081719,-0.060731,-0.05601,-0.013855,0.066386,0.042362,0.045323,0.014066,0.13372,0.10075,0.062335,0.0013987,0.026276,0.012344,-0.011828,-0.055931,0.004,0.064014,0.0052564,0.13314,0.057716,0.037758,0.064009,0.039143,0.14651,0.019804,0.18253,0.016499,0.090937,0.11148,0.071449,0.16328,-0.031624,-0.0088675,0.0069146,-0.053872,0.10248,0.078497,-0.050127,0.0024121,0.071536,0.031575,-0.041096,0.11017,0.0084283
-0.097536,-0.045629,0.012518,0.01481,0.081099,-0.087209,0.096434,-0.026094,0.02382,-0.076889,-0.027064,-0.014635,-0.011593,0.015842,0.063649,0.018333,-0.021227,0.0007168,-0.013979,0.034212,0.058653,-0.019606,-0.014219,0.051526,0.015728,0.070909,0.030682,0.0076896,0.04381,0.03214,0.081281,-0.051429,0.14012,0.0083813,-0.11721,0.016954,-0.033972,0.028791,0.077341,0.20873,0.014948,0.068875,-0.008552,0.18043,0.018065,0.019449,-0.03709,0.028388,-0.02675,0.086625,0.047673,0.09632,0.068111,0.1149,0.026302,-0.026354,-0.013594,0.071492,0.052752,0.075288,-0.040115,0.064827,0.10151,0.010706,-0.043377,0.04499,-0.090139,-0.00042398,0.0015813,-0.038696,0.047598,0.071909,0.046863,0.016272,0.078664,-0.0093167,0.014584,0.036903,0.050901,-0.036232,0.024906,0.10937,-0.010483,0.023756,0.077932,-0.071104,0.14701,0.082183,-0.041007,0.086155,0.055098,0.023966,-0.018825,0.078644,-0.058373,-0.04549,0.045626,0.049094,0.10401,0.073929
-0.017963,0.02874,-0.04602,-0.013555,0.18424,-0.038562,-0.044456,0.051298,0.060679,0.020389,0.0075515,0.067117,-0.048283,0.094615,-0.065882,0.030028,0.031416,0.010015,-0.017454,0.088386,-0.081403,-0.10945,0.010468,0.056032,0.019022,-0.056506,0.096372,-0.0066617,0.017839,0.0022178,0.034992,0.029546,0.0029851,0.057549,0.00645,-0.052121,0.069433,0.075954,0.070212,0.057355,0.011928,0.095587,0.030562,0.07973,-0.0097744,0.035238,-0.011946,0.042468,-0.033478,0.0057045,0.007458,0.022382,-0.032171,0.053221,0.078055,0.020938,-0.040031,-0.029305,0.067721,0.092191,0.010662,0.05264,0.0708,-0.12435,0.21115,0.052937,0.11374,-0.056023,0.065308,0.10849,0.01632,-0.020686,0.075962,0.08062,-0.035761,0.073442,0.10135,-0.013915,0.05242,-0.017918,0.083964,-0.064233,-0.013634,-0.024509,0.0066196,0.11604,-0.024003,0.175,-0.033103,0.074717,0.06387,0.11132,-0.010569,-0.024774,-0.049794,0.017158,-0.025668,-0.0070479,0.0019958,0.058976
-0.071058,-0.010993,-0.08795,0.081793,0.0026225,-0.019127,-0.041869,0.068939,-0.084897,0.091565,-0.00044837,-0.0022448,0.10122,0.088337,0.19205,0.075332,0.092489,-0.048187,0.11513,-0.012886,0.017032,-0.10251,-0.012927,0.01074,0.027817,-0.012502,0.096237,-0.080074,0.11678,-0.095443,0.12291,0.095941,0.072405,-0.0050719,0.056656,0.034368,0.075476,-0.12479,0.0093988,0.078083,0.16388,0.025844,0.02981,0.057101,-0.035086,0.030361,0.078672,0.0243,-0.044149,-0.037619,0.10708,0.080404,-0.071889,0.058263,-0.025405,0.0095064,0.058138,0.059525,0.11325,-0.012926,0.027655,-0.06365,-0.073923,0.076086,0.076822,0.074643,0.006715,0.022151,0.046134,0.094295,-0.022149,0.030256,-0.005953,0.12799,-0.067177,0.01958,0.094017,0.037186,0.1151,0.024091,0.095513,0.037894,-0.0076215,-0.025317,0.097626,-0.024683,0.012333,-0.010379,0.036136,0.22838,0.079576,-0.011225,0.18918,0.046139,0.0092654,0.041368,0.0096682,0.035209,0.096863,-0.050369
9.0187e-05,0.14397,-7.1536e-05,0.11418,0.04249,-0.091739,0.017109,-0.010521,0.063904,0.002192,3.8541e-05,-0.052392,0.11136,0.067053,0.095433,0.061321,-0.013656,-0.024675,-0.010167,-0.014018,-0.029161,0.039114,-0.019073,0.11678,0.12801,0.023343,0.065763,-0.014984,-0.0093557,0.067267,0.13017,-0.019737,0.012319,0.006795,0.0010096,0.12249,0.074197,0.10059,0.0046154,0.023451,0.031871,0.055976,-0.012632,0.023363,0.043682,-0.086169,0.07531,-0.046423,-0.01373,-0.032186,-0.0022837,-0.039184,-0.0035929,-9.2059e-05,0.033145,0.11416,0.11948,0.13471,0.047445,0.01957,0.14783,0.069707,0.059297,-0.026784,0.076176,-0.016477,0.024812,-0.012681,0.014094,0.044988,-0.021491,0.0066997,0.035304,0.011258,-0.0087203,0.059841,0.095039,-0.030267,0.084785,0.022225,-0.040457,0.05168,0.0016815,0.15965,-0.035707,0.069212,0.047896,-0.041472,-0.010015,0.021462,0.089229,0.055666,-0.027985,0.059432,0.025526,0.0058585,-0.0046052,0.10555,0.089525,0.0046797
0.007722,-0.010451,0.033554,0.049424,0.10133,-0.030571,-0.015628,-0.01767,0.013317,0.07364,0.033063,0.062653,0.049463,0.030639,0.09813,-0.019163,-0.019004,0.086731,-0.020676,-0.0075278,-0.052786,0.047026,-0.0056595,0.030027,-0.01104,-0.030012,-0.029507,-0.064396,0.0039958,-0.076345,0.0066312,-0.028627,0.0023043,0.14175,0.073769,0.022288,-0.076903,0.086947,-0.013828,0.070206,-0.034738,0.16866,0.027658,0.081534,0.0096573,0.17699,-0.034742,0.15437,0.082115,-0.026319,0.1688,0.058349,-0.024354,0.022519,0.0071309,0.15569,0.041865,-0.031611,-0.042229,-0.013596,0.098653,0.043384,0.12465,0.028219,0.094966,-0.023637,0.090978,0.011319,0.02626,0.057793,0.039036,0.13116,0.10799,0.045579,-0.043939,0.038868,-0.071626,0.11506,0.091279,0.027618,-0.12356,0.074541,0.070097,0.058986,0.095425,0.032323,-0.06544,-0.048556,-0.0017357,-0.080081,0.087866,-0.046048,0.034651,-0.081737,0.0012529,-0.026221,-0.0041914,0.069856,0.06537,-0.027178
0.090526,0.0133,0.043754,-0.036932,0.071685,0.039487,0.12096,0.011663,0.0080759,0.095689,0.087797,0.073971,-0.070911,0.075101,-0.006116,0.13965,-0.059999,-0.10737,-0.038972,-0.032527,0.012048,0.043349,-0.031793,-0.054841,0.15594,0.12151,0.036939,-0.063155,0.1322,0.014076,0.024468,0.053955,0.093834,0.00033393,0.040642,0.10387,0.018152,0.080707,0.091894,0.016981,-0.0059262,-0.014515,-0.072432,0.086974,0.025347,0.048037,0.082296,0.077431,-0.012396,0.066273,0.044585,0.0026758,0.075357,-0.01143,0.068203,0.098443,0.0026908,0.10481,0.14793,0.16925,0.035491,0.078868,0.045996,-0.03496,-0.01724,0.085865,0.010001,0.033525,0.051358,0.022137,0.030045,0.058456,-0.035069,0.09188,0.082482,0.004708,-0.051341,0.019074,-0.070096,0.1376,0.099329,0.048641,0.028531,0.01739,0.03905,0.084286,0.014652,0.0077717,-0.0097514,0.019095,0.1306,0.01987,-0.038453,-0.030862,-0.040959,-0.026576,-0.012789,-0.065395,-0.03722,0.03084
0.018365,-0.0037922,0.02259,0.038444,0.065044,0.12265,0.019818,0.072226,-0.060938,0.047429,-0.055296,0.045641,0.055479,-0.012454,0.11041,0.098138,0.10492,-0.041274,0.060377,0.056701,-0.022695,0.048329,-0.021173,-0.046642,0.035403,0.1427,0.011939,-0.097228,0.060873,0.043567,0.13417,-0.0022647,-0.053182,0.035638,0.040015,0.003409,0.070622,-0.047358,0.040284,0.048248,0.021318,-0.05004,0.027228,0.13279,0.011503,0.11103,0.065278,0.080613,0.1454,0.034377,-0.054871,-0.075911,-0.019755,0.040564,-0.054375,0.029566,0.066888,-0.018527,0.024439,0.032028,0.11722,-0.020512,0.082215,-0.012713,-0.047532,-0.022902,0.081842,0.0096738,-0.043858,0.064497,0.018143,0.039719,0.10391,0.063134,0.072263,-0.017034,-0.047539,0.067206,0.076302,-0.044506,-0.02849,-0.051611,0.035535,-0.02766,0.080308,0.043829,0.081966,0.063724,0.17424,0.10101,0.024487,0.020846,0.18154,0.022353,0.027071,0.11404,-0.0035412,0.096208,-0.0080509,0.094287
0.1265,0.059587,0.081395,0.017689,0.10477,-0.029099,0.087479,0.020139,0.1298,-0.02439,0.051745,-0.014836,0.10839,-0.0088798,0.040819,-0.014606,-0.048962,0.048072,0.0099574,0.088209,-0.065179,0.011268,0.10798,0.070079,0.043686,0.0036945,0.035015,0.054346,-0.031893,-0.087872,-0.056462,0.07533,-0.10927,0.12322,0.043827,-0.019592,-0.02115,-0.0036172,-0.037246,0.020764,-0.055218,-0.03693,-0.058891,0.035734,-0.033746,0.047093,0.052814,-0.02646,0.027178,0.15471,-0.021204,0.01901,0.040769,0.0086812,-0.013144,-0.012824,0.13332,0.013148,0.027484,0.054824,0.090208,0.19089,0.086579,0.10969,-0.0089658,0.037058,0.060968,-0.044834,0.020511,0.062768,0.21557,0.076063,0.020782,0.044641,0.014115,0.016827,-0.053769,0.052596,0.0043987,-0.017906,0.1129,-0.0004464,0.0049667,-0.015225,-0.0083084,0.084869,0.028414,-0.10641,0.004024,-0.038323,0.080561,0.043916,0.047082,0.088508,0.013936,0.010064,-0.048357,0.089481,-0.079003,0.067368
0.08987,0.042073,-0.003378,0.028266,0.032693,-0.016495,0.029466,0.023457,-0.035967,0.10581,0.010406,-0.042297,0.097019,-0.071344,0.0076674,-0.024765,0.0077818,0.038634,-0.089383,-0.0046944,-0.010423,-0.0024922,0.083065,-0.0080629,-0.063614,0.084699,-0.032118,0.086259,0.020007,0.058538,0.079737,0.0062764,-0.023243,0.038415,0.014879,0.076883,0.058254,-0.0096799,0.011825,0.061054,-0.013921,0.018758,-0.0063943,-0.015514,0.12355,-0.033075,0.037711,0.010082,0.16075,0.028393,0.03818,0.094322,-0.015507,0.024499,0.12286,0.12441,-0.034873,0.15217,0.046521,0.015882,0.017332,0.1501,0.069144,0.051641,0.067958,-0.025011,-0.060583,0.062006,0.072229,-0.051463,0.097878,0.077449,-0.05339,0.061173,-0.0005444,0.075804,0.023769,0.025601,0.20523,0.1235,-0.032902,-0.019679,0.042072,0.062354,0.077198,-0.092076,0.056267,-0.036693,-0.097739,-0.0018399,0.073504,0.06929,0.010869,0.066657,-0.02927,0.025361,0.058108,0.10402,0.14972,0.030391
0.028766,0.02102,0.0076239,0.11632,0.099181,-0.028082,-0.00018368,0.069692,0.041104,0.025423,0.011442,0.04603,0.039878,0.12094,0.0093592,-0.011532,0.056496,0.050381,-0.13044,0.045257,0.085685,0.040587,0.015893,0.066127,0.068548,0.020991,0.13465,-0.085946,0.08814,0.033147,0.1088,0.002372,0.023682,0.014498,0.03201,0.097241,0.043422,-0.016094,-0.078728,0.11302,0.063428,0.034927,-0.045156,0.040626,0.051694,-0.0244,0.046109,-0.074346,-0.025697,-0.0028975,0.068845,0.12761,-0.004936,0.01343,-0.013026,0.065061,0.033325,0.16902,0.0088502,0.057335,-0.0052562,0.00057313,0.036897,0.0027878,-0.042211,0.014755,-0.011569,-0.040439,-0.0468,0.012866,-0.075258,0.053885,0.085838,0.048626,0.10625,-0.069826,0.035821,0.01398,0.043316,0.0080966,-0.05443,0.12413,-0.048697,-0.041309,0.03086,0.036503,0.093691,0.059885,0.087263,-0.078729,-0.039317,-0.091932,0.10647,0.0004787,-0.067935,0.049143,0.041333,-0.035947,-0.032962,-0.044068
-0.0020185,0.075042,0.061898,0.075593,0.042816,-0.029801,0.12715,0.072602,-0.12321,-0.029841,0.092553,-0.008042,0.0057298,-0.05551,0.012638,-0.06714,-0.023916,0.083774,-0.017184,-0.046247,-0.0075098,-0.025308,0.065319,0.052935,0.002397,0.0073637,0.0058508,0.10091,0.098556,0.09348,0.088265,0.092853,-0.028853,0.03012,-0.021601,0.12346,0.011248,0.09775,0.088745,-0.0040974,0.040651,0.11578,0.10092,0.066148,0.049872,0.058748,-0.0043584,-0.062666,0.030813,0.10834,-0.018819,0.046872,0.10229,0.063414,0.027131,0.061096,0.092626,-0.032233,-0.050815,0.056525,0.012852,0.0022335,0.068372,-0.064975,0.027818,0.06866,-0.060476,0.059213,0.10192,0.050412,0.05845,0.092545,0.11519,-0.079148,-0.02545,0.013001,0.041008,-0.0017996,0.035102,0.097378,0.058409,0.1082,0.068727,0.045392,0.044856,0.070085,0.0072146,0.064181,0.12171,0.14742,0.028625,-0.0090099,-0.017194,-0.028263,-0.015109,0.13155,0.065621,0.002918,0.099054,0.095239
-0.05671,0.035509,-0.000485,0.096354,0.0045697,0.064277,0.16502,-0.0071175,-0.0056037,0.037495,-0.090095,0.01594,0.11357,0.070782,0.099688,-0.07632,0.067356,-0.016555,0.047249,0.02969,0.029132,0.025768,0.10156,0.16413,0.14616,0.039851,-0.0043446,0.05346,-0.034522,-0.077906,0.099469,0.065116,-0.024373,-0.05455,-0.01427,0.10852,-0.006478,0.0097583,0.12175,0.030929,0.052645,0.060527,0.1362,0.099829,0.02963,0.024078,0.14179,0.052031,-0.017051,0.04006,-0.018853,0.10841,0.017047,-0.00091943,-0.014141,0.071681,0.0058465,-0.057796,0.089248,0.074087,0.016675,0.017453,0.070803,-0.030747,-0.019736,0.040185,-0.086028,-0.043545,0.065726,-0.015847,0.0025759,0.073107,0.031974,-0.022437,-0.0085273,0.096635,0.13394,0.012676,0.050838,0.050686,-0.13614,0.075381,-0.0055067,-0.024864,0.056344,0.052366,-0.01555,0.1056,0.032256,0.015963,0.12224,0.018052,0.027352,0.0060005,-0.027178,0.046631,0.041164,0.067728,0.10483,0.0087806
0.12165,0.061062,0.10172,0.086299,0.0065928,0.068305,0.023216,0.078906,-0.0053232,-0.021074,0.06282,-0.014583,-0.087345,0.031033,0.018639,0.077625,0.016303,0.021233,-0.023588,0.03784,0.063615,0.03675,0.013396,0.10778,0.013635,0.017353,0.057332,0.062718,-0.013136,-0.026143,-0.018308,0.054088,0.061067,0.039665,0.032042,0.059188,0.077946,-0.016351,0.012937,0.03168,-0.035202,0.024585,0.048366,-0.045617,0.044995,0.078887,0.05849,0.097513,0.059192,0.050949,-0.02274,0.079243,0.091248,-0.001148,0.013514,-0.01185,0.024286,0.073513,0.045652,-0.05224,0.10566,0.10571,0.029571,0.083053,0.013617,-0.074042,0.10567,0.064918,-0.047676,0.041335,0.14857,0.07563,-0.076063,0.011145,0.049457,-0.021753,0.0031354,0.018643,0.12389,0.048339,0.099519,0.061504,0.016828,-0.00092434,0.11948,-0.011793,-0.0024648,0.09928,0.024565,0.042832,-0.00044872,0.01408,-0.033631,0.064805,0.008711,-0.0033826,0.049757,-0.019864,-0.043892,0.023614
0.11979,-0.0056136,0.014853,-0.027036,0.0063778,0.078543,0.090977,0.019124,0.068136,-0.0026231,0.054046,0.16715,0.00044283,-0.0047861,0.013618,0.016623,0.053126,0.058033,-0.082446,0.031273,0.093213,-0.077636,0.10848,-0.055916,0.020968,0.060795,-0.047929,-0.031017,-0.046971,0.096904,0.040984,0.012741,0.0025271,0.10488,0.028537,0.03244,0.030156,0.094984,-0.06046,0.039097,0.079049,-0.021213,0.14492,0.095506,0.038047,-0.049962,0.023375,0.083831,0.037029,0.07614,0.091344,0.067065,0.037201,0.075199,0.13882,0.022991,0.067938,0.051265,0.1199,0.085706,0.036087,-0.073166,0.024458,0.033893,0.060958,0.072163,0.097323,0.012328,0.016457,0.045811,0.14064,0.0095453,0.033582,-0.017661,0.062431,-0.0023396,0.077162,0.015736,0.14921,-0.044089,0.031213,0.074164,0.010075,0.091203,-0.010299,-0.03883,0.061492,0.19239,-0.048994,0.08893,0.011719,0.0662,0.065006,-0.022894,0.13693,0.06989,-0.0059224,0.083407,0.025979,0.061246
