0.034618,0.022006,0.064564,0.019853,0.0083555,0.10083,-0.046256,-0.046318,-0.13143,0.14777,-0.014057,-0.11433,-0.085394,-0.078436,0.12751,0.068817,0.11422,0.052131,-0.046107,0.026877,0.098047,0.0023877,0.17851,0.045323,0.062831,0.022366,0.072063,0.1937,0.15369,0.061101,0.054415,0.050456,0.21316,0.077247,-0.083984,0.0032772,0.0026067,-0.11129,0.24457,-0.011057,0.083911,-0.0014055,0.11832,0.025833,0.0343,-0.014957,-0.15372,-0.031308,0.022808,0.11301,-0.016634,-0.030772,0.068692,-0.12968,0.21223,-0.028771,-0.12388,0.10631,0.024766,-0.11451,-0.020616,-0.050819,0.086728,0.12275,0.089709,0.051538,0.073149,0.077297,0.098153,-0.00087636,-0.08072,0.017302,-0.044586,0.025413,-0.030979,0.099279,-0.090742,0.036136,-0.059007,-0.01935,0.076974,0.051495,0.043679,0.09621,0.19145,-0.077207,-0.023779,-0.0074982,-0.12423,0.023055,-0.017187,0.10748,0.14331,-0.01365,0.13176,0.0087008,0.037765,-0.16163,-0.048503,0.073846
0.018604,0.0044276,0.0099651,0.069872,-0.091862,0.25215,0.02705,0.0046965,0.0038863,0.015493,0.052024,0.17596,0.13972,-0.040557,0.049688,0.080303,0.061087,-0.086887,0.027992,0.050089,0.067306,0.13048,0.070772,0.12683,0.022443,-0.069321,-0.076186,0.066704,0.091175,-0.049752,-0.069259,-0.064898,-0.10226,-0.030873,0.2754,-0.15617,0.18044,-0.1086,-0.11716,0.049921,-0.04604,0.1662,0.10471,0.051739,0.17447,-0.046397,-0.13931,-0.029714,0.078161,0.034138,0.063911,-0.079484,-0.14799,-0.011644,0.089783,0.0017091,0.12258,-0.11255,0.063947,0.053268,0.15659,0.07081,0.034769,-0.088171,-0.037536,-0.0094594,0.011958,0.22283,0.18844,-0.080793,-0.077645,0.12719,0.014277,-0.0079315,-0.044586,-0.1008,0.10607,-0.089144,-0.16869,0.0018713,0.089904,-0.068073,0.052984,0.12764,0.12006,0.025822,0.029035,0.032283,-0.054918,0.061572,-0.057422,0.1516,-0.070459,-0.090075,0.16552,-0.059783,-0.026216,0.047701,0.13356,-0.12217
0.031483,0.029606,-0.090652,0.019565,0.21356,0.017821,-0.032266,0.04673,0.033171,-0.12991,0.14655,-0.096507,0.1202,0.035893,0.10761,-0.026986,-0.080291,-0.16321,0.046523,-0.0077666,-0.091487,-0.036107,0.083762,-0.051467,0.008768,0.103,0.019158,-0.05216,0.083848,0.014132,0.13092,-0.07944,0.053912,0.12869,-0.042598,0.12817,0.10602,0.054521,0.18764,0.23987,0.0031242,0.054101,-0.003497,0.07046,-0.053576,0.060228,0.21227,-0.038507,0.057098,-0.074049,-0.07551,0.038265,0.0014721,0.11196,0.099281,0.12159,-0.10037,-0.036243,0.010023,0.13979,-0.050064,0.018214,0.15896,0.052742,-0.015779,0.00066824,-0.010924,-0.027118,0.074029,-0.082671,-0.061673,0.022728,0.0091888,-0.0025226,0.10001,-0.066839,0.092355,0.10187,-0.05391,0.13071,0.092735,-0.070076,0.11795,0.059535,0.051013,-0.026425,-0.079378,0.063149,-0.17175,-0.025137,-0.15626,0.27638,-0.11482,0.21741,0.22862,-0.001492,-0.046854,-0.13049,-0.068683,0.056201
-0.10114,-0.084742,-0.10889,0.10329,0.10528,-0.078931,-0.094144,0.27148,-0.10742,0.031172,0.16719,-0.07109,0.029389,-0.0069694,0.11325,0.025388,0.061933,-0.061659,-0.037765,0.080651,-0.039126,0.17696,-0.048827,0.020137,0.15455,0.043814,-0.021259,0.013333,0.05162,-0.034236,0.14961,-0.070831,0.16268,-0.13165,0.016004,0.07307,-0.11259,-0.0039905,0.070957,-0.016812,0.11329,0.066044,-0.010881,0.022167,0.049318,0.0035172,0.08134,0.00035752,0.13214,-0.052701,-0.023869,-0.031475,0.042167,0.12145,-0.032028,-0.1259,-0.14327,0.28456,-0.098211,0.11465,0.12286,0.020909,-0.021875,0.074924,-0.043878,-0.017333,0.13895,0.09673,0.18825,-0.030144,0.03807,0.14561,-0.12846,0.10048,0.0063552,-0.027374,0.20186,-0.0072048,-0.012379,0.094506,0.12193,-0.024549,-0.012248,-0.023371,0.075748,0.043043,-0.1875,0.035764,0.11774,0.0020492,0.1829,0.013057,0.060998,0.1275,-0.086875,0.17202,0.04624,0.12852,0.061201,-0.12527
0.026971,-0.084888,0.17774,0.0056887,-0.0022975,-0.080599,-0.0044356,0.040153,0.085528,0.11947,0.0856,0.16954,-0.02789,0.080004,-0.12507,0.34509,0.19128,-0.0021232,0.16515,-0.097875,0.055033,-0.0017029,0.063353,0.083817,0.084409,0.024057,-0.06569,0.068888,0.044453,-0.086768,-0.14958,-0.041326,-0.030062,0.074598,0.11023,-0.020243,0.0046956,0.12163,0.029104,0.01013,-0.0070123,-0.012126,0.10149,0.07403,0.060734,0.028715,0.056203,0.0074034,-0.012885,0.016163,0.032732,0.18053,-0.13367,0.19584,-0.0028238,0.045742,0.070644,-0.19248,0.1572,0.25262,-0.1593,0.0085252,-0.14352,0.02218,-0.050662,0.089963,0.17297,-0.044678,0.1258,-0.057835,0.085561,0.12561,0.15511,0.13158,-0.044141,-0.045999,-0.0075639,0.23143,-0.051945,0.038989,0.068039,0.19749,-0.053511,-0.088311,0.032902,0.042402,0.11769,0.015633,0.090519,0.19916,0.010356,0.0035419,4.1026e-05,-0.10928,-0.055319,0.00084622,0.20951,-0.090158,0.12194,0.01918
0.27117,0.12111,-0.095612,0.01393,-0.028761,0.073742,0.081515,-0.092531,0.32204,-0.041878,0.017567,0.014527,-0.0047461,0.0021686,0.034984,0.092739,0.053876,0.10135,0.042396,-0.14163,0.12643,-0.0077159,0.060308,-0.080111,-0.077369,0.059574,0.066609,-0.0063297,0.066363,0.064134,0.05802,0.064553,-0.037077,0.20916,0.058614,-0.003619,0.19119,0.084755,0.11142,-0.079341,0.14309,-0.040738,-0.145,-0.041519,0.015573,-0.024999,0.030784,-0.085767,-0.090043,0.0093019,0.020392,-0.054959,0.038795,-0.013944,-0.0016204,-0.03961,0.074117,0.15393,-0.19265,0.041869,0.15047,-0.012636,0.034917,-0.088886,-0.03266,0.045523,0.059546,0.044344,0.065854,-0.016082,-0.048382,-0.064745,-0.071671,0.055676,0.18504,-0.094966,0.18912,0.32223,0.1152,0.22519,0.027213,-0.024935,-0.012644,0.067518,0.016361,0.066238,0.06752,-0.022671,0.078036,0.081632,0.074255,0.083181,0.17645,0.0077474,-0.022494,-0.0043287,0.082155,-0.058866,-0.016369,-0.013071
-0.033801,0.034582,0.12028,-0.041564,0.16039,-0.05358,-0.010989,0.25476,0.12321,0.18119,0.050992,0.18664,-0.062703,0.012303,0.028299,0.028778,0.086114,0.032928,0.11874,-0.12564,-0.013222,-0.079963,0.085503,0.15895,0.048126,0.0052855,-0.019877,-0.01593,0.00079937,0.15796,0.21031,-0.014385,-0.022426,-0.14841,0.20036,0.060112,0.13482,-0.015005,0.17366,-0.019141,-0.057204,0.029205,-0.040511,0.093158,-0.016548,0.051692,0.051402,0.097573,-0.0054844,-0.034256,0.1507,0.019023,0.032661,-0.038353,-0.0062046,-0.074944,0.0063782,-0.061804,0.11584,0.025795,0.0070607,-0.086045,0.022464,0.063519,-0.025603,0.091944,0.13059,0.034316,0.023639,0.14561,0.1883,0.015984,-0.083451,-0.11874,-0.030851,0.090927,0.019141,-0.094022,-0.070637,-0.04908,0.022181,-0.01265,0.060431,0.08322,0.13491,-0.062297,0.076708,-0.082526,0.018576,-0.013861,0.036749,-0.09887,-0.014422,-0.01986,0.094262,-0.041501,0.13562,-0.08731,-0.055087,-0.11414
-0.090253,0.090222,0.0091216,0.05304,0.14082,0.12095,0.056491,0.075186,0.071977,0.026947,0.079378,0.036962,0.17045,0.23474,-0.22346,-0.14634,-0.07145,0.061264,-0.015674,0.092984,0.30161,-0.013102,-0.096614,0.01156,0.319,-0.13418,0.11518,-0.077517,0.20401,-0.074365,0.020645,-0.085382,0.082646,-0.019671,0.05806,0.12989,0.036905,0.028758,-0.067798,0.057331,0.1349,0.14442,0.1602,0.048507,-0.098006,-0.049126,-0.054744,-0.069582,-0.061167,0.014348,0.20143,0.067502,-0.0070419,0.17247,-0.048978,0.0082237,-0.029918,-0.043154,0.21454,-0.056178,-0.032679,0.037606,0.20025,0.027957,0.083048,-0.010078,0.125,-0.1815,0.16068,-0.040785,0.15624,0.0062143,0.12961,0.083274,-0.13744,-0.076594,-0.043532,0.070044,-0.072189,0.15299,0.030141,0.14486,0.040144,-0.11628,0.018048,0.06255,0.13344,0.21155,0.016699,0.15236,0.057631,-0.039925,-0.10624,-0.030233,-0.0016182,-0.03064,0.081185,0.07014,0.17,0.14551
-0.13079,0.1364,-0.037069,0.15055,-0.0099773,0.041903,-0.018692,-0.0002924,0.10056,-0.028685,0.16529,0.027557,0.036617,-0.013032,0.14438,0.12927,0.16158,0.016505,0.078107,0.1694,0.1158,0.11638,0.025129,-0.042307,0.026711,-0.014415,0.050451,-0.007579,0.0089726,0.053218,0.10319,0.086242,-0.022227,0.099647,-0.05292,0.02663,0.010392,0.19659,0.23492,-0.082084,0.19783,-0.11628,-0.090591,-0.044563,0.053139,0.28234,0.10506,-0.12444,0.038747,0.10778,0.070346,-0.069294,0.019301,-0.046607,-0.093653,0.099202,0.038376,-0.055926,0.028128,-0.030453,-0.083282,0.10935,0.19029,-0.013133,0.028308,-0.014029,0.053185,0.097688,0.077118,0.12394,-0.076255,0.050969,-0.046504,0.10927,-0.073099,0.37146,0.23617,0.062634,-0.085432,-0.021847,-0.10137,0.094648,-0.029675,-0.10503,0.0082285,0.15742,0.077037,-0.13477,0.0039583,0.069571,0.0076354,0.073226,0.023074,0.028572,0.088144,-0.047356,-0.12483,-0.15278,0.097222,0.11138
0.036706,0.050367,-0.020651,0.027913,-0.057078,-0.016155,0.12371,0.13707,-0.070718,0.031411,-0.092916,0.015714,-0.07326,-0.02365,0.026617,0.02232,-0.058923,-0.081752,-0.00066369,-0.0059288,-0.091632,-0.013477,-0.014473,0.17068,0.032135,0.018927,0.0086322,0.00729,-0.0037087,-0.18651,0.11969,0.042152,0.13422,0.011906,0.066534,0.19535,-0.016787,0.047941,-0.041311,-0.12905,-0.087285,0.1657,0.01942,0.12892,0.004526,-0.1559,-0.050276,-0.02245,-0.058915,0.13131,0.040403,0.10208,0.017094,0.12893,0.14874,-0.068169,0.075945,0.091702,0.071461,0.059575,0.10398,-0.0034409,0.026285,0.17355,0.044868,0.032689,-0.12806,0.13827,0.15052,-0.09438,0.081742,0.043452,0.00032641,0.053097,0.18339,0.11827,-0.071264,-0.0031622,0.032173,0.051947,0.019252,0.2255,0.071791,-0.058467,0.094501,-0.12088,0.048683,0.064496,-0.14082,-0.074837,0.051352,0.10375,0.048195,-0.12103,0.10974,-0.039336,0.053846,0.19722,0.078523,0.014312
0.16033,-0.07088,0.12786,0.027029,0.088351,-0.051568,-0.079769,0.057379,0.0069814,-0.13272,0.05339,0.23286,-0.035247,0.044587,0.19544,0.022848,0.043397,0.13361,0.087673,0.034711,0.049945,0.093303,-0.097223,0.14153,0.11936,0.040867,-0.018636,0.13798,-0.028932,-0.064498,0.19173,-0.10805,0.091355,-0.020007,0.1321,-0.041294,0.17322,0.04396,0.007903,-0.10245,-0.10393,-0.053984,-0.057363,0.10472,0.18917,0.15783,-0.040314,-0.027094,0.17819,0.0055186,0.035086,0.075546,0.0032408,0.039327,0.1109,-0.053079,-0.14329,0.11333,-0.12512,0.011092,-0.00055424,-0.038844,0.10571,0.096498,0.049482,0.10848,-0.10197,-0.094482,-0.036938,-0.04686,-0.018323,0.033446,0.17258,0.15549,0.038695,-0.019066,0.090483,0.018059,0.00031457,-0.094234,0.1169,-0.015877,0.020552,-0.019322,0.1199,0.12154,0.0047186,-0.034728,0.0049864,-0.091392,0.062897,0.086658,0.13708,-0.11218,0.11812,-0.040698,0.12758,-0.079942,0.13486,0.15933
-0.044246,0.037518,-0.14274,0.10616,-0.076971,0.01914,0.22435,0.015986,-0.12447,0.11367,0.029933,0.053174,-0.075312,0.025111,0.021719,0.053006,0.10164,0.12242,-0.13806,0.11639,-0.017585,0.15259,0.12701,0.054375,0.231,-0.09759,0.03063,0.10144,0.12409,0.14535,-0.074337,0.082108,-0.076874,0.054879,-0.066639,-0.06611,0.021206,0.039439,0.13599,-0.13125,-0.064643,0.14975,0.081163,0.12543,0.2023,0.13626,0.030271,0.069609,-0.032467,-0.025119,0.012186,0.26151,0.095146,0.14093,-0.048725,-0.20581,-0.061127,0.075819,0.12881,-0.023639,0.13158,0.09367,-0.018557,0.022086,0.0025181,-0.034202,-0.026429,0.062085,-0.15622,0.0015901,-0.1225,0.00033237,0.061307,0.065765,0.061177,0.11069,0.052088,-0.059654,0.14476,0.029897,0.34078,-0.049358,-0.093095,0.038661,-0.0083436,0.030821,-0.083324,0.055232,0.018864,-0.11403,0.04087,-0.022648,-0.025468,-0.0098383,0.20323,0.29144,0.037413,0.22485,-0.062185,0.053852
0.13714,-0.11804,0.047775,-0.034312,-0.16678,0.18545,0.0035406,0.13084,0.068023,0.066636,0.036994,0.086346,-0.03707,-0.0011374,-0.027623,-0.0015691,-0.054123,0.036412,0.082084,-0.026503,0.088201,-0.044792,0.056058,0.010766,0.17642,-0.0049912,0.019759,0.070648,0.14329,0.060328,0.23294,0.004696,-0.14675,0.032317,0.16878,0.017498,0.19884,0.15151,0.029761,0.14531,0.13685,0.2347,0.049052,0.094954,0.16077,0.13637,0.12905,0.088038,-0.032092,0.13147,0.21732,0.19341,0.00026741,-0.092064,0.029351,0.11975,-0.02376,0.14222,0.10073,0.11941,-0.0047422,-0.05081,0.24848,0.084823,0.066458,0.11552,-0.16624,-0.028344,0.065071,0.11908,0.0090203,-0.040717,-0.052547,0.19022,0.090924,0.078666,0.15569,-0.090215,0.047487,0.1072,-0.018476,0.084639,0.085394,-0.04389,0.081011,0.13804,0.010608,0.15623,-0.17364,0.098305,0.002589,0.044293,0.17509,0.03452,0.15055,-0.16939,-0.038058,-0.060736,0.0073134,0.11158
-0.049685,-0.066304,0.23203,-0.0381,-0.045609,-0.0053139,0.024893,-0.023625,-0.012973,0.091812,0.09302,-0.038376,-0.047648,0.11554,0.11567,0.086902,0.23285,0.01702,-0.094916,0.10524,-0.042508,0.24067,0.24605,0.15805,0.034559,-0.1386,-0.009297,-0.056875,0.13559,-0.056953,0.013312,-0.016426,-0.073717,-0.046855,-0.11299,-0.047243,0.00077439,0.088674,-0.070378,0.14454,0.048773,0.03174,-0.066804,0.0093986,0.1872,-0.034611,-0.0029603,0.055217,0.0085581,-0.016773,0.091959,0.030545,-0.091346,-0.062496,0.095158,0.042301,0.0144,0.0067732,-0.061028,0.0040095,0.032822,-0.0097362,0.21836,-0.096502,0.029522,0.22284,0.18677,0.1761,0.023548,0.082646,-0.056705,0.076832,0.15207,-0.030292,-0.1167,0.069316,0.15444,0.036777,-0.12839,0.10657,-0.051884,0.072178,0.11345,-0.10123,0.19966,-0.034307,-0.048559,-0.14753,0.053618,-0.060077,-0.011964,0.24534,-0.059309,0.16696,0.15452,0.025645,0.23534,-0.05855,-0.0088252,0.10454
-0.017483,0.0701,0.22829,0.28234,-0.071283,-0.040567,0.033687,0.016725,0.23798,0.16221,-0.10382,-0.046029,0.20333,-0.11815,0.019648,0.20781,0.2003,-0.067813,-0.13682,-0.11745,0.082946,0.21094,0.14136,0.0098924,0.057007,-0.041229,0.098618,0.14856,0.10742,0.12374,-0.071808,0.061714,-0.02159,-0.066542,-0.021929,0.11631,0.22361,-0.013251,-0.051646,0.021055,0.23289,0.038141,0.12155,-0.10402,-0.1712,0.013773,-0.021854,0.009403,0.064619,-0.085882,-0.041196,-0.071424,-0.19612,-0.028181,0.2599,-0.10272,0.0243,-0.16983,0.013122,-0.0036067,-0.031879,0.16293,0.09711,-0.083717,0.058562,0.11956,0.087575,0.18573,0.13543,0.037908,-0.041255,0.12868,0.0088529,-0.069259,-0.059865,-0.028668,0.045323,0.017779,0.16391,0.14029,0.051905,0.0074711,0.21406,-0.045378,0.12821,-0.043724,-0.16403,0.092951,-0.020242,-0.021535,0.14384,0.34997,0.019344,-0.087611,-0.13165,-0.014141,-0.0057484,0.07125,-0.014224,-0.018293
0.10947,-0.073401,-0.096698,0.0047701,0.0038066,0.10377,0.11585,-0.011351,0.10275,0.1521,-0.091846,-0.027307,0.084333,-0.10964,0.1001,-0.045114,-0.0056945,-0.16028,0.063684,-0.11738,0.020489,-0.077265,0.11033,0.17917,0.13817,0.010799,0.055653,0.079157,-0.10963,0.12439,0.013378,-0.10077,-0.05609,-0.068493,0.068333,0.28182,-0.048723,0.1291,0.15646,0.10303,0.065919,0.048086,-0.014827,0.13756,0.1349,0.027382,0.27778,-0.0010647,0.10035,-0.031369,0.15512,-0.054207,-0.07399,0.02181,-0.01468,0.072138,-0.059097,-0.040552,0.066988,0.049427,0.048535,0.11684,0.11486,-0.032174,0.029521,-0.025014,-0.036219,-0.048088,0.028931,0.092581,-0.00072357,-0.044566,-0.034548,-0.084693,0.090243,0.077392,0.068584,-0.074554,0.20569,0.14615,0.0076245,0.0029816,0.047789,-0.034285,0.11789,-0.00060903,-0.0081393,0.063232,-0.08101,-0.053481,-0.022165,0.019247,0.018867,-0.088017,0.16755,0.16855,-0.016827,-0.047778,-0.031005,-0.119
-0.066029,0.066563,-0.034767,0.078837,-0.014406,0.11571,-0.0054914,-0.14868,0.017431,-0.09407,-0.023109,0.066242,0.069784,0.052786,0.016047,0.092003,0.047712,0.060046,-0.078483,-0.013785,0.07351,0.0092382,0.1524,0.084132,0.031704,-0.10436,-0.062225,0.059803,0.10858,-0.067688,-0.062931,-0.059348,-0.064355,0.0089493,-0.058464,0.048395,-0.020395,0.048538,-0.023908,0.1104,0.12993,0.054296,0.03605,-0.1532,-0.062707,0.027404,0.38243,0.020899,0.043633,0.030097,0.086833,0.031602,0.13038,0.20401,0.09785,0.012779,0.10875,-7.8159e-05,0.045682,-0.080766,-0.01068,0.049724,0.14491,0.20289,0.0973,-0.030411,0.12324,-0.14632,0.022518,0.24456,0.12216,0.048569,0.022792,-0.18743,-0.054545,0.16743,0.063398,-0.13289,0.030012,0.023606,0.023308,0.11179,-0.026001,0.026655,0.0085695,0.069962,0.05908,0.041355,0.035206,0.0022876,0.024597,0.17061,0.12202,0.038018,0.22274,-0.015503,-0.042165,0.010976,-0.051119,0.18374
-0.05602,0.017138,0.035305,-0.013662,-3.5869e-05,0.19953,0.063337,-0.072754,0.16922,0.13419,0.0070867,-0.034531,0.15385,0.032042,0.044229,0.20864,-0.063233,0.0049706,0.13971,-0.10338,-0.0814,0.29045,0.0068751,-0.076295,-0.097494,0.12408,0.14976,0.16992,0.063194,0.18699,-0.017795,-0.21669,0.0032325,-0.021447,0.062582,0.098153,0.015622,-0.044626,-0.039397,-0.059783,-0.027379,0.031025,0.022281,-0.083065,0.28764,0.15837,-0.094092,-0.017589,0.1405,-0.013301,0.1352,0.0273,-0.010364,0.062453,0.018873,-0.07443,0.15073,0.064599,0.055436,0.0070036,0.070059,-0.024434,-0.072471,-0.0032582,-0.14186,0.086718,-0.036465,0.067835,0.25907,0.15642,0.049826,0.21269,-0.04732,0.065276,0.050293,0.1151,0.28292,-0.017417,-0.077673,0.11258,0.06276,-0.0087885,-0.085817,0.025562,0.053886,0.033033,-0.013817,0.031582,0.085957,0.041066,0.18083,0.040893,-0.073951,0.0035815,-0.0092825,0.19464,0.23072,-0.097315,-0.049225,-0.070981
0.18693,0.13783,0.071113,0.069654,0.063802,-0.10732,0.19014,-0.037083,0.21815,0.092415,0.083835,0.089227,0.14461,0.1136,-0.02147,0.028298,0.12684,0.086566,0.12171,0.10378,0.055163,0.059414,0.20874,-0.045449,-0.10892,-0.08049,0.031655,-0.010788,0.06073,0.11115,-0.03575,-0.005223,0.19016,0.0090902,0.042279,-0.044021,-0.027048,0.18594,-0.0048721,0.050161,0.15381,-0.084207,-0.058884,-0.17689,0.15954,-0.04621,0.19553,0.20231,0.061061,0.15805,0.13563,0.012268,0.094733,-0.007458,0.058963,-0.065831,0.046297,-0.026675,-0.062055,-0.059356,0.058227,0.17886,-0.014796,0.06522,0.010738,0.043889,-0.066583,0.017719,0.0025946,0.076601,-0.17128,0.23865,0.052793,-0.058121,-0.14892,-0.018126,-0.014088,-0.0039999,0.17535,0.085915,-0.13134,0.13004,0.12798,-0.035511,-0.11012,-0.077129,-0.02648,-0.032671,0.20255,-0.054601,-0.054943,-0.057684,0.064946,0.067888,0.13137,0.16094,-0.13336,0.13389,0.073124,0.10837
0.10572,-0.018546,-0.011217,0.092111,0.037245,-0.10842,0.12814,-0.082245,0.094714,-0.066519,0.09673,-0.039881,0.12165,0.021682,0.077237,0.14173,-0.026712,0.045312,-0.018412,0.1524,-0.055342,0.05212,-0.0072886,-0.021243,-0.015615,0.013962,0.11029,0.048973,0.094537,-0.068283,0.059731,-0.026287,-0.0011882,-0.048207,-0.03905,-0.044062,0.16387,-0.091245,-0.053209,-0.039394,0.14117,-0.072782,-0.14139,0.041471,0.026731,0.15681,-0.057536,0.28011,-0.095684,0.053912,0.15553,-0.15966,0.0048795,-0.041907,0.058983,0.12898,0.02576,0.12688,0.17959,0.051574,-0.0092981,0.10668,0.028827,0.081777,0.04117,0.022398,0.12514,-0.033732,-0.0098196,-0.064144,0.065579,0.17326,0.10862,-0.026186,-0.10938,-0.031497,-0.11356,0.030965,0.11059,0.061137,0.025848,-0.12107,-0.072957,-0.033505,-0.034227,-0.072273,0.023055,0.021191,-0.12008,-0.078679,0.16122,0.1095,0.060748,-0.0040093,0.088996,0.079228,0.035253,0.21647,-0.15807,0.02442
0.094921,-0.026013,-0.0034059,-0.085369,-0.10276,-0.032514,0.29687,-0.10232,-0.08348,0.050022,-0.033964,0.12963,0.14192,0.12866,0.15704,0.22085,-0.033099,0.0075302,0.1134,-0.16504,0.16817,0.012875,-0.076849,0.11195,0.094444,0.18193,0.072627,-0.15498,-0.02129,0.057685,0.11624,0.040895,0.015723,0.017405,-0.05677,0.0018475,-0.0047524,0.10711,-0.034277,0.059538,-0.10725,0.092317,-0.10605,0.074561,-0.10027,0.062711,0.060028,0.13624,0.063083,-0.10642,-0.096022,0.16066,0.0053045,0.089207,-0.0072604,-0.064182,0.10603,0.021539,-0.062982,0.087904,0.063643,0.0049024,-0.13284,0.029015,0.017249,0.032673,0.036451,-0.008519,0.14788,-0.076288,0.10337,-0.12674,0.11646,0.11459,-0.10043,0.053352,0.1696,0.001785,0.11399,0.047489,0.15571,0.19967,0.30282,0.18943,0.11164,-0.15016,0.059564,0.035862,0.17046,0.024423,0.17732,0.076948,0.23409,0.1217,-0.11775,0.056237,-0.10817,-0.0094778,-0.056337,0.098361
0.15455,-0.041967,0.17202,0.050623,-0.019556,-0.038917,-0.11045,-0.0057012,0.10526,0.17713,0.024801,-0.11777,0.012097,0.0049269,-0.16097,0.19888,-0.078952,0.18607,-0.029511,0.21989,-0.084416,0.08674,0.0927,0.053233,0.048902,0.15045,-0.02918,0.15266,0.058606,0.17703,-0.070005,0.029458,-0.023726,-0.031891,0.067859,-0.0048561,0.14114,-0.053836,-0.089235,0.046604,0.030652,0.057714,0.062629,0.041866,0.074627,0.12718,-0.025367,0.12594,0.10136,0.029009,-0.045443,0.095148,0.10783,0.1028,0.05322,-0.09377,-0.15617,-0.046804,0.072274,0.21078,-0.034374,-0.056642,0.1102,0.1493,-0.13667,0.034576,0.12043,0.11929,0.0034596,0.069627,0.10772,0.047707,0.075406,0.0731,0.048846,0.043541,-0.048905,0.37909,0.12694,0.079454,0.080797,0.20205,-0.081705,0.0937,-0.0039734,0.091008,-0.046207,-0.024731,-0.013797,0.085108,0.11417,-0.12313,-0.043779,-0.0077687,-0.13892,0.047845,0.10777,-0.008056,-0.037111,-0.024775
0.0853,0.10812,-0.036799,0.16366,0.050694,-0.053454,0.16187,-0.042373,0.034197,-0.024639,0.025637,-0.0071484,0.19823,0.2795,0.028508,-0.066547,0.015289,-0.17213,0.14381,0.084524,0.15218,-0.0040181,0.027607,0.041151,0.36414,0.071946,0.046455,0.066156,0.22653,0.097416,0.16046,0.072988,0.0050327,0.11612,0.15647,-0.010673,0.04288,0.038146,-0.069943,-0.017329,-0.099261,-0.011708,-0.038833,0.19226,0.096411,0.13524,0.099304,-0.096176,0.033351,0.027521,-0.049831,0.15007,0.042392,-0.04226,0.10831,0.041476,0.020277,0.13232,-0.11466,0.21095,-0.058519,0.062468,-0.041574,0.0049492,-0.069411,0.17495,-0.04586,-0.012725,-0.098046,-0.062864,-0.067824,-0.02334,0.121,0.19175,0.039305,0.096289,-0.076148,0.04985,-0.071753,0.089121,0.10652,0.028417,-0.095456,0.040301,0.20106,0.16757,0.15652,-0.066293,0.11212,0.043488,0.019764,-0.097167,-0.031761,0.044837,0.20392,-0.031861,-0.018271,0.11263,-0.098261,-0.066101
0.06311,-0.10022,0.069531,-0.081969,0.014924,0.045584,0.023177,0.17543,-0.023739,0.19626,-0.022306,0.12042,-0.0096907,0.065499,0.03178,-0.076231,0.15427,-0.13601,0.014236,0.15343,-0.072594,0.19333,0.06276,-0.14989,0.11404,0.29715,0.30177,-0.020264,0.044255,-0.1021,-0.14886,0.10345,0.10125,-0.045844,-0.048898,-0.061333,-0.082932,0.074931,0.0091951,-0.0038574,0.081898,-0.075576,0.07643,-0.1476,0.18835,0.22542,0.031795,0.18374,0.1855,0.11181,0.19263,-0.063075,-0.043842,0.081171,0.060223,0.053524,0.14632,-0.01727,-0.018896,0.031675,-0.05687,0.17276,0.12374,0.14863,0.043608,-0.012258,-0.0333,-0.083211,0.095768,0.027669,-0.1007,0.092842,0.040872,-0.036376,-0.044681,0.022942,-0.056048,0.11957,0.071448,-0.072951,0.16884,0.11319,0.096694,0.14872,0.0088293,0.0081108,-0.015304,-0.044066,-0.034791,-0.069231,0.028911,0.13215,0.066498,-0.026944,0.085487,0.099802,0.044043,0.038339,0.1908,0.044565
-0.094478,0.17232,0.082837,-0.043398,0.04192,0.081352,0.17137,-0.037769,0.07309,-0.055186,0.21922,0.15464,0.1285,0.02774,-0.0048647,-0.11098,-0.0027532,-0.090697,0.16637,-0.091457,0.085536,0.17866,-0.14277,0.099724,0.13544,0.022857,-0.10434,0.14167,-0.071774,-0.017573,-0.10913,0.0017867,0.22168,-0.044512,0.095523,0.066656,0.0069738,-0.051731,0.15283,0.026515,-0.069578,0.063355,0.13645,0.0030354,-0.08566,-0.082282,0.032077,0.18585,0.065487,0.05937,-0.038998,0.0047552,0.117,0.089228,0.0204,-0.00033779,0.075538,0.14502,-0.10941,0.044559,0.051175,0.074811,-0.15175,-0.041114,-0.070107,0.044843,0.26124,0.041238,-0.10674,0.079052,-0.10498,0.0044397,0.061971,0.015355,-0.073957,0.0023984,0.038309,-0.044117,0.041592,0.038532,-0.036116,0.18562,0.059118,0.020699,0.17156,0.018716,-0.019491,0.0018389,0.31056,0.09414,0.22911,0.074875,-0.020835,0.084134,0.0225,0.015235,-0.0022264,0.041473,-0.12228,0.17376
0.051364,0.10912,0.015318,0.019685,0.019661,-0.036392,0.022375,0.24606,0.044536,0.05406,0.041383,-0.042841,-0.0048604,0.099404,0.12179,0.065687,0.17985,0.02683,0.081946,-0.22261,0.17183,0.038418,-0.039041,0.14655,-0.0035517,0.025617,0.011177,0.082456,0.00022429,-0.070665,0.15489,0.12592,0.13952,0.094578,0.073007,0.091796,-0.0042008,0.061116,0.26038,0.039216,0.080759,0.083512,-0.024491,-0.10916,-0.01278,0.00016243,0.0042332,-0.091546,0.19552,0.0055619,0.13456,-0.07054,0.11885,0.066073,0.09651,0.11507,0.10379,0.034195,0.18887,-0.012326,0.034787,-0.0070916,0.047371,0.052665,0.06025,0.023504,0.10666,0.038151,0.135,0.30542,-0.017465,0.12346,-0.038206,-0.078669,-0.054728,-0.13042,-0.022106,-0.077841,0.010265,-0.030829,0.017668,0.12038,0.044685,0.074308,-0.031102,0.054799,-0.14889,0.10802,0.0068645,0.085157,0.014314,0.010349,0.12956,0.032865,0.096184,0.13316,0.11402,-0.085554,0.017015,-0.039584
-0.078406,0.12505,-0.069144,-0.0044875,-0.10647,0.012125,0.05306,-0.062905,0.14703,-0.0039658,0.054502,0.11731,-0.031075,-0.02504,0.005623,0.067334,-0.015525,-0.02379,0.025278,0.024598,-0.050107,-0.05404,-0.013394,0.087213,-0.082283,-0.018717,-0.038245,-0.10538,0.039756,0.36603,0.23392,0.17732,-0.015131,0.15218,0.09375,0.17832,0.15053,-0.11878,0.067122,0.18573,0.059756,-0.10101,-0.033174,0.050553,-0.038421,0.053019,0.026234,0.1224,0.096084,0.054244,-0.031078,0.13422,-0.016585,-0.018586,0.04612,-0.081572,-0.072821,0.094908,0.02626,-0.13132,0.0024727,0.064851,0.14749,-0.066685,0.039783,-0.054883,0.10714,-0.0027462,-0.042291,-0.065046,-0.19169,0.27238,-0.017484,0.20367,0.040658,-0.019826,0.054138,0.068826,-0.074336,0.12812,-0.028924,-0.010886,0.11635,0.078049,-0.05634,0.087088,-0.1155,0.13606,-0.024389,0.12721,0.011581,0.12119,0.045725,0.049247,-0.015816,0.0084193,0.13128,0.18044,-0.099217,-0.041665
-0.017005,-0.068204,-0.099849,-0.14447,0.098676,0.065328,0.032564,0.17996,0.092078,0.15334,-0.000784,-0.052208,0.081272,0.13012,0.1058,0.09501,-0.012372,0.19213,0.10003,0.14502,0.16613,0.080493,-0.0034742,0.10389,0.054937,0.028172,0.040853,0.0055008,0.038939,0.0068306,0.18369,0.010942,0.15496,0.18263,0.099252,0.044487,0.16231,-0.022008,0.053771,0.0024937,0.13418,-0.13128,0.0039419,-0.083464,0.06734,-0.035869,-0.064735,-0.032935,0.033248,0.19691,0.10255,0.015976,-0.035809,0.024023,0.20286,0.1061,0.035963,-0.015916,0.052536,0.14016,0.086153,-0.038482,-0.079843,0.11962,0.29269,0.063347,0.035737,0.030048,0.041495,0.0087176,0.091704,-0.0086881,-0.082124,0.091203,0.12576,0.0016983,0.33294,0.0015356,0.33124,0.14458,-0.034797,-0.10056,-0.073285,-0.0077126,0.0079785,-0.0024229,0.0045904,-0.0045423,0.092791,0.15182,0.12241,-0.12684,0.17864,0.010867,-0.014424,-0.0060388,-0.058219,0.14364,0.042072,0.10398
-0.0040276,-0.07389,0.029285,-0.13264,0.072619,0.2135,0.10647,-0.081361,-0.02936,0.053131,-0.057451,0.034201,0.23775,0.081063,0.02218,-0.024628,-0.067842,-0.12765,0.049436,0.012084,0.19019,-0.020531,-0.0063293,0.026614,0.084072,0.066365,-0.0035011,0.030003,0.042013,0.041429,0.14099,-0.11612,-0.021735,-0.0089933,0.061512,0.2167,0.040921,0.13674,0.12704,-0.038039,-0.01868,0.0092657,0.081962,0.020361,-0.017179,-0.088215,-0.0068328,-0.12713,0.06131,0.15859,0.0054324,0.012417,0.10873,0.019402,0.053109,0.10085,0.15415,0.191,0.16951,-0.060136,0.016334,-0.10115,0.33395,-0.047152,0.18735,0.12064,0.014241,0.077752,-0.081995,0.087815,0.029021,-0.028948,0.02023,0.072963,0.01139,-0.18424,-0.019737,0.089421,0.15554,0.028676,0.059203,0.1102,0.010473,-0.035127,0.0038376,0.16338,0.05468,0.012,0.010246,0.01993,0.07851,-0.088551,-0.021278,-0.080608,-0.080231,0.078028,0.048467,0.26017,0.13906,0.062778
0.18616,0.079497,0.032657,0.1057,0.085072,-0.054379,0.055904,-0.1418,0.43062,0.022728,0.11341,-0.017304,0.10026,-0.00053691,0.009216,0.062628,0.029605,0.049093,0.081896,-0.10542,0.034845,-0.081853,0.080512,-0.061068,0.025983,-0.064665,0.1716,0.17285,-0.080715,0.023357,-0.051636,0.054427,-0.091225,0.0041019,-0.0048946,0.16451,0.037472,0.037908,0.053565,0.25782,-0.023084,-0.13815,-0.040594,0.064456,0.020704,0.16149,-0.028682,-0.014826,-0.055678,0.0036725,0.0031745,0.050353,0.035458,0.0033157,-0.037773,-0.11033,-0.0086025,0.047072,0.018972,0.17882,-0.099397,0.013345,0.22014,0.14804,-0.043307,0.060815,-0.0093309,0.0044182,-0.14314,0.094227,0.044314,-0.097961,0.16513,0.25691,-0.059987,0.20882,-0.0065341,0.20014,-0.097219,0.08761,0.13041,0.14432,-0.0032672,-0.045703,0.16199,0.10393,0.096031,-0.040143,-0.0071554,0.05814,-0.057491,-0.162,-0.036188,-0.049528,0.052537,0.15826,0.16248,0.177,0.20551,-0.012675
-0.090142,0.11509,-0.15978,0.16429,0.13861,0.0079893,0.060289,-0.02924,0.029851,0.17219,0.11356,-0.073608,-0.093382,-0.062366,0.15881,0.00020109,-0.090848,0.14921,0.12714,0.16652,0.1413,0.016759,0.023946,0.07642,0.18966,-0.099721,0.069968,-0.031236,0.098481,0.038984,0.0099871,-0.045884,0.057425,0.21938,0.18909,0.068595,-0.010126,0.063489,-0.044713,0.068535,-0.022226,0.068785,-0.084139,-0.12495,0.046856,-0.0024578,0.034484,0.17607,0.004342,0.14422,0.024787,-0.04919,0.28646,0.01977,0.019851,0.017813,0.23946,-0.0095782,-0.030967,-0.025648,0.095,-0.019223,0.1532,-0.012061,-0.11712,0.069337,0.042329,0.0034513,-0.011938,0.026304,0.042935,0.10327,-0.063548,0.072393,0.069684,0.14189,0.14381,0.12479,0.077672,0.075292,-0.10174,0.018125,0.013825,0.031325,-0.12223,0.0048765,-0.014847,-0.049206,0.0050951,0.11391,-0.052642,-0.015162,-0.018168,0.064827,0.064321,0.065837,0.13842,0.025236,0.1164,-0.043799
-0.040324,0.043951,-0.060087,-0.16959,0.14254,0.040669,-0.037852,0.076942,0.060637,-0.038229,-0.024403,0.11273,-0.016509,-0.00053237,-0.056605,0.22647,-0.085701,-0.0041148,-0.12373,0.10948,0.049296,0.22205,0.04112,0.11577,0.13328,0.026613,-0.099951,0.2108,0.06252,-0.0008908,-0.013022,0.013495,0.014493,-0.026038,0.24238,-0.075913,0.10991,0.24742,0.16392,0.065421,0.07958,4.3096e-05,0.24696,0.10373,0.030529,0.14128,0.091877,0.03037,-0.092131,-0.1012,-0.15992,0.090755,0.024192,0.091454,-0.016172,-0.028473,0.13885,0.00052621,-0.11745,0.021537,0.11426,0.012517,-0.031307,-0.049522,0.067678,0.036042,0.10295,-0.086491,-0.055644,0.068398,0.0032174,0.084356,0.10854,-0.047833,0.03134,0.073603,0.050708,-0.021997,-0.0054451,0.045421,0.14636,0.10554,0.13461,0.041439,0.026732,0.045686,-0.070569,0.055668,0.036764,-0.10961,-0.059984,0.013312,-0.1111,-0.042917,0.11412,0.027054,0.14034,0.15732,0.010628,0.0056624
0.065478,0.096195,0.015152,0.080965,0.056115,0.07985,0.016788,0.00022191,0.032592,0.031112,0.051118,0.14484,0.059296,0.08996,-0.056256,0.0062751,-0.034419,0.024074,0.1876,0.10774,0.1449,0.0051289,0.083155,-0.054342,-0.077587,-0.043668,-0.085702,0.13863,0.11704,-0.035174,0.10961,-0.087462,0.0061487,0.16647,0.039951,-0.135,0.040251,0.081844,-0.01406,-0.0011417,0.26553,0.055784,0.064141,0.12055,-0.019344,0.072095,0.042426,0.076978,0.05835,-0.080621,0.033719,0.16911,-0.046408,0.0061604,-0.019232,0.067019,0.024175,0.17074,-0.082393,0.043834,0.015547,0.12049,-0.11521,-0.0079667,-0.052543,-0.029127,0.19831,0.11834,-0.029159,-0.070387,0.075033,-0.0026243,0.0063101,0.0020979,0.026161,0.027433,-0.050062,0.017404,0.064991,0.10807,0.074817,0.00067053,0.25427,0.076376,0.040101,-0.030944,-0.074614,-0.053489,0.12455,-0.008312,0.14265,0.0065773,-0.031922,-0.034208,-0.057613,0.053087,-0.015851,0.0055927,-0.057805,0.12299
0.14093,0.064522,0.21798,-0.053931,0.19703,0.066327,0.10634,0.0060984,0.13768,0.12683,-0.012029,0.018847,-0.10123,0.16657,-0.026445,-0.0083182,0.035518,0.1667,0.14673,0.25315,0.033263,-0.0068409,0.032287,-0.069188,0.0024824,0.14112,-0.08674,0.11987,-0.0089022,-0.076949,0.020047,0.20908,0.058219,0.13027,-0.15063,-0.042485,-0.12486,0.053112,0.063323,-0.056431,0.10542,0.011385,0.0023952,0.084454,-0.099285,-0.06034,0.052078,0.060074,0.18592,0.066012,-0.013606,-0.054512,-0.081222,0.19005,0.076061,0.14866,-0.094765,-0.12519,0.14627,0.0053517,0.12552,0.087245,0.097792,0.057753,0.076086,0.14419,0.18174,-0.121,0.05463,-0.0080787,0.16873,-0.021834,-0.11838,-0.13692,0.053789,-0.072093,-0.010177,0.01954,-0.049514,-0.030228,0.19234,0.1292,0.10093,0.10082,0.17253,0.1452,-0.086463,0.14238,-0.024404,-0.044638,0.084539,0.0225,0.056148,0.13261,0.026025,0.00033733,-0.0089112,0.032493,0.15852,0.09393
0.11699,0.014198,-0.040132,0.014503,0.037103,0.17882,0.013364,0.0089215,0.087568,0.036834,0.024552,-0.054059,0.1271,0.11251,-0.044691,-0.0066786,0.11963,0.18229,0.045359,0.072675,0.034233,0.083432,0.052353,0.021239,0.092932,0.11758,0.10269,0.093643,0.14665,-0.097317,0.12908,0.073083,0.053761,-0.054966,0.16312,0.028879,-0.12945,0.032193,-0.016545,0.086018,0.096645,-0.073948,0.21172,-0.0061961,-0.049188,0.044579,0.0027718,0.010414,-0.020017,-0.0037796,-0.02776,0.14113,0.06416,-0.048813,-0.0094976,-0.056313,-0.018733,-0.036221,-0.05443,0.02418,-0.01371,-0.062279,-0.032637,-0.057878,0.018175,0.12992,0.21292,0.35748,0.19967,0.0049541,-0.0033221,0.26156,0.086652,-0.05838,0.092509,-0.0323,0.016282,0.17017,-0.10842,0.14401,0.18542,-0.086232,0.047288,-0.10773,0.17765,-0.023749,-0.090063,0.026824,0.12981,0.12585,0.029247,0.058184,-0.0045541,-0.019355,0.061348,-0.096151,-0.039088,0.092283,-0.080853,0.02161
0.029551,0.24095,-0.049211,0.011331,-0.035213,0.051381,0.15202,0.0041819,0.058435,0.19312,-0.065059,0.091983,0.30803,0.067645,-0.039496,-0.13093,0.027406,-0.036306,-0.0059766,0.10262,-0.098892,0.070252,-0.059618,0.062901,0.1052,0.062025,0.15329,0.032328,0.048171,0.087407,0.067738,0.11994,0.10502,-0.032968,0.0022503,0.071149,0.18466,0.098746,-0.081155,0.031057,0.061896,-0.0018061,-0.0943,-0.13866,0.074681,0.13988,0.0067239,0.085138,0.094449,0.2141,0.077455,-0.032044,0.040171,0.15509,0.063107,0.046646,0.089426,0.020882,0.29687,-0.082829,0.021172,0.05149,-0.042402,0.14117,0.01853,0.14952,-0.03207,-0.0090316,-0.078598,0.10803,-0.0086615,0.022879,0.14149,0.070022,-0.03312,0.061518,0.04072,0.088811,-0.015961,0.097034,0.05192,0.0015814,0.053576,-0.03531,-0.036996,0.041608,0.12683,0.034282,-0.17899,0.025115,0.13774,-0.0050627,0.079677,0.13049,-0.014096,0.0081776,0.065596,0.11878,0.090048,0.115
0.10499,-0.029563,0.12807,0.22011,0.040188,0.078738,-0.096528,-0.10709,-0.14132,0.11881,0.0059198,-0.08566,0.060669,-0.022757,0.060473,-0.11093,0.01574,-0.16709,-0.0030048,0.039243,-0.093567,0.16103,-0.11146,0.0020131,0.05974,-0.0029543,0.11789,-0.038563,0.019417,0.15164,-0.036617,0.14311,0.062696,-0.052357,0.082289,-0.15379,0.079353,0.19074,0.081704,0.087445,0.055743,0.032904,-0.048042,0.064461,-0.029216,0.058191,0.094482,0.017898,-0.10738,0.012039,0.3149,-0.049785,-0.087499,0.0064179,0.061297,0.15496,0.1073,0.021352,0.15078,0.052361,-0.068481,0.050223,0.10084,-0.024929,-0.06421,-0.039228,-0.024723,0.067874,0.21175,0.036569,-0.086961,0.083767,-0.049377,0.15268,0.028978,0.048573,-0.0013567,0.13982,0.24836,0.023832,0.076092,0.0485,0.26184,-0.048282,-0.039343,0.15593,0.15924,-0.045949,-0.0034277,0.0069384,0.041761,0.041826,0.035609,0.10404,0.017234,0.21225,0.032142,0.11378,0.051421,-0.039152
0.12443,0.22693,0.010904,-0.048448,0.049768,0.087107,0.13463,0.12832,0.10258,0.16892,-0.0813,-0.022369,0.17431,-0.061364,0.0008097,0.014674,0.38768,0.16577,-0.017244,-0.059137,0.10958,0.033033,-0.012626,-0.004439,0.094211,-0.058458,-0.01293,-0.0023048,-0.0076816,0.04207,-0.010022,-0.019501,-0.078405,0.18543,0.11611,0.076717,0.026533,0.084832,-0.06557,0.13761,0.030603,-0.011666,0.050508,-0.00074696,0.082564,-0.13282,-0.18024,0.14985,0.008147,0.077641,0.053941,-0.060526,0.070018,0.078773,0.08276,0.042078,0.061546,-0.059525,0.032714,0.072827,0.070264,-0.023636,0.040271,0.071378,0.040991,0.044744,0.03439,-0.10633,0.1171,-0.11413,0.035602,0.2218,0.041412,-0.10053,-0.042624,-0.0409,0.081714,0.105,-0.023007,0.21302,0.114,0.061824,-0.098018,-0.0036516,0.12289,0.11072,-0.063049,0.025519,0.074358,0.097163,-0.069557,0.023263,-0.154,0.14534,-0.060557,0.076445,-0.1811,0.087508,0.076504,-0.029542
-0.0050812,-0.013676,0.067597,0.19305,0.014839,0.057013,-0.039144,0.014787,0.017322,-0.10225,0.087006,0.20043,0.10604,0.068407,0.116,0.078873,0.32839,0.19031,-0.034665,0.19828,0.098734,0.091439,-0.078662,0.11713,0.16972,0.087738,0.046596,-0.092935,0.065221,0.029008,0.038125,0.057271,0.00023653,0.23801,0.087026,0.087023,0.031717,-0.0024864,-0.11827,-0.072814,0.18017,0.001459,-0.12872,-0.0046454,0.12171,-0.067922,0.056539,0.13554,0.057245,0.068186,-0.24887,-0.2243,-0.0088833,0.26919,0.13249,0.0057286,0.022654,0.041516,-0.11478,0.02504,0.10755,0.089659,-0.058776,-0.025419,0.0086281,-0.027008,0.050974,-0.019381,-0.1127,-0.000679,0.10307,0.12145,0.13641,0.24005,-0.070898,0.28301,-0.0059219,0.16013,-0.095992,0.038814,0.047305,0.11144,0.057383,0.025234,-0.11735,0.00064156,-0.046986,-0.055028,0.20606,0.090774,0.094866,0.039504,0.0052587,0.020173,-0.020377,0.082259,0.2368,-0.021277,0.0023335,0.15157
-0.16042,0.029809,-0.067417,0.09424,0.14582,0.029153,0.007192,0.012142,-0.022191,0.25861,-0.019989,0.34685,-0.085337,-0.055852,0.11686,-0.083355,-0.0037664,0.25226,-0.10874,-0.080269,0.097523,0.058012,0.12297,-0.0289,0.086146,0.09228,0.094955,0.031168,0.0093562,0.054988,-0.044574,0.037999,-0.044869,-0.021189,-0.026375,-0.014749,-0.009486,0.020318,0.0063833,0.044475,-0.037697,0.062938,-0.035934,-0.0092648,0.16375,0.12735,-0.064281,0.091651,0.20998,0.10156,0.10544,-0.057627,0.081819,-0.025933,0.022739,0.12905,0.12291,-0.021837,0.086961,-0.19357,0.1125,0.021686,0.13133,-0.036027,0.0033464,0.014706,0.058674,-0.079126,0.00027354,-0.055193,-0.043361,0.012155,0.16807,0.058546,0.13868,0.12409,-0.05064,0.020153,0.057437,-0.12774,0.14791,0.16947,0.1205,-0.0040906,0.092733,0.22601,0.10751,0.027198,-0.003518,0.15507,0.22407,0.13168,0.030977,0.16887,-0.0085378,0.13749,0.11116,0.11614,0.13455,-0.022541
0.12683,-0.16146,0.15882,0.038396,0.032618,0.073636,-0.10981,-0.083551,0.12247,0.1707,0.13457,0.15637,0.047084,0.05174,0.21818,0.10833,0.21153,0.11695,0.015387,0.040441,-0.047222,0.038999,-0.021245,0.17391,0.059322,-0.12363,0.2074,0.089361,0.20375,0.028087,0.11286,0.091742,-0.023312,0.030542,-0.072178,-0.044553,-0.16855,0.0032637,-0.11432,-0.072795,-0.00013734,-0.020113,0.092275,0.14367,0.060611,-0.064494,0.14887,0.0013238,-0.014403,-0.11074,0.040649,-0.081567,0.1068,0.10941,0.044657,-0.041658,-0.016951,0.13043,-0.012827,0.13357,-0.016275,0.13943,0.07522,-0.072005,-0.1216,-0.009128,0.048651,0.1092,0.13949,-0.042077,-0.088724,-0.057387,0.0090544,-0.035964,0.11282,0.16366,0.16232,0.15432,0.18987,-0.012951,0.0076036,0.1004,0.21659,0.19687,0.12102,0.051389,-0.021215,0.11977,-0.16665,0.022559,0.1553,0.029215,-0.081498,-0.11975,0.068851,-0.0316,0.055847,0.077788,0.15838,0.055017
0.064873,0.076483,0.12393,0.071314,0.057506,-0.026688,0.021977,-0.059873,-0.12094,-0.12301,-0.051301,0.2072,-0.073831,-0.049899,0.11869,0.056461,-0.032856,0.06119,0.048337,0.011382,0.1013,-0.0022197,-0.1081,0.077934,-0.033551,0.040161,-0.10118,0.1076,-0.013347,0.1213,-0.034731,0.028827,-0.015571,0.031968,-0.0051105,-0.10482,0.079291,0.034161,-0.0078073,0.16994,-0.053496,0.042257,0.14011,-0.025434,0.0074921,-0.028165,-0.026149,-0.042968,-0.020295,0.053068,0.20414,0.078668,0.066037,-0.044824,-0.0031316,0.06387,-0.095882,-0.10659,0.041057,-0.012468,0.012413,0.021742,0.14362,0.12862,-0.0011714,0.12641,0.23431,0.070793,0.11317,0.062932,0.10152,-0.017344,0.03241,0.12988,-0.097632,0.078831,0.056089,0.040034,0.027449,0.013876,0.078856,0.11675,-0.076375,-0.080366,0.033204,0.056645,0.076795,0.10891,0.047181,0.063195,0.018109,0.11467,0.054989,0.074072,0.0055703,0.083688,0.16752,0.08528,0.11815,0.19923
0.02475,-0.1837,0.10684,-0.065739,0.042944,0.091737,-0.1059,-0.0073893,0.11855,0.13052,0.0050534,0.19444,0.0024785,0.044657,0.03935,0.063168,-0.11735,1.4469e-05,0.0067619,0.085985,-0.12104,0.22218,-0.0297,0.0095671,-0.0099053,-0.11774,0.037748,-0.055894,0.11686,-0.029937,0.19684,0.002252,-0.017221,-0.068729,0.18685,-0.022028,0.048742,0.0073247,0.082199,0.053227,0.159,0.21173,0.09825,-0.027839,0.040927,0.21685,-0.051371,0.044545,-0.047905,0.34213,0.083355,0.088134,0.022003,-0.14102,-0.035858,0.11657,0.015921,0.22154,0.22019,-0.017416,-0.034685,0.2419,-0.011129,0.11451,0.14137,0.0014688,0.091871,0.086165,0.02957,0.031335,0.040921,0.10675,0.16476,-0.21556,-0.036806,0.14395,0.14652,0.11142,0.12358,0.15161,0.10544,0.11019,0.15315,0.039121,0.082817,0.027191,-0.11627,0.1484,0.2179,0.11657,-0.022341,-0.073711,-0.014643,-0.047304,0.10043,0.16576,-0.089951,-0.0514,0.097742,-0.10981
-0.19321,0.12506,-0.080879,0.11857,0.16325,0.1132,0.01862,0.2418,0.027274,-0.057218,0.1856,0.19756,-0.04502,0.017442,0.046899,-0.040854,0.088544,0.14191,-0.04273,-0.09382,0.14464,0.18775,-0.034889,-0.056583,0.27954,0.10247,-0.012692,0.025072,-0.038607,0.054374,0.014658,-0.041379,0.16856,0.029054,0.14224,0.23262,0.0072613,0.11301,0.26892,-0.13155,0.18723,0.048388,0.076422,-0.15385,-0.10502,0.052474,-0.0273,-0.10382,0.010088,-0.030704,0.031254,0.19028,0.16426,-0.053118,0.068652,0.031688,-0.14813,0.055474,-0.22038,0.10396,0.053131,0.075479,-0.1103,0.18463,0.11722,-0.04683,0.1862,-0.012797,-0.023035,0.056785,0.13803,0.0086378,0.025714,-0.059156,-0.11567,-0.10372,0.037586,0.083314,0.018651,0.037174,-0.079332,0.23469,-0.074955,-0.069659,-0.05274,-0.12134,0.040965,0.20855,-0.052197,0.13899,-0.065313,0.16341,0.19086,0.30725,0.054172,0.05036,-0.047964,0.13156,0.09323,-0.12019
0.0021782,0.10335,-0.00083589,0.075344,0.1117,-0.048674,0.018645,0.18708,0.025263,0.077552,-0.011055,-0.01866,-0.0148,-0.0068122,-0.10244,-0.068808,0.070794,0.0032895,0.013326,0.046105,0.25339,0.029118,-0.0096574,-0.12104,0.11279,0.12124,0.12541,0.11825,0.11637,0.13158,0.014527,0.027343,0.11162,0.33792,-0.090383,0.044146,-0.12584,-0.089971,0.096427,0.045,0.20514,-0.052948,0.082625,0.016594,-0.016651,-0.066537,0.1721,-0.11674,0.11883,0.023903,0.21782,-0.13582,-0.10611,-0.042261,-0.09138,-0.054478,-0.015736,0.017709,0.10518,0.038066,0.087469,0.092408,-0.093433,0.030471,0.095572,0.081767,0.073817,0.048963,0.086071,-0.067902,0.15446,0.024722,-0.053727,-0.030517,0.071757,0.015591,0.089425,0.11296,0.050433,-0.051864,0.1955,-0.025304,0.052362,0.094834,0.055057,-0.017431,0.21277,-0.059249,0.077591,0.11642,-0.11316,-0.10546,0.044565,0.099213,-0.030187,0.07577,0.11942,-0.0065711,0.064155,0.067552
0.091389,0.15401,-0.054115,-0.03194,-0.15085,0.04357,-0.016153,-0.0042716,0.027726,-0.070748,-0.15398,0.094058,0.19836,0.12306,0.07545,-0.077912,0.17027,-0.11278,0.12473,-0.011783,0.18866,0.044902,0.039177,0.0026128,-0.05922,0.097106,0.19595,0.10116,-0.078162,0.04479,-0.00038154,0.044992,0.091099,-0.067137,-0.019569,0.060706,0.072119,0.06105,-0.016912,0.069079,0.081408,-0.12015,-0.085675,-0.092178,0.15378,0.035761,0.06707,0.2052,0.0047663,0.073742,-0.063008,-0.051989,-0.031048,0.035387,-0.048313,0.080037,0.11775,0.022893,0.14556,-0.036416,0.026037,0.071003,0.14091,0.098123,0.031862,0.049917,0.068772,-0.080085,0.043282,0.0054541,0.1628,0.050577,0.080552,-0.032919,-0.0089107,0.072518,-0.033651,0.082661,0.03773,0.050536,0.004203,0.11188,-0.017243,0.10705,0.063878,0.28528,0.29102,0.18251,0.013585,0.13934,-0.073062,0.031668,0.088284,-0.049233,0.16713,0.20896,0.055018,-0.00025473,0.09753,0.12951
0.016847,0.17922,0.065385,-0.16101,0.09724,0.066935,-0.0060462,0.0794,0.084249,0.072868,0.094478,0.15369,0.082907,0.081573,0.03802,-0.017283,0.020228,-0.043357,-0.026596,0.19207,-0.039232,0.081008,0.20383,-0.082506,0.084638,0.1464,0.011667,0.15179,0.2378,0.075244,0.13357,0.063066,0.028687,0.013277,-0.068287,0.11048,-0.096416,0.22113,-0.080669,0.06555,0.085856,0.12604,0.052785,-0.08519,0.10075,-0.074731,0.040686,-0.017042,0.005229,0.069854,0.13583,0.06399,0.008804,-0.056722,0.13875,-0.046604,0.10322,0.12177,0.11303,0.011033,-0.069957,0.046211,0.1747,0.021897,-0.14126,0.12379,0.027625,0.1175,-0.0042734,-0.013703,0.19208,-0.072496,0.20796,-0.082008,0.22569,-0.044972,0.22192,0.01513,0.097244,0.096465,0.043023,0.10371,0.22912,-0.04531,0.038521,0.12154,-0.01906,0.039961,-0.10956,-0.0064389,-0.042909,-0.074318,-0.023959,0.066732,-0.058714,-0.04338,-0.011984,-0.043629,0.13667,0.085044
-0.018698,-0.037203,0.16077,-0.12936,0.044478,0.072009,0.22002,0.11029,0.061002,0.021911,0.1565,-0.016027,-0.015668,0.073099,-0.042098,-0.094782,0.029161,0.18385,0.14375,0.00091852,0.14845,-0.074582,-0.033663,0.051335,0.13329,0.16807,0.13145,0.031282,0.07456,-0.095709,-0.0045965,0.25816,0.057629,-0.0068456,-0.0061534,0.043815,0.088804,0.16372,0.017655,0.021334,-0.080441,0.014484,0.15996,-0.0682,0.093761,0.042929,0.079994,0.18489,0.03448,0.038552,0.27156,0.083528,0.0055155,0.15391,0.063851,0.054826,0.037473,0.078025,0.024513,-0.089171,0.11046,-0.04971,0.010736,0.11382,-0.093571,0.008827,0.026247,0.16916,0.011426,0.01186,-0.059411,-0.15316,0.038942,-0.029013,0.018122,0.10146,-0.0090287,0.21533,-0.034619,-0.0016851,-0.064953,0.080914,0.05897,0.23531,0.021936,0.16915,0.20761,0.082007,0.094526,0.03962,0.004187,0.20587,0.11291,-0.0023722,0.03429,-0.021251,0.11969,0.0033053,-0.032087,-0.08943
-0.061975,-0.052862,0.059077,-0.0073145,-0.13023,-0.003003,0.019229,0.11146,0.071817,-0.034464,-0.045659,0.015447,-0.0092154,0.2115,0.084151,0.11259,0.0029297,0.023217,-0.071644,0.061192,0.10014,-0.036459,0.029182,0.032173,0.040945,0.1918,0.22044,0.010732,0.13586,0.1383,0.059633,-0.011795,0.032031,-0.019936,0.053075,0.30231,-0.13312,-0.032716,0.10356,0.039263,0.094526,0.030631,0.085221,0.079811,0.14443,-0.071652,-0.029534,0.054216,0.12577,0.11951,0.034459,0.16028,0.0008005,0.11815,0.043246,0.0087179,-0.072035,-0.01058,0.017783,0.092703,0.058727,0.077085,-0.0014353,-0.037172,0.064603,0.20382,0.0081197,0.0028394,0.083694,-0.036785,-0.05545,0.087487,0.24161,0.1663,0.15887,0.040527,-0.12404,0.2246,-0.094279,0.14283,0.23148,0.05445,0.10544,0.35729,-0.045706,-0.043758,0.10333,0.031069,-0.067022,0.094468,0.013095,-0.03336,0.35362,0.034201,-0.077598,-0.10883,0.011545,0.0070885,0.0087837,0.12633
-0.064406,-0.093856,-0.037924,-0.020972,-0.052366,0.048849,0.19102,-0.1122,0.14122,-0.055447,-0.011168,0.023281,-0.10722,0.19003,0.10763,-0.10837,0.27338,0.11621,-0.093025,-0.12094,0.084371,0.23724,0.0076288,0.1082,0.029069,0.1148,0.047998,0.0096096,0.097059,-0.070124,0.10068,0.04672,0.23738,0.099953,0.027758,0.19249,0.14427,-0.063861,-0.059053,0.073879,0.12525,0.12365,-0.024889,0.17276,0.031304,-0.044843,0.038339,0.19208,-0.019665,0.092807,-0.035008,-0.060911,0.12822,0.11911,-0.083964,-0.13799,-0.039119,0.15233,0.16088,0.28474,0.10729,0.0011376,-0.11079,0.015649,0.042479,-0.044192,0.020478,0.10471,-0.007048,0.13134,0.04267,-0.028131,-0.025762,0.0043273,0.087116,-0.014291,0.042313,0.13241,-0.036106,0.36815,0.13208,0.024638,-0.020928,-0.1054,0.080549,0.22193,0.0042845,-0.087165,0.034851,0.14901,0.010881,0.15993,0.26581,0.017009,-0.010271,-0.0849,0.074998,0.199,0.08523,0.038645
-0.069958,-0.16513,0.0094015,0.067005,-0.10709,-0.064308,-0.092947,-0.033503,0.04417,0.12342,-0.0068444,-0.0070834,0.11919,0.0869,0.072503,0.099177,0.06897,0.010848,0.029967,0.10931,0.24825,-0.025629,0.25732,0.24937,-0.0691,0.082229,0.074235,0.080065,0.22282,-0.039586,-0.054721,-0.070592,0.078168,0.12289,0.14221,0.16008,0.11118,0.09476,0.038282,0.10506,0.01468,0.037551,0.14353,0.073615,0.097752,-0.031636,0.10292,0.06066,0.028268,0.046343,-0.20877,-0.054079,0.081756,0.054361,0.11061,0.00059307,0.17064,0.20745,0.03619,0.10515,0.04214,0.11199,0.029921,0.15512,0.065473,-0.02061,-0.15215,-0.13892,0.21722,-0.032449,0.014036,0.12967,0.047895,-0.10177,-0.036069,0.0032104,0.0044625,0.049603,-0.066448,-0.015178,0.14537,-0.061126,0.055411,0.0072116,0.03879,-0.065538,-0.047826,0.1486,-0.085814,0.047478,-0.0055355,0.026229,0.030102,0.18859,0.11528,0.0076792,0.073211,-0.054681,0.085816,0.10331
-0.035046,0.20769,-0.057269,0.10651,0.029307,0.020138,0.15676,0.021542,0.19403,-0.16826,0.22106,0.073026,0.10234,-0.12208,0.038525,-0.13876,-0.084074,0.11482,0.078497,0.1318,0.049133,0.068211,-0.042163,0.02346,-0.032307,0.12183,0.020379,-0.021917,0.028573,0.010727,0.099088,-0.0023068,0.082438,-0.018857,-0.13242,0.06777,-0.045343,0.12246,-0.11786,-0.0069393,-0.027894,-0.13076,0.062214,0.060513,0.18169,0.10504,0.047577,0.10113,-0.06297,0.097077,0.21446,0.074212,0.19396,-0.023091,-0.049534,0.1174,-0.016574,0.021135,0.13133,-0.018516,0.031628,0.17921,0.020323,-0.09006,-0.049407,0.072964,0.096122,0.0052481,-0.077998,0.012604,0.084922,0.22841,0.18533,0.074628,0.043056,0.14803,0.13616,0.12966,0.11697,0.056433,-0.055022,0.026592,0.12049,0.03078,0.10612,0.0884,0.085439,-0.005504,-0.12063,-0.12493,-0.088073,-0.012438,0.081019,0.16725,0.014426,-0.064309,0.081442,0.10281,0.061456,0.16351
-0.10595,0.12024,-0.033418,0.16004,0.11208,0.028909,-0.0056746,0.0070346,0.071322,0.15173,0.08564,0.08587,-0.04956,0.082564,-0.055751,-0.028576,0.10172,0.10845,0.029899,-0.006654,0.073303,0.091187,0.11421,0.039897,-0.022724,-0.057699,0.1626,-0.00061118,0.14754,0.012909,0.084568,-0.032275,-0.012059,0.051794,0.21102,-0.0084048,-0.035255,0.1717,0.035633,-0.081586,0.18778,0.16663,-0.0050683,0.010454,0.2326,0.11222,-0.0034353,-0.0087992,0.081335,0.10832,0.0043807,0.047497,0.25427,0.045573,-0.10309,0.2509,0.19165,0.059652,-0.097756,0.031855,0.049283,0.06829,0.0068166,0.028691,0.056171,-0.0056664,0.03971,-0.083833,-0.035693,0.0069341,0.0045941,-0.16341,0.014394,0.19966,0.027394,0.054156,-0.075955,-0.0077568,-0.047012,-0.053532,0.13279,0.14458,-0.050206,0.096306,0.13185,0.084352,-0.0034097,-0.17236,0.048267,-0.0029526,0.094136,-0.0038123,-0.082287,0.023732,0.068817,0.074471,0.30839,-0.017642,0.18091,0.015059
0.099373,0.093131,0.22731,-0.0036174,0.045622,0.10893,-0.11906,0.11036,0.048198,0.0096347,0.058418,-0.022902,-0.065492,0.034095,-0.11761,0.15138,-0.011416,0.085455,-0.034067,0.095738,0.037235,0.28052,0.099666,0.10354,0.0067139,0.12354,0.086447,0.059503,0.13965,0.11599,0.23401,-0.034033,0.17281,0.070791,-0.042184,-0.076349,0.18919,0.12877,0.0018528,-0.077208,-0.039267,0.23152,-0.013384,-0.035468,0.041045,-0.06389,0.085863,-0.0055508,-0.031505,-0.036851,-0.088827,-0.018002,-0.078384,0.054373,0.0053121,0.07974,0.10903,0.0019433,-0.086252,-0.023445,0.1485,-0.095023,-0.13409,0.098544,0.099371,-0.09934,0.046972,0.13375,0.1502,0.01452,0.13531,0.071998,0.20432,0.070541,0.2103,0.019105,0.11931,-0.025479,0.28324,0.020458,-0.033969,0.14267,0.10445,-0.12501,0.019942,0.022816,0.047883,-0.0021861,0.017337,0.018917,0.096152,0.032964,-0.094102,0.11362,-0.053508,0.082673,0.048958,0.16746,-0.0036851,-0.034372
0.12308,0.12342,-0.0034164,0.038964,0.16879,0.03858,-0.048743,-0.061724,0.095682,0.056051,-0.084695,0.088026,0.1767,0.058814,0.0080121,-0.056227,0.28566,0.0094519,0.040113,0.005643,0.14249,0.041075,0.0728,-0.029185,0.10934,0.16397,0.040348,0.05349,-0.021033,-0.0047407,0.060671,0.0081623,0.11242,-0.00085013,0.023783,0.078116,0.029582,-0.081895,0.10929,0.060187,0.28581,0.081375,0.052057,0.079888,0.21904,0.19798,-0.12094,0.02239,0.14132,-0.019034,-0.042536,0.032269,0.034424,0.051613,-0.016125,0.092615,-0.032066,-0.09107,0.0036293,0.032868,0.11797,0.064135,0.019652,0.15654,-0.025787,0.070585,-0.059312,0.038625,0.0041059,0.048517,-0.014872,-0.0092255,-0.044961,0.067911,0.046058,-0.10339,0.081422,0.0079118,-0.072259,0.34289,-0.027362,0.032454,0.035662,0.049199,0.064874,0.15466,0.079571,-0.13759,-0.00073523,0.13767,0.10145,-0.029052,0.041989,-0.052133,-0.18112,0.09867,0.11666,0.02843,0.020007,0.057666
0.12076,-0.017312,-0.10285,-0.045015,0.017388,0.074779,-0.019703,-0.12448,-0.063637,0.13091,0.059364,0.13133,0.1251,0.031722,-0.030296,0.12132,0.33318,0.075499,0.057585,0.083865,0.15007,-0.0054057,0.090763,0.16406,-0.064801,0.066682,0.32049,0.20306,0.11893,-0.0035022,0.11836,-0.076883,0.16417,0.091625,-0.10127,0.21477,0.094655,-0.093251,0.13382,0.13369,-0.064216,0.16803,-0.058002,0.098272,0.10583,-0.085958,0.065719,-0.077749,0.25356,-0.030882,-0.04415,0.036544,0.038329,-0.037093,0.10424,-0.092762,0.052531,0.033538,0.088354,-0.062096,0.21321,0.0057812,0.15467,-0.0054322,0.12635,-0.0092223,-0.098899,0.0064951,0.00091482,0.29307,0.090697,0.010901,0.2289,0.075783,-0.022134,0.0015181,0.0693,-0.17865,0.017691,-0.029214,-0.022798,0.057524,-0.045984,0.007428,0.013311,0.012969,0.11323,0.04399,0.096701,-0.046907,0.060829,-0.0064224,0.074275,-0.036388,-0.089962,0.15112,-0.02088,0.12928,0.13745,0.050028
0.040619,0.057933,0.14335,0.14368,0.062556,-0.11628,0.068551,-0.13581,0.024985,0.059915,0.039209,-0.071971,0.030713,0.060396,0.031215,-0.085563,-0.078004,0.020021,0.076799,-0.013693,0.081819,0.088172,-0.054874,0.030288,0.03974,0.086525,0.028243,0.05838,0.027049,0.1484,-0.061043,0.040064,0.011295,0.089889,0.13381,0.10735,-0.079319,-0.063716,0.16597,0.045586,-0.14273,-0.024332,0.16416,-0.09687,-0.032925,0.014752,0.030809,0.021597,-0.087896,0.23808,-0.040174,0.093616,0.057723,0.16002,0.1569,-0.025854,0.15752,0.14843,0.30017,0.14215,0.051106,0.090816,0.10308,0.14195,0.072156,-0.036949,-0.034014,0.075254,-0.044944,-0.00062603,-0.047188,0.15759,-0.043467,0.045311,-0.0012696,-0.0071475,0.18758,-0.069211,0.048137,0.0076,-0.032914,0.053114,0.090139,0.1309,0.01397,0.15666,-0.058024,0.11548,-0.066807,0.10609,0.032389,0.026289,0.0090278,-0.023447,0.078868,0.05339,-0.030392,-0.023769,0.047149,0.019267
0.16091,0.04398,0.026092,0.088515,0.14182,-0.052409,0.14692,-0.1793,0.00077981,-0.13833,-0.10621,0.059386,0.044848,0.14594,0.029102,-0.00074262,-0.11218,0.14232,0.15391,0.27992,0.1159,-0.061077,0.0015312,0.030516,0.13165,-0.069368,0.11622,0.1207,-0.072092,0.17226,0.098176,0.10727,0.16562,0.32675,0.04609,0.075442,-0.11983,0.066014,-0.06215,-0.10797,-0.082952,0.073781,0.00055607,-0.081957,0.16245,-0.018286,0.087801,0.10537,0.023208,-0.059618,0.072782,0.14452,-0.015126,0.020061,0.16818,0.0023189,-0.024898,0.14424,0.21366,-0.076083,0.066388,0.046681,-0.022651,0.16157,0.13123,-0.045897,-0.050273,0.12691,-0.058516,0.050241,0.029747,0.084882,0.21609,0.12953,0.045601,0.095422,-0.14815,0.061502,-0.018686,-0.024,0.036016,0.056534,-0.0063631,0.14743,0.045206,0.055558,0.093622,0.083766,-0.04914,-0.055576,-0.034207,-0.0015959,0.10815,0.071735,0.12154,0.15889,0.092641,-0.037267,0.070992,0.067091
0.10209,0.22261,0.083627,-0.10783,0.059852,-0.017596,0.16183,-0.0090064,0.15055,0.1158,-0.16138,0.025913,-0.061925,-0.010747,0.089718,0.019075,0.056328,-0.045161,0.19947,0.14012,-0.097965,0.20592,0.044083,0.11363,0.18935,0.056162,0.27038,-0.033922,0.12106,-0.10822,0.1072,0.24994,0.07277,0.08828,0.022154,-0.055741,0.24294,-0.075556,0.017737,0.16468,0.039955,0.22088,0.13577,0.14479,0.20516,-0.096831,-0.01924,0.048663,0.022338,0.027292,0.27261,0.053931,0.10612,0.12118,0.032886,0.18079,0.071164,0.22664,0.010305,-0.032376,0.050773,0.020438,-0.046822,0.10197,0.29054,0.015969,-0.038021,-0.076517,0.052234,-0.097743,0.10729,-0.052542,-0.038154,-0.05164,0.038217,-0.057687,-0.0050515,0.13332,0.037825,-0.087827,0.0046811,-0.0015263,-0.018365,0.12122,0.11431,-0.0076454,0.16677,0.048118,0.078151,-0.039567,-0.001548,-0.019422,-0.031094,0.1903,-0.014308,0.23047,-0.055451,0.35048,0.16066,0.082142
-0.076564,0.04974,-0.091506,0.10705,0.050021,-0.043116,0.11119,0.15155,0.010154,0.029223,-0.14012,0.046152,0.15023,0.063419,-0.037796,0.14133,-0.058143,0.14802,-0.044949,0.16827,0.082511,0.1299,0.072671,-0.052581,0.16181,-0.011205,-0.035175,0.025671,-0.045778,0.03329,0.054859,0.030213,0.050121,-0.053079,0.15386,0.12087,-0.031153,0.080901,-0.1142,-0.16249,0.12691,0.083604,0.040068,0.18231,0.017088,0.1509,-0.10952,0.043816,0.066349,0.15958,0.10369,-0.080987,0.037952,0.13779,-0.077094,-0.07382,0.24974,0.223,0.090112,-0.043021,0.020736,0.017367,0.24646,0.083813,0.15299,0.16501,0.017083,-0.0008926,0.06236,0.2433,0.094539,-0.075457,0.13593,0.0077779,0.082745,-0.1634,0.017275,0.12863,0.01457,0.099534,0.056496,-0.063004,0.04654,0.030882,-0.056135,-0.034562,0.0042544,-0.064632,0.059362,-0.027942,-0.045123,0.14978,0.056302,0.093727,0.084874,0.15444,0.021648,-0.037025,0.045666,-0.088262
0.068417,0.051144,-0.062231,0.086972,0.13744,0.078267,0.028356,-0.021152,-0.096019,-0.052276,0.022355,0.25995,-0.042865,0.0057676,-0.0062883,-0.006866,-0.050855,0.10342,-0.005553,-0.0095305,-0.050351,0.04859,0.048019,-0.043412,0.018451,0.10366,-0.22765,0.096564,-0.04253,-0.14744,-0.025046,-0.051425,0.044922,0.13068,0.10752,0.11251,-0.035315,0.17977,0.084885,0.094523,0.019201,0.13003,0.081433,-0.11755,-0.064466,0.052757,-0.0037378,0.14257,0.25564,0.11349,0.1298,0.11339,-0.082376,-0.013524,0.16523,0.090635,0.103,-0.017199,0.12051,0.010621,0.047323,0.02923,0.017472,-0.043218,0.086654,0.082272,0.048619,0.13158,-0.17109,0.040396,0.04292,0.0144,0.085517,0.059799,0.13969,0.066864,-0.0040029,0.17542,0.20257,0.065921,-0.029133,0.088923,0.058466,-0.029367,-0.062686,0.30021,0.058422,-0.039089,0.095941,0.0086939,0.1032,0.1479,0.016433,0.031282,-0.058614,0.069338,-0.034275,0.027911,0.039919,0.068513
0.1951,-0.068252,0.28676,-0.050547,0.18567,0.0069347,-0.10691,-0.10008,0.1872,0.078294,0.081202,0.14436,0.0069325,0.14925,0.13155,0.026669,0.0038673,0.13821,0.075375,-0.062437,0.055423,0.13256,0.12698,0.13979,0.042578,0.19837,0.17428,-0.0029804,0.18398,0.20507,-0.27745,0.2124,0.098467,0.15625,-0.088607,0.0069207,0.16972,-0.068045,-0.19549,0.15225,0.092117,0.14295,0.041947,-0.060554,0.19605,-0.10404,0.071492,-0.032059,0.0023704,0.043323,0.048632,-0.081268,0.047625,-0.0129,-0.02935,-0.096265,0.17833,0.22761,0.031451,0.029247,0.10554,0.13249,1.5626e-05,-0.015902,-0.072483,-0.0090213,-0.094051,0.15834,-0.027674,0.070751,0.10653,0.12667,0.05142,0.24948,-0.057895,0.013555,0.19312,-0.035951,0.17772,-0.098283,-0.081198,0.10635,0.060179,-0.083485,0.022999,-0.004021,-0.13089,-0.16488,0.10813,0.084041,-0.044754,-0.13179,0.23626,-0.1084,0.11125,0.062381,0.0649,0.18157,-0.080759,0.34623
0.052594,-0.011489,0.17764,-0.14229,0.092266,0.11207,0.10349,0.13163,0.17845,-0.020242,0.014753,0.054871,-0.041232,-0.01418,-0.016094,-0.062585,-0.15606,0.045552,0.0026087,-0.0039463,-0.016078,0.10947,0.015702,-0.057474,-0.10867,-0.063238,0.2354,0.1294,-0.065836,0.31793,0.099148,0.079872,0.24928,0.21294,-0.023857,0.093187,0.063664,-0.024875,0.18977,0.056009,0.33973,0.03196,0.19208,-0.0036147,0.015355,-0.066301,0.046348,0.16605,0.37361,-0.081777,0.0057141,0.01388,-0.0034126,-0.08945,0.13055,0.070914,0.19566,0.1131,0.14444,0.017466,0.010153,0.085155,0.074519,0.23375,0.0030068,0.05306,0.0352,0.071881,-0.050035,0.11722,0.05541,0.043489,-0.021536,0.086281,0.093139,0.19622,0.033053,0.20534,-0.17575,0.095633,0.24076,0.12549,-0.036537,0.095252,-0.0067534,-0.070515,0.088286,0.0064893,-0.081893,-0.013708,-0.036999,0.16195,0.063781,-0.03151,-0.013158,-0.15305,0.055799,0.093513,0.067016,-0.057146
0.11759,0.093968,0.21469,0.0074296,-0.052834,0.039502,0.015281,-0.062364,-0.071317,0.25524,0.15328,-0.02955,0.048017,0.17362,-0.086702,0.00568,0.022814,0.067052,0.08208,0.078761,0.2285,0.066254,0.017089,0.16654,0.080978,-0.010874,0.097198,0.091226,-0.034084,0.15518,0.1907,-0.029063,-0.045987,-0.09302,-0.059511,0.10491,0.00079841,-0.049201,0.010826,0.065588,0.058216,0.075165,-0.18216,0.10854,0.033832,-0.069138,0.17323,0.097184,-0.10352,-0.023749,0.23237,0.20698,-0.062988,0.088722,-0.044356,0.11802,0.033557,0.11114,0.078319,0.14628,0.15075,-0.039988,0.18435,0.047935,0.099522,0.088346,0.12298,0.0018225,0.062859,-0.042396,0.088929,0.093007,-0.045893,-0.023448,0.18841,0.18406,0.05166,0.083387,-0.0096788,0.015573,-0.12947,-0.13088,-0.026652,0.14989,0.18444,0.0060632,-0.069565,0.12135,0.21229,-0.017762,-0.010514,0.056093,-0.13496,-0.037992,0.19775,-0.16707,0.033613,0.097053,0.095715,-0.092496
0.096178,0.054958,0.13192,-0.05075,-0.10295,-0.062162,0.13561,-0.023689,0.10781,0.014407,-0.040913,0.25824,0.039606,-0.025423,0.20581,0.051852,0.042903,0.27391,0.13737,-0.061455,-0.16103,0.14821,0.14622,0.041368,0.016974,0.025889,0.048544,0.10735,0.20164,-0.12938,0.078722,0.18764,-0.026369,0.065653,-0.00081363,-0.01051,0.071151,-0.010903,-0.042793,0.10139,-0.068808,0.22071,-0.028564,0.087971,0.012488,0.076832,0.011806,-0.095524,-0.044971,0.031465,-0.046646,0.13058,0.09092,-0.017213,-0.023905,0.090281,0.08909,0.15267,-0.081627,0.12537,0.011967,-0.054464,-0.088373,0.050464,0.035444,-0.029759,0.08292,-0.058324,0.1227,-0.096722,0.081352,0.032134,0.018488,0.14309,-0.1476,0.047633,0.019178,-0.097703,0.050728,0.07065,0.033756,-0.040006,0.28415,0.083217,0.097538,0.050559,0.15309,0.09021,0.13859,-0.039387,-0.0035626,0.016086,0.085467,-0.048649,0.19457,-0.089472,-0.0010823,0.0018067,0.12497,0.0595
0.057398,0.068862,0.11053,0.12109,0.02305,0.0026407,0.11358,0.088155,0.15468,0.054807,0.12299,-0.034577,0.036965,0.079502,0.16436,0.063386,-0.048523,0.033985,-0.029835,-0.05932,-0.068737,-0.02961,0.17266,0.11733,-0.064503,0.12572,0.026389,-0.022765,-0.028951,0.031679,0.0011571,0.1098,0.026387,0.090044,0.13804,0.19938,0.061699,-0.024944,0.11087,0.032933,-0.0034775,0.076871,0.088329,0.17613,0.02327,-0.031433,0.040263,-0.0051705,0.21292,-0.00061224,-0.14375,0.051784,0.031514,-0.027999,-0.064389,-0.049644,0.15482,0.012086,0.21134,0.060626,0.053466,-0.020148,0.076598,0.12148,0.046809,0.12932,-0.00039548,-0.054968,0.047117,0.058188,0.1676,0.049572,-0.00070559,0.023832,-0.14772,-0.038792,0.2247,0.056314,0.021535,0.15003,0.21313,0.027012,0.13064,0.042599,-0.038804,0.087886,-0.041682,0.082352,-0.042233,0.064724,-0.024446,0.018607,-0.12342,-0.068669,-0.20963,0.0088973,-0.022776,0.044291,0.10992,-0.034155
0.10396,0.12995,-0.092143,0.070138,0.13676,0.086143,-0.010796,0.072056,0.15415,0.26851,-0.031731,0.0020817,0.01407,0.011083,-0.045242,0.13459,0.058639,0.19679,0.21623,-0.01956,0.071023,-0.061383,0.11304,-0.035674,0.069669,0.055772,0.069513,0.10322,0.22605,-0.056817,0.019839,0.24397,0.10202,0.06315,0.076975,0.016543,0.081972,0.057356,-0.015746,0.09496,0.10047,-0.048637,0.07299,0.22441,-0.033681,0.20275,-0.074792,0.10342,-0.019376,-0.083076,0.058133,0.08428,-0.017629,-0.00013679,0.051435,0.062049,0.047732,-0.072844,0.04592,0.22886,0.083482,0.30633,0.20738,0.058248,-0.018908,0.014864,-0.10317,0.0077623,-0.044517,0.088804,0.080769,-0.081596,0.013089,0.05274,0.06564,0.090451,-0.19401,0.10393,-0.058361,-0.035656,-0.067875,-0.014377,-0.0088738,0.028102,0.028322,0.036062,0.25779,0.0063585,-0.043292,0.096332,-0.16108,-0.00075529,0.039825,0.22817,0.16519,-0.025109,-0.063758,0.10562,0.036572,0.022697
0.023763,0.04671,0.055713,0.060326,-0.060109,-0.031931,-0.069621,0.069746,-0.018172,-0.040773,-0.024209,0.10408,-0.0064037,0.13792,-0.10016,0.12732,0.20089,-0.024926,-0.041692,-0.018781,0.045521,0.061575,0.095656,0.019215,-0.094175,0.14055,-0.028812,-0.0094476,0.086712,0.10165,0.14702,-0.096282,-0.006047,0.039899,-0.15215,0.24894,0.1406,0.14697,0.058711,0.066924,0.12726,0.097892,0.25836,0.075612,0.16146,-0.054509,-0.064642,0.1292,-0.044573,0.14823,0.087777,0.069276,0.076776,-0.0978,-0.024141,0.16908,-0.079789,-0.042501,0.056788,0.21135,-0.038707,0.048244,-0.040909,-0.12127,0.042479,0.1992,0.027493,0.09051,-0.0061092,-0.068768,0.12692,0.20497,-0.053504,-0.029578,-0.038264,-0.18806,0.12174,0.10985,0.10709,0.20537,0.038232,0.1413,0.011465,0.055149,-0.0019896,0.21464,-0.12406,-0.12684,0.06956,-0.020216,-0.079165,0.075294,0.055675,-0.012198,0.19302,-0.043399,0.061232,-0.016964,0.027872,0.063179
8.3471e-05,0.017525,0.073719,0.11481,-0.032103,0.18298,0.043161,0.075171,0.12586,0.1242,-0.0037618,-0.028936,0.13001,0.1012,0.23243,-0.014677,-0.085677,0.17258,0.19186,-0.067424,-0.13389,0.12836,-0.13709,-0.031673,0.12881,0.10429,0.027528,-0.15521,-0.074005,0.14338,0.068778,0.13256,0.21424,-0.014594,0.029265,-0.01337,-0.064631,-0.058753,0.085595,-0.04214,0.043835,0.16388,-0.046591,0.14366,0.13056,-0.1141,-0.098941,0.065341,0.015466,-0.14669,0.20671,0.044434,-0.091295,0.25321,0.0070387,0.074247,0.28541,0.27753,0.21426,0.082668,0.01137,-0.015612,-0.070542,0.00015501,0.10314,0.13049,0.045577,-0.19689,0.17877,0.14538,0.036865,-0.15991,0.075674,0.011227,0.084118,0.053003,0.063215,-0.015628,0.091635,0.20191,0.087228,0.16125,0.049478,0.029519,0.18182,0.001263,0.14537,0.082096,0.065959,0.17404,-0.16749,0.052221,0.13431,-0.0035125,0.11389,0.04765,-0.039186,0.079849,0.017992,0.069561
0.20495,0.030981,-0.13518,0.052936,0.054549,0.0052027,-0.0030705,0.13014,0.082569,-0.09091,0.16042,0.15236,0.18278,0.052119,0.05205,0.0099028,0.074369,-0.047374,0.25735,0.039307,-0.062516,0.02619,0.020752,0.14371,-0.035417,0.067625,0.046483,0.14117,-0.032008,0.075973,0.1095,0.12073,0.1291,0.091588,0.035106,-0.033282,0.018846,0.096696,0.047626,-0.022778,0.25872,0.20265,0.022076,0.13845,-0.066198,-0.083957,0.12577,-0.07991,-0.045923,-0.076383,-0.041701,0.05298,-0.006931,0.010216,0.14074,-0.069787,-0.032155,0.020425,0.013984,-0.050492,0.0090294,0.083885,0.095934,0.15828,-0.018228,0.32468,-0.2229,0.014879,-0.10439,-0.0037129,-0.077234,0.058277,-0.054907,0.25761,0.066933,-0.049833,0.0046431,0.1779,0.057059,0.083549,0.016014,0.070603,0.011968,0.0049883,0.0012664,-0.022816,-0.088655,0.15359,0.016615,0.10139,0.17924,0.12082,-0.10739,-0.10816,0.044072,0.047451,0.22429,0.067977,0.19106,-0.049795
-0.20666,-0.027422,0.18558,0.18912,-0.099214,-0.085458,0.13184,0.0435,0.088494,-0.083728,-0.0079838,-0.056491,0.10174,0.16531,-0.03227,0.041462,0.070265,0.05356,-0.077129,0.16087,0.17751,-0.01083,0.15464,0.048047,-0.087418,-0.075395,0.16385,0.20178,-0.028616,-0.1174,0.052022,-0.052765,0.061997,0.084031,-0.11255,0.038036,0.023162,0.060505,0.068159,0.086241,-0.060012,-0.043352,0.19827,0.073101,0.098478,0.077669,-0.011725,0.069337,0.03779,0.0045027,-0.081095,0.10841,-0.13659,-0.11545,0.022914,0.085939,-0.13741,0.11802,0.067359,-0.090141,0.31534,-0.022477,0.26433,-0.056118,0.063973,0.0097451,-0.0014458,0.12548,-0.025255,0.11725,0.10231,0.075853,0.027741,0.11391,-0.067281,0.10853,0.0059569,0.041302,0.018465,0.034279,0.038973,0.39632,0.041928,-0.028662,0.17203,0.17022,0.18896,0.10937,-0.11628,0.059084,0.16899,-0.14834,0.11769,0.21773,0.064842,0.024247,0.11588,0.095365,-0.0011923,0.023977
0.12438,0.07928,0.2385,0.16327,-0.018297,0.073164,-0.0087309,-0.064824,-0.075048,-0.028996,-0.055191,0.15733,0.037621,-0.046062,-0.097442,-0.040483,-0.023352,0.26225,0.30571,0.16048,0.19786,0.3124,0.030769,-0.0097784,-0.1164,0.23902,0.048673,0.10249,-0.031843,0.063658,0.086336,0.069372,0.16974,0.04275,0.046674,0.11252,0.14956,-0.067362,0.037908,0.063562,-0.059789,0.10864,0.13102,0.012616,0.045309,0.068353,0.1333,0.088763,0.24587,0.12448,0.15401,-0.069578,0.057301,0.12101,0.016728,-0.20702,-0.067892,0.056931,-0.035168,0.11506,0.076015,0.032493,0.16779,0.051963,0.23281,-0.031907,0.10974,-0.017631,0.059145,-0.004535,0.21087,0.18969,0.21397,0.032868,-0.079904,0.032528,-0.12333,0.08169,-0.11946,-0.017202,-0.064986,0.093431,-0.030208,0.031741,-0.068601,0.11622,-0.10388,0.091819,0.027764,-0.037195,0.050118,0.057815,0.056073,-0.02125,0.097414,-0.073964,0.07193,0.093734,-0.087573,0.04973
0.11424,0.0053272,0.19188,0.096266,0.1447,0.13127,-0.079638,0.17403,-0.0021798,0.092665,-0.077223,0.12997,0.038057,0.066783,0.10967,0.031504,-0.05458,0.061515,0.1655,0.1628,0.050919,0.0094263,0.2396,0.18651,0.11557,-0.096554,-0.048207,-0.028411,0.067982,0.10886,0.047734,-0.051857,0.088729,0.042441,-0.088887,0.06279,0.059595,0.028164,-0.015512,0.10423,0.12878,0.011566,0.12334,0.12215,0.10205,0.033222,-0.0089058,0.16338,-0.086889,0.0023962,0.07576,0.050296,0.058557,0.10493,0.01915,-0.066989,0.063075,0.12467,0.050202,0.043716,0.088631,0.1348,-0.05197,0.17767,0.049482,-0.034595,0.10665,0.043435,-0.017112,0.0066496,-0.12507,-0.057259,-0.076167,0.026867,0.14358,0.10104,0.29479,0.16491,0.030963,0.0019563,0.082394,0.0018733,0.095047,0.03616,-0.10536,-0.1374,0.13665,-0.1939,0.047447,0.066703,-0.0057709,0.22496,-0.031448,0.14848,-0.070183,0.10521,0.014178,0.16055,0.083286,-0.10876
0.1199,0.15748,0.066354,0.042912,0.0033519,0.19444,0.017055,-0.08981,0.093104,0.060408,0.051247,-0.0048659,0.027248,0.0012862,0.050277,-0.050166,0.17792,0.069599,-0.10601,0.026573,0.098166,0.090497,-0.017064,0.16242,-0.0072961,-0.070359,0.16488,0.036841,0.048242,0.077972,0.074302,0.081181,-0.096054,0.13759,0.059089,-0.1096,0.11566,-0.060367,-0.037041,0.12951,0.11317,0.29598,-0.01028,0.064125,0.1654,0.11027,0.023187,0.052573,0.039941,0.0267,0.14964,0.093578,0.0056066,-0.0091128,-0.044203,0.19263,0.088129,0.070502,0.082249,-0.011711,-0.023395,-0.042173,0.10084,-0.026978,0.052553,0.10882,0.018045,0.10586,0.1594,0.1231,-0.011053,-0.088204,-0.010531,0.0066533,0.05597,-0.038364,0.071085,0.080275,0.071434,0.049434,0.10293,-0.063573,0.16691,0.02247,0.14566,0.022695,0.10678,0.087848,0.084287,0.1068,0.1234,0.087151,0.063627,0.075369,-0.034991,-0.014119,-0.046296,0.15293,-0.095215,-0.019344
0.12945,0.055598,0.062192,-0.12977,0.053625,0.0088238,0.0084368,0.00352,-0.01127,0.27318,0.08267,-0.022228,-0.030061,-0.17281,-0.083587,0.098001,0.17978,-0.099618,0.097725,-0.1645,0.15894,0.041202,0.067777,-0.068775,0.056396,0.025961,0.12041,0.061196,0.12055,0.0078898,0.029113,-0.067006,0.091717,-0.08135,0.045582,0.15174,0.04662,0.068811,0.02818,-0.0074267,0.016403,0.24858,0.081501,-0.083891,-0.091136,0.12019,0.12887,0.06623,-0.085397,0.2579,-0.081737,-0.12312,0.012344,0.13559,0.038874,-0.034385,0.1951,0.028243,0.054091,-0.072121,0.053657,0.079357,0.11443,0.12046,0.16166,0.071217,0.013188,-0.041542,0.21536,0.00042509,0.15172,-0.038439,-0.057753,0.084497,-0.087499,0.07022,0.10767,-0.1073,0.13052,0.18474,0.041185,0.24902,0.067183,-0.058869,0.25358,-0.0079472,0.061916,-0.0078924,0.22073,-0.039743,0.035499,0.2242,-0.030017,0.15116,-0.0024615,0.1063,-0.092968,0.10327,-0.016092,-0.08352
0.090431,0.26088,0.0043368,-0.0044923,0.023919,0.11503,-0.23289,0.1082,0.083962,-0.0030981,0.0036544,-0.081071,-0.042192,-0.085398,0.030349,0.11072,0.069915,-0.011306,-0.0037935,0.11681,0.079839,-0.076897,0.15244,0.093788,0.33637,0.047016,-0.04883,0.019028,-0.084706,-0.034404,0.081496,-0.0059817,0.073402,-0.17824,-0.14088,0.0055326,0.019561,-0.019503,-0.047433,0.0028263,0.13665,0.11422,0.10718,0.006413,0.068135,-0.0031872,-0.094502,0.11381,-0.016838,0.065959,0.097726,-0.05903,-0.1158,0.016977,0.067568,-0.084532,0.12017,0.0024046,-0.035263,0.11381,0.30355,-0.088966,-0.029144,0.0866,0.10102,-0.063713,-0.066677,0.03227,0.10676,0.27926,-0.0028578,-0.12114,-0.11567,-0.0016777,0.14084,0.012291,0.10936,-0.032573,0.19424,0.024064,0.0057579,-0.091392,0.055678,-0.12486,0.10688,0.2027,0.10182,-0.014746,0.04461,0.12263,0.059677,-0.026977,0.17293,0.11214,0.13888,0.0056633,0.17533,0.25702,0.15507,0.14172
0.047212,-0.030724,0.065114,0.25988,-0.13832,-0.12447,0.061031,-0.10267,0.22215,-0.063147,0.091554,0.022014,-0.094712,0.16587,0.047897,0.10265,-0.031519,0.089625,-0.021457,0.075806,0.10929,0.023138,-0.026659,0.079794,0.13023,0.052488,0.15909,0.14293,0.029291,-0.11956,-0.031887,0.049594,0.039237,0.35396,0.11293,0.12147,0.03367,0.18666,-0.10868,0.045635,0.17534,0.034685,0.086923,0.23317,0.071382,-0.00090056,0.049243,-0.076675,-0.10658,-0.030351,-0.038671,-0.0034871,-0.056147,-0.080354,0.024647,-0.040087,0.015471,0.015511,0.10925,-0.03233,-0.015241,0.0046643,-0.057257,0.069633,0.23216,0.040585,-0.10388,0.10626,0.025928,0.13982,-0.011012,-0.0034222,0.22471,0.12592,0.092364,0.071074,-0.015857,0.12575,0.32816,0.029612,0.26827,0.077233,-0.10715,-0.030451,0.0063044,0.11617,0.11699,0.10871,0.08945,-0.035479,-0.078419,0.072798,0.18622,-0.020999,0.16384,-0.0022392,0.085995,-0.073549,0.23118,-0.0043539
0.025228,0.18313,0.081967,0.043419,0.069537,0.091245,0.13202,0.21509,0.057449,-0.024598,0.029377,0.041542,0.26022,-0.1341,-0.024784,0.16424,0.018799,0.12941,-0.069372,0.033821,-0.052837,0.00046648,-0.025638,-0.0090213,0.034907,0.018757,-0.044982,0.00678,-0.038794,0.13722,0.064552,0.068043,-0.10214,0.001828,0.10681,0.19867,-0.031206,-0.1512,-0.0095245,-0.090977,0.070239,0.26421,-0.003182,0.043484,-0.018747,0.24621,-0.15175,0.16131,0.1264,0.15192,0.11901,0.12601,-0.039187,-0.045669,-0.059608,0.070787,-0.060023,-0.045543,0.1747,0.090083,0.0082682,0.021892,0.10278,-0.014728,0.20663,-0.0022524,-0.018321,0.094703,0.051804,0.049382,-0.072736,-0.065009,-0.053271,-0.021948,0.065083,-0.00082392,0.087299,0.33631,0.048566,-0.0321,-0.0023911,-0.012311,-0.094426,0.013203,-0.046751,-0.0086198,-0.065045,0.050886,-0.12512,-0.050558,0.087994,0.13617,0.055181,0.34088,0.02124,0.14018,-0.10683,0.023186,0.067643,0.14818
-0.055361,0.097306,0.079537,0.1763,0.050874,-0.0229,0.044136,-0.005128,0.050261,0.11368,0.13606,0.055886,0.1189,0.021517,0.23509,-0.042562,-0.080191,-0.024125,0.14778,-0.01713,-0.067724,-0.057265,0.14736,0.12181,-0.0034839,0.12206,0.14763,-0.022194,0.12307,-0.054317,0.0086917,0.057455,0.14306,0.046318,0.076162,-0.034155,0.019782,0.024819,-0.017675,0.25031,0.18421,0.011024,0.062995,0.20437,0.12098,-0.00045282,0.096909,-0.039238,-0.009844,0.069528,-0.053414,0.026564,0.098568,0.023439,-0.060438,0.15613,0.00021759,-0.15497,-0.0062939,0.21638,0.054217,0.0051999,0.16938,0.093929,0.10433,0.019982,-0.10893,0.096173,0.0017387,-0.045697,0.0069187,-0.060237,0.053318,0.042226,0.040195,0.026328,0.12066,0.086876,-0.011101,0.14388,0.043592,-0.11999,-0.072257,0.13146,0.19647,0.070569,0.19984,-0.093404,-0.02686,0.15876,0.08014,-0.16572,0.13797,-0.033959,-0.043456,0.0022158,-0.052707,-0.01873,0.13061,0.024966
0.12602,0.051366,-0.048387,-0.13178,0.18715,0.00046473,0.15764,-0.080807,0.1209,0.13264,-0.0021626,0.1032,0.021866,0.015189,0.082568,0.090476,-0.028246,0.14297,-0.11513,0.13919,-0.072294,0.036778,-0.035892,0.10065,0.025496,0.099514,-0.014256,0.040032,0.068456,0.18052,0.010033,0.21136,0.084051,-0.1787,-0.022392,0.17296,0.088563,0.17308,-0.066694,0.039511,-0.075335,0.011968,0.14542,0.12393,0.070105,-0.0075937,0.10873,0.051325,-0.099894,0.052633,0.18955,0.12714,0.091506,0.044167,-0.090418,0.10446,0.020817,0.071855,-0.084129,0.13301,0.063748,0.063342,0.15917,-0.10311,-0.072863,-0.030825,0.023015,-0.010796,0.095623,0.058313,0.11992,0.10757,0.086825,-0.0036489,-0.015718,-0.053696,0.21509,-0.027816,0.10662,0.12148,-0.057964,-0.034634,0.064016,-0.093501,0.15439,0.043746,0.0046765,-0.016793,-0.041215,0.017433,0.05036,-0.0319,0.019414,-0.067497,0.21933,0.28741,0.060436,0.041795,-0.061406,0.012972
-0.091953,-0.03139,0.25959,0.14522,-0.012318,-0.11171,0.018577,0.087317,0.11044,-0.19273,0.0093484,0.069098,0.3064,0.31788,-0.037278,0.21256,0.21269,0.0072437,-0.086845,0.036166,0.082757,0.14535,0.025306,-0.0063475,0.090311,0.042477,0.11402,0.049936,-0.011765,-0.0049706,-0.035898,0.044281,0.12495,0.0058682,-0.0080577,0.18186,0.098788,0.028579,0.13924,0.045402,-0.054461,0.11613,-0.11651,-0.019269,0.03924,-0.00020894,-0.053795,0.04804,-0.048833,0.076318,0.059997,0.13355,0.02197,-0.014017,0.16465,0.040079,0.0023643,0.1686,-0.095443,0.10605,0.10957,0.022777,0.1202,0.28513,-0.02992,0.1288,-0.0049612,0.11055,-0.042963,0.088015,0.073124,0.12647,0.056685,0.072552,0.1124,0.035594,-0.011573,0.090579,0.037912,0.063412,-0.020692,0.047362,-0.018098,-0.023247,0.083652,0.1372,0.2763,0.038574,0.020245,-0.055673,0.21155,0.090881,-0.023869,0.10093,0.082193,0.030365,-0.039837,0.10519,0.11647,0.1083
-0.069719,-0.024182,-0.0056359,0.026579,0.11154,0.06135,0.045715,0.016496,0.061612,0.02199,-0.049023,0.090565,0.088751,0.010006,0.041075,0.0014291,0.10589,0.15727,-0.038163,0.034189,-0.044922,0.024589,0.010418,0.022527,0.061027,0.17129,0.17772,0.282,0.096553,-0.15106,0.10249,-0.051633,-0.055093,-0.10036,0.070821,-0.0050199,-0.035585,0.058693,-0.017813,0.098112,0.17282,0.095311,0.15014,0.080985,-0.032085,0.04174,0.15495,0.011888,-0.045138,0.073332,0.062398,0.10202,0.043045,-0.012993,0.040681,-0.017403,0.050153,0.23806,0.10928,0.083246,-0.088611,0.1019,0.081527,0.08673,0.062631,-0.090733,-0.058583,0.042353,-0.022578,0.017693,0.04647,-0.081891,0.028518,-0.022169,0.058335,-0.026398,-0.037857,0.16139,0.11792,-0.03898,0.17465,0.073727,0.071857,-0.0058619,0.025461,0.13278,0.029192,0.045098,0.13851,0.03945,0.011547,0.10482,0.22615,0.159,0.05952,0.031003,0.18164,0.22636,0.2055,0.084687
0.22121,-0.095263,0.11475,0.0024747,0.037278,0.10786,0.056332,0.040254,0.16867,0.0020639,0.07183,0.017158,0.14068,-0.0065707,-0.038982,0.05829,-0.010532,0.14518,0.069759,0.044412,0.096826,-0.12045,0.0137,0.13941,-0.0050684,0.23903,0.023736,-0.064189,0.22975,0.16501,0.023833,-0.00049678,-0.0746,-0.027469,0.15176,0.052775,0.05318,-0.032538,-0.058329,0.11533,0.049251,0.0044257,0.063581,0.068243,0.048647,-0.0046908,-0.078086,-0.12549,0.021713,0.19426,0.15791,0.19831,0.081431,-0.0055754,0.083392,0.12858,0.093647,-0.025184,-0.038777,0.025005,0.22276,0.036245,-0.0063579,-0.059658,0.0059502,0.14302,-0.034668,-0.051154,0.012384,0.16055,-0.0048755,0.18562,0.016938,0.22462,-0.025779,0.082463,0.16472,0.095751,-0.048202,0.10121,-0.030575,-0.095953,-0.01332,0.11609,0.054394,0.0018829,0.30085,0.11464,0.027862,0.12726,-0.072953,-0.04708,0.039382,-0.051374,-0.0090931,0.19322,0.064512,0.0089789,0.095412,0.19902
-0.043345,0.04472,0.18825,0.0925,0.061292,0.18067,0.13928,-0.018507,0.12147,0.093209,0.04915,-0.044457,0.21487,-0.054908,0.030544,0.16984,0.062035,-0.021258,0.090875,0.093557,-0.0084168,0.052007,0.073174,0.077102,0.23175,-0.095161,-0.0051484,0.1391,0.19005,0.10722,0.20307,-0.018734,0.16429,0.12465,-0.095944,0.021191,0.15012,0.076385,-0.0017212,-0.041777,0.010821,-0.01042,-0.074807,0.17446,0.090447,-0.14249,0.065644,0.073889,-0.0015778,-0.013375,-0.016865,0.090028,0.049505,0.26444,-0.045916,0.12564,0.0080405,-0.071889,0.069083,-0.058458,0.080708,0.050728,0.088632,-0.0077889,0.24152,-0.065169,0.013706,0.0043992,0.10864,0.034146,0.24889,-0.084262,0.23926,0.19554,0.155,0.036523,-0.035073,0.037878,0.089964,0.017955,0.025903,-0.012723,0.088563,0.10436,0.043209,0.069186,0.037625,0.095118,0.073444,0.042803,0.042251,0.20916,0.006404,0.030156,-0.028567,0.046775,0.010804,0.0096845,-0.022141,0.099494
0.073049,-0.088642,0.057281,0.16027,-0.026958,0.043337,-0.0067985,0.040535,-0.080795,0.11705,0.027136,-0.08687,-0.040823,0.086988,0.054315,0.007686,-0.24593,-0.028077,0.13408,0.039037,-0.0087486,0.18164,-0.010077,0.13255,0.15437,0.0028065,0.14444,0.1084,0.0090793,0.16046,0.049506,0.17107,-0.03816,-0.025323,-0.012078,0.096887,0.18121,-0.13206,0.093186,-0.0077347,0.14604,0.12647,0.12367,0.096417,0.18492,0.13239,0.10401,0.022875,0.075029,0.022127,0.21353,0.2158,-0.0029992,-0.06062,-0.16664,0.15524,-0.020237,0.13556,-0.18001,0.027046,0.081361,0.14617,-0.090252,0.062038,-0.018888,0.11284,0.31539,0.053082,0.002472,0.092509,-0.022068,-0.11426,0.048764,0.045523,-0.06296,-0.053721,-0.018202,-0.012028,0.015341,0.026035,0.0048248,0.032991,0.19683,0.036291,0.1952,0.033048,0.013731,0.31051,0.059591,0.14512,0.10543,0.15474,0.059881,0.22019,0.028974,-0.012029,0.043188,0.011151,0.01074,0.043936
-0.05548,0.052997,-0.10257,0.058106,0.17821,0.21449,0.20184,-0.068159,0.040186,-0.050793,0.062618,0.076822,0.069374,0.10681,0.18573,0.14087,0.094544,0.070076,0.021091,0.16775,-0.00015275,0.04985,0.053501,0.17755,0.22396,0.0052699,-0.006001,0.033397,0.17009,0.085108,0.018939,0.21072,0.055507,0.070255,0.083828,0.05618,-0.063202,0.012611,-0.031158,0.16394,0.16949,0.029224,-0.035147,-0.0094079,0.12785,0.0086059,0.046816,0.064349,0.04733,0.13533,0.061249,-0.027999,0.00081114,-0.0048861,0.050509,0.018592,-0.033033,-0.073774,0.0010217,0.11477,-0.11805,0.095173,-0.03972,0.13368,0.041558,0.04437,0.003675,0.017464,0.039092,0.071935,-0.052494,0.025577,0.031579,0.092727,0.19267,0.10997,0.01108,0.01816,0.084053,0.15618,-0.066347,0.23368,0.082785,0.050348,0.26867,0.12732,0.1581,-0.1016,-0.02964,-0.0027539,0.024514,0.046956,-0.0063695,-0.035096,0.020958,0.070819,-0.026002,-0.10701,0.27627,-0.065189
-0.090675,-0.086441,-0.11214,0.060457,0.14074,-0.048509,0.26776,-0.1394,-0.046062,-0.12955,-0.047769,0.24351,-0.015484,0.10301,0.064852,0.06732,-0.048502,-0.058732,0.0064735,-0.13083,0.11026,0.085758,-0.018601,0.11383,0.036966,0.12171,0.06125,0.13004,0.14494,-0.0023344,0.12089,-0.1014,0.18303,0.063754,-0.13074,0.07753,-0.008336,0.051955,0.074907,0.096684,0.045312,0.16258,0.031873,0.09271,-0.015144,0.021259,-0.03219,0.056368,-0.00042798,0.15394,0.093734,0.019399,0.087357,0.093335,0.01215,-0.033432,0.00067379,0.067211,-0.089354,0.16069,-0.01633,0.13853,0.23441,0.049044,0.12827,-0.041298,-0.039284,-0.035895,0.080699,0.02272,0.081942,0.17073,0.1803,-0.099593,0.017505,0.091039,0.017282,0.039368,-0.079039,-0.033339,0.028331,0.032284,0.042691,0.11358,0.058666,-0.11038,0.059756,0.11914,-0.042912,0.11877,0.076162,0.152,0.011845,0.16215,-0.066626,0.04583,0.093765,0.071388,0.20532,0.014801
-0.0041744,0.040851,-0.0041718,0.10309,0.17752,-0.06808,-0.037224,-0.035491,0.10085,0.11902,-0.017076,0.024964,-0.057424,0.026916,-0.027054,-0.012031,0.12862,-0.080119,0.034884,0.12252,-0.05285,-0.13738,0.085774,0.12801,0.018985,0.023845,0.17381,0.036416,-0.04956,0.012895,-0.02129,0.039741,0.15779,0.059771,0.091715,0.06317,0.14996,-0.0025219,0.2082,0.16401,-0.018647,0.058542,0.096668,0.090471,-0.097389,0.055975,-0.031649,0.14505,-0.010702,-0.005181,0.11164,0.039671,-0.040572,0.14971,0.14703,0.10326,0.030874,-0.052439,0.1668,0.10979,0.043928,0.048191,0.091737,-0.067062,0.093838,0.2074,0.18506,-0.15475,0.092985,0.1991,0.19813,0.14987,0.094402,0.02112,0.088543,0.032643,0.16066,-0.023598,0.10627,0.035677,0.2244,-0.051233,0.059162,-0.023736,-0.0091049,0.034369,-0.039771,0.32362,0.079115,0.080909,-0.041081,0.12726,-0.023071,-0.11026,-0.094612,0.045492,0.089827,-0.085598,-0.017414,0.12164
0.16088,0.066592,-0.011053,0.10785,-0.020538,-0.050222,0.015262,0.017748,-0.11637,0.24096,0.0851,0.059924,0.29913,-0.060484,0.32319,0.22626,0.091613,-0.18773,0.11969,0.067334,0.14541,-0.050125,0.098376,-0.05519,0.052895,0.092231,0.046093,-0.05812,0.24717,-0.14229,0.19004,0.28179,0.15594,-0.040614,-0.089131,0.060449,0.051013,-0.16087,0.043286,0.18999,0.16183,-0.1107,0.11585,0.094737,-0.044645,-0.0078116,0.13427,0.01544,-0.1945,0.014277,0.16156,0.14915,-0.012968,0.22712,-0.014612,0.073402,0.15631,0.029969,0.11244,-0.075068,0.050389,-0.035184,-0.0069104,0.068251,0.1748,0.024787,0.018923,0.11297,0.024707,-0.030265,0.046438,-0.024421,0.058694,0.18743,0.0055539,0.023099,0.13535,0.063431,0.27577,0.034153,0.055166,0.032651,0.022456,0.041484,0.20311,-0.0062529,-0.095101,-0.0078158,0.020866,0.22315,0.080403,0.031463,0.24303,0.10556,-0.034399,0.01599,-0.0036557,0.10685,0.1861,-0.019004
0.02536,0.12067,-0.12023,0.24133,-0.023899,-0.032515,0.015298,-0.04498,0.036302,-0.11775,-0.028025,-0.17273,0.14295,0.10783,0.085069,0.086698,-0.071813,-0.0039676,0.095775,-0.1067,0.11537,0.065781,-0.081728,0.087274,0.21407,0.033309,0.057805,0.23502,0.090254,0.058013,0.16769,0.069921,0.12166,0.013875,0.047492,0.16374,0.21535,0.30605,0.046926,0.099517,0.20176,-0.030939,0.13073,0.10802,0.022398,-0.050372,0.31511,0.073702,0.09065,0.067028,0.00815,-0.081307,-0.031878,-0.057734,-0.04937,0.19131,0.076896,0.15609,0.085762,-0.0008614,0.27557,0.10065,0.096761,-0.070129,0.046752,-0.095364,0.035047,-0.015473,-0.020268,-0.08826,0.044928,0.30958,-0.035319,-0.042478,0.049683,0.17905,0.028267,0.041974,0.17935,0.044643,0.077978,-0.010786,-0.1215,0.26521,-0.028697,0.25194,0.0011272,0.010732,0.1904,0.077624,0.046445,0.0030969,-0.016484,0.030945,0.081013,-0.11327,-0.025624,0.067344,0.099455,0.062446
0.064688,0.037047,0.066755,0.13455,-0.021543,-0.11194,0.041274,0.031374,0.025292,0.072303,0.0041484,0.10452,0.18207,0.15011,0.090171,0.092062,0.015427,0.011147,-0.037908,-0.10325,-0.034485,-0.00070464,0.06957,0.06486,0.027212,-0.10345,-0.031765,-0.042846,0.0097141,0.097706,0.06175,-0.056191,0.0012154,0.32352,0.25664,0.017881,-0.079321,0.16783,0.08307,0.049253,0.059279,0.12247,0.098294,0.10198,-0.040263,0.14042,-0.064213,0.090171,0.11298,-0.023113,0.17192,-0.050273,-0.076631,0.094771,0.038588,0.22564,0.043083,0.004074,0.0003096,0.059413,0.14629,0.11894,0.19782,0.017165,0.18791,-0.11053,0.23934,-0.070866,0.078412,0.056238,0.025642,0.23375,0.037235,0.088812,-0.019713,0.093556,-0.024258,0.022975,0.11739,0.18205,-0.21233,0.096835,0.068311,0.16128,0.084749,0.014192,-0.053216,0.037855,0.1411,-0.12135,0.17945,-0.031017,0.045676,0.025143,0.069605,-0.033263,0.11608,0.024343,0.034717,-0.06432
0.25637,-0.03882,0.11114,0.030692,0.24834,0.041883,0.27126,0.042039,0.055701,0.060252,0.07974,0.034469,-0.085239,0.091311,0.056166,0.033847,-0.028188,-0.060905,-0.097478,-0.0033282,0.033396,0.065545,-0.026114,-0.0087252,0.25816,0.17272,0.057912,0.032693,0.24028,0.020547,-0.019587,0.11316,0.083506,-0.035417,-0.058548,0.14005,-0.19788,0.066564,0.012501,0.011615,-0.0054171,0.067438,-0.060353,0.0011005,0.085212,0.06938,0.026322,0.048333,0.12904,-0.058756,0.016899,0.074847,0.049691,0.05664,0.10673,0.066573,0.13413,0.11871,0.19951,0.17112,0.18713,0.13786,0.1277,-0.021148,0.011824,0.19328,0.08938,0.049431,0.026363,0.043608,0.13926,0.030755,0.030879,0.11536,-0.04526,0.067069,0.087784,0.033441,-0.11741,0.138,0.053839,0.023712,0.2797,-0.045809,0.07101,0.2723,0.051132,-0.01382,0.026268,0.047166,0.038114,-0.020917,0.16788,0.17694,-0.10954,0.027265,-0.0997,-0.11016,0.0011185,0.064341
0.13119,-0.014143,-0.011678,0.0014741,0.045799,0.085217,0.065007,0.22009,0.059618,0.15643,0.048439,0.087541,0.029474,0.15094,0.13673,0.27039,0.033373,-0.060306,-0.044014,0.10465,0.014541,0.11126,0.027892,0.069268,0.075697,0.22941,0.066289,0.0095875,0.16928,0.16965,0.14731,-0.011322,-0.025316,0.16334,0.15754,0.067088,0.093576,-0.080402,0.04355,0.052684,0.066611,-0.030456,-0.076435,0.11149,0.22976,0.11961,0.11639,-0.025807,0.087946,0.13648,-0.013927,-0.1552,0.025767,0.058785,-0.098828,0.14059,0.17111,0.00078603,0.0089967,0.18252,0.20992,0.019654,0.19071,-0.083624,0.072379,-0.057296,0.10064,-0.069536,0.093366,-0.067921,0.039788,0.14125,0.13602,0.087013,0.041187,0.10185,-0.093427,-0.043905,0.04863,0.053662,0.0080576,0.044178,-0.14866,0.059967,0.33207,-0.026294,0.15647,0.0014343,0.36798,0.11371,-0.067808,0.21387,0.12148,0.03381,-0.035542,0.055042,-0.069058,0.0071256,0.045495,0.12075
0.13167,0.088228,0.17813,0.090927,0.22932,0.060877,0.08526,0.092992,0.26844,0.060828,0.11011,0.029549,0.11381,0.17584,0.083227,-0.098896,0.033982,0.1487,0.050794,0.031398,-0.094859,0.0011265,0.12159,0.11115,-0.085852,-0.03262,0.051175,0.085721,-0.022015,-0.20402,-0.045352,0.16809,-0.20263,0.22437,0.12158,-0.011634,0.001987,0.11488,0.030433,0.05983,0.064972,-0.063634,-0.086634,-0.0050791,0.17077,0.15989,0.068941,0.033608,0.048535,0.29277,-0.081916,-0.091585,0.15541,0.068928,0.061791,-0.029479,0.19989,0.086624,-0.10875,0.064666,0.17988,0.28298,0.085053,0.065464,-0.01765,0.036288,0.16065,0.042703,-0.015392,0.094285,0.28202,0.03226,0.11699,-0.045067,0.13202,-0.032279,0.044629,0.04208,0.0019378,0.015677,0.13564,0.029254,-0.011862,-0.086937,0.043922,0.20387,0.062805,-0.14774,0.076535,-0.049991,0.14591,-0.074641,0.23983,0.11285,0.0063376,-0.10922,-0.055608,0.15286,-0.14646,0.12191
0.0979,0.032504,0.052765,0.10152,-0.077144,-0.086535,0.21718,-0.026167,0.069174,0.30479,0.048518,0.038874,0.21363,-0.0063985,0.018619,0.078206,0.077115,0.069912,-0.11087,0.15703,0.16816,0.0216,0.17007,0.029944,-0.10838,-0.045346,-0.049582,0.11481,0.13682,0.27406,0.21651,0.0033883,-0.035652,-0.12582,0.053175,0.083384,0.085322,0.0044332,-0.01086,0.067535,0.038194,0.081081,0.0020428,0.072977,0.096788,-0.10353,0.047674,0.0080231,0.24759,0.1186,-0.021663,0.18205,0.024163,-0.065271,0.29675,0.44054,0.098371,0.081722,0.074046,-0.015609,-0.055091,0.22871,0.073293,0.15333,0.13615,-4.3002e-05,0.0091576,-0.019845,-0.0035526,-0.12461,0.38111,0.18474,-0.14345,0.25107,0.031251,0.062203,0.045994,0.077165,0.037951,0.27058,-0.029906,0.031621,0.022351,0.027478,0.041637,-0.082798,0.12902,-0.16585,-0.16386,0.091676,-0.0045662,0.16247,0.14558,0.24903,-0.046417,0.045375,0.099979,0.20899,0.062842,-0.039982
0.00089984,-0.02866,-0.11189,0.16425,0.19786,0.02901,-0.028817,0.048815,0.063202,0.083883,0.030995,0.081387,0.0063491,0.087517,0.18031,-0.0025973,0.015139,0.15332,-0.18556,-0.089705,0.2337,0.065434,0.093985,0.15536,0.12632,0.076505,0.07203,-0.17133,0.21361,0.035876,0.13488,-0.055171,0.10292,0.010869,0.053979,0.078429,0.049715,-0.0020807,-0.0028968,0.25114,0.16017,0.31396,0.0083468,-0.05155,0.015044,-0.093998,0.12664,-0.052066,0.11394,0.14332,0.081183,0.15028,-0.043577,0.031697,0.16075,0.022749,0.1268,0.14882,0.020149,-0.035893,-0.056913,-0.073799,0.086397,0.015874,-0.0016541,0.13301,0.028721,-0.073078,-0.02656,0.036296,-0.025738,0.13622,0.20165,0.14589,0.15235,-0.024024,0.085265,0.10732,0.11578,0.070389,-0.031813,0.25185,0.030667,-0.039801,0.010462,0.11505,0.20461,0.069308,0.17826,-0.053924,-0.0061791,-0.060006,0.18746,0.06569,0.086408,0.12139,0.024297,-0.026881,-0.071269,0.023739
-0.084692,0.17339,0.082226,0.17187,0.027752,-0.046594,0.2312,0.17395,-0.011753,0.0045039,0.088391,0.043391,0.057859,-0.078268,-0.073598,-0.13773,-0.082399,0.021806,-0.063535,0.13681,-0.074429,0.055274,0.10507,0.033106,0.11464,0.023921,0.15251,0.0018052,0.2823,0.10956,0.10251,0.064952,0.018503,0.10734,-0.12231,0.27687,-0.00091131,0.19368,0.094255,-0.11818,-0.0060877,0.17751,0.012218,0.012904,-0.047568,0.26995,0.1561,0.018119,0.12317,0.13149,-0.062949,0.10235,0.02214,-0.03089,-0.022104,0.37465,0.079473,0.036605,-0.03321,0.026693,-0.031368,0.017302,0.070994,-0.098447,0.06223,0.03954,0.01317,0.067263,0.16072,0.18637,-0.078496,0.034535,0.12328,-0.097327,-0.096104,-0.032131,0.11285,-0.028684,0.050253,0.089461,0.13111,0.17214,0.018442,0.090129,0.12047,0.083611,0.13774,-0.018765,0.11092,0.010773,0.025029,-0.13661,0.072048,-0.028437,-0.043569,0.15054,0.021699,0.069699,0.22727,0.1894
-0.047734,0.062479,-0.067269,0.12317,0.034687,-0.15221,0.16026,0.12782,0.11751,-0.1121,0.034893,0.17052,0.14543,0.063705,0.17329,-0.12061,0.038071,-0.0023386,0.073174,-0.071346,-0.04124,-0.11397,0.1815,0.066171,0.27662,0.19242,0.040343,-0.041122,0.13865,0.013143,0.10006,0.094638,-0.12611,-0.05585,-0.013955,0.32685,-0.035982,-0.047539,0.14504,-0.053555,0.11429,0.030587,0.094759,0.17222,0.10498,0.23297,0.19628,0.031037,0.11514,0.13257,0.17316,0.13446,-0.076004,-0.055717,0.10563,0.088994,-0.029373,-0.0065708,0.12501,-0.013261,0.13282,0.075507,0.18598,0.019674,0.040086,0.0089842,-0.10851,-0.079126,0.1695,0.063884,0.049871,0.15771,0.14964,-0.060272,-0.0419,0.13113,0.13675,0.10467,0.0090262,-0.060702,-0.22031,0.23708,0.070886,0.010515,0.010111,0.062582,-0.02845,0.074585,0.08422,-0.015108,0.038987,0.20457,0.058725,-0.0059073,0.099861,0.090621,0.12573,0.15474,0.2618,0.033694
0.10832,0.22572,0.11796,0.12025,0.022438,0.069469,-0.076612,0.14697,0.1385,0.20547,-0.048184,0.0036593,-0.036653,0.02188,0.064543,0.11772,-0.05779,0.086828,-0.024386,0.096529,0.13637,0.031259,0.10263,0.15367,0.04377,-0.048996,0.092697,0.13126,0.085801,-0.059602,-0.016574,0.093275,0.085112,0.047821,-0.059598,0.080384,0.098924,0.022118,0.078175,-0.011609,0.036397,0.0090672,0.12389,-0.014972,0.022733,0.221,0.24804,0.11216,0.18819,0.12461,0.049953,0.2297,0.089152,-0.11987,0.10763,0.12476,0.20914,0.1079,0.14978,0.0068906,0.16284,0.094976,0.014663,0.11721,0.015506,-0.043081,0.20822,0.026288,0.1015,0.10345,0.09888,0.16115,-0.10432,-0.0011307,0.071197,-0.00088694,-0.082164,0.052101,0.37901,0.13322,0.20203,-0.032544,0.089145,0.033242,0.084261,0.066686,-0.11432,0.22498,0.048616,0.18574,0.085953,0.068803,-0.019574,0.072772,0.10672,-0.045708,0.096974,-0.022795,0.027342,0.05371
0.084536,-0.008326,0.15,-0.012321,-0.014313,0.1713,0.29615,0.096063,0.20023,0.074032,0.019458,0.13158,-0.033922,0.088356,-0.051525,0.017318,0.034889,0.030048,-0.03228,-0.042126,0.1132,-0.038503,0.12946,-0.024876,0.034663,-0.03879,0.025909,-0.075717,-0.00065262,0.46738,0.056146,0.083039,0.10448,0.1672,0.0053738,0.041594,-0.0040434,-0.026025,-0.055769,0.045654,0.013714,0.022832,0.17094,0.1917,-0.014156,-0.090417,0.20696,0.18039,0.15426,0.12497,0.021627,-0.0016239,-0.028888,0.10476,-0.027108,0.082658,0.063303,-0.033854,0.17662,0.094178,0.036371,-0.10054,0.091009,0.1121,0.036966,0.1552,0.081163,0.078268,0.11803,0.01126,0.20166,0.029449,0.10015,0.12712,0.084375,-0.067802,0.20601,0.035586,0.26182,0.047984,-0.12086,0.10215,0.09249,0.1092,0.039174,0.11334,-0.013619,0.28804,-0.0017455,0.13823,0.068803,0.16844,0.032604,-0.067681,0.17447,0.065744,0.032943,0.10412,0.039206,0.10192
