-0.1114,0.0013086,0.028777,0.11235,0.13186,0.22026,-0.021059,0.092477,-0.17495,0.096644,-0.045649,-0.31399,-0.093798,-0.016713,-0.029886,0.011235,0.047038,0.0066977,-0.036865,0.031902,0.073845,0.13446,0.44532,0.20827,0.076872,0.067989,0.031402,0.19042,0.15435,0.010583,-0.042788,-0.075154,0.24301,0.27666,-0.0015013,0.027409,0.29075,-0.062068,0.085255,-0.017344,0.071244,-0.070631,-0.12724,-0.065347,0.048529,-0.020734,-0.25183,-0.060479,-0.067365,0.11915,-0.024455,-0.1274,0.0096874,-0.005991,0.19309,-0.066176,-0.025988,-0.09387,-0.014576,-0.148,-0.016921,-0.092942,0.018307,0.087138,0.090377,-0.07335,-0.025378,-0.065591,-0.0037505,0.054578,-0.094039,-0.15996,-0.10735,0.096236,-0.041173,0.056196,-0.23112,0.088222,-0.15105,-0.24354,0.095517,0.13226,0.16362,0.15011,0.051613,-0.1468,0.23025,-0.047296,-0.034916,0.33319,-0.079478,0.24028,0.23488,-0.012216,0.21076,-0.079736,-0.14745,-0.092974,-0.11101,0.28552
-0.031554,-0.057909,-0.12913,-0.059718,-0.33618,0.50177,0.11927,0.065206,-0.0034871,0.094071,0.080643,0.22818,0.09331,0.11928,0.09403,0.12627,-0.0876,-0.38591,-0.03183,0.00096818,-0.027484,0.13527,0.3356,0.20994,0.0034133,-0.164,-0.080785,0.097747,0.14538,-0.15043,-0.16459,-0.026105,-0.061085,0.15714,0.32067,-0.18844,-0.10214,-0.18598,0.11462,0.17697,0.080497,0.34872,0.26741,0.10411,0.36778,-0.087353,-0.032545,-0.071909,0.14898,0.058391,0.20525,-0.056538,0.079018,-0.004969,-0.0045898,0.051231,0.26775,0.044917,0.055355,0.0094106,0.027961,0.33375,-0.1734,-0.069404,-0.076238,-0.084482,-0.23385,0.33732,0.20933,-0.062186,-0.039338,0.55333,0.018325,0.03478,-0.11808,0.052336,0.079205,-0.21858,-0.14887,0.075966,-0.023598,-0.074684,0.13609,-0.0020534,0.23604,-0.026213,-0.076561,-0.10003,0.059135,-0.16019,-0.066476,0.15046,-0.12259,-0.25861,0.32013,-0.087828,-0.069641,0.092698,0.12397,-0.022887
-0.176,0.04051,0.074425,-0.031672,0.39149,-0.085173,-0.060825,0.087319,0.095508,-0.162,0.045256,0.017846,0.26948,0.22405,0.17303,0.0060489,-0.27706,-0.15809,0.22153,0.023673,-0.28382,-0.11304,0.16846,-0.072155,0.052487,0.10468,0.083443,-0.16383,0.10129,0.041876,0.1616,-0.072487,-0.056603,0.081951,-0.17291,0.027955,-0.068841,0.068287,0.41632,0.31309,-0.0033824,-0.031703,-0.057995,0.031184,-0.1485,0.11455,0.47474,-0.038748,0.062077,-0.1174,-0.04247,0.13786,0.011084,0.083013,0.12037,0.31654,-0.17672,0.09748,-0.065839,0.17529,-0.13395,0.22577,0.065275,-0.05822,0.035377,-0.071407,-0.0078098,-0.11222,0.0050605,-0.24398,-0.080179,-0.033886,-0.08925,0.0031696,0.11139,-0.17554,0.022361,0.035232,0.094772,0.15733,0.13834,-0.10873,-0.025555,0.036077,0.091451,0.028001,0.013364,-0.0083359,-0.24614,-0.060499,-0.23619,0.39601,-0.10935,0.31669,0.3532,0.082762,0.091375,-0.174,-0.004363,-0.14994
-0.17125,-0.14461,0.1347,0.10486,-0.017346,0.10976,-0.13583,0.3609,0.018322,0.099331,0.19656,-0.083419,0.050924,0.024114,0.27898,0.05416,0.17672,-0.18839,0.034804,0.037813,0.16736,0.098609,-0.19704,0.048974,0.04786,-0.10771,0.15005,0.25645,-0.041825,0.060896,0.051736,-0.16688,0.12662,-0.12399,-0.00045672,-0.015417,-0.098486,0.021047,0.12882,0.2509,0.092519,0.03408,-0.14902,-0.1365,0.0068966,0.087288,0.25626,-0.19867,0.30518,-0.025163,-0.071838,-0.1337,-0.11318,0.31595,-0.053784,-0.068184,-0.24264,0.17324,-0.14163,-0.041046,0.28708,0.11362,0.048064,0.026018,0.10691,-0.23843,0.25084,0.19468,0.46247,-0.059912,0.12324,0.088989,-0.14855,0.11539,-0.11814,-0.059095,0.091078,-0.18863,0.15577,0.013189,0.22671,-0.070546,-0.054079,0.18337,0.13612,-0.051546,-0.33742,-0.053914,0.22104,0.088594,0.32658,-0.0080459,-0.16809,0.22161,-0.01522,0.31998,0.12675,-0.020406,0.2203,-0.14907
0.089944,-0.077953,-0.044634,-0.010774,-0.073047,-0.081647,-0.031435,0.39901,0.14495,0.33154,-0.053677,0.16071,-0.034473,0.1054,-0.088211,0.35674,0.36575,-0.073683,0.23337,-0.14493,-0.0080022,-0.20308,0.013494,0.13854,0.16071,0.072399,0.084409,-0.22767,0.095029,-0.0023834,-0.030958,-0.028119,-0.0034531,0.28263,0.03702,0.026748,0.17619,-0.081407,0.09141,-0.0031228,0.10938,-0.10414,-0.013567,0.061108,0.02792,0.075349,0.33407,0.034356,-0.058199,0.038805,0.13619,0.24489,-0.2543,0.30343,0.19927,0.20901,0.020746,-0.22952,0.17195,0.29994,-0.1424,-0.011471,-0.27751,0.068575,0.047269,0.38064,0.24662,-0.12998,0.041597,-0.11711,0.2702,0.041596,0.064549,0.30799,0.047788,0.0089128,0.10574,0.28669,-0.037929,-0.036594,0.091528,0.29082,-0.05823,-0.11303,0.02507,0.14407,0.22917,0.058384,0.48007,0.24366,-0.070485,-0.0080953,-0.13465,-0.20969,-0.10526,-0.00098345,0.22391,-0.17593,-0.09608,0.035517
0.29072,0.23222,-0.25658,0.1383,0.060618,0.11451,-0.074649,0.060477,0.1557,0.066729,-0.059879,0.11837,-0.024098,-0.093269,0.13518,0.11073,0.10994,0.15515,-0.038185,-0.21941,0.12193,0.027799,-0.0089972,0.021562,-0.053975,0.04651,0.0051273,-0.031009,-0.063112,0.0037516,0.15205,-0.19566,-0.043097,0.19364,0.14151,0.077851,0.29197,0.29002,0.23364,-0.080654,0.14343,-0.12084,-0.16347,-0.089419,-0.15206,0.22587,-0.071416,-0.10813,-0.038373,0.090746,-0.044776,-0.12112,-0.051089,-0.13511,-0.084724,-0.12354,-0.0022033,0.042798,-0.27706,0.4588,0.30643,0.037744,0.084566,-0.084693,0.060218,0.020845,-0.10977,0.16865,0.033731,-0.088591,-0.06432,-0.11461,0.014209,0.015533,0.090852,-0.22373,0.22827,0.16842,0.2099,0.22669,0.017614,-0.12057,0.10469,0.26112,-0.14618,-0.10426,-0.029088,0.080476,-0.12514,0.1735,0.14179,0.17536,0.23026,-0.028778,-0.083878,-0.044265,0.053513,0.047178,-0.097461,-0.06561
-0.048174,0.069817,0.058744,-0.14148,0.37471,0.18979,0.01393,0.35261,0.24956,0.16418,-0.011923,0.25165,0.042758,0.25574,0.097117,0.10852,0.20903,0.23235,-0.014553,-0.13375,0.071264,-0.071395,0.15304,0.15715,0.053944,-0.024753,-0.12924,-0.068643,0.21802,0.12804,0.28159,-0.0038236,0.038911,-0.15524,0.15632,0.083284,-0.074316,0.021237,0.19103,-0.042874,0.36419,0.04159,0.02779,0.19214,-0.18632,0.15702,0.085313,0.043649,0.14852,-0.062457,0.029907,0.025221,0.1665,-0.1079,-0.10931,-0.038133,0.011186,-0.094275,0.16979,0.11271,-0.01744,-0.086776,-0.037002,-0.011722,-0.052623,-0.13031,0.20361,0.20385,0.14077,0.19068,0.061253,-0.011405,-0.15621,-0.15084,-0.06621,0.018613,0.048568,-0.082176,-0.16247,-0.0021653,0.038035,0.14418,0.02044,0.14764,0.0809,-0.1006,0.25178,-0.12102,-0.01175,0.090577,0.029247,-0.13532,-0.071887,-0.18777,-0.040092,-0.13486,0.2092,-0.29532,-0.11662,-0.1873
-0.19664,0.020369,-0.079049,0.12748,0.10019,0.36571,0.011379,0.14527,0.21125,-0.018816,-0.0034536,0.22376,0.28764,0.045693,-0.29653,-0.13977,-0.15136,-0.030081,0.057814,0.12609,0.52491,0.091853,0.0092983,0.029019,0.17468,0.16678,0.26479,-0.16141,0.19625,-0.085151,0.0044557,-0.14458,0.080276,-0.031047,-0.054234,0.040157,-0.019888,0.18489,-0.07512,-0.0419,-0.019257,0.018712,0.3015,0.084258,-0.16105,0.0081637,-0.097669,-0.053729,-0.018352,-0.15321,0.31254,0.38145,-0.079097,0.20766,-0.11096,-0.039384,-0.1193,-0.13287,0.41784,-0.15436,-0.27588,0.1394,0.42972,-0.087027,0.25876,0.034364,0.013836,-0.062932,0.21716,0.19373,0.0045254,0.013259,0.19424,0.098251,-0.20117,-0.082842,-0.10837,0.24758,-0.073606,0.23474,-0.0080259,-0.024372,-0.033974,-0.14718,-0.0036395,-0.0082171,-0.0027442,0.39303,0.033255,-0.050266,0.061035,-0.156,-0.13817,-0.058093,-0.073445,-0.14696,0.16873,0.087857,0.026532,-0.025236
-0.25204,0.14339,-0.020369,0.19752,-0.062374,0.061225,0.22435,0.08695,0.26386,-0.10459,0.25168,-0.14272,0.058183,0.086711,0.20915,0.26295,0.15371,-0.12678,0.14599,0.059746,0.14822,0.079703,-0.10396,-0.069966,0.16319,0.14812,-0.050488,-0.065137,-0.072449,0.27143,0.17752,-0.0032767,-0.041842,0.27305,-0.084738,0.014328,-0.24676,0.42585,0.29477,0.034068,0.29482,0.038752,0.10034,-0.1632,0.088913,0.33996,-0.10355,-0.31215,0.10481,0.20755,0.10525,-0.1254,0.096892,-0.17699,-0.20125,-0.028948,0.10841,-0.0091279,0.017918,0.020908,-0.027854,-0.05028,0.13774,-0.091465,-0.051267,-0.11962,0.043958,0.076202,-0.026471,0.2285,-0.03166,-0.10865,-0.20009,0.15858,0.0021556,0.54013,0.44495,0.19327,-0.20345,0.17372,-0.15519,0.13219,-0.09601,0.078188,0.11835,-0.060376,-0.024639,-0.27503,0.082467,0.40374,0.10516,0.23024,0.099264,-0.084928,-0.048735,-0.03394,-0.23643,-0.046477,-0.027595,0.12402
0.028407,0.016775,0.08171,0.0060505,0.014889,0.13879,0.11422,0.25266,-0.16358,0.00019465,-0.23611,0.13536,0.019515,0.10742,0.14554,0.14164,-0.094406,0.016675,-0.05313,-0.090905,-0.048072,-0.046897,-0.16008,0.33602,0.23364,0.27923,-0.12854,0.0048186,-0.020452,-0.22778,0.37686,-0.0012437,0.069448,0.072771,0.044609,0.22429,0.063721,-0.0927,-0.04178,-0.054011,-0.08231,0.089158,0.06735,0.13755,0.10812,-0.31969,0.07885,-0.051718,-0.015285,0.061631,0.15745,-0.08366,-0.090662,0.17778,0.15025,-0.13772,0.071793,0.16134,-0.035767,-0.048519,0.23026,0.2073,-0.052372,0.21354,0.37787,0.12307,-0.23916,-0.12945,0.096263,-0.18728,0.033799,0.16918,0.1535,-0.11187,0.1754,0.027455,-0.18958,-0.022437,0.01517,0.14804,0.086113,0.2406,0.1428,-0.075787,0.031258,-0.12208,-0.02731,0.10117,0.080934,-0.12848,-0.073216,0.38804,0.20819,-0.18403,0.20876,0.053529,-0.12617,0.2387,0.13574,-0.064569
0.17381,-0.11232,0.011093,0.031664,0.25901,0.033335,-0.15278,-0.052638,0.030367,-0.18551,0.13599,0.35125,0.057917,0.042941,0.18454,0.12768,0.12482,0.29875,0.32439,0.32562,0.33493,0.1723,0.14248,0.39076,0.22994,0.011174,-0.22906,0.20454,-0.037336,-0.10155,0.39599,-0.20946,-0.089299,-0.054664,0.15743,-0.13311,0.38251,-0.057115,0.31823,-0.067732,-0.084615,-0.016982,-0.007428,0.010584,0.28105,0.15728,-0.17831,-0.1399,0.1066,0.092091,0.13528,-0.092672,-0.019516,0.15067,-0.064822,-0.20043,-0.27663,0.12726,-0.34666,0.0056816,0.19469,-0.19481,0.068456,-0.059504,0.060791,0.045734,-0.0007466,-0.26076,-0.10971,-0.031824,-0.10081,-0.022202,0.16916,0.47241,0.0096984,-0.14492,0.10898,0.20568,-0.13306,-0.13641,0.30111,0.18428,0.020356,-0.0014784,0.59083,0.10039,0.12375,0.19836,0.01275,-0.048196,-0.035357,0.11424,0.011135,-0.11373,0.17101,-0.0026968,0.34832,-0.13116,0.20136,0.37889
-0.064346,-0.023248,-0.25894,0.18664,-0.20036,0.034269,0.28016,-0.0753,-0.091596,-0.050769,-0.021027,0.0099451,0.013953,0.037413,-0.16357,0.42862,-0.084675,-0.057875,0.20841,0.022347,-0.10335,0.23401,0.16504,0.1634,0.2787,-0.010507,0.0087522,0.19049,0.16943,0.15379,-0.10156,0.081178,-0.057017,0.35661,-0.15591,-0.23064,0.18141,0.087559,0.13034,-0.14745,-0.12649,0.082264,0.15159,0.25278,0.14748,0.066076,-0.056309,0.054105,0.11555,-0.2527,0.16105,0.27408,0.27032,0.17623,-0.053908,-0.15095,0.070131,-0.078967,0.1795,-0.17995,0.31116,0.040918,0.096713,0.24264,0.062855,-0.048226,-0.038073,-0.085827,-0.089609,0.004861,-0.30064,0.084964,-0.041637,-0.034785,-0.21257,0.2107,0.23263,-0.07321,0.068921,0.19753,0.41047,-0.0045899,-0.15382,-0.020796,0.018447,-0.028308,-0.046599,0.18972,-0.073378,-0.056623,-0.022409,-0.12908,0.30196,0.15384,0.34432,0.15185,0.10455,0.15512,-0.033884,0.094387
0.03132,-0.22176,-0.033703,0.091802,-0.21477,0.45804,-0.026677,0.19921,0.38007,-0.04477,0.20103,0.29248,0.18026,-0.046255,-0.10475,-0.026427,-0.10042,0.026345,-0.055978,-0.19898,0.45584,0.13281,0.068951,-0.051349,-0.024183,-0.088545,-0.01041,-0.0066763,0.33998,0.22592,0.29909,-0.084713,-0.13977,0.0012988,0.15477,0.030048,0.30425,0.21889,0.059042,0.24836,0.3269,0.21877,0.045043,0.036515,0.16225,0.20378,0.30737,0.11839,0.12438,-0.07614,0.032446,0.012,0.013966,-0.13006,-0.018145,0.11414,0.035974,0.019235,-0.052178,0.018553,-0.052126,0.19104,0.26566,-0.059072,0.15298,0.078092,-0.38715,0.12557,0.032359,0.14899,-0.16386,-0.0017716,0.21384,0.15859,-0.048002,0.0039795,0.44427,-0.10297,-0.15694,0.043274,0.15423,0.063702,-0.066101,-0.13064,0.0016671,0.0035459,0.23909,-0.054895,-0.16877,0.18982,-0.1346,-0.072188,0.42081,-0.044666,-0.077052,-0.17184,0.043267,-0.19668,0.022948,0.19205
0.075564,-0.010094,0.57876,-0.11598,-0.0059189,-0.072435,0.046672,0.30716,0.13442,0.072627,0.039606,-0.097723,0.14293,0.010545,0.1567,0.17223,0.5431,0.028723,-0.046778,0.17173,-0.22011,0.16352,0.39584,0.14203,0.11849,-0.13049,-0.1491,-0.084119,0.19504,-0.096009,-0.094614,-0.072789,-0.13625,0.012382,-0.096939,-0.064561,0.13715,0.10606,-0.11544,0.21552,-0.0096945,0.07186,-0.10502,0.2503,0.1572,-0.10791,0.19881,0.17877,-0.14796,-0.058438,0.18709,-0.021673,-0.034281,-0.13667,0.20949,0.028628,0.22927,0.080797,-0.14966,-0.05332,0.1663,-0.0053453,0.44327,-0.11473,0.033184,0.24408,0.25343,0.053814,0.086992,0.0081335,-0.20725,-0.049385,-0.051423,0.097881,-0.13228,0.25819,0.13828,0.14935,-0.1969,-0.0044778,-0.21722,0.11955,0.019821,-0.18501,0.18972,-0.095847,-0.20688,-0.28671,0.1441,-0.1517,0.00025984,0.22232,0.096472,0.13463,0.057416,0.13679,0.38021,-0.1485,-0.068769,0.074213
-0.15199,0.0068408,0.25712,0.34754,-0.094928,0.04124,0.1583,0.014478,0.24843,-0.076909,-0.070973,0.023374,0.57928,-0.2488,0.099897,0.22829,0.27571,0.19796,-0.15625,-0.18385,0.029641,0.21448,0.15034,-0.15647,-0.12395,-0.090466,0.21742,0.1273,-0.023103,0.054447,-0.10593,-0.073119,0.06695,-0.17566,-0.16707,0.24444,0.26431,0.04706,-0.22538,-0.0062074,0.096725,-0.026994,0.10474,-0.21774,-0.24522,0.016864,0.10723,0.10861,0.18034,-0.11783,0.080563,-0.12519,-0.099336,-0.14769,0.46065,-0.072822,0.15789,-0.17185,0.027723,0.090733,-0.0082627,0.049271,0.20744,-0.11447,0.14774,0.058948,-0.031372,0.053269,0.0070487,0.073161,-0.23669,0.2014,0.030583,0.066991,-0.00083625,-0.05302,0.10037,0.21052,0.1027,0.23067,0.1001,-0.047971,0.12005,-0.25618,0.34802,-0.21771,-0.047058,0.29175,0.05252,0.023053,0.088015,0.45787,-0.072127,-0.11717,-0.36051,-0.1569,0.10455,0.13096,0.04781,0.098187
0.10806,-0.17014,-0.13318,0.041316,-0.047607,-0.02067,0.089572,-0.14512,0.1975,0.28036,0.17409,-0.11003,0.13447,0.032148,0.28192,0.02051,-0.075269,-0.21992,0.064995,-0.10774,0.062153,-0.11213,0.17788,0.060585,0.139,0.20224,0.39017,0.23664,-0.077007,0.17474,0.33842,-0.061554,-0.016232,-0.084094,0.040898,0.17955,-0.16235,0.19239,0.48458,0.14074,0.29136,0.0026266,0.0196,0.060655,0.30163,-0.050194,0.17797,-0.084093,0.040723,-0.00017809,0.093596,-0.12459,-0.048133,0.075003,0.056722,0.34524,-0.22965,-0.017633,0.0070637,-0.055819,0.12955,0.050057,0.17326,-0.062455,0.094516,-0.22229,-0.029875,-0.0095256,-0.033008,-0.20215,0.012703,0.066729,-0.098827,-0.033199,0.20974,0.066145,0.2404,-0.059165,0.36937,0.099666,0.068393,-0.035735,0.16915,-0.081326,0.2419,-0.09192,-0.046231,0.23946,0.032411,0.017257,-0.14426,-0.11583,0.053475,-0.15601,0.24719,-0.0028391,-0.075701,-0.02553,-0.038325,-0.24561
-0.060623,-0.11996,-0.051027,0.16926,-0.012772,0.29421,0.011345,-0.15741,-0.014026,-0.062002,0.033002,0.13778,0.21946,-0.10841,-0.027993,0.29712,0.12266,-0.035158,-0.12432,-0.0038275,0.10905,0.095021,0.27834,-0.15517,-0.099011,-0.10347,-0.21345,0.16594,0.17204,-0.028342,-0.077056,-0.038576,-0.043013,-0.045732,-0.018663,-0.010605,-0.059479,0.048002,-0.10221,0.0091657,0.039324,0.2665,0.093991,-0.159,-0.044954,-0.11381,0.49822,0.057872,0.21777,0.10939,0.18416,0.066376,0.2983,0.50737,0.10101,0.050001,-0.034765,-0.10238,0.14079,0.0028333,0.033495,0.021431,0.34445,0.010088,0.15657,-0.15903,0.16207,-0.1496,0.14752,0.05741,0.12455,-0.072933,0.025143,-0.18356,-0.059983,0.012664,-0.0022266,-0.13423,-0.1521,0.011433,-0.0369,0.24653,-0.078615,0.08959,-0.019544,0.25285,-0.029248,-0.064941,0.095891,-0.0039226,0.10253,0.43039,0.34789,0.23617,0.41061,-0.15175,0.062225,-0.15101,-0.093617,0.047382
-0.15327,-0.078701,0.11517,-0.1298,-0.1295,0.034079,-0.032451,-0.11079,0.11612,0.092589,-0.08536,0.057687,0.083462,-0.18893,0.056541,0.31086,-0.079577,0.048414,0.34767,-0.15618,0.021352,0.3908,0.018624,0.045329,-0.10414,0.11209,0.26415,0.1364,-0.010933,0.29685,0.0026027,-0.30279,0.011646,-0.025245,0.21505,0.023487,-0.054116,-0.13674,-0.16994,0.02054,-0.14654,0.047941,-0.040932,-0.20838,0.42085,0.081306,-0.10556,-0.039783,0.19608,-0.05088,0.14376,0.184,-0.16219,-0.05136,0.049671,-0.074749,0.16352,0.051216,0.073915,0.21848,-0.061446,-0.078213,-0.16784,0.027514,-0.18337,-0.098028,0.066329,0.076308,0.29525,0.067874,0.041891,0.16676,-0.17065,0.060629,0.23419,0.48926,0.39227,0.10151,-0.08466,-0.092369,0.1621,0.12036,-0.14573,0.059785,-0.16694,0.15373,0.0048753,0.015107,-0.17942,0.23646,0.21841,-0.061294,-0.086224,-0.01439,0.048794,0.20424,0.45437,-0.17937,-0.091833,-0.091446
0.37817,0.12466,0.024439,0.071733,-0.027583,-0.029226,0.29001,-0.20963,0.17579,0.027364,0.12095,0.47646,0.15037,0.38549,-0.19832,-0.26386,0.10277,0.11566,0.077603,0.34721,0.038653,0.07734,0.31913,-0.19138,-0.24157,0.0012622,0.070075,-0.16833,0.22704,0.079269,-0.079115,0.065926,0.05178,0.095345,0.13583,0.026726,-0.06136,0.46018,0.10635,0.025997,0.20299,-0.1304,-0.065536,-0.35963,0.29381,-0.12423,0.11541,0.22113,0.068128,0.12769,0.077096,-0.015157,0.15922,0.34729,0.090305,-0.074802,0.039493,0.038011,-0.089425,-0.18012,0.067734,0.28692,0.056078,0.32986,0.046249,0.10114,-0.12838,-0.1362,0.07317,-0.095961,-0.29287,0.19775,0.057531,-0.13573,-0.27929,-0.16197,-0.08341,0.14286,0.19427,0.15813,-0.035416,0.11871,0.13378,-0.13714,-0.17489,-0.14522,-0.15991,0.028634,0.23538,0.063598,0.029137,0.037236,0.095369,0.20945,0.10766,0.28489,-0.17978,-0.090233,0.046075,0.13641
0.15553,-0.0016209,0.1939,0.013755,-0.0039431,-0.1793,0.15461,0.02665,0.31061,-0.019002,-0.0063225,0.0089217,0.26915,0.074455,0.22443,0.17153,-0.00011273,0.076046,-0.12753,0.21811,-0.12682,0.23996,0.10305,-0.14644,-0.028358,-0.024811,0.43666,-0.093943,-0.03689,-0.067175,0.098219,-0.056914,0.18471,0.1047,0.103,-0.10249,0.21146,-0.25123,-0.0057303,0.042159,0.11258,0.1113,-0.16512,0.044437,0.036508,0.40773,0.043474,0.45529,-0.058954,-0.033424,0.088735,-0.3039,0.075088,0.15002,0.24559,0.18334,-0.054095,0.058179,0.19037,0.17859,-0.039057,0.21246,0.01334,-0.15763,0.14148,0.048862,0.067978,0.05739,-0.14055,-0.084387,0.11722,0.16929,0.045081,0.026664,-0.16368,0.068289,-0.18882,0.14483,0.0055935,0.21838,0.13866,0.036485,0.043005,0.22986,-0.16156,0.12336,0.013887,0.035536,-0.22416,-0.14816,-0.048974,0.02229,0.050174,-0.10188,0.27686,0.16306,-0.096742,0.085487,-0.02861,-0.073681
-0.020099,-0.1346,0.048415,-0.19306,-0.061075,-0.0038768,0.27416,-0.16411,-0.21238,0.062,-0.16322,0.1486,0.2899,0.11185,0.085998,0.41325,0.0031844,-0.077665,0.077125,-0.29171,0.35141,0.009625,0.13753,0.12904,0.25976,0.35664,0.092172,-0.27069,-0.052515,0.11628,0.16258,0.19925,0.029865,-0.075509,-0.1091,-0.10329,-0.079597,0.42383,-0.12507,0.17222,-0.1292,0.068598,-0.15795,-0.10196,-0.022018,0.18026,0.034011,0.41184,0.10761,-0.1832,-0.15974,0.020228,-0.11621,-0.081805,0.0028153,0.11054,0.14972,0.032496,-0.039631,0.091568,-0.11228,-0.06139,-0.080862,-0.14007,0.20366,-0.099773,0.065327,0.18603,0.11835,-0.16965,0.22732,0.0016677,0.04121,0.12052,-0.18203,0.06852,0.039741,0.0010559,0.23672,0.18756,0.13725,0.35243,0.28466,0.21091,0.19811,-0.060314,0.27587,0.080599,0.21621,-0.13718,0.02415,0.02399,0.55041,0.1777,-0.1454,0.022197,-0.087427,-0.013134,-0.095094,0.14914
0.27513,-0.12513,0.16803,0.075489,-0.13007,-0.053681,-0.20969,-0.0011295,0.057508,0.18789,-0.10758,-0.18657,-0.107,0.20166,-0.29165,0.094079,0.19087,0.19925,0.054736,0.28781,-0.19041,0.17011,0.22374,0.092566,0.18134,0.2596,-0.01234,0.3214,0.082983,0.29763,-0.099504,0.11491,0.12196,-0.10829,-0.02804,-0.04358,0.028846,0.037839,-0.09486,-0.073825,0.12736,0.21357,0.13818,0.10719,0.12058,0.19431,-0.072513,0.22911,0.10539,-0.075619,-0.045586,0.099721,0.24405,0.29273,0.0055225,-0.15585,-0.17725,0.14416,0.03936,0.082253,-0.026157,-0.20048,0.36769,0.064528,-0.2144,0.22585,0.018489,0.13177,-0.11855,0.19386,0.43455,0.0071801,0.04844,0.2829,-0.13066,0.12488,-0.0014675,0.42343,0.07997,0.11583,-0.0034331,0.2365,0.043124,-0.10498,0.10542,0.097589,-0.10327,-0.17402,0.08073,-0.10444,0.10548,-0.15137,0.040649,-0.06842,-0.010758,-0.093084,0.063396,0.044836,0.045759,0.068797
0.19072,0.085437,-0.11321,0.17045,0.10634,0.090295,0.085792,-0.10797,0.01859,0.168,-0.085197,0.12104,0.30125,0.39638,0.064997,-0.13295,0.089803,-0.31194,0.38136,0.0028511,0.10483,-0.12255,-0.025179,0.0071517,0.44956,0.041155,0.091274,-0.0704,0.19318,0.17717,0.25457,0.051078,-0.085115,0.31982,0.049381,-0.01429,0.28737,-0.006802,-0.11477,0.19175,-0.1799,0.22842,0.086786,0.10249,0.34091,0.25759,-0.028216,-0.13792,0.022107,-0.014222,-0.040225,0.048209,-0.058841,-0.1216,0.43486,0.22774,-0.074524,0.084946,-0.18639,0.16213,0.072921,-0.11892,-0.088492,0.13416,-0.1,0.30282,-0.1343,-0.011975,-0.078121,0.011607,-0.0075969,0.0017803,0.021313,-0.066098,-0.047263,0.30224,-0.23504,-0.067679,-0.19045,0.18177,0.0079435,0.25114,-0.14929,0.27037,0.16071,0.15558,0.24189,0.017411,0.20585,-0.048376,-0.05959,-0.15604,0.046826,-0.10942,0.25935,-0.13262,0.14137,0.27089,-0.0058704,-0.17164
0.087023,-0.011841,0.071998,0.071846,-0.047266,-0.0015095,0.26477,0.097318,-0.10786,0.17639,-0.055604,0.18134,-0.011308,0.27289,-0.12781,-0.033276,0.036664,-0.13153,0.097035,0.16682,-0.1173,0.018394,-0.042211,-0.28426,-0.028593,0.39654,0.43137,-0.17198,-0.041125,-0.13923,-0.06739,0.19813,0.086438,-0.14693,-0.13545,-0.085974,-0.071426,0.12641,-0.012887,-0.056954,0.096773,-0.047116,0.13301,-0.22533,0.11379,0.15644,0.016419,0.014153,0.21418,0.09332,0.46872,-0.084255,0.067512,0.027107,0.20988,0.26554,0.012129,0.031343,-0.015231,0.1342,0.1027,0.096589,0.093173,0.2115,0.088598,0.054455,0.060851,-0.24975,0.11338,0.058466,-0.18217,0.1644,0.099458,-0.15184,0.010387,-0.047893,-0.057741,0.25179,-0.03996,-0.061024,0.056431,-0.039239,0.33261,0.22604,0.12051,-0.032647,-0.062257,-0.080634,0.058104,-0.18405,0.087201,0.10221,0.018957,-0.15007,0.12954,0.27542,-0.083856,0.15494,0.1555,0.33477
-0.094934,0.28126,0.25028,-0.11968,-0.088331,0.12718,0.18638,-0.039891,0.14967,0.040647,0.11371,0.27796,0.0091515,-0.014204,0.03107,-0.20979,-0.011051,-0.15931,0.077802,-0.040088,0.003339,0.27102,-0.17293,0.22329,0.12575,-0.1034,-0.10391,0.020469,-0.21474,-0.12169,-0.19588,-0.018541,0.094565,0.010324,0.16138,-0.046174,0.066125,0.11874,0.4404,-0.073519,-0.12664,-0.059885,0.38212,-0.14571,0.024537,-0.039252,-0.048069,0.11772,0.053416,0.066619,-0.023841,-0.078754,0.21566,0.017985,0.26507,0.17749,-0.040967,0.10039,-0.1884,0.14501,0.16723,0.53428,-0.18085,-0.0018748,0.090765,0.30602,0.26149,0.11045,-0.070627,0.044553,-0.020519,-0.089947,0.10699,-0.11903,-0.14018,-0.11261,0.041067,0.099056,0.072811,0.0093369,0.12668,0.41613,0.13532,-0.10162,0.088596,0.21627,0.119,-0.029303,0.19161,0.054826,0.12334,0.26946,-0.029284,0.14799,-0.091547,-0.019899,-0.08467,-0.10908,-0.26899,0.070177
-0.061283,0.090455,-0.045544,-0.037812,0.019874,-0.12547,0.067309,0.50878,0.062555,0.084749,0.019049,-0.051377,0.014418,0.026749,0.082304,0.060091,0.076695,0.1531,0.31945,-0.30405,0.30278,0.2297,-0.15957,0.20525,-0.10591,0.093076,0.052509,-0.032769,-0.038744,-0.19625,0.18011,0.21346,0.16793,-0.052077,0.12121,0.075522,-0.026221,0.046305,0.53868,0.004098,-0.035862,0.12682,0.12159,-0.11838,-0.044542,0.12448,0.038031,-0.15084,0.22496,0.030923,-0.093073,-0.26599,0.15698,0.2097,0.11,0.17155,0.075882,-0.10043,0.10887,0.20413,0.081712,0.10771,-0.016335,0.1459,0.044382,-0.037612,0.15877,-0.054546,-0.059472,0.7145,0.088101,0.18349,-0.057306,-0.062169,-0.060894,-0.23818,-0.14755,-0.020448,-0.0083482,-0.12371,0.16132,0.18655,0.14481,0.21703,-0.16586,0.052345,-0.30144,0.014011,0.064559,0.25178,0.272,-0.013258,0.082903,0.097827,0.11649,0.20421,0.0071898,-0.15402,-0.13534,0.0021716
-0.2051,0.29177,-0.11455,0.17311,-0.1812,0.0067663,0.10089,-0.18536,0.095907,0.098504,-0.007156,0.12401,-0.02033,-0.13561,-0.027802,-0.010929,-0.19133,-0.056744,-0.091821,-0.024416,0.097682,-0.14273,0.0041638,0.0015895,-0.048403,0.20182,-0.1125,-0.062567,-0.039449,0.76102,0.4253,0.33425,0.11923,0.21847,0.15159,0.21343,0.043379,-0.045947,0.30654,0.25033,0.10117,-0.068391,-0.047911,-0.069444,-0.13974,0.11174,0.0037311,0.11276,0.38598,-0.032935,-0.09995,0.17784,-0.031785,-0.095192,-0.10204,0.02202,0.020158,0.0021295,-0.10173,-0.2209,0.19997,0.17581,0.1945,-0.20531,0.027691,0.04836,0.1064,-0.085301,0.0088239,-0.12588,-0.3617,0.16749,0.056564,0.26697,-0.087673,-0.032849,-0.016251,0.22965,-0.13834,0.0041323,0.065671,0.14901,0.13267,0.10369,-0.04352,-0.0523,-0.21446,0.17001,0.035578,0.30826,0.074969,0.07116,0.13558,-0.081913,0.11669,0.13309,0.25156,0.18206,-0.18105,-0.094057
0.15282,-0.2232,-0.22252,-0.15832,-0.042321,-0.025615,-0.015618,0.3534,0.12281,-0.010344,-0.11629,-0.06741,0.091882,0.30784,-0.035698,0.30601,0.045002,0.42793,0.16023,0.1714,0.25587,0.14416,-0.1286,0.12056,0.21605,-0.16229,-0.063908,0.071257,-0.1108,-0.034268,0.2452,0.080095,0.26114,0.24442,0.24535,0.0088852,0.10588,0.051656,0.058591,-0.056011,0.064825,-0.18528,-0.027689,0.075824,0.15912,-0.20236,-0.082806,0.021835,-0.024377,0.21302,0.45501,-0.048183,-0.17362,-0.1299,0.32968,0.18664,-0.20506,-0.23034,-0.010967,0.19903,0.2744,0.13851,-0.16691,0.18466,0.56915,-0.082747,0.072008,0.17671,0.2644,-0.034047,-0.0029944,-0.13947,-0.08823,0.13999,0.0090521,0.058271,0.34582,-0.067731,0.22843,0.032182,0.00078027,-0.024975,-0.12593,-0.047398,0.069031,-0.12114,0.012272,-0.097488,0.061559,0.029417,0.33891,-0.12388,0.27016,-0.032743,-0.062119,-0.13833,0.052162,0.048029,0.18694,0.008081
-0.16135,-0.087112,0.15976,-0.20755,0.1069,0.52578,0.22744,-0.065787,0.14981,-0.002343,-0.092995,0.1358,0.10197,0.020935,0.029413,-0.053786,-0.040391,-0.20261,0.036478,0.18479,0.31519,-0.076471,-0.086814,-0.06577,-0.045281,0.14077,-0.11489,-0.066367,0.082944,-0.062922,0.27506,-0.077385,-0.02985,0.035463,0.031898,0.28123,0.25664,0.13442,0.26277,0.16773,-0.19956,-0.026064,0.14605,0.11598,-0.082618,0.10897,-0.037923,0.019445,0.30618,0.2173,-0.044182,0.14177,0.28118,-0.10547,0.098529,0.13828,-0.014185,0.30861,0.20862,-0.16104,-0.12263,-0.095411,0.5843,0.067847,0.24287,-0.010863,-0.033653,-0.077243,-0.24189,0.037658,0.061551,-0.010518,-0.080582,0.25384,0.021594,-0.21014,0.16999,0.060841,0.40704,-0.06478,0.043617,0.22069,-0.061889,0.20348,-0.01146,0.11212,0.023065,0.13099,-0.022432,-0.073673,0.012075,-0.06507,-0.11609,-0.0029969,0.12692,-0.00031074,-0.11662,0.19133,0.38377,-0.071663
0.5625,0.3909,0.19684,0.12522,0.057336,-0.10838,-0.22647,-0.20671,0.38364,0.10699,0.12164,0.086966,-0.1173,0.0076246,-0.06074,0.079598,0.13375,0.069399,0.18089,-0.20163,0.097241,-0.16018,0.13841,-0.17357,-0.29572,-0.23652,0.27234,0.32727,0.021754,0.039456,-0.23421,0.036963,0.021781,0.18061,0.21406,0.14626,0.017022,-0.01889,0.11966,0.27669,-0.057387,-0.19637,-0.027788,0.095219,0.041321,0.21648,0.10947,-0.039448,-0.072402,-0.072428,-0.083886,-0.11792,-0.066738,-0.038397,0.017094,-0.10342,-0.032835,0.14589,0.0013844,0.20966,-0.24854,-0.068313,0.3629,0.53927,-0.10143,0.041409,0.0063776,0.041762,-0.07124,-0.05024,0.057994,-0.066456,0.074151,0.36807,-0.14931,0.21601,-0.1412,0.12943,-0.071798,0.080515,0.18077,0.18073,0.25822,-0.077459,0.31676,-0.13429,0.19672,-0.15714,0.073986,0.15172,-0.17878,-0.29677,0.13419,-0.087871,0.065786,0.10845,0.35323,0.11396,0.34927,-0.092714
-0.17084,-0.051055,-0.22606,0.12897,0.24092,-0.0092674,-0.11116,-0.097625,0.11525,0.20332,0.2011,-0.13758,-0.19486,-0.23968,0.173,-0.10671,-0.17003,0.32649,0.182,0.18424,0.14511,0.10303,0.049139,0.087642,0.33565,-0.10471,-0.0073712,0.020434,0.12175,-0.027339,0.064037,-0.055218,-0.10269,0.32899,0.24551,0.017502,0.14135,0.028357,-0.18194,0.095299,0.13133,-0.031758,-0.18738,-0.17911,0.12593,0.23336,-0.018364,0.016021,-0.005109,0.16932,-0.016625,-0.0063596,0.38906,0.020683,-0.099826,-0.070367,0.26933,-0.002954,0.094526,-0.12633,-0.094869,-0.060014,0.099027,0.12336,-0.10733,-0.041123,-0.01778,-0.054125,0.10183,0.16804,-0.056553,0.28039,0.012747,0.10442,-0.012351,0.20415,0.33157,0.17236,0.034916,-0.00064367,-0.089517,0.20472,0.042294,0.21,-0.18408,-0.052804,0.0081879,-0.037135,0.074297,-0.023596,-0.0072364,-0.061321,-0.10378,0.23334,0.1567,-0.076667,0.25911,-0.063048,0.23164,0.083389
-0.10146,0.069986,0.033016,-0.21782,0.10014,0.046354,0.057306,0.081194,0.38066,-0.024795,0.017841,0.04044,0.0085755,0.069765,-0.0081067,0.33326,-0.053106,0.25069,-0.060621,-0.040871,0.066322,0.29272,0.07417,0.07703,0.26182,-0.066142,-0.05308,0.14725,0.1191,0.21909,-0.043054,-0.1254,0.17958,-0.17394,0.23725,-0.16668,0.096993,0.2888,0.23603,0.13193,0.11586,-0.094379,0.36919,-0.006261,0.14686,0.19488,0.18405,0.13269,-0.060242,-0.068844,-0.097759,0.16713,-0.043088,0.28022,0.12688,-0.10014,0.4314,0.25237,-0.21913,-0.013366,0.21374,0.010511,0.041624,-0.080851,0.18954,0.11,0.31872,-0.13443,-0.28539,0.14517,0.014161,0.14204,0.10497,-0.047644,-0.13609,0.18031,-0.062754,0.0034309,-0.010432,0.10547,0.15145,0.009421,0.18125,0.03063,0.06181,0.047085,-0.12741,0.097551,0.090067,-0.17131,0.057723,0.095213,0.10238,-0.051719,0.41711,0.028737,0.33498,0.097336,0.073827,-0.12087
0.16011,0.19822,-0.13562,0.14823,0.33595,0.22067,0.10474,0.06747,0.11882,0.2317,0.20803,0.35284,0.10947,0.062355,-0.0045297,0.040058,-0.00069968,-0.0098474,0.43692,0.18576,0.22787,0.04396,0.036288,-0.10839,-0.13614,-0.011489,-0.1246,0.11471,0.14991,-0.04736,0.13912,-0.22665,-0.00030586,0.26262,0.0082669,-0.24358,0.11566,0.12169,0.14383,-0.010706,0.14483,0.14763,0.18791,0.2693,0.031193,0.071462,0.031689,0.10628,0.11074,-0.12726,0.13283,0.10328,-0.1241,-0.075335,-0.11055,-0.0046203,-0.052816,0.25515,-0.013303,-0.099417,-0.022252,0.21014,-0.14093,0.056457,-0.19359,-0.040251,0.2009,0.15484,0.23128,-0.12539,0.33876,-0.097808,0.5966,0.18792,-0.033582,-0.097422,0.033336,-0.025343,-0.019959,0.39986,0.0070767,0.0086148,0.30444,0.010542,0.077782,0.087255,0.024036,-0.0097119,0.14132,0.037545,0.1854,-0.085133,-0.026233,0.127,-0.091288,-0.065619,-0.02546,0.12193,-0.086445,0.081534
-0.040127,0.20246,0.31286,0.048996,0.11341,0.13617,0.18766,-0.042099,0.12931,0.078281,-0.11025,0.10558,0.042273,-0.15787,-0.13054,-0.02474,0.0083609,0.27548,0.10745,0.47706,0.040178,0.17371,-0.026233,-0.023875,0.075402,0.16088,-0.037521,-0.058152,0.0017391,-0.095532,-0.015754,0.17371,0.16676,0.079001,-0.095067,-0.10194,-0.14862,-0.0010459,-0.068038,-0.072312,0.0071315,-0.13529,0.22477,0.1164,-0.1508,-0.20515,-0.13088,0.055826,0.40973,0.20141,0.18778,-0.24537,-0.13786,0.057037,0.014571,0.21585,-0.014317,-0.13039,0.41994,0.00090287,-0.065793,0.10362,0.0091519,0.21023,-0.056149,-0.024281,0.42632,-0.030726,-0.036096,-0.10089,-0.084715,-0.072203,-0.079822,-0.24382,0.2034,0.024167,-0.060235,-0.091133,-0.10684,-0.068248,0.20737,-0.037304,0.19831,0.051199,0.30657,0.18751,0.039007,0.28904,0.038022,-0.04362,-0.15842,-0.22094,-0.074235,0.22626,0.080449,-0.1021,0.02014,0.20085,0.33894,-0.019422
-0.095301,-0.049772,-0.14038,-0.021504,-0.025257,0.16832,0.10876,-0.25037,0.16109,0.21808,0.097913,-0.069203,0.14584,0.12288,-0.13931,-0.10109,0.25735,0.26838,0.111,0.0090067,0.016751,0.16584,0.16955,-0.0090228,0.12956,0.061595,0.39438,0.17938,0.21785,-0.14224,0.093057,-0.0071499,-0.022497,-0.15371,0.31275,-0.013347,-0.16103,0.16245,-0.050734,0.11089,-0.07509,0.054665,0.26868,-0.030492,-0.05464,-0.086345,-0.039022,0.075292,-0.11184,0.1011,-0.15161,0.094904,0.12269,-0.1589,-0.075083,-0.21529,-0.11841,0.067817,-0.021121,-0.0062971,-0.12032,-0.10533,0.013879,-0.14894,0.20611,0.36877,0.016366,0.25736,0.064599,-0.087584,-0.07024,0.12619,0.31353,-0.034374,0.11877,-0.030283,0.13737,0.26147,0.28996,0.062907,0.32323,-0.094736,0.19059,-0.20758,0.22709,-0.016269,-0.07088,-0.0045418,0.12001,0.35629,0.30603,0.12871,0.034226,0.25108,0.10433,-0.062539,-0.054435,0.10148,0.018521,-0.011859
-0.030632,0.11054,-0.18879,-0.010728,0.3557,0.035155,0.19216,-0.16957,0.013739,0.34357,0.050578,0.01205,0.51504,-0.080025,0.044416,-0.18473,-0.026726,-0.051618,-0.096012,0.2691,-0.086745,0.41272,-0.1367,0.22645,0.35921,-0.046991,0.30988,-0.14465,-0.075949,0.0020164,-0.048874,0.083743,0.19159,-0.083325,-0.049949,0.15071,0.37357,0.15859,0.021653,0.032547,0.080064,-0.098484,-0.18489,-0.25782,-0.068228,0.22464,-0.09513,-0.17101,0.15798,0.17386,-0.091766,-0.054229,0.0085377,-0.16051,0.03276,0.22388,0.17272,0.0084216,0.22987,-0.13478,0.13774,0.040581,-0.0013165,0.20572,-0.13581,0.064035,-0.13957,0.22214,-0.12467,0.11627,-0.058866,-0.0050674,0.21311,0.046238,-0.00095503,-0.081148,-0.098671,0.088175,0.098174,0.19172,0.40178,0.032915,0.43598,-0.12769,-0.095139,-0.0013514,0.13795,-0.072012,-0.19993,-0.15058,0.11472,-0.045454,0.22007,-0.10819,0.088848,0.1167,0.077798,0.13074,0.25968,0.34236
0.31801,-0.035575,0.21731,0.35001,-0.026928,-0.039239,-0.068605,-0.12128,-0.19695,0.26528,0.00017856,0.10416,-0.037636,-0.032568,0.025467,0.053004,-0.013439,-0.15594,0.13572,0.11532,-0.16549,0.23708,-0.14694,-0.17945,0.097846,0.07452,-0.02136,-0.10786,-0.068009,0.062954,-0.02916,0.13485,0.12655,-0.023211,0.19098,-0.25958,0.1827,0.15101,0.10674,0.027691,-0.024531,0.031399,-0.053678,0.088208,0.19891,0.16066,0.27943,0.34834,-0.1678,-0.090646,0.28353,0.023079,-0.066207,0.040008,0.18215,0.094412,0.075478,0.1275,0.20219,0.14667,-0.11913,0.16968,0.095082,-0.029721,-0.14074,-0.067998,-0.17963,0.021081,0.14627,-0.14316,-0.019209,0.40509,-0.21177,0.34263,-0.054179,0.072435,0.092215,0.52691,0.24161,-0.024946,0.11569,-0.036065,0.10717,0.152,-0.01181,0.27927,0.016403,-4.2126e-05,0.045136,-0.052964,0.40116,0.23902,-0.023399,0.16165,0.1724,0.29494,0.028849,-0.071353,0.13003,-0.1723
0.2678,0.19597,0.2205,-0.06456,-0.061871,0.18997,-0.03141,0.15143,0.10432,0.11669,-0.073291,-0.23696,-0.016066,0.018893,0.12865,0.16696,0.3441,0.26864,0.019781,-0.16694,0.16784,-0.019882,0.0021012,0.086407,0.058733,-0.049243,-0.046376,-0.13814,-0.065133,0.069634,0.050294,-0.13586,0.0099567,0.13994,0.34643,0.17683,0.22012,0.1984,-0.21305,0.2348,-0.02836,0.025673,0.028794,0.084153,0.42594,-0.10693,0.032331,0.069809,-0.11327,0.15044,0.1811,-0.10874,0.16025,0.30243,0.066376,0.17235,-0.1099,-0.14688,0.02981,-0.061864,-0.096641,-0.12708,0.08493,-0.036562,0.17317,0.11293,-0.045842,-0.17586,0.044043,-0.11161,0.039003,0.26815,0.015133,-0.15397,0.025714,-0.085503,0.084591,0.22363,0.039695,0.18722,0.095393,0.11805,-0.27438,-0.065063,-0.026922,0.25266,-0.18115,0.074709,0.11396,0.13699,-0.030317,-0.13064,-0.10032,0.31755,0.066599,0.1021,-0.2767,0.29002,0.099029,0.14448
-0.024724,0.021561,0.10518,0.20207,0.0084561,-0.11433,-0.0043724,0.14607,0.25057,-0.043941,0.061034,0.05195,0.18052,0.082308,0.15641,0.28525,0.41912,0.31901,-0.22765,0.085311,0.080496,0.081357,-0.24209,0.2648,0.37166,0.06795,-0.071476,-0.22852,0.009739,-0.030543,0.042727,0.093671,0.1598,0.49571,0.019236,0.15875,-0.067599,0.066632,-0.1936,0.068472,0.18062,-0.10825,-0.14723,0.028545,0.060401,-0.062496,-0.010324,0.20542,0.1272,0.026203,-0.34125,-0.17885,-0.083011,0.44162,0.049545,0.0062235,-0.12314,0.097122,-0.20478,-0.17983,-0.14128,0.16624,0.0121,0.12184,0.053468,0.059023,0.14253,-0.12626,-0.010168,-0.083214,0.19849,0.12882,0.069411,0.35616,-0.091934,0.30922,-0.078382,0.287,0.0074753,0.10522,0.2607,0.045668,0.25654,0.076069,-0.11987,0.064421,0.018193,-0.11356,0.3499,-0.003927,-0.012735,0.2776,0.072158,0.19913,-0.047941,-0.046081,0.52329,-0.024101,-0.058946,0.31299
-0.31831,-0.011029,-0.2249,0.16001,0.1098,-0.064241,0.069173,0.1035,-0.12061,0.43525,-0.12328,0.20922,-0.23376,-0.12541,0.15744,-0.084757,0.043413,0.27802,-0.15677,-0.17093,0.070873,0.24465,0.14566,-0.0085702,0.073178,0.25956,-0.028919,0.26494,-0.15436,-0.069877,0.072724,-0.032574,-0.17805,0.056777,-0.18733,-0.02318,-0.17983,0.0050596,-0.23091,0.26648,-0.032615,0.033962,-0.14344,-0.10459,0.068584,0.046905,-0.028163,-0.035531,0.12579,0.059096,0.093513,0.019282,0.10393,-0.19369,0.1508,0.22527,0.27061,0.032641,0.16325,-0.25582,0.21468,0.19675,0.12326,-0.11864,-0.10874,0.048048,0.078374,-0.1595,0.10415,-0.2212,-0.3051,0.051004,0.21766,0.22675,0.19626,0.48902,0.040795,-0.21,0.12988,-0.19502,0.14577,0.17679,0.040984,0.091133,0.036747,0.1913,0.041939,-0.076255,-0.053866,-0.037792,0.11523,0.22231,0.24888,0.45525,0.010522,0.19424,0.25516,0.007566,0.16899,-0.26789
0.039098,0.025058,0.12041,0.20307,0.13478,0.032755,0.02252,-0.075103,0.46032,0.46165,0.09339,0.023374,0.092409,-0.058052,0.43897,0.18901,0.10089,0.0070086,-0.13524,0.11524,-0.025735,0.16686,-0.0169,0.055339,0.078896,-0.23553,0.017316,0.25615,-0.014032,0.20204,-0.0034218,0.18996,-0.060622,-0.012571,-0.087451,-0.085193,-0.21006,-0.0029619,-0.18128,0.022603,0.028482,-0.25244,-0.039941,0.35727,0.116,-0.016196,0.13251,0.065795,-0.085133,-0.019338,0.11588,-0.0847,-0.1503,0.36809,0.30081,0.037191,0.36409,0.022347,0.16531,0.18163,0.0092612,-0.019247,0.17283,0.13303,-0.033765,-0.092012,-0.05658,-0.1206,0.43421,-0.071264,-0.13949,-0.035162,0.12754,-0.10286,0.30621,0.087122,0.27176,0.053236,0.38209,-0.02032,0.088453,0.11716,0.051203,0.33302,-0.015082,0.15803,0.037243,0.39684,0.024845,0.051032,0.11345,0.036778,0.0077564,-0.27387,-0.1518,-0.085712,0.18217,0.28276,0.071208,0.25289
0.14321,0.11883,0.12167,-0.0072636,0.20896,-0.028084,-0.018358,-0.016159,-0.13091,0.15596,-0.05125,0.29618,-0.045928,0.030294,0.16545,-0.0166,-0.16068,-0.058932,0.3537,0.0069194,0.31217,0.12765,-0.2634,0.14833,0.063034,0.17992,-0.2191,0.030607,0.037918,0.26374,0.14755,0.14061,-0.002814,0.13983,0.1197,-0.14673,0.062736,0.07986,-0.088065,0.28954,0.037443,0.14563,0.10363,0.012655,0.17045,-0.13538,-0.056486,0.10811,-0.036099,0.11354,0.21695,0.095398,-0.052194,0.063907,0.0076613,0.096537,-0.0022027,-0.22035,0.038082,-0.17901,-0.024845,0.06076,0.39794,0.10669,0.074961,0.33108,0.0037067,0.32746,0.0044866,0.22202,-0.031934,0.099115,0.11614,0.026177,0.087113,0.025341,0.074304,0.087978,-0.0061824,0.070661,0.20325,0.33005,0.044193,0.035451,-0.072658,0.017699,0.066041,0.024533,0.04291,-0.030601,0.099223,0.055006,0.039284,-0.065464,0.032965,0.22237,0.17488,0.16344,0.26056,0.27808
0.24536,-0.30406,0.00814,-0.084049,0.21021,0.07687,-0.10322,-0.20889,0.21516,0.22488,-0.053517,0.15728,0.16223,0.15106,0.1732,-0.01753,-0.25041,0.073883,0.18554,0.07768,-0.065142,0.26585,0.059354,0.090633,-0.03943,-0.29226,0.2036,-0.18033,0.28137,0.048942,0.34489,0.024089,-0.26582,-0.012361,0.18431,-0.13714,-0.008516,0.053133,0.18695,0.023504,0.20261,0.3156,0.0033723,-0.024128,0.15098,0.073632,-0.10799,0.065396,-0.037533,0.32378,0.0021951,0.22976,-0.12127,-0.12058,0.14925,-0.1827,0.066576,0.35376,0.32991,-0.084081,0.027658,0.44562,-0.07583,0.19811,0.44634,-0.050466,-0.034561,0.076132,-0.021008,-0.024239,0.18439,0.17972,0.33363,-0.35673,0.040448,0.16106,0.17499,0.16269,0.14531,0.30283,0.048369,-0.13252,0.036973,-0.045272,0.094769,-0.016496,-0.1669,0.22844,0.39282,0.064,-0.11717,-0.10232,-0.022103,-0.0087756,0.011954,0.26796,-0.16158,-0.10575,0.30662,-0.11865
-0.22795,0.046605,-0.081477,0.26837,0.11449,0.051452,0.023472,0.46597,0.064877,-0.004172,0.32755,0.35326,-0.060892,-0.011691,-0.037793,-0.14694,0.2042,0.41565,0.016245,-0.04929,0.36543,0.11623,-0.13066,-0.02782,0.44927,0.26942,-0.0299,0.3369,-0.077345,0.042202,0.033621,-0.085628,0.26841,0.085113,-0.050732,0.051903,-0.16154,0.074534,0.49421,-0.15625,0.17681,0.018884,0.14854,-0.20892,-0.26244,0.04882,-0.010973,-0.053858,-0.14802,-0.071916,0.24651,0.50566,0.34412,0.09808,0.19516,0.1871,-0.35555,0.083383,-0.18257,0.041706,0.034826,0.10339,-0.23113,0.2006,0.17972,-0.2086,0.1457,-0.16232,-0.013308,0.076885,0.11483,0.041995,-0.15177,0.032956,-0.12142,-0.25206,-0.0074384,0.030161,0.36039,0.18789,-0.015039,0.33928,0.024872,-0.11691,0.35657,-0.12065,0.11709,0.058896,0.027016,0.0645,0.012928,0.052066,0.22176,0.17659,0.14169,0.029602,-0.047268,0.41589,-0.082303,-0.26738
0.06947,0.34547,-0.10884,0.048802,0.11847,-0.13547,0.052797,0.10052,0.046939,0.25596,0.089757,0.015867,0.15572,-0.17087,-0.0029929,-0.074064,0.068261,0.022401,0.24068,0.17167,0.46471,0.2329,0.25742,-0.14799,0.24348,0.22581,0.017589,0.12639,0.29157,0.16162,0.072581,0.17539,0.18291,0.53193,-0.012449,-0.076525,-0.16935,0.02534,-0.064058,-0.057014,0.16477,-0.13415,0.16213,-0.078354,-0.032962,-0.054424,0.070762,-0.1571,0.15905,0.099473,0.40278,-0.22293,-0.058167,0.054022,-0.0746,-0.16215,-0.041036,0.028837,-0.012883,0.24754,0.1283,0.12311,-0.19434,0.090194,-0.025492,-0.023464,-0.058929,-0.14694,0.071585,-0.02806,0.30041,0.038373,-0.023411,-0.18888,0.13132,-0.11429,0.23397,0.073181,-0.14032,-0.032353,0.27715,-0.022093,-0.075787,0.074231,-0.090287,0.098266,0.33243,-0.17242,0.12414,0.091358,-0.12366,-0.20575,-0.075136,0.2725,-0.10467,0.13162,0.28637,0.068507,-0.055201,0.4029
0.13328,0.085612,-0.11033,-0.024563,-0.17645,0.12764,-0.17167,-0.015336,-0.06801,-0.17643,-0.13279,0.32958,0.36615,0.23611,0.28397,0.031852,0.082088,-0.31782,0.3197,0.040181,0.14878,0.12603,0.24001,0.26584,-0.13601,-0.016658,0.22728,0.061453,-0.13728,-0.022545,0.10181,0.040313,0.066753,-0.081865,-0.0080995,0.059405,0.059479,0.34541,0.093547,-0.08512,-0.0081116,-0.054578,0.051512,-0.14401,0.2144,0.15345,0.2543,0.47083,0.092653,0.079395,-0.14978,-0.0085003,-0.11306,0.029625,-0.083141,0.11864,0.2158,0.26208,0.25689,-0.056438,0.076228,0.12165,0.25916,0.14745,0.29603,-0.09403,-0.051699,-0.030458,-0.072741,-0.11737,0.25448,0.055182,-0.025985,0.004501,-0.21681,-0.0037898,-0.16277,0.10183,-0.18494,-0.07816,0.19547,0.20823,-0.056454,0.1846,0.17283,0.46313,0.29568,0.070306,0.30686,0.20066,-0.056311,-0.11423,0.15541,-0.16121,0.30262,0.18088,0.0011703,-0.17426,0.029056,0.14967
0.082733,-0.032791,-0.15036,-0.22225,0.1816,0.10944,-0.073785,0.28261,0.28222,0.030221,0.056692,0.15735,-0.05839,-0.020902,0.14655,-0.11272,0.13705,-0.0088735,-0.019214,0.22538,-0.10766,-0.084249,0.17476,-0.32513,0.023413,0.011975,-0.11967,0.058162,-0.0026872,0.25783,0.067629,-0.15401,0.16301,-0.065254,-0.048863,0.23534,-0.17965,0.11213,-0.16186,0.22927,0.072219,-0.058083,-0.11208,0.10992,0.14746,-0.071214,-0.0056176,0.16349,-0.074808,0.17783,0.24534,0.23574,-0.064126,-0.069283,0.12527,0.015463,0.11702,0.058615,0.16127,-0.050675,-0.19965,-0.09921,0.17987,0.02577,-0.17758,0.17385,-0.17138,0.51651,-0.068685,0.1363,0.21547,-0.047404,0.15848,0.14212,0.096117,-0.26194,0.020579,0.1725,0.25002,0.086272,0.21335,0.23376,0.19988,-0.089096,0.12358,0.21036,0.076795,0.012157,-0.22724,0.075447,-0.048033,-0.17188,-0.14432,0.11232,-0.03848,0.10758,-0.094721,0.1088,0.38011,0.045821
-0.0081834,-0.19491,0.17128,-0.16528,0.0053993,0.024133,0.26492,0.11285,0.22294,0.013181,0.22847,0.11359,0.070486,-0.1297,-0.0077165,-0.22923,-0.10038,0.34351,0.044726,-0.083261,0.23084,-0.14445,0.1205,0.12517,0.12514,-0.0068803,0.10992,-0.074281,0.21673,-0.15651,0.012248,0.51673,0.14355,0.05208,-0.029242,0.24167,-0.023347,0.16454,0.050748,0.16778,-0.07785,-0.13925,0.076932,-0.1394,0.00053614,0.0091927,0.13388,0.21196,0.030804,0.04637,0.34185,0.26164,0.026514,0.27331,0.031565,-0.038852,0.1439,0.20094,0.037858,-0.044295,0.21678,0.036223,-0.051193,0.026245,-0.12434,-0.074224,0.0032063,0.37291,0.065778,-0.049159,0.032759,-0.22384,0.12478,-0.081272,-0.13698,0.11651,0.081639,0.25078,-0.1705,-0.077285,-0.082735,-0.10218,0.025159,0.32747,0.010922,0.21546,0.21921,0.082141,0.032604,-0.044535,0.031148,0.48324,0.29967,-0.048306,0.28874,-0.16177,0.20998,-0.062906,0.15648,-0.16879
-0.059908,-0.027947,0.10613,0.084194,-0.12697,-0.072877,0.091246,0.080276,-0.16109,0.011753,-0.061206,-0.023483,-0.0049801,0.24833,0.091042,0.29856,0.017843,0.051145,-0.09183,-0.062714,0.035555,-0.069699,0.025961,0.36267,0.071347,0.24665,0.19356,-0.017141,0.44584,0.17549,0.08317,-0.044453,0.0066069,-0.13013,0.12507,0.60146,-0.25938,-0.0065741,0.058691,0.14759,-0.013739,0.070485,0.070434,0.27128,0.24686,0.16888,-0.079197,-0.049717,0.13632,0.047491,0.22935,0.1423,0.25965,0.12796,0.058842,-0.035668,0.1152,-0.036809,0.037062,0.23018,0.12165,-0.019208,-0.0319,-0.042095,-0.036338,0.0055441,-0.031395,-0.053931,-0.075087,-0.13543,-0.19472,-0.0032172,0.17923,0.42809,0.090884,0.029608,-0.14177,0.25132,-0.25405,0.30912,0.10792,0.052302,0.0077211,0.43158,0.13076,-3.8474e-05,0.14276,0.014239,-0.099169,0.096072,-0.10554,-0.18205,0.59241,0.041708,-0.01927,-0.13527,0.16648,-0.039754,0.02221,0.16627
-0.14684,0.013445,-0.10344,-0.14269,-0.1562,-0.079343,0.29362,-0.0020911,0.45761,-0.12288,-0.078102,-0.029354,-0.096618,0.21254,0.042735,-0.0231,0.30398,0.098143,-0.23599,-0.10994,0.035738,0.32132,0.1821,0.35454,-0.069002,0.12154,-0.073013,0.013812,0.13189,-0.0060964,0.3596,0.32217,0.34591,0.27925,0.24757,0.23282,-0.033502,-0.091728,-0.13242,0.12683,0.039365,0.098731,-0.089891,0.11916,0.043807,-0.077004,-0.054478,0.029053,-0.20091,0.0092658,-0.085865,-0.15409,0.25477,0.27361,-0.09074,0.10817,-0.14571,0.38398,0.13189,0.41521,0.14845,-0.085753,-0.14439,0.075366,-0.094425,-0.041599,0.19394,0.18548,-0.032861,0.045921,-0.070104,-0.17031,0.10736,0.0048657,0.13315,-0.097106,-0.028589,0.056129,-0.11238,0.39661,0.18668,-0.012908,-0.15003,0.12108,0.076163,0.27918,0.12048,-0.086182,0.18187,0.32397,-0.054939,0.13138,0.54086,0.0040095,0.078328,-0.055171,0.27134,0.051106,0.054687,0.11493
-0.030465,-0.086832,0.032228,0.18964,-0.083842,-0.028555,-0.26805,0.076727,0.11191,0.1432,0.17765,0.13146,0.26806,0.070035,0.060183,-0.033595,0.38172,-0.012417,-0.081629,0.24758,0.33269,0.17338,0.22344,0.063012,-0.018179,-0.01964,0.22198,0.027414,0.49159,-0.11143,-0.2303,-0.019129,0.61051,0.048249,0.12583,-0.037701,0.073792,0.14518,-0.1132,-0.048247,0.004539,0.24203,0.0992,0.0032381,-0.0073046,0.059512,0.23241,0.24277,0.069587,0.15534,-0.28189,0.033953,0.20124,0.10985,0.07864,-0.056485,0.20255,0.51036,-0.12438,0.24658,-0.025009,0.010014,0.12026,0.44379,0.11535,-0.11714,-0.24851,-0.10946,0.21068,-0.040532,0.086939,-0.071996,0.0034248,-0.022821,-0.0021568,-0.060523,-0.11461,0.024433,-0.11978,0.03155,0.19927,-0.06942,0.082476,0.1481,-0.12526,-0.060837,-0.065093,0.26872,0.011972,0.32234,-0.15365,0.015796,-0.0034701,0.25667,0.13432,-0.064453,0.057009,-0.012092,0.126,0.078073
0.018789,0.32988,-0.10929,0.50031,0.067924,0.017735,0.11128,-0.0038201,0.39619,-0.19777,0.27043,0.2951,0.041034,-0.20594,0.1007,-0.10178,-0.11096,-0.090239,-0.042234,-0.081081,0.092428,0.36706,-0.062057,0.18281,-0.039352,0.13563,-0.035129,0.12007,0.22823,-0.064442,0.18992,-0.067039,0.075247,-0.022182,-0.2113,0.2012,-0.14595,0.20099,0.00025152,-0.0847,-0.11157,-0.23006,0.16041,0.25017,0.15332,0.24677,0.15259,0.069028,0.082714,0.10774,0.17485,-0.068672,0.33459,0.021066,-0.042341,0.12171,0.083661,-0.062053,0.38229,-0.050593,0.031641,0.15918,0.056359,0.0054677,-0.081448,0.19807,0.21366,-0.031486,0.018553,-0.11198,0.12636,0.18156,0.38785,-0.027689,0.05217,0.0017581,-0.15462,0.11972,0.094665,0.21049,-0.018568,0.049574,0.045031,-0.0068895,0.036986,-0.13534,0.29898,-0.11352,-0.13919,-0.20056,-0.16677,-0.027563,0.36401,0.24068,0.039431,0.013111,0.11325,-0.032616,-0.088741,0.33588
0.11204,0.62366,-0.12489,0.16922,0.36695,0.13302,-0.05779,-0.04323,0.056735,0.10871,0.19008,0.019822,0.19325,0.20271,-0.11745,0.026956,0.06815,0.052507,-0.032345,-0.0098124,-0.059433,0.031136,-0.074865,0.081276,-0.047865,-0.081357,0.18539,0.1182,0.50197,0.10967,0.4054,0.21139,-0.078422,0.042043,0.3411,-0.043779,-0.043257,0.43066,0.14307,-0.24554,0.15376,0.3007,-0.15405,-0.077189,0.30348,0.24436,-0.13542,-0.19938,-0.049713,0.21348,-0.11959,-0.0059027,0.085479,0.016923,-0.16523,0.3068,0.1144,0.15887,-0.19117,-0.028662,-0.0082976,0.15899,0.031664,0.058856,0.038394,-0.090801,0.19218,0.025636,0.037461,0.30284,-0.13785,-0.27715,0.062548,0.42232,0.081622,0.090076,-0.082003,-0.20193,-0.19481,-0.026236,0.072851,0.11821,-0.06816,0.092032,0.10943,-0.11592,-0.086229,-0.14164,0.094514,-0.060276,-0.011377,-0.1195,-0.2504,-0.07165,0.17964,0.18261,0.36305,-0.032753,0.2053,0.084441
0.087086,0.034713,0.17983,-0.018222,0.23844,0.29454,-0.19166,0.062732,0.040251,-0.18051,-0.072022,-0.078018,-0.040418,0.19098,-0.19522,0.39442,-0.10791,0.018075,-0.037982,0.12219,0.072331,0.27814,0.30543,0.20287,0.044214,0.086956,0.086624,0.094305,0.077584,0.17012,0.12356,0.21978,0.23938,0.1642,-0.016754,-0.085364,0.32469,0.04572,-0.14671,-0.096003,-0.11003,0.40553,-0.044383,-0.042033,0.084702,-0.01338,0.10417,0.0035939,-0.086719,-0.18383,-0.085236,0.014554,-0.21084,0.046864,-0.03019,0.0075679,0.17098,0.017455,-0.10522,-0.11574,0.11659,-0.1858,-0.055517,0.20201,0.19421,0.00076685,-0.065045,0.22067,0.022707,-0.14594,0.14839,-0.081834,0.030084,0.10459,0.24959,-0.032657,0.15941,0.13646,0.48271,-0.047419,-0.073052,0.22273,0.20877,-0.212,0.097226,0.027397,-0.01873,0.049551,0.05883,0.28948,-0.0062229,-0.033619,-0.20786,0.28631,0.020499,0.089034,0.14158,0.29978,0.24255,0.036142
0.13578,0.032697,0.12428,-0.090071,0.16091,0.07555,-0.094957,-0.15249,0.17567,0.19117,-0.13248,0.065452,0.14345,-0.038528,-0.07209,-0.14556,0.25453,-0.24802,0.018287,-0.14698,0.1648,0.11863,0.054162,-0.048034,0.088146,-0.034468,0.11179,0.18243,0.078296,0.048382,0.17208,-0.086165,0.30632,0.059697,0.024539,0.033308,0.093884,-0.22027,0.038734,0.11458,0.43802,0.03577,-0.048244,0.051767,0.2759,0.28849,-0.19316,0.10744,0.3016,-0.099982,-0.16829,0.0013854,0.31576,0.073682,-0.24727,0.34511,-0.042885,0.12659,0.079566,0.10184,0.21991,0.18427,-0.062312,0.13602,-0.18365,0.13514,-0.04504,-0.097687,0.017086,-0.076424,0.091599,0.030986,0.040078,0.097737,0.13806,-0.21163,0.14073,-0.029311,-0.12047,0.35153,0.048598,0.028717,0.087582,0.25067,0.041706,0.26964,0.17704,-0.30805,0.087361,0.17501,0.17361,-0.038541,0.14979,-0.17933,-0.17643,0.18499,0.12691,0.028717,0.20772,-0.12241
0.0075155,0.15412,-0.18165,0.14432,0.043792,-0.061704,0.1943,-0.26816,0.11837,0.09997,0.067435,0.09675,0.13128,0.051624,0.016939,0.082007,0.45387,0.15324,0.045805,0.20449,0.18687,-0.050227,0.043721,0.094127,2.7701e-05,0.00096034,0.12283,0.34147,0.073748,0.12797,0.084586,-0.1127,0.10155,0.059316,-0.19319,0.20316,-0.050038,-0.19956,0.083143,0.15384,-0.14569,0.28755,0.037476,-0.044602,0.018425,-0.16408,-0.061313,0.094195,0.15948,-0.046622,-0.037949,0.1558,0.11642,-0.15486,-0.079102,-0.27809,0.23992,-0.22457,0.12598,0.085146,0.12983,-0.134,0.2099,0.090061,0.06863,0.087179,0.029438,0.13422,-0.21573,0.15324,-0.12033,-0.082834,0.17728,0.16749,0.20548,-0.12033,0.061603,-0.14942,-0.027826,-0.12508,-0.11681,0.1093,0.035956,0.20163,0.16765,-0.13998,0.15723,0.06655,0.086195,-0.012564,0.14392,-0.019636,0.21983,0.10489,0.039269,-0.041624,-0.19525,0.19292,0.10632,0.017613
0.19549,0.24508,0.17147,0.20769,0.0084914,-0.14542,0.43629,0.073628,-0.094326,0.18992,0.050131,-0.16126,0.039942,0.039596,0.23565,-0.20382,-0.095228,-0.11313,0.17264,-0.091094,0.075715,-0.063976,-0.053806,-0.047077,0.14308,0.53402,-0.051625,-0.043142,0.2836,0.15735,-0.10066,0.055196,0.0032785,0.38049,0.07744,0.24316,0.014158,-0.13602,0.17354,0.0071719,-0.14947,0.099645,0.38378,-0.12329,-0.03741,0.060233,0.069284,0.0325,-0.06737,0.13096,-0.067085,0.18474,0.15093,0.12055,-0.013522,-0.022928,0.31135,-0.065979,0.27881,0.25698,0.090457,0.085978,0.23703,0.44352,0.031534,-0.15109,-0.051876,-0.095129,-0.039581,-0.18035,0.10125,-0.056729,0.0034097,0.1836,0.011765,0.075989,0.012377,0.051873,-0.007423,0.20306,0.13809,-0.15883,0.35683,0.48444,0.11166,0.22146,-0.069096,0.20611,0.025218,0.10334,0.026259,0.031965,-0.047776,0.10422,0.27513,-0.020153,-0.06606,0.066468,0.18189,0.21996
-0.043644,-0.024943,-0.026135,0.20017,0.21467,-0.11372,0.28856,-0.25091,-0.12535,-0.12767,-0.12439,0.024853,-0.039578,0.081129,0.0088912,0.32572,-0.13909,0.2221,0.3527,0.44095,0.28335,-0.18712,-0.0088331,-0.0052579,0.11754,-0.065196,0.14991,0.2294,-0.059706,0.1288,-0.026532,0.089043,0.31813,0.49954,-0.027867,0.22664,-0.14467,0.18994,-0.14851,-0.11874,-0.022902,0.29477,0.096162,-0.22916,0.32448,-0.16716,0.25637,0.27402,-9.5544e-05,0.078904,0.041749,0.23413,0.14571,-0.10503,0.096966,0.26019,-0.13666,0.034768,0.25257,-0.14883,0.035977,0.26407,-0.10868,0.34395,0.40133,0.009504,0.032117,0.21498,-0.22765,0.071618,-0.19915,0.056248,0.14744,0.15718,0.26138,0.19365,-0.22656,0.16485,-0.021237,-0.1196,-0.066511,0.23686,-0.046397,0.21237,0.072763,-0.025153,0.016112,-0.061436,-0.23881,-0.083935,-0.043949,0.088921,0.2111,0.061344,0.074526,0.2945,0.12415,-0.077232,0.27491,0.099097
0.1161,0.32147,-0.077239,-0.14947,-0.060458,-0.12395,0.31715,0.013905,0.10894,0.098868,-0.11412,0.016754,-0.19731,0.076017,0.046867,-0.16875,0.2236,-0.037362,0.1366,0.12256,-0.24506,0.025365,0.055394,0.29096,0.22555,0.31163,0.21395,-0.069027,0.22429,-0.2263,0.17887,-0.031888,0.1947,0.023288,0.024012,-0.033498,0.27318,-0.093953,0.21402,0.32984,0.20369,0.22808,0.11634,0.31713,0.32552,-0.13914,0.090906,0.15256,0.023435,0.20196,0.32921,0.11609,-0.084936,0.076396,-0.095094,0.23545,-0.029822,0.12402,-0.14826,-0.13616,0.10009,-0.16861,-0.10435,0.075172,0.19612,-0.15959,0.026269,-0.11973,0.078544,-0.26818,0.21924,-0.12443,0.0033538,-0.21733,0.1508,0.029883,-0.034801,0.085424,0.27971,0.056142,-0.046355,-0.076058,-0.024919,0.017934,-0.014978,-0.0066513,0.18673,0.11169,0.092092,-0.097715,-0.054388,-0.092085,-0.05176,0.12434,0.055851,0.3165,-0.20599,0.17236,0.16263,0.030393
-0.20686,-0.023248,-0.077066,0.3094,0.039715,-0.04562,0.010941,0.18342,-0.16508,0.060751,-0.11278,0.011423,0.040648,0.05776,-0.12362,0.39063,-0.086085,0.25248,0.089868,0.59416,0.14971,-0.13337,0.28493,0.086282,0.087715,0.11283,0.054478,-0.0028138,-0.11198,-0.16538,-0.045166,0.048135,0.026477,-0.11513,0.22223,0.19508,0.13425,0.3155,-0.16522,-0.33004,0.20267,0.34366,0.13792,0.094454,-0.057049,0.14746,-0.19966,-0.087495,-0.16063,0.21679,0.38676,0.22649,-0.0043118,0.12754,-0.12011,-0.17569,0.28318,0.14621,0.22605,-0.0037973,0.022537,-0.15574,0.18286,0.25729,0.13328,0.17477,0.068224,0.013276,0.10862,0.16324,-0.023197,0.017095,0.14083,0.059017,0.041309,-0.093172,0.053715,0.14481,-0.040082,0.17965,0.18116,-0.10874,0.11963,-0.0088239,0.034782,-0.11186,0.22909,-0.096734,-0.053037,-0.092488,-0.09831,0.35259,0.30357,0.10048,-0.024263,0.14306,0.046592,0.12397,0.049737,0.13813
0.14996,0.056314,-0.085297,0.34575,0.33946,0.12608,-0.048614,0.081406,0.040561,-0.0068643,0.16886,0.26421,0.017356,-0.23082,0.0022457,-0.013517,-0.086263,0.25287,-0.064303,-0.057713,-0.1601,0.055418,0.22987,-0.096577,0.0095345,0.075075,-0.10699,0.37636,0.090598,-0.019483,-0.037456,-0.15235,0.20737,0.35276,0.14016,0.28594,-0.20604,0.030304,0.036912,0.10516,0.11824,0.25103,0.089463,-0.28167,0.10155,0.062425,-0.033935,0.19967,0.17723,0.068947,0.23223,0.21996,-0.10864,-0.046247,0.22767,0.16299,-0.01878,-0.20211,0.18273,-0.077041,-0.090008,0.13335,0.077581,-0.10717,0.084929,0.15178,-0.14441,0.31557,-0.10051,-0.043538,0.12191,-0.13161,0.019659,-0.099807,0.23916,0.063264,0.12959,0.18016,0.23252,0.089776,-0.035478,0.19834,0.1944,0.00079999,0.065305,0.37035,-0.10518,-0.11174,0.051972,-0.0087171,0.10316,0.14144,-0.020121,0.031334,0.018094,-0.10889,0.032017,-0.033301,0.021125,0.21669
0.16509,-0.12504,0.31386,-0.10145,0.14458,0.11597,-0.14456,-0.10128,0.13636,0.16588,0.11218,0.17284,0.016641,0.12715,0.045122,0.028709,0.054855,0.24035,0.058556,-0.053701,0.020032,0.13058,0.11803,0.177,0.076844,0.071222,0.13814,-0.004808,0.31727,0.30601,-0.2814,0.19402,-0.067533,0.12441,-0.042703,0.075991,0.17601,-0.078619,-0.22575,0.09979,0.33857,0.2225,0.26021,-0.11163,0.37922,-0.11919,-0.0068971,-0.096712,0.043404,0.021055,-0.018109,0.13266,-0.16917,-0.030164,0.11109,0.010512,0.40379,0.27393,-0.22479,0.064803,6.5553e-05,0.098756,0.18574,-0.010045,0.047784,-0.19613,0.050227,0.048638,0.086057,0.095507,0.040132,0.090425,0.27963,0.37759,-0.15723,-0.019014,0.32759,0.011914,0.31323,-0.075587,-0.14304,0.11729,0.18259,-0.04066,-0.079356,0.05386,-0.058897,-0.29729,0.12033,0.0043073,-0.080291,-0.16842,0.6002,-0.089676,-0.03137,-0.076552,-0.031642,0.15044,-0.19599,0.58072
0.013285,-0.018763,0.1837,-0.087607,0.14127,0.13242,0.2249,0.038513,0.19041,-0.23339,-0.024961,0.10048,0.21087,-0.091841,0.082624,-0.15674,-0.095286,-0.12444,-0.14163,0.032249,-0.040212,0.042958,-0.14678,0.0016988,-0.081135,-0.069597,0.19901,0.23333,-0.076777,0.36701,-0.038857,-0.064555,0.082545,0.29487,-0.053147,0.20645,0.0089719,-0.0094749,0.0031051,-0.024134,0.32514,-0.12733,0.02056,0.015953,0.024273,0.046915,0.018778,0.071363,0.45499,-0.13387,-0.0046654,-0.1165,0.028988,-0.094006,-0.10576,0.054931,0.5993,0.13542,0.24743,0.025717,0.2371,0.11675,0.29997,0.2327,0.11013,0.41674,-0.020632,0.21273,-0.011165,0.16688,-0.15257,0.17961,-0.13109,0.1175,0.023249,0.21022,-0.11973,0.31435,-0.15555,0.1993,0.31794,0.18269,-0.09163,0.15002,-0.12625,-0.30705,-0.041172,0.022482,-0.026793,-0.10919,0.1126,0.20202,0.14352,-0.032187,-0.064879,-0.23455,0.096019,0.22583,0.25125,0.083182
0.088344,0.16604,0.27382,-0.020697,0.020762,0.16043,0.15948,0.0052165,0.10139,0.18343,0.079267,-0.15033,0.015358,0.2505,-0.07098,0.14412,-0.23117,0.37876,0.25699,0.083742,-0.11586,0.56701,-0.083227,0.20958,0.13348,0.014771,0.23284,0.18774,0.1127,0.024913,0.39173,0.17008,-0.077307,-0.048907,-0.15272,0.12782,-0.038352,-0.051795,-0.017871,0.092941,0.22534,-0.0035128,-0.28025,0.20062,0.18473,-0.071978,0.33617,0.17181,-0.19685,-0.084985,0.32689,0.00087304,-0.22502,0.1342,-0.060141,-0.036269,-0.036016,0.20261,-0.028399,0.20651,-0.076494,-0.10321,0.33266,-0.19313,0.11022,0.032784,0.031527,-0.07604,0.0059624,0.0027666,0.026436,0.039543,-0.11415,-0.031931,0.22416,0.19731,0.10741,0.045445,-0.16303,-0.23672,-0.090846,-0.1154,0.061076,0.42179,0.14718,0.055594,-0.16451,0.045142,0.43,-0.051135,-0.11236,0.26258,-0.10234,-0.14833,-0.035771,-0.22258,0.092623,0.04151,0.11135,-0.00048841
-0.011511,-0.10309,0.33056,-0.15049,-0.034587,-0.16756,0.19745,0.053367,0.27906,0.1068,0.028401,0.23185,0.043992,0.11482,0.34126,-0.15971,0.030191,0.22498,0.31698,-0.16994,-0.16161,0.26914,0.283,0.088568,0.25611,-0.11357,0.30036,0.29164,0.14249,-0.13505,0.10034,0.072836,0.066323,0.083452,-0.11872,-0.064826,0.26521,0.049057,0.011095,-0.04166,0.10703,0.38138,-0.06182,0.055854,0.072923,0.032063,0.07944,-0.089342,0.080545,-0.026139,-0.15826,0.11723,0.22691,-0.058231,0.00076189,-0.14172,0.14873,-0.017577,0.04852,0.3056,0.025844,0.18764,-0.094078,0.13868,-0.050104,0.2244,0.12873,-0.041673,0.085423,-0.24107,0.16975,0.15941,0.073765,0.08085,-0.21222,-0.043196,0.16661,-0.17018,0.046876,0.068081,0.23765,-0.068243,0.33792,0.057737,-0.082212,0.35238,0.11313,0.12789,0.37614,-0.010731,0.048158,0.05397,-0.098033,-0.1615,0.23921,-0.11044,0.039572,-0.032624,0.18845,-0.097966
-0.091054,0.034932,0.12892,0.32416,0.045737,-0.0046554,-0.03388,0.15329,0.1955,0.11169,0.16792,-0.26801,-0.065602,0.17267,0.1908,0.29755,-0.0095023,-0.043545,-0.1106,-0.17945,0.04988,0.046564,0.26115,0.21026,-0.052543,0.10038,0.062718,-0.012561,-0.070996,0.2591,-0.21968,0.30016,0.019081,-0.066724,0.35955,0.28827,0.13097,0.037773,-0.049213,0.14702,-0.00038232,0.11305,0.07426,0.5357,-0.055374,-0.11253,0.15237,-0.11013,0.4185,-0.021722,-0.030565,0.10691,-0.049666,-0.061134,-0.091315,-0.013729,0.065151,-0.13875,0.49358,0.050131,0.11794,-0.067302,0.035592,0.10844,0.090303,0.30438,-0.082326,0.082324,0.16136,0.027468,0.14828,0.20284,-0.084696,0.37038,-0.011328,0.10346,0.22959,0.043762,-0.0862,0.4076,0.0016554,0.071768,0.39026,0.054342,0.094028,0.030716,-0.037283,0.070292,0.067302,-0.023176,-0.07068,0.014802,-0.056455,-0.034632,-0.22935,-0.1624,-0.16673,0.1494,-0.062661,0.14174
0.17357,0.12143,-0.21907,0.058986,0.34028,0.23096,-0.13818,-0.18563,0.15812,0.2687,-0.030971,-0.041298,0.13482,0.21674,-0.07815,0.17273,0.099813,0.097125,0.12225,-0.071363,0.12325,-0.015633,-0.06882,0.039284,0.080035,0.10761,0.061751,0.11553,0.18393,0.0086194,-0.037494,0.2579,0.1092,0.099946,0.056683,0.0082155,0.047865,0.015883,-0.17021,-0.10374,0.17419,-0.075159,0.10695,0.32664,-0.10547,0.34334,0.07743,0.12224,0.037224,-0.081473,0.019844,0.092442,-0.12978,0.015597,0.10956,-0.13237,0.078525,0.066846,-0.10065,0.37767,0.204,0.25734,0.19205,0.13076,-0.1049,-0.079244,-0.071404,0.083212,0.034659,-0.0094321,0.067143,-0.15536,0.11968,0.13977,0.074362,0.16554,-0.12331,0.12569,0.22007,-0.23247,0.060207,-0.022747,-0.057376,-0.090536,0.035245,0.015161,0.30236,0.083582,0.13043,-0.013061,-0.20629,0.1477,-0.047329,0.31914,0.071239,0.091049,-0.072322,0.14799,0.028159,0.1798
-0.012117,0.11631,0.14224,0.081858,0.19315,0.24491,-0.17596,0.067892,-0.19324,0.13384,-0.060893,0.17926,0.053247,0.026079,-0.099091,0.26308,0.098539,0.13246,-0.2599,-0.086541,0.16516,0.22576,-0.011847,0.13383,-0.12562,0.41948,-0.034919,0.075551,0.0096997,0.22565,0.29488,-0.24231,0.033616,0.038796,-0.17039,0.38552,0.3004,-0.12033,-0.048217,0.036204,0.144,0.27717,0.34671,0.0058893,0.048178,0.01461,-0.25169,0.15411,-0.24765,0.24389,0.023593,0.041065,0.11427,0.033811,0.10511,0.2304,0.0086842,-0.075055,0.07126,0.47588,0.027704,0.028885,-0.079521,-0.058498,0.044782,0.21907,-0.021522,0.12538,-0.003528,-0.0015429,0.22322,0.32662,-0.017454,-0.091574,-0.093403,-0.24261,0.095983,0.18758,0.077357,0.29116,-0.056708,0.2354,0.11992,-0.080042,-0.017621,0.29681,-0.23906,-0.10657,0.098641,0.20618,-0.087984,0.19453,0.057247,-0.019635,0.2013,0.059305,0.052632,0.016205,0.12938,0.11521
0.12849,-0.033721,0.23825,0.44947,-0.076391,0.36766,-0.11889,0.12053,0.034197,0.16313,-0.061448,-0.031007,0.18434,0.27627,0.18704,-0.056799,-0.3573,0.052483,0.26179,-0.055784,-0.22602,0.33405,-0.061215,-0.042897,0.12875,0.048123,0.030942,-0.27195,-0.1934,0.36021,0.03074,0.16655,0.13281,-0.11717,0.089445,0.060106,-0.064879,-0.010819,0.25576,-0.14482,0.63896,0.05733,-0.12664,0.21048,0.39172,-0.1245,-0.15635,0.074987,0.26729,-0.14937,0.49489,0.12861,0.025197,0.35504,-0.096949,0.00028172,0.48438,0.27308,0.27287,-0.020424,0.042357,-0.23041,-0.12674,-0.097729,0.12618,0.18595,0.21348,-0.16908,0.37578,0.081457,-0.036571,-0.11874,0.12125,-0.084828,0.034051,-0.15559,-0.089735,0.019241,0.10321,0.15297,0.10616,0.13081,0.14277,0.061367,0.11535,-0.054481,0.092817,-0.10768,0.12769,0.22626,-0.16436,-0.047833,0.11132,0.20119,0.10401,-0.089898,0.12924,-0.016931,-0.06441,0.1453
0.3336,0.039365,-0.28996,0.0014251,0.012748,-0.045992,0.11074,0.15481,0.013455,-0.0033514,0.36433,0.084808,0.51084,0.044058,0.11413,-0.093126,0.109,-0.18777,0.35155,0.10892,0.013728,0.15746,-0.042784,0.17418,0.10898,0.37648,0.1236,0.35148,-0.14754,0.10921,0.14488,-0.15345,0.20297,0.12169,0.088578,0.078629,0.24381,0.30654,0.18246,0.31869,0.47349,0.32157,-0.045991,0.099457,-0.038716,-0.13283,-0.080815,0.046138,-0.13302,-0.015842,0.15722,0.14259,-0.11271,0.0063353,0.2118,-0.23051,0.024091,-0.0057557,-0.072849,-0.19103,0.036243,0.14161,0.057477,0.10667,-0.0055133,0.56313,-0.33944,0.11912,-0.059415,-0.013581,-0.18273,0.19945,0.13078,0.25045,0.095558,-0.089246,-0.081509,0.32595,0.036188,0.020352,0.23094,0.025676,-0.017705,-0.12969,0.10337,-0.082255,0.061102,0.1695,-0.0046098,0.077679,0.052899,0.079127,-0.10069,-0.16029,-0.00030528,0.21591,0.50183,0.068862,0.13001,-0.00089491
-0.14697,0.0024518,0.10526,0.33818,-0.11691,-0.21288,0.14186,-0.2667,0.25232,-0.15379,-0.077475,-0.085649,0.0049305,0.12794,-0.071039,0.10368,0.24879,-0.06878,0.1156,0.30092,0.27876,0.17531,0.3362,-0.097697,-0.083949,0.0049725,0.21559,0.39614,-0.044718,-0.1278,0.10208,0.13334,0.087769,0.75831,-0.33959,0.036285,0.12051,0.044879,0.15241,0.044999,-0.023479,-0.11377,0.15284,0.19801,0.2188,0.06796,0.047811,0.16472,-0.049281,0.041974,-0.24653,0.30131,-0.19305,-0.14603,0.17061,0.070685,-0.13119,0.080562,0.2542,-0.21683,0.27736,-0.13117,0.22637,0.022441,0.17832,0.1485,0.15614,0.15243,0.066829,0.0032512,-0.018885,0.074937,-0.018273,0.25906,0.10539,0.21458,0.032396,0.016584,-0.15502,0.073292,0.015001,0.68576,0.031211,-0.042432,0.2381,0.19386,0.18967,0.20447,0.088425,0.15906,0.073362,-0.14302,0.037581,0.29892,-0.019515,-0.073752,0.081163,0.46275,-0.050569,0.14992
0.20555,0.12102,0.50632,0.34841,0.0090803,0.057824,-0.013981,-0.16572,-0.1123,-0.03807,-0.13504,0.16757,0.036769,0.03934,0.16877,-0.056551,-0.034611,0.089305,0.63281,0.29097,0.2514,0.18344,0.085713,0.24209,0.010728,0.38036,0.062766,0.039104,-0.04499,-0.018698,0.12565,0.20825,0.40147,-0.056469,0.12415,0.11162,0.03993,-0.094176,0.067493,0.064557,0.029438,-0.025935,0.0022378,-0.1559,-0.092926,-0.12163,0.67281,0.25477,0.23943,0.095181,0.063738,-0.11842,-0.090155,-0.032147,-0.10785,-0.2775,0.14166,0.25778,-0.20501,0.020729,0.092999,-0.097695,0.25438,-0.15371,0.18533,-0.15863,0.34934,0.4221,0.078994,-0.096781,0.19396,0.19009,0.089678,0.036808,-0.19527,-0.11621,-0.16231,0.093917,-0.19859,-0.017425,0.059439,0.036067,0.038303,-0.043884,-0.16677,0.23594,-0.080293,0.028999,0.049225,0.037829,-0.029286,0.067982,0.13929,-7.4245e-05,0.21063,-0.087021,0.053874,0.079186,-0.05721,-0.13658
0.45655,-0.027508,0.24689,0.2709,0.32218,0.3121,0.037546,0.38048,-0.093407,0.10162,-0.16334,-0.11107,0.077898,0.17662,0.097478,0.083061,-0.1507,0.12054,0.13163,0.37108,0.11511,-0.0072516,0.23825,0.14492,0.15418,-0.12669,-0.070195,0.15048,0.043289,0.2138,-0.0093585,-0.15926,0.089422,0.05204,0.015132,0.034326,-0.036921,-0.037516,-0.10801,0.24812,0.18751,0.028414,0.24066,0.030412,0.29703,0.066924,0.053654,0.17697,-0.098329,-0.045935,0.24528,0.04323,0.21322,0.069129,-0.086397,-0.1088,0.056009,0.26851,0.20316,0.075413,0.044563,0.11361,-0.046052,0.35227,0.095569,-0.015266,0.30835,0.23006,-0.17699,0.053353,-0.030504,-0.079569,-0.20599,0.10946,0.15037,-0.0091458,0.18939,0.40309,0.064501,0.14251,0.12156,-0.045345,0.021869,0.16891,-0.20954,-0.088388,0.29459,-0.2154,0.2161,-0.057701,-0.058727,0.00020214,0.019551,0.11718,-0.18008,0.18737,0.0055611,0.21381,0.028815,-0.10843
0.10341,0.082584,-0.083004,0.028633,-0.060856,0.21084,0.11894,0.0032182,0.18817,0.15117,0.28509,0.11473,0.049003,0.29623,0.29224,0.097495,0.28943,0.092608,-0.07024,0.11349,0.30894,0.14552,0.070066,0.30559,0.0037459,-0.24488,0.20232,-0.0041237,-0.049591,0.055465,-0.13361,0.043437,-0.3398,0.071238,0.035136,-0.0071445,0.11338,-0.014529,-0.061283,-0.11591,0.034444,0.40768,0.019799,0.007327,0.14148,0.36654,0.0074326,0.038368,-0.024812,-0.068544,0.30659,0.2667,-0.10609,0.1533,0.0021203,0.44385,0.13574,-0.12448,0.25572,-0.018432,-0.11372,0.051172,-0.09838,0.18674,-0.071179,-0.15566,-0.073752,0.088728,0.10305,0.25378,-0.21666,-0.20339,0.01407,0.017351,0.033977,-0.065167,0.028389,0.22909,-0.099836,0.24416,0.17835,0.0076224,0.056708,-0.14339,0.2004,-0.06123,0.083325,-0.13704,0.20156,0.29566,-0.11737,-0.013961,0.083685,0.095436,-0.16432,0.10008,-0.13914,0.32722,0.10359,-0.0092687
-0.020588,0.054546,-0.015799,-0.22024,-0.010722,-0.10666,0.082959,0.035727,0.044032,0.28843,0.0043163,0.092406,-0.058099,-0.25757,0.074404,0.15718,0.2032,0.0051435,0.16744,-0.22525,0.19915,0.066732,0.21049,-0.077804,0.031631,-0.072397,0.14479,0.070517,0.013898,0.0086299,-0.11358,-0.10901,0.08565,-0.13189,0.33759,0.16398,0.14468,0.25373,0.042369,0.02546,0.12411,0.24459,-0.07903,-0.10107,-0.17526,0.20828,0.54499,0.079968,-0.10089,0.28759,-0.10822,-0.086492,0.056484,0.091418,0.031207,0.063231,0.38355,-0.06474,-0.21926,-0.052493,0.07662,0.03257,0.17746,0.012084,0.090525,0.27174,-0.13382,-0.12917,0.11221,0.058757,0.30992,-0.19622,0.1777,0.20419,-0.18454,0.12504,0.21143,-0.013322,0.10179,0.19908,0.24644,0.73101,0.14496,-0.045329,0.16954,0.21346,0.28901,-0.11629,0.30191,-0.16433,0.08741,0.027838,-0.20555,0.16413,-0.033649,0.25254,-0.15168,0.10801,-0.0012085,-0.1845
0.028374,0.25475,-0.089515,0.17159,-0.013195,0.14408,-0.31069,0.41236,0.090825,0.0088579,0.0021568,0.022023,-0.1273,-0.062346,0.14468,0.1168,0.16405,-0.012217,-0.062241,0.10567,0.18065,0.024418,0.21301,-0.081898,0.33008,-0.21742,-0.090423,0.04597,-0.078665,-0.040114,0.1792,0.023701,0.24452,0.0895,-0.14285,0.088209,-0.086094,-0.10941,-0.091623,0.045267,0.30206,0.096129,0.098484,0.23997,0.083783,-0.026739,0.082991,0.050646,-0.046438,0.068814,0.41469,-0.19118,-0.14441,0.068783,0.35871,0.0048927,0.073096,0.037745,-0.18722,-0.062269,0.25243,-0.092112,-0.15916,0.16412,-0.0202,0.02034,0.18061,0.27048,0.22725,0.31778,0.096864,0.066119,0.043467,-0.096269,0.16404,0.084632,0.31769,-0.12601,0.19112,0.015632,0.090063,-0.096979,0.16821,-0.15651,0.077898,0.24294,-0.018374,-0.18938,-0.050402,-0.023222,0.022421,0.039053,0.25936,0.41668,0.45201,0.11178,0.31213,0.61932,0.19624,0.14219
0.023517,-0.0014993,-0.10882,0.23803,-0.19944,-0.15628,0.14083,-0.009342,0.37311,-0.15027,0.0045919,0.039365,-0.18701,0.42617,0.36662,0.041143,-0.13577,0.27592,-0.13299,0.15481,0.1113,0.17656,0.071129,0.20021,0.16126,-0.0026173,0.079494,-0.089527,-0.042533,0.067742,-0.076005,0.16599,0.18097,0.42265,0.0037117,0.067288,0.18099,0.24063,-0.053534,-0.019685,0.2658,0.14449,0.10213,0.35927,0.16317,0.11913,-0.043494,-0.045073,-0.02662,-0.0098636,-0.10705,0.078284,-0.10095,-0.042005,-0.064914,-0.0085688,-4.2788e-05,-0.059246,0.19089,-0.080527,0.070535,-0.1364,-0.15898,0.092616,0.28397,-0.023019,-0.16231,0.14765,0.074346,0.43155,0.13093,-0.015681,0.51644,0.14254,0.15236,0.1176,-0.002051,0.33277,0.31261,0.0042399,0.15507,0.14518,-0.16843,-0.16102,0.0853,-0.00062365,0.40332,0.055546,0.032693,-0.081305,0.047132,0.25344,0.25812,0.054222,0.029965,0.028961,0.23314,-0.16745,0.3653,-0.066029
0.10202,0.25418,0.21317,-0.045856,0.19373,0.078991,0.070535,0.26137,-0.10562,-0.13457,0.22313,-0.075586,0.41075,-0.13342,-0.016855,0.27339,-0.0026816,0.13714,-0.18832,0.10596,-0.03598,-0.11888,0.10538,0.1327,0.1178,-0.0027672,0.016151,0.093284,0.12768,0.36602,0.059457,0.036455,-0.072349,0.019027,0.097575,0.40169,0.10086,-0.1551,0.048817,-0.247,0.26136,0.38971,-0.041489,0.029194,-0.038818,0.23089,-0.060642,0.2051,-0.060341,0.27208,0.09031,0.27802,-0.10754,0.27527,-0.084099,0.012088,-0.13604,-0.09699,0.18283,0.28369,0.064248,0.15462,0.36657,-0.04782,0.39677,0.077739,0.05824,0.33566,0.022605,0.066382,-0.20221,-0.11792,0.092599,0.099566,0.16539,-0.13706,-0.076726,0.24222,0.18332,0.037336,-0.09877,0.20237,-0.047193,0.1859,-0.1645,-0.039639,-0.0072717,0.14611,-0.049585,-0.02649,0.14989,0.19646,0.063333,0.3864,0.18697,0.19226,-0.20891,0.26842,-0.025055,-0.11256
-0.16026,0.29564,0.068471,0.37456,0.10405,0.077242,0.21711,-0.088109,0.084703,0.15915,0.15691,0.025757,0.23189,0.15433,0.52348,0.040732,0.057722,0.008639,0.15835,0.099811,-0.087225,0.037885,0.15622,0.27039,0.12581,0.12264,0.36673,-0.04881,0.082535,-0.039417,-0.0050984,0.0083768,0.064299,0.021393,0.32937,-0.13338,0.054914,-0.076173,-0.13139,0.10956,0.35209,-0.013895,0.15835,0.44003,0.026327,-0.19713,0.4835,0.085003,-0.11425,0.073484,-0.010806,0.06228,0.22254,-0.086687,-0.0042242,0.164,-0.11854,-0.085606,-0.0074395,0.26717,-0.10137,0.1681,0.095093,0.037772,0.32715,-0.057127,-0.028549,0.17236,-0.017969,-0.0142,0.054488,0.040404,-0.14472,0.11438,-0.098465,-0.038581,0.19452,0.085184,0.012736,0.081648,-0.048929,-0.091448,-0.036425,0.19794,0.37849,0.15193,0.2528,-0.011085,0.025252,0.085064,0.061253,-0.22129,0.27598,-0.075166,0.039282,-0.17617,0.040353,-0.052278,-0.0356,0.07073
0.11393,0.037226,0.10428,-0.24381,0.17822,0.1258,0.16924,-0.13941,0.30316,0.33628,0.011756,0.18309,0.047418,-0.035554,-0.14486,0.077956,0.053599,0.11599,-0.20898,0.20915,-0.0081035,0.040627,-0.14156,0.012673,0.022811,0.15032,-0.083756,0.13415,-0.00063329,0.20299,-0.043712,0.48927,0.03061,-0.17936,0.1896,0.24352,0.14943,0.07532,-0.077383,-0.028673,-0.20696,0.12785,0.096612,0.155,0.44743,-0.11093,0.24581,0.033158,-0.11319,0.31837,0.1857,0.1703,0.2061,0.040592,-0.047309,0.24375,0.00014959,0.027141,-0.2529,0.15282,0.1724,0.12173,0.036038,-0.13627,-0.077753,0.088153,0.033828,-0.052057,0.21076,0.06537,0.19002,0.22376,0.0256,-0.026106,0.0044141,-0.02167,0.45609,0.11726,0.25878,0.19917,-0.19493,-0.088329,0.083165,-0.10154,0.43666,0.31351,-0.10308,-0.021323,0.10335,-0.14206,0.25537,0.035754,-0.0088103,-0.072198,0.12156,0.47958,0.12616,0.029465,-0.23863,0.13726
0.026692,0.12351,0.15671,0.4481,0.031465,-0.17794,-0.018941,0.080195,0.16358,-0.14488,0.093241,0.031783,0.35899,0.10506,0.011141,0.32953,-0.051613,0.025493,-0.16584,0.089532,0.2878,-0.023068,-0.045097,-0.13684,0.20468,0.18377,-0.011908,0.026709,-0.0066139,-0.060206,-0.015129,-0.14007,0.0026468,-0.013394,-0.099194,0.27708,0.37812,0.043815,0.25559,-0.12302,0.36283,0.18837,0.052594,0.029182,0.11209,0.025286,0.093975,0.12477,0.15324,0.025244,0.066573,0.078751,0.23167,-0.11539,0.12413,-0.12707,0.23219,-0.095737,0.030708,0.23569,0.10457,-0.24584,0.29174,0.43129,-0.097555,0.17542,0.072415,0.22263,0.10073,0.24211,-0.010664,0.23684,-0.088104,-0.20473,0.0195,-0.069013,-0.039793,0.078232,-0.055042,0.26914,-0.0053622,0.11435,0.34208,-0.041357,0.075082,0.069816,0.020479,0.2093,0.087641,-0.040825,0.26038,0.20316,0.0059997,0.10028,-0.031878,0.042615,-0.16065,-0.022039,0.077566,0.050868
-0.10369,-0.14994,0.029063,0.031719,0.16416,0.14397,0.037597,-0.05432,-0.023568,0.08483,-0.10455,0.093089,0.16471,0.052403,0.30208,0.17643,0.19113,0.30193,-0.23015,-0.063066,0.13518,0.073705,0.00035962,0.034359,0.15567,0.1961,-0.034071,0.20802,0.21511,-0.23186,0.12228,0.024627,0.10009,-0.24445,-0.041816,-0.11693,-0.016251,-0.033132,0.017369,0.026863,0.37416,0.14043,0.12152,0.36289,-0.12675,-0.15058,0.042039,-0.08535,-0.16443,0.23854,0.18526,0.065529,-0.11759,-0.02161,0.1098,-0.018658,0.01304,0.2342,0.19505,-0.012442,-0.13422,0.10382,-0.017472,0.062125,0.069976,0.086346,0.013097,-0.05814,-0.14727,-0.0048102,0.19132,0.061477,0.019934,0.17517,0.12897,0.069551,-0.074989,0.30217,0.12344,0.12034,0.50113,0.34542,0.06568,0.10993,0.00071912,-0.018404,0.0041558,0.2546,0.42041,0.14178,-0.08909,0.15695,0.074271,-0.051557,-0.12449,0.043284,0.21576,0.21239,0.1883,0.24207
0.23794,-0.24648,-0.054332,-0.028539,-0.049997,0.10913,0.086833,0.05426,0.15592,0.066565,-0.037351,0.033191,0.15492,0.052679,0.1531,-0.15012,-0.017573,0.35377,-0.12676,-0.077681,0.33031,-0.1275,0.20416,0.081767,-0.068717,0.33107,0.22135,-0.1135,0.1382,0.32563,0.019305,0.23396,-0.012372,-0.16548,0.27189,0.14394,0.060188,-0.016087,-0.19427,0.25217,-0.052229,0.037959,0.41076,-0.10265,0.13518,-0.0017591,-0.10579,-0.052587,-0.01353,0.39777,0.24283,0.29747,0.16325,-0.16366,0.15863,0.28204,0.18679,-0.076246,0.04918,-0.096564,0.26862,0.16096,0.007244,-0.17471,0.070457,-0.083248,-0.085996,-0.0031938,-0.054044,0.083581,0.076879,0.29622,-0.089361,0.38529,-0.08528,0.20372,0.14489,0.25709,0.063482,0.11186,0.10648,-0.2251,-0.203,0.060849,-0.092934,-0.092266,0.60275,0.0048071,-0.055906,-0.027588,0.051044,0.11901,0.086786,0.010935,0.027542,0.25798,0.052059,0.052797,0.15007,0.088176
-0.18223,-0.085964,0.064832,0.24119,0.034698,0.24483,0.021398,-0.0022091,-0.0098769,0.24905,0.20127,-0.027364,0.08167,0.13179,-0.024844,0.31655,0.051919,0.20173,0.17359,-0.061659,-0.20943,0.062835,0.17151,0.19469,0.5325,-0.16123,-0.074155,0.081343,0.36938,0.13079,0.15389,0.10785,0.43923,0.023525,-0.10945,-0.01598,0.37244,0.20191,-0.035059,-0.14975,0.008728,-0.028426,-0.15522,-0.056415,0.22667,-0.1877,0.079129,0.13,-0.014688,0.010558,-0.066602,-0.048171,0.12495,0.37439,-0.032188,0.13574,-0.036345,-0.20187,0.22854,-0.27044,0.031309,-0.030023,0.10226,-0.048705,0.3189,-0.066263,0.065734,0.073057,0.064196,0.019047,0.27585,-0.042314,0.076084,0.28463,0.0057849,-0.10427,0.040624,0.22893,0.13189,-0.14527,0.045295,-0.0011299,0.20943,0.21655,-0.099713,0.006471,0.24158,0.029,-0.067465,0.041269,0.23251,0.3063,0.045938,0.084143,-0.15406,0.073026,-0.025125,0.23084,0.053242,0.065778
0.20066,-0.11978,0.097632,0.12484,0.033148,-0.069119,-0.17391,-0.054793,0.028348,-0.078565,0.05373,0.0035782,0.089234,0.059619,0.058544,-0.0011926,-0.36855,0.038026,0.11713,0.097155,0.052829,0.26987,0.16186,0.10077,0.12173,-0.14967,0.14797,0.14882,-0.12769,0.29666,-0.0030957,0.207,-0.21602,-0.080284,-0.16975,0.13047,0.22801,-0.11679,0.049976,0.058799,0.07864,0.13987,0.0077967,0.13809,0.14662,0.15453,0.06875,-0.038234,-0.041475,0.066595,0.28926,0.25648,-0.051835,0.13101,-0.16397,0.2186,0.080884,0.16567,-0.24617,0.24602,0.26022,0.1161,-0.17128,0.24575,0.18548,0.11567,0.32035,-0.038241,0.01094,0.14266,-0.17286,-0.15462,0.22534,0.03116,-0.11837,-0.11512,-0.018742,-0.185,-0.020688,-0.027663,-0.070469,0.13337,0.1834,0.24242,0.22558,-0.066638,0.0067541,0.20993,0.0018464,-0.030383,0.088353,-0.023477,0.14267,0.13227,-0.020173,0.018786,0.09797,-0.029748,-0.063194,0.10044
0.012214,0.24471,-0.17465,0.13945,0.34183,0.34837,0.46264,-0.095588,0.1377,-0.15705,0.20765,0.074395,0.090994,0.27176,0.080317,0.053742,-0.089776,0.1106,-0.10097,0.087932,0.12509,-0.066263,0.057586,0.28565,0.43415,0.02387,-0.041,0.053286,0.42587,-0.026684,0.21186,0.23307,0.040733,0.24951,0.1974,-0.03113,0.098837,-0.082918,0.010711,0.10796,0.46483,-0.11445,0.073577,0.073259,0.25271,-0.17001,0.33863,0.10116,-0.11219,-0.014747,0.046199,0.069827,0.11221,-0.062298,0.1715,0.14708,0.052777,-0.097427,0.089314,0.093395,-0.22681,0.069309,-0.11367,0.11321,-0.022971,0.083128,0.11229,-0.10368,0.32002,0.092232,0.054367,-0.0023884,0.16141,0.0099806,-0.082166,0.138,0.21061,-0.16756,0.16206,0.17199,-0.17878,0.21959,-0.064386,-0.026564,0.44238,-0.087304,0.11505,0.017513,0.05134,0.063793,0.15664,-0.001381,-0.075696,-0.0037387,0.19621,0.16578,-0.060165,-0.15431,0.48814,-0.12254
-0.066787,-0.14772,-0.21636,0.13455,0.23984,0.067107,0.43897,-0.16217,-0.10596,-0.18016,-0.0054382,0.51529,0.080683,-0.00057495,0.07048,0.024066,0.25187,-0.0099521,-0.065194,-0.16326,0.22111,0.07311,0.11488,0.19035,0.13412,0.27522,0.090697,0.069853,0.14256,0.22709,-0.054102,-0.16519,0.31035,-0.068884,-0.065863,0.17267,0.020549,0.029959,-0.03227,-0.097419,-0.0046355,0.054404,0.094773,0.020217,-0.17827,-0.065342,0.1325,0.24569,0.16532,0.41566,-0.083852,0.021936,0.20721,0.18511,-0.033539,-0.099925,0.19249,0.31548,-0.10631,0.27133,0.096175,0.44284,0.32952,-0.048144,0.56893,-0.047648,-0.1973,-0.13031,0.11767,0.055335,-0.025799,0.33094,0.074056,-0.09371,-0.08126,0.095862,-0.085295,0.020778,-0.19933,0.03077,-0.062612,0.063149,0.15775,0.32638,0.42994,-0.10295,0.025634,-0.011266,0.010768,0.44859,0.17546,0.22782,0.13241,0.19961,-0.024745,0.073842,0.0018489,0.1095,0.10589,-0.10988
0.097413,0.31333,0.53221,0.12881,0.039414,0.043225,-0.10762,0.11029,0.14667,-0.024361,0.028028,-0.075607,-0.1297,-0.12939,0.00968,-0.0073286,0.058753,-0.066465,-0.11042,0.31503,-0.062786,-0.14157,0.13413,0.075528,0.070753,-0.010291,0.40008,0.15947,-0.047752,-0.028949,0.046371,0.076014,0.11753,-0.097167,0.23655,0.082436,0.52414,-0.14253,0.29013,0.15281,0.075426,0.26261,-0.01144,0.15253,-0.058188,0.12357,-0.099039,0.10495,0.01777,0.14209,0.32326,0.22112,0.085648,0.25774,0.20676,0.13037,-0.091246,-0.020631,0.087741,-0.12331,0.05831,0.15837,0.21758,-0.052772,-0.026136,0.20118,0.34985,-0.17901,0.064988,0.41898,0.21019,0.10574,-0.040785,0.19761,0.20339,0.062175,0.22696,0.020656,-0.14195,0.05075,0.097135,0.20876,0.15916,-0.069829,0.074786,0.15096,-0.088334,0.37302,0.040244,0.16284,-0.073579,0.11704,0.13152,-0.23576,-0.16764,-0.051937,0.17128,0.078829,0.041581,0.24919
0.23967,0.16705,0.10145,0.040269,0.028005,-0.12511,-0.043187,-0.096323,-0.071484,0.34068,-0.10448,0.10424,0.37061,-0.051979,0.29856,0.50547,0.02672,-0.18199,0.13915,0.078821,0.20252,0.012326,-0.02942,-0.10624,0.034643,0.15507,-0.038306,-0.1006,0.2087,-0.26078,0.40515,0.47642,0.12686,0.036696,0.039429,0.27442,0.26534,-0.14343,-0.16794,0.39755,0.10325,-0.14723,0.041283,-0.10088,-0.027343,0.058691,0.13822,0.012451,-0.30919,-0.066895,0.16351,0.26642,-0.086676,0.16275,0.091707,0.17926,0.12516,0.067046,0.13323,-0.13979,-0.079166,-0.11402,0.00051558,0.11577,0.24693,0.18861,0.061232,0.067423,0.23018,-0.029213,-0.0036554,0.12724,-0.039324,0.34837,0.10078,-0.068502,0.13719,0.22346,0.47475,-0.07326,0.058078,-0.016921,0.13511,0.20699,0.094431,0.028341,-0.062516,0.058382,0.086571,0.098301,0.094035,0.045465,0.21482,-0.13301,0.013226,-0.090268,-0.11114,-0.021242,0.25426,-0.019831
0.23193,-0.05369,-0.13763,0.41239,-0.17819,0.12537,-0.10157,-0.12858,0.029755,-0.0011417,0.07082,-0.25016,0.45282,0.066347,0.15356,0.30955,-0.1334,-0.039292,0.10537,-0.34462,0.090048,-0.035384,0.0072687,0.018238,0.21493,0.083108,-0.024797,0.4417,0.10353,0.095169,0.2756,0.19896,0.26824,0.11352,-0.079067,0.10331,0.28987,0.21241,-0.0030885,0.28119,0.52158,-0.046078,0.14158,0.12422,-0.049126,-0.058098,0.50319,0.17025,0.12506,0.077177,0.036883,-0.21376,-0.10799,0.014869,-0.10612,0.41516,-0.03565,0.22235,0.17046,-0.075136,0.18538,0.076118,0.23015,-0.14603,0.15269,-0.16302,0.038116,0.21462,0.0032422,-0.13378,-0.16107,0.32787,-0.0024734,0.24603,0.087731,0.2172,-0.090321,-0.013803,0.22489,0.15764,0.16386,0.045453,-0.042298,0.21183,-0.075297,0.27776,-0.15641,0.094079,0.34775,0.057892,-0.11619,-0.070865,-0.12846,0.15088,0.17781,-0.17043,-0.046906,0.20688,0.21969,-0.0084692
0.027349,-0.05721,0.0060237,0.18187,-0.1913,-0.093556,0.082779,0.22764,-0.10789,0.047277,0.026809,0.030722,0.083344,0.29575,-0.14823,0.050502,0.06634,0.065933,-0.04649,-0.11747,0.20575,0.131,-0.039293,0.071457,0.138,-0.15291,-0.17132,0.19527,0.15117,0.17714,-0.019997,-0.17047,0.19702,0.30032,0.63487,-0.06646,0.18408,0.40984,0.036482,0.017875,-0.051792,0.2431,0.10619,0.12227,0.063803,0.093259,-0.11979,0.19045,0.22508,0.023204,0.21225,-0.0095262,-0.032454,0.21497,-0.039312,0.51505,0.0019233,0.016443,0.20595,0.15485,0.038421,0.14337,0.075993,0.21234,0.33173,-0.1063,0.25543,-0.156,0.060857,0.065843,0.043151,0.30094,-0.14351,0.061363,-0.047885,0.01558,-0.014498,0.041295,0.25423,0.20768,-0.22172,-0.039039,0.20433,0.19617,0.0088129,-0.040424,-0.052483,0.011367,0.54403,0.10798,0.25066,0.22525,0.05559,0.077323,0.14953,0.12329,0.009555,-0.047505,0.17694,-0.06652
0.2052,-0.09697,-0.010741,0.048514,0.24086,-0.0013046,0.2881,0.10959,-0.15596,0.22972,0.14019,-0.037985,-0.073004,0.15899,0.062103,-0.11556,0.054125,0.099503,-0.016097,0.13513,0.12743,0.22131,-0.12166,-0.15983,0.31885,0.35487,0.24578,-0.096233,0.39877,-0.051457,-0.032243,-0.084976,0.1493,-0.14164,-0.045521,0.080757,-0.24502,0.1429,0.014353,-0.073072,-0.054024,0.0037995,-0.052322,0.20379,0.079548,0.042208,0.018149,0.10916,0.35057,0.095488,0.18693,0.2645,-0.012455,-0.084472,0.3117,0.15549,0.31752,0.098852,0.46337,0.49464,0.070405,0.14886,0.095211,-0.15615,-0.099229,0.14508,0.29203,0.05512,0.028591,0.06003,0.081216,0.18492,0.24165,0.30617,-0.0068358,0.18803,0.47262,-0.12877,0.070756,0.22073,-0.045186,0.17909,0.3273,-0.0249,0.063157,0.25035,0.24285,-0.083256,-0.0089594,-0.19074,0.28685,0.15844,0.39446,0.16099,-0.096395,0.20423,-0.1374,-0.035697,0.095939,0.14532
0.13379,-0.076002,0.0001868,0.16589,0.053859,0.16718,-0.062865,0.19629,0.15504,0.4324,0.26538,0.19242,-0.0016474,0.051104,0.086617,0.42522,-0.15332,-0.1478,-0.033432,0.090663,0.14769,0.048704,0.094859,0.21598,0.12153,0.27719,0.0014016,-0.049376,-0.1704,0.21302,0.39074,-0.0069835,-0.13019,0.31996,0.029865,0.14205,-0.065974,-0.019153,0.20751,0.11774,0.08318,0.11541,-0.010197,0.10511,0.45954,-0.053261,0.088504,0.019115,-0.0069674,0.17268,0.026523,-0.12137,0.030774,0.18277,-0.072009,0.14663,-0.12278,0.089946,0.013143,0.15744,0.31544,-0.066685,0.19191,-0.19098,0.018424,0.206,0.13405,-0.12744,0.2726,-0.068108,-0.051171,0.090949,0.062393,0.19682,0.094021,0.32647,-0.080263,-0.10504,-0.10008,0.12102,0.016641,0.069127,-0.2815,0.14849,0.37914,-0.11546,0.12618,-0.047669,0.28295,0.074169,-0.062879,0.3883,-0.026069,0.25998,0.07076,-0.023574,-0.084867,0.13947,-0.024117,-0.15231
0.17096,0.097115,0.32239,0.23158,0.41708,0.13063,0.064764,0.094066,0.2736,0.041302,0.050446,-0.062642,0.21092,0.49396,0.053572,-0.13761,-0.0090702,0.24048,0.051443,0.1488,-0.11032,0.1271,-0.1103,-0.096799,-0.058927,0.019008,0.20017,0.15325,0.12769,-0.24147,-0.08015,0.26251,-0.086023,0.29709,0.22358,-0.074967,0.00068193,0.18065,0.0578,0.29181,0.19114,-0.059146,-0.09328,0.13382,0.2682,0.089305,0.077256,-0.019815,0.058277,0.5358,-0.042579,-0.16626,-0.027734,0.30591,-0.080873,-0.21809,0.28931,0.097982,-0.049292,0.1805,0.30688,0.36821,0.107,0.073537,-0.0088056,-0.010772,0.26204,0.10455,0.036931,-0.19297,0.061422,-0.06271,0.11555,-0.13798,0.23903,-0.10314,-0.054146,0.094762,0.0483,-0.022849,0.13972,0.15573,-0.15782,0.072779,0.33933,0.15374,-0.014252,-0.10237,0.21514,-0.079214,0.2626,-0.22993,0.41235,0.10928,0.079399,-0.046773,-0.15366,0.23294,-0.22765,0.3338
0.012618,0.011466,0.014588,0.3681,-0.18606,-0.2116,0.35961,-0.036219,0.11797,0.19551,0.18872,-0.030446,0.15199,-0.06517,0.077876,0.309,0.0065846,0.032139,-0.025401,-0.063084,0.29878,-0.13974,0.40415,0.028173,-0.10925,-0.057605,-0.021615,0.12806,0.53668,0.2794,0.47449,-0.0086336,-0.085403,-0.24413,0.24544,0.25362,-0.1161,-0.062935,-0.12897,-0.11266,0.12815,0.36467,0.03788,0.17657,0.3074,-0.15262,0.34582,0.062797,0.42815,0.11555,-0.039156,0.25104,0.029619,-0.1188,0.39011,0.36424,0.04132,0.092279,0.087793,-0.033769,0.10536,0.24923,0.10644,0.031153,0.12495,0.12627,0.084711,0.099693,-0.027895,0.14473,0.42537,0.14403,-0.18813,0.26512,0.070717,0.38908,0.16204,-0.014162,0.062829,0.53663,-0.23568,0.077395,0.086784,-0.065431,0.014738,-0.11004,0.31295,-0.15634,-0.040582,0.1287,0.031355,0.19684,0.13569,0.24382,-0.11439,-0.23027,0.037586,0.2789,-0.13354,0.01642
-0.026579,0.006217,-0.25401,-0.020781,0.15183,0.083892,-0.20247,0.30111,0.25053,0.24368,-0.043991,0.067598,-0.062877,0.29212,0.42711,-0.016615,-0.0051366,0.066939,-0.23521,-0.19857,0.32664,-0.10581,0.024396,0.54133,0.081841,0.073758,0.13111,-0.1484,0.27384,-0.028451,-0.08602,-0.137,0.42467,0.15928,0.14405,0.0085241,0.35384,-0.026765,-0.10416,0.41468,0.2912,0.13148,-0.017234,-0.1766,0.079252,-0.080976,0.024316,0.19582,0.44689,0.15915,0.036072,0.25829,-0.087339,0.053387,0.34193,-0.014097,0.12224,-0.088998,0.040382,0.097312,-0.08213,-0.09737,0.26705,-0.022889,0.034568,-0.001395,0.074382,-0.015276,0.015502,0.13563,0.034927,0.42604,0.30178,0.15736,0.087975,-0.06269,0.11889,0.28624,0.25844,0.050012,-0.12947,0.43286,0.16762,0.23172,0.02929,0.37305,0.2947,-0.15135,0.050508,-0.17987,0.14646,-0.17035,0.35604,0.292,0.10558,0.29551,-0.01179,0.065128,-0.032049,0.13057
-0.13356,0.37639,0.29731,0.43632,-0.062301,-0.13058,0.3039,0.09515,-0.045309,0.29355,-0.023205,-0.10941,-0.10937,0.059306,-0.049118,-0.21365,-0.13412,-0.057586,0.17925,0.3414,-0.12042,0.25543,0.067383,-0.011809,0.39857,-0.11283,0.10488,0.14081,0.59782,0.27842,0.026059,0.044366,-0.015366,0.049634,-0.093418,0.4014,0.078279,0.28444,0.1395,-0.18775,-0.037226,0.19053,0.056597,0.10482,0.009246,0.28973,0.22258,0.091987,0.51705,0.15715,0.0019548,0.24414,0.046248,-0.098069,0.10227,0.58686,0.12841,0.094112,-0.13018,0.28169,0.087155,-0.026853,-0.10857,-0.17416,0.35325,-0.080749,0.15282,-0.089994,0.2663,0.15502,-0.099882,0.16756,0.086035,-0.040674,-0.0095804,-0.18006,0.14906,-0.10993,-0.097029,0.16431,0.11247,0.07649,-0.1062,0.0077776,-0.047401,0.04164,0.048545,0.0010541,0.029532,0.061451,-0.016033,-0.1522,0.2039,0.013695,-0.11868,0.095217,0.048751,0.13562,0.015906,0.22666
-0.18536,0.057067,-0.17476,-0.080201,0.0008863,-0.28973,0.28043,0.063722,0.26473,-0.19304,0.26881,0.2938,0.393,0.10719,0.26174,0.080356,0.32072,0.01424,0.11453,-0.078771,-0.09516,0.0032514,0.4071,0.049476,0.22284,0.12124,0.086991,-0.038035,0.17795,0.2586,0.050924,-0.030934,-0.042424,-0.09126,0.004735,0.51791,-0.027132,-0.17514,0.0041291,-0.17416,0.28112,0.23977,0.032187,0.4871,0.016613,0.23026,0.3771,-0.10003,0.21697,0.051239,0.26452,0.46599,0.10804,-0.044356,0.17242,0.34249,0.017714,0.020827,0.26431,0.017733,0.02653,0.26749,0.27365,0.0081756,0.21894,0.048373,-0.088286,-0.20772,0.10368,-0.064851,0.10731,0.36638,0.10421,-0.10308,-0.12645,0.053915,0.26417,0.10655,0.015357,-0.030565,-0.29641,0.41221,-0.043613,-0.030596,-0.0021994,0.27906,-0.023712,0.011824,-0.015568,-0.07913,-0.10591,0.14732,0.15695,-0.19197,-0.04449,0.14932,0.061848,0.25159,0.72398,0.14527
0.027489,0.40001,0.2709,0.35048,0.047013,-0.049175,-0.039144,0.14127,0.49899,0.17338,-0.18232,0.10998,-0.12112,0.21167,0.13844,0.17986,0.13044,0.074744,-0.15835,-0.0084838,0.24099,0.0012868,0.17519,0.21914,-0.0088582,0.033258,-0.023454,0.27049,0.40398,-0.14004,0.054985,-0.077753,0.10481,0.3133,-0.14874,0.087344,-0.069453,0.11827,0.22277,-0.013253,0.18999,0.24948,0.099238,-0.14602,-0.09579,0.25585,0.071902,0.051259,0.26713,0.18764,-0.11483,0.23849,0.14887,-0.19897,0.24595,0.14451,0.59633,0.1393,0.099794,0.25384,0.22047,0.10924,-0.10528,0.095874,0.059013,0.22113,0.12034,0.060393,0.16201,0.025029,-0.035515,0.071658,-0.16292,0.19469,0.27513,-0.19735,-0.079058,0.14199,0.38048,0.061333,0.24911,-0.070095,0.11772,0.034519,-0.014189,-0.043366,-0.28467,0.13392,0.39189,0.12838,0.016212,0.033248,-0.065749,0.17174,0.23713,-0.035527,0.16772,-0.08364,-0.072818,0.092186
-0.087914,0.07003,0.25122,-0.092104,-0.047364,0.38275,0.28085,0.306,0.39306,0.39977,0.16963,0.12097,-0.098058,0.15087,-0.16933,0.053734,0.025508,-0.11818,0.076355,0.17177,0.18958,0.041442,0.077773,-0.062169,0.067859,0.020287,0.25638,-0.077682,0.27523,0.83217,0.10969,0.0056807,0.20024,0.22971,-0.054628,0.26671,-0.017046,-0.14969,0.033043,0.26614,0.10316,0.0022692,0.11619,0.17509,0.10806,0.17926,0.27038,0.30959,0.2982,0.06094,-0.050035,-0.071074,-0.096758,0.22267,-0.21687,0.057865,0.038323,0.03351,0.012135,0.28208,-0.03076,-0.032389,0.23815,0.20561,0.043545,0.25953,0.050338,0.066676,0.077675,0.069565,0.081774,-0.049382,0.35464,0.50339,-0.18362,0.0049063,0.055144,0.41669,0.34255,0.048487,-0.014956,0.32919,0.04244,0.042337,0.10828,-0.008064,-0.055079,0.34533,-0.18521,0.30218,0.093125,0.23798,-0.18618,-0.073618,0.26848,0.12664,0.27438,0.096167,0.13058,0.35064
