-0.10391,0.049813,-0.022804,0.14171,0.12924,0.15677,-0.022906,0.14965,-0.16294,0.098062,-0.12077,-0.29938,-0.17359,0.18471,-0.17871,0.05305,-0.046144,0.0049298,0.040728,-0.029452,0.083013,0.14152,0.29104,0.21919,0.003812,0.099815,0.16709,0.28875,0.14402,0.034308,0.04984,-0.041723,0.098533,0.20901,0.091228,0.033121,0.14212,-0.013521,0.11136,-0.1589,0.037524,0.020157,-0.011278,-0.06787,0.079131,-0.026433,-0.27711,-0.13652,-0.033463,0.090543,-0.087463,-0.14944,0.050571,-0.042615,0.26171,-0.085183,-0.037622,-0.083651,0.010024,-0.080001,-0.052208,-0.067732,-0.038564,0.12744,0.075347,0.067591,-0.054557,0.013058,0.025549,0.015058,-0.014206,-0.16157,-0.071491,0.23868,-0.10524,0.00091534,-0.24798,0.016934,-0.11811,-0.23717,0.10593,0.15994,0.20385,0.17123,-0.031229,-0.10706,0.18462,-0.037973,-0.06922,0.30173,-0.1352,0.15537,0.25447,-0.047977,0.219,-0.066581,-0.048017,-0.16594,-0.065574,0.22141
-0.014304,-0.02292,-0.1585,-0.083148,-0.35451,0.45423,0.055237,0.13583,0.10998,0.089095,0.10715,0.38695,0.10386,0.077185,0.15548,0.038226,-0.077285,-0.40912,0.026143,0.04602,-0.013548,0.05091,0.40079,0.27026,-0.019296,-0.030243,-0.0091898,0.099919,0.15274,-0.25822,-0.087418,0.00077691,-0.10455,0.20697,0.18216,-0.26877,-0.059967,-0.16354,0.0041496,0.19537,-0.084726,0.11011,0.17043,0.18361,0.16527,-0.046738,0.0093483,-0.1362,0.1869,-0.025752,0.16849,-0.035163,0.10396,-0.10023,0.0098268,0.0021969,0.15773,0.098645,0.16001,-0.0094125,0.042763,0.19523,-0.19341,-0.072607,-0.068782,-0.13822,-0.2354,0.33628,0.17993,-0.061448,0.029261,0.50718,-0.030872,0.081996,-0.16452,0.012646,0.14221,-0.1589,-0.082017,0.072149,0.029824,-0.16793,0.20411,0.02632,0.26702,0.12075,-0.047798,-0.089695,-0.058593,-0.16932,-0.082707,0.1337,-0.065492,-0.22864,0.25242,-0.15857,-0.13851,0.055134,0.066226,0.00041658
-0.18321,0.084855,0.041534,-0.0032917,0.45584,-0.069984,0.08856,-0.043997,0.098913,-0.24269,0.016034,-0.081142,0.20981,0.22844,0.089829,0.031015,-0.28481,-0.1702,0.23096,0.093245,-0.23677,-0.074344,0.13361,-0.071474,-0.014752,0.21905,0.060668,-0.047561,0.148,-0.0026483,0.10199,-0.054365,-0.19997,0.07287,-0.16783,0.11054,-0.065439,-0.049255,0.51323,0.3689,-0.10209,-0.026342,0.063077,0.086107,-0.18901,0.015566,0.46419,-0.17086,-0.0063258,-0.10849,0.017952,0.17635,-0.033285,0.084889,0.15637,0.19174,-0.1723,-0.037792,-0.12789,0.04683,-0.11336,0.29362,0.014665,0.084142,0.073662,-0.1356,0.039825,-0.13127,0.0087052,-0.15415,0.022183,-0.011884,-0.14617,0.10095,0.033684,-0.086874,-0.044364,0.050616,-0.033259,0.31823,0.031493,-0.085655,0.071672,-0.027645,0.085211,0.12761,0.083241,0.019024,-0.22456,-0.10915,-0.32902,0.42012,-0.04275,0.28828,0.38602,0.068445,0.059515,-0.18257,0.06049,-0.21247
-0.013789,-0.1352,-0.041687,0.13298,-0.031227,0.1273,-0.18136,0.24674,0.15624,0.14525,0.21999,-0.061378,0.086868,0.0752,0.14139,-0.0023086,0.054717,-0.16276,0.067166,0.05019,0.10472,0.11816,-0.23219,-0.0086067,0.18191,0.0030755,0.13814,0.13657,-0.04482,-0.019981,0.0068816,-0.16273,0.097458,-0.087304,0.13222,-0.024611,-0.19751,0.11184,0.13324,0.16246,0.13232,0.055303,-0.070479,-0.085688,-0.020984,0.089631,0.19938,-0.1253,0.27389,-0.13984,-0.055032,-0.099852,-0.065354,0.23038,0.038893,-0.031471,-0.24424,0.21348,-0.22316,-0.068159,0.27889,0.027041,0.032094,0.051047,-0.013367,-0.26211,0.20376,0.11156,0.42719,-0.046532,0.058662,0.14425,-0.16367,0.084728,-0.066666,-0.093515,0.074619,-0.11428,0.19772,0.036134,0.19622,-0.15038,-0.010043,0.19909,0.07441,-0.032292,-0.275,-0.038848,0.14209,0.048019,0.077995,-0.015183,-0.15923,0.10229,-0.033333,0.31223,0.072516,-0.1018,0.090433,-0.20073
0.10266,-0.050386,-0.059913,-0.036065,-0.13966,-0.075793,-0.02587,0.35516,0.24265,0.32408,0.14039,0.12923,-0.012904,-0.058099,0.033445,0.37265,0.33588,-0.12571,0.20749,-0.20861,0.16509,-0.21546,-0.018798,0.13967,0.19948,0.023871,0.12637,-0.15778,0.16596,0.084032,-0.053754,0.00056101,0.018097,0.25014,0.042531,0.030568,0.06488,-0.10683,0.071393,0.052882,0.032849,-0.11671,-0.041693,0.052499,-0.00036185,0.14974,0.25928,0.062896,-0.090215,0.11548,0.051858,0.17264,-0.24892,0.14159,0.17699,0.23177,0.16808,-0.29286,0.21022,0.2948,-0.10952,-0.04806,-0.27835,0.036521,0.057,0.44724,0.13512,-0.12684,0.13245,-0.12691,0.33872,-0.089142,0.023229,0.29663,0.11725,-0.011298,-0.00049845,0.20963,-0.046436,0.0067623,0.17281,0.27051,-0.016689,-0.25411,0.069285,0.18563,0.16237,0.016725,0.30349,0.40929,-0.10841,0.02532,-0.12034,-0.30202,-0.14313,-0.036841,0.22223,-0.21297,-0.064669,0.053627
0.40948,0.19505,-0.28388,0.2499,0.0072241,0.031646,-0.052107,0.049448,0.21555,0.011813,-0.10779,0.028868,-0.01493,-0.14574,0.083644,-0.057387,0.13295,0.059634,-0.10498,-0.23087,0.11146,-0.035385,-0.0081875,0.023266,-0.082624,0.020915,0.036024,0.062739,-0.033246,0.024333,0.061403,-0.15258,0.050251,0.24937,0.067641,0.087279,0.3543,0.1965,0.35486,0.0039165,0.2486,-0.12797,-0.2023,-0.11229,-0.048415,0.17125,-0.083812,-0.10806,-0.12688,0.19786,0.017721,-0.088063,-0.013174,-0.087098,-0.066966,-0.13028,0.0065836,-0.005907,-0.31339,0.37922,0.22025,0.018741,0.17775,-0.13361,0.020465,0.067775,-0.061482,0.074318,0.11115,-0.030903,-0.15606,-0.12638,0.057289,-0.047507,0.28295,-0.20249,0.17107,0.20884,0.20232,0.32802,0.02871,-0.056235,0.079922,0.18055,-0.091889,-0.13626,0.048048,0.072318,-0.098177,0.10727,0.11455,0.1821,0.17216,-0.047397,-0.10129,0.029272,0.13808,0.030924,-0.049739,-0.058958
0.044542,0.043065,0.06675,-0.18272,0.34855,0.11116,-0.015535,0.39443,0.19314,0.21164,-0.045426,0.32395,-0.014665,0.19034,0.083857,0.17271,0.038923,0.16765,-0.033442,-0.20026,0.0063488,-0.011298,0.20414,0.2197,0.067765,0.011569,-0.26212,-0.10231,0.21947,0.052226,0.18366,0.092484,-0.0020617,-0.24146,0.12879,0.24818,-0.048279,0.044279,0.15005,-0.094437,0.25919,-0.028042,0.016613,0.17725,-0.12514,0.13633,0.098523,-0.013758,0.095572,-0.046392,-0.038537,0.10586,0.20735,-0.097843,-0.077995,-0.073881,0.015951,-0.027834,0.15231,0.1235,0.03736,-0.066003,0.02055,-0.029636,-0.11283,-0.065409,0.078775,0.044391,0.17294,0.22851,0.17331,0.09864,-0.20195,-0.14183,-0.056687,0.08248,0.10017,-0.18105,-0.13061,-0.038353,0.077366,0.059312,0.084743,0.063634,0.14373,-0.19465,0.15502,-0.15658,0.063113,0.049849,0.051487,-0.11326,-0.18986,-0.16281,-0.062193,-0.042034,0.20021,-0.28427,-0.077509,-0.21131
-0.14339,0.060325,-0.00099678,0.12682,0.10174,0.31202,0.16897,0.073693,0.1076,0.064741,-0.17998,0.13449,0.21008,0.023662,-0.16285,-0.11524,-0.18688,-0.10383,0.062617,0.2093,0.37335,0.17086,0.01233,0.0068615,0.12627,-0.0033335,0.22184,-0.13387,0.12386,0.083048,0.022228,-0.09632,0.10377,-0.097624,0.074631,-0.08917,-0.027685,0.18447,-0.14641,0.039601,-0.026253,-0.021672,0.30086,0.066945,-0.048172,0.092011,-0.029898,-0.079204,-0.19446,-0.073908,0.20253,0.27776,0.045114,0.18293,-0.1933,0.041855,-0.14653,-0.05794,0.4526,-0.20515,-0.22961,0.16459,0.34721,-0.16445,0.36879,0.01482,0.051741,-0.064968,0.15045,0.25424,0.042449,0.034131,0.16391,0.062341,-0.15882,0.061002,-0.092097,0.29571,-0.059481,0.28348,-0.0091877,0.068919,0.036872,-0.023795,0.090314,0.06527,0.077649,0.34868,0.12654,-0.10386,0.17831,-0.11914,-0.13067,-0.071501,-0.020097,-0.017003,0.098138,0.14,0.036847,0.076261
-0.20456,0.28113,-0.05464,0.12142,-0.047658,-0.047695,0.16728,-0.0018698,0.32059,-0.049891,0.1511,-0.11429,0.09994,-0.051805,0.13866,0.24101,0.21249,-0.2293,0.231,0.13867,0.097389,0.070536,-0.14522,-0.064221,0.092612,-0.0085412,-0.05903,-0.041809,-0.13227,0.067558,0.33713,0.031951,-0.073541,0.3303,-0.086181,0.069849,-0.21995,0.42132,0.29152,0.040887,0.075378,-0.058813,0.19169,-0.084325,0.11263,0.46553,-0.013981,-0.34781,0.073976,0.20956,0.059201,-0.23229,0.10283,0.048765,-0.098573,-0.044834,0.17592,-0.0091493,-0.022821,0.043969,-0.13847,-0.022448,0.071028,-0.11255,-0.12135,-0.18295,0.10646,0.10481,0.031992,0.20776,-0.096978,-0.069563,-0.085885,0.22287,-0.0073881,0.55091,0.45842,0.20022,-0.1361,0.25743,-0.20761,0.077404,-0.12011,0.099034,0.13442,0.013701,-0.03818,-0.25387,0.16434,0.40054,-0.020723,0.14144,0.081606,-0.055092,-0.024404,0.00088346,-0.2458,-0.026259,-0.092715,0.16829
-0.0075307,-0.085925,0.016592,0.059941,-0.037721,0.107,0.20096,0.19703,-0.13044,0.0053231,-0.20132,0.019629,-0.071381,0.11068,0.061922,0.10616,-0.13217,-0.10193,-0.13036,-0.12084,-0.0082348,0.036276,-0.1342,0.34315,0.2975,0.27818,-0.14803,0.063281,-0.029356,-0.21978,0.20763,-0.0022072,0.014537,0.0017394,-0.012837,0.23397,0.0010994,-0.17077,-0.12428,-0.081097,-0.074886,0.17638,-0.015069,0.17194,0.19459,-0.30432,0.2398,0.022277,-0.015539,-0.03283,-0.089203,-0.054238,-0.0053088,0.12727,0.29511,-0.18439,0.070707,0.13947,-0.061301,-0.10394,0.35187,0.13398,-0.12123,0.13023,0.48547,0.1164,-0.13456,0.042411,0.083788,-0.21388,0.037951,-0.010218,0.10303,-0.069146,0.16363,-0.022414,-0.078334,0.024482,-0.0011645,0.19627,0.14333,0.087141,-0.013786,-0.028023,0.0059705,0.014192,0.0054968,0.0042611,0.17283,-0.092838,-0.036787,0.45591,0.16872,-0.27806,0.25046,-0.049769,-0.099139,0.10593,0.081189,0.079149
0.089437,-0.060446,0.07534,0.089584,0.36374,0.084989,-0.17076,0.022313,-0.043995,-0.12977,0.077264,0.29178,-0.0392,0.019455,0.16373,0.015008,0.15369,0.22155,0.30349,0.14414,0.23523,0.14751,0.19289,0.3601,0.26884,0.0037316,-0.18979,0.2006,-0.11942,0.013149,0.38136,-0.10342,-0.15827,-0.056904,0.038807,-0.18509,0.34197,-0.063554,0.26269,0.046916,-0.097532,-0.11171,0.036288,-0.0048259,0.1918,0.080984,-0.12975,-0.16295,0.12141,0.16635,0.056136,-0.044477,0.0042362,0.16693,-0.039078,-0.26624,-0.21243,0.046906,-0.34205,-0.02075,0.24467,-0.16322,0.30089,-0.053215,0.067361,0.086671,-0.097459,-0.26001,-0.060078,-0.077128,0.051363,0.072875,0.053503,0.30166,0.043676,0.041507,0.172,0.14022,-0.15369,-0.098541,0.17853,0.16407,-0.03381,-0.010121,0.46588,0.14283,0.1036,0.10939,0.045176,-0.11608,0.0012572,0.055014,0.00084805,-0.10734,0.17478,0.054592,0.36409,-0.16016,0.17219,0.41836
-0.068031,-0.0032345,-0.29592,0.16792,-0.087931,-0.073931,0.34908,-0.10319,-0.14879,-0.12227,0.0056446,-0.060208,0.066505,0.0091306,-0.12718,0.282,-0.084053,0.053724,0.025031,0.14348,-0.20603,0.13833,0.12097,0.22523,0.22981,0.02784,-0.14179,0.087079,0.046451,0.18183,-0.036751,0.12895,0.0015053,0.13459,-0.19436,-0.067283,0.065323,0.00038519,0.13786,-0.20001,-0.078585,0.16354,0.26446,0.19297,0.055062,0.10777,-0.09875,0.020899,0.081763,-0.23403,0.29301,0.19387,0.17285,0.18748,-0.032389,-0.18366,0.084054,-0.10925,0.23348,-0.14489,0.26081,0.011382,0.17358,0.10909,0.14304,-0.031902,-0.071325,0.060861,-0.16721,-0.025077,-0.26633,0.073444,-0.060636,0.03284,-0.21113,0.26769,0.18801,-0.13533,0.065709,0.1379,0.28892,-0.16939,-0.17255,-0.050702,0.040835,0.036893,0.050997,0.15782,0.0097133,-0.088965,0.13505,-0.067307,0.35298,0.058491,0.53167,0.15372,0.07825,0.11359,-0.066821,0.24191
0.21552,-0.31054,0.053303,0.10643,-0.26959,0.40885,-0.11895,0.12847,0.29884,0.072666,0.099592,0.20269,0.07844,-0.11795,-0.16468,0.026327,-0.15783,-0.09014,-0.0016115,-0.13216,0.50313,0.090316,0.12268,0.00098611,-0.0085314,-0.042981,-0.010999,-0.060682,0.19844,0.1928,0.13198,-0.14988,-0.092336,0.053115,0.16644,0.031029,0.43151,0.1978,0.0014661,0.29123,0.3479,0.15773,0.067589,-0.043057,0.23821,0.10728,0.17224,0.058022,0.10376,-0.029315,0.040018,-0.029985,0.038505,-0.18269,-0.024702,0.076806,0.11487,0.029692,-0.10132,0.13509,-0.10719,0.18441,0.20099,-0.088071,0.1814,0.12786,-0.34484,0.1192,0.039055,0.047474,-0.10114,-0.061846,0.092614,0.18779,0.037049,0.11695,0.29643,-0.096189,-0.13637,0.022337,0.14931,0.048455,-0.02627,-0.098284,0.12303,0.048973,0.2181,0.041067,-0.071477,0.1517,-0.023976,-0.13818,0.1296,-0.023531,-0.0035595,-0.18021,0.035102,-0.183,0.20655,0.053605
-0.035552,-0.026006,0.59657,-0.082286,-0.016067,-0.14186,0.10059,0.41432,0.078525,-0.052749,0.083837,-0.2086,0.15861,-0.062488,0.084386,0.20535,0.53447,0.0041211,-0.045301,0.056873,-0.14593,0.23656,0.56188,0.15815,0.0066707,-0.20603,-0.10554,-0.061591,0.052915,-0.077085,-0.077649,-0.046965,-0.17973,-0.063969,-0.15486,-0.0081849,0.072771,0.13641,-0.14398,0.27469,-0.021085,0.051427,-0.036901,0.18544,0.079644,-0.074129,0.25815,0.068949,-0.10582,-0.067635,0.062682,-0.10432,-0.094716,-0.17332,0.12874,-0.00011153,0.28904,-0.036494,-0.15735,0.039412,0.06221,-0.057114,0.3378,-0.13377,-0.089098,0.16037,0.32065,0.1367,0.020669,0.047628,-0.18216,0.044257,0.043475,0.10945,-0.17492,0.1316,0.19079,0.14159,-0.22822,0.068699,-0.16172,0.20904,0.041447,-0.084642,0.12972,-0.10284,-0.20335,-0.26952,0.25321,-0.18867,0.15701,0.11465,0.015568,0.14558,0.12553,0.13985,0.076728,-0.13716,0.0764,0.11848
-0.030069,0.054844,0.15586,0.38125,-0.1217,0.12432,0.28068,0.15226,0.14837,-0.045539,0.029201,-0.026013,0.37832,-0.16685,-0.00022459,0.19749,0.32289,0.20762,-0.12039,-0.18504,0.15133,0.1255,0.24113,-0.20716,0.052335,-0.12587,0.22531,0.23292,-0.14259,0.08103,-0.020102,-0.0051205,0.035863,-0.21966,-0.12791,0.31026,0.2551,-0.015013,-0.24202,0.017348,0.10075,-0.052388,0.059574,-0.19192,-0.23455,0.028246,0.062622,0.036599,0.19922,-0.14883,0.1142,-0.15134,-0.13197,-0.089066,0.45627,-0.12283,0.19049,-0.23154,0.048402,0.051929,0.007242,0.27288,0.12496,-0.078876,0.15243,0.1241,0.013428,0.056205,-0.0080132,0.046917,-0.28224,0.21861,-0.058963,0.10925,0.023988,-0.11969,0.11577,0.22244,0.15738,0.14777,-0.022848,-0.095719,0.22368,-0.16637,0.23636,-0.12028,-0.04112,0.10626,0.05586,0.052788,0.054902,0.48226,-0.14063,-0.093064,-0.28781,0.055374,0.045157,-0.041159,0.10515,0.055466
0.18129,-0.19237,-0.064187,0.12366,-0.025022,0.0033711,0.064953,-0.15339,0.17378,0.28578,0.10832,-0.14935,0.21497,-0.047513,0.22851,-0.035173,-0.11265,-0.12713,0.10464,-0.16104,0.074826,-0.18363,0.3015,0.05477,0.18239,0.10156,0.33904,0.24575,-0.082849,0.18889,0.3812,0.066749,-0.070331,-0.12423,0.026535,0.13591,-0.18642,0.13925,0.51371,0.085443,0.28876,0.039464,-0.0063933,0.073805,0.28027,-0.046842,0.18489,-0.024856,0.10225,-0.044949,0.025508,-0.1154,-0.032253,-0.10747,0.11812,0.31623,-0.025597,0.0048291,-0.040009,0.16477,-0.015655,-0.043442,0.11867,-0.049408,-0.0025685,-0.25803,0.066301,-0.061962,0.054692,-0.075802,-0.026077,0.054931,-0.020795,0.0098629,0.26303,0.026596,0.16423,-0.087669,0.31268,-0.039376,0.098041,-0.059396,0.17016,-0.06527,0.28337,-0.0085249,-0.036761,0.2897,0.18102,0.076616,0.050763,-0.15722,0.09037,-0.037421,0.19519,-0.028052,-0.13215,-0.10786,-0.058507,-0.21792
-0.02708,-0.10382,-0.00012837,0.11899,-0.0048115,0.15475,0.051253,-0.12788,-0.1047,-0.10711,0.035476,0.14287,0.29448,-0.10871,0.089093,0.32165,-0.01657,0.013763,-0.10373,-0.037515,0.083258,0.17232,0.21708,-0.095771,-0.017912,-0.023669,-0.17709,0.074216,0.21568,0.13502,-0.10726,-0.029524,-0.10626,0.043664,0.017823,-0.028456,0.0047803,0.017531,-0.046647,0.1345,0.057949,0.24963,0.044586,-0.15155,-0.035726,-0.1168,0.60006,0.09846,0.19835,0.059327,0.10046,0.081509,0.176,0.48137,0.15053,0.095164,-0.093534,-0.12313,0.14107,-0.11806,0.017777,0.032894,0.19937,-0.027906,0.12262,-0.19948,0.23869,-0.10767,0.12978,0.20175,0.11457,-0.037777,0.054011,-0.20865,-0.024883,0.0086115,0.12061,-0.17384,-0.21382,-0.067928,-0.072105,0.1217,-0.092271,0.060982,0.036095,0.077392,0.228,-0.078427,0.061093,-0.04824,0.059347,0.41989,0.45239,0.22137,0.32782,-0.11925,-0.061712,-0.0071175,-0.033562,-0.00011402
-0.1172,-0.0010503,-0.037801,-0.1147,-0.14226,0.13612,0.061672,-0.16466,0.30813,0.19251,0.0071579,0.10008,0.068452,-0.12403,-0.04726,0.37032,-0.19549,0.0014471,0.34013,-0.063133,0.040936,0.1156,0.25044,0.062247,0.0029299,0.067099,0.4093,0.16359,0.035902,0.22401,-0.014764,-0.25538,0.033826,-0.051085,0.076084,0.058602,-0.013009,-0.10403,-0.07029,-0.013373,-0.068588,0.10672,-0.018356,-0.15404,0.45185,0.13781,-0.18874,-0.0017357,0.17642,0.10068,0.0071789,0.16055,-0.1959,-0.082945,0.15325,-0.088798,0.23182,0.06881,0.18323,0.07308,0.039841,-0.13453,-0.14583,0.072839,-0.16804,0.016219,0.13842,0.01022,0.28619,-0.064077,0.19673,0.18884,-0.17488,0.034861,0.24061,0.3274,0.28476,0.13702,-0.21316,0.022219,0.2126,0.065939,-0.072288,0.10502,-0.073753,0.038601,-0.0096958,0.0064274,-0.17643,0.21209,0.14396,-0.15277,-0.042832,-0.037063,-0.0086288,0.24125,0.25478,-0.20648,-0.11074,-0.11722
0.34145,0.13476,0.16146,0.18755,0.0095714,0.15087,0.30204,-0.080911,0.25254,0.10751,0.28562,0.34049,0.19486,0.24124,-0.18678,-0.15396,0.10114,0.14972,0.053427,0.31386,0.073724,0.12235,0.18011,-0.18794,-0.2142,-0.088051,0.061393,-0.14923,0.06669,0.069959,-0.10033,0.053228,0.098682,0.20317,0.015688,-0.062784,0.12184,0.44277,0.14379,0.1975,0.10721,-0.10868,-0.12598,-0.34989,0.29502,-0.20176,0.21339,0.2577,0.1282,0.065337,0.095905,-0.10152,0.13005,0.46873,0.1637,-0.10605,0.016903,0.010919,-0.025266,-0.22287,0.12918,0.28122,0.024986,0.25114,0.068,0.12894,-0.13086,-0.017054,0.11021,-0.15352,-0.25682,0.15725,0.030415,-0.055964,-0.28324,-0.23022,-0.058679,-0.068172,0.18731,0.14656,-0.0079374,0.24136,0.14004,-0.0025524,-0.14944,-0.18349,-0.11683,0.085642,0.14821,-0.047722,-0.02612,-0.069115,0.10888,0.12625,0.11876,0.2591,-0.15277,-0.069236,0.12691,0.10022
0.28584,-0.056905,0.20018,-0.037341,0.07549,-0.15523,0.10078,0.071178,0.17655,0.0030109,-0.080151,0.039276,0.17217,0.1307,0.26792,0.17845,-0.10959,0.089487,-0.094798,0.18456,-0.027975,0.25765,0.10608,-0.05586,0.063053,-0.026866,0.23786,-0.044291,0.054368,0.070711,0.17596,-0.1201,0.0416,0.0031969,0.081809,-0.04889,0.15331,-0.28719,0.11936,-0.024206,0.21446,0.14582,-0.14068,0.070175,0.13251,0.36601,0.0096184,0.45818,-0.0047858,-0.073031,0.086044,-0.33482,0.13537,0.13335,0.24204,0.24105,-0.067552,0.045097,0.22801,0.24404,-0.031519,0.14868,-0.078545,0.00052734,0.12018,-0.07932,0.072847,0.12728,-0.014951,-0.03604,0.10433,0.28169,0.098316,0.0025697,-0.14356,0.16465,-0.097771,0.18272,0.12049,0.24773,0.048119,-0.018585,-0.090072,0.086178,-0.21268,0.046005,-0.039055,0.17337,-0.24876,-0.1455,-0.0087757,-0.0005489,0.17749,-0.092735,0.24969,0.16568,-0.12294,0.1114,-0.066754,-0.10944
-0.030107,-0.147,0.18764,-0.21413,-0.045755,-0.012535,0.29203,-0.20445,-0.25955,0.071632,-0.18952,0.13838,0.1619,0.032288,0.099588,0.28938,0.021838,-0.04823,0.097933,-0.20761,0.37913,0.17351,0.18537,0.090794,0.16786,0.34965,0.045422,-0.27169,-0.064973,0.1972,0.087808,0.19362,0.16051,-0.051992,0.0090381,-0.12828,-0.061313,0.41304,-0.13213,0.16605,-0.18402,0.051582,-0.21876,-0.052782,-0.096769,0.14565,-0.036137,0.3612,0.082664,-0.034787,-0.11101,0.076021,0.02434,-0.083153,-0.020376,0.09984,0.24546,-0.081795,0.0082507,0.051841,-0.089767,-0.074635,-0.12133,-0.14153,0.16786,-0.038398,-0.02924,0.23418,0.050184,-0.23366,0.14385,0.15085,-0.02742,-0.005581,-0.20589,0.038202,0.005946,-0.049796,0.2496,0.049317,0.059461,0.25083,0.27715,0.19139,0.13309,-0.1229,0.10162,0.18553,0.1565,-0.18304,0.1125,0.083194,0.51063,0.20178,-0.14333,-0.039701,0.033497,0.073019,-0.026822,0.043668
0.23369,-0.095744,0.14012,0.069574,-0.091178,-0.10419,-0.1135,-0.069516,0.057736,0.22181,-0.05027,-0.16357,-0.20194,0.095826,-0.29303,0.14913,0.028227,0.21195,0.024162,0.15723,-0.053206,0.086585,0.19038,-0.043176,0.026437,0.20683,-0.061972,0.24609,0.14391,0.33419,-0.081965,0.13272,0.044191,-0.028563,-0.042546,-0.030625,-0.028139,-0.084866,-0.019953,-0.093347,0.090058,0.125,0.19581,0.21747,0.095233,0.2148,-0.049743,0.18534,0.0656,-0.080129,-0.096742,0.12071,0.10976,0.43135,-0.065932,-0.067975,-0.23259,0.058047,0.15977,0.22849,0.011793,-0.17838,0.24016,0.16317,-0.17411,0.1848,-0.017676,0.16411,-0.11589,0.23456,0.30882,-0.0089116,0.061454,0.3328,-0.086896,0.17951,-0.024831,0.20202,0.089413,0.076554,0.038965,0.18444,-0.0505,-0.051543,0.13543,0.17691,-0.067968,-0.16978,0.096039,-0.086687,0.0059982,-0.14474,0.077832,0.008586,-0.059688,-0.13277,0.040674,0.068162,0.044641,0.064563
0.25681,0.11127,-0.089646,0.14981,0.079668,0.099529,0.14655,-0.085916,0.14105,0.10092,-0.11526,0.18142,0.22597,0.22672,0.043673,-0.092887,0.11684,-0.32302,0.28824,0.083303,0.10474,0.017251,-0.017831,-0.093798,0.61587,0.09318,0.015235,-0.043617,0.11978,0.1726,0.22201,0.11376,-0.024005,0.44525,0.10419,-0.087462,0.24261,-0.053083,-0.089814,0.21999,-0.18589,0.080701,0.021854,0.3066,0.24659,0.23603,-0.051686,0.016033,0.029975,0.027907,-0.0095483,0.0081135,-0.068998,-0.13938,0.3756,0.20618,-0.075118,0.16987,-0.072842,-0.066672,0.12868,-0.10473,-0.03269,0.022196,0.042419,0.16511,-0.21213,0.095458,-0.13508,-0.068914,0.038121,-0.09726,0.089869,-0.0631,0.020347,0.22373,-0.18619,-0.09204,-0.24914,0.12945,0.052634,0.13755,-0.072533,0.24675,0.16144,0.29357,0.054194,-0.044347,0.040153,-0.016833,0.019103,-0.19771,0.19285,-0.063081,0.2185,-0.093043,0.11562,0.19676,-0.045746,-0.156
-0.036134,-0.020549,0.029275,0.034614,0.013911,-0.052613,0.22285,0.16228,-0.11708,0.18622,-0.036046,0.11451,-0.065123,0.27998,-0.10495,-0.09396,0.066356,-0.030375,0.04787,0.16155,-0.041531,0.071267,0.026222,-0.29079,-0.06287,0.34492,0.5326,-0.11015,0.046265,-0.060474,-0.03556,0.099426,0.15681,-0.19247,-0.058717,0.013901,-0.027324,0.27969,-0.050472,-0.05969,0.10598,-0.016262,0.1547,-0.084945,0.1538,0.1473,0.055748,0.068888,0.28002,0.068032,0.22701,-0.057321,0.10308,0.10646,0.1917,0.24227,-0.060539,0.0074984,0.016064,0.11208,0.097919,0.083671,0.097121,0.1454,0.094624,0.11783,-0.070891,-0.12609,0.13448,0.052925,-0.15711,0.067582,-0.012527,-0.070877,-0.0045124,0.037971,0.027179,0.45526,-0.14734,-0.0092193,0.13517,0.032309,0.30533,0.29465,0.12198,-0.046547,0.018842,0.090996,-0.074369,-0.18604,0.059349,0.11026,0.032998,-0.13035,0.059266,0.20693,0.063215,0.23021,0.14574,0.34032
-0.10028,0.34304,0.20008,-0.1489,0.0029065,0.076535,0.19088,0.019516,0.21701,-0.0055479,0.19627,0.24604,0.070589,-0.017577,0.015557,-0.14667,-0.0012087,-0.24662,0.18551,-0.026561,0.073844,0.28413,-0.23137,0.057393,0.4063,-0.063794,-0.058056,0.088446,-0.21442,-0.15572,-0.15081,0.11568,0.047403,0.054546,0.19228,-0.058908,0.021125,0.063181,0.35326,-0.09065,-0.014859,-0.014905,0.31392,-0.0030007,-0.015852,-0.069161,-0.10184,0.10968,-0.028947,0.04243,-0.026916,-0.086326,0.27881,0.037685,0.31816,0.11164,0.01874,0.04955,-0.24084,0.093972,0.082244,0.32943,-0.14439,0.092433,0.065052,0.26397,0.19133,0.15415,-0.062242,0.16168,0.062906,0.11001,0.23618,-0.099489,-0.12057,-0.02912,0.11097,0.020104,0.050459,0.10773,0.033328,0.37795,0.19371,-0.13932,0.054882,0.25209,0.036068,-0.030782,0.23401,0.18005,0.1812,0.1459,-0.066674,0.14558,-0.095323,-0.04988,-0.19671,-0.083547,-0.34458,0.15391
-0.043696,0.097646,0.0086553,-0.014043,0.018242,-0.17054,0.082475,0.28752,0.017563,0.16436,-0.06005,-0.034758,-0.0092381,0.057873,0.079287,0.028012,0.11281,0.093605,0.2565,-0.3459,0.32416,0.17744,-0.12683,0.14952,-0.2333,0.076247,0.013305,0.0069892,-0.15103,-0.19407,0.2799,0.22802,0.21424,0.025904,0.085591,0.12235,-0.029414,0.13564,0.38379,0.0017155,0.006753,0.036506,0.10052,-0.20703,-0.01233,0.039028,0.085396,-0.10329,0.2157,0.082373,-0.056934,-0.17843,0.081581,0.23426,0.13869,0.093556,0.14804,0.056003,0.15787,0.15224,0.036374,-0.024114,0.014987,0.0418,-0.013097,0.028322,0.14864,-0.053968,0.12884,0.52522,0.16943,0.14017,0.018883,-0.078873,-0.16959,-0.22273,-0.14276,-0.025248,-0.059108,-0.11988,0.066964,0.24498,0.04712,0.33944,-0.20667,-0.047965,-0.31233,0.11453,0.11952,0.16253,0.24272,0.051374,-0.017958,0.11887,0.065129,0.20559,0.068694,-0.12096,-0.13864,0.063248
-0.2689,0.4302,-0.0554,0.060087,-0.097808,-0.0056777,0.15278,-0.15197,0.11918,0.013332,0.033047,0.17796,0.037058,-0.22107,-0.055963,0.00058651,-0.23644,-0.025511,-0.10474,-0.013328,0.10205,-0.11856,-0.088377,0.010618,-0.059734,0.24813,-0.043698,-0.11938,0.02466,0.72032,0.50651,0.38857,0.022453,0.16344,0.094475,0.04138,0.088631,-0.12404,0.28152,0.10809,0.080986,-0.020629,-0.026628,-0.073864,-0.11206,0.099387,-0.082383,0.1179,0.38731,-0.10724,-0.14411,0.25946,-0.010703,-0.17082,-0.071896,0.16399,-0.060073,-0.0057434,-0.054126,-0.24121,0.037772,0.19497,0.24062,-0.11462,0.11598,0.011616,0.15429,-0.10709,0.012595,0.025624,-0.28957,0.29138,0.090386,0.34728,-0.034434,-0.0088288,0.11319,0.24048,-0.13467,-0.083024,0.014003,0.060377,0.15711,0.082266,-0.0060762,0.027599,-0.097212,0.056113,0.039549,0.28301,0.094662,0.048589,0.14533,-0.097822,0.081786,0.15814,0.43929,0.22206,-0.030187,-0.10324
0.078897,-0.12532,-0.23865,-0.1196,0.069003,-0.081329,0.06768,0.29749,0.073455,-0.030541,-0.081326,-0.14757,0.1394,0.22604,0.0033838,0.30375,0.20731,0.46099,0.15478,0.10835,0.25515,0.072117,-0.12842,0.058596,0.13327,-0.037666,-0.10823,0.08476,-0.13988,-0.069232,0.24514,0.043476,0.092226,0.3136,0.17619,-0.0031075,0.049427,-0.042187,0.13011,-0.072369,0.010367,-0.2287,0.01169,0.12237,0.1317,-0.14236,-0.080956,0.15312,0.057535,0.010166,0.26336,-0.018251,-0.041363,-0.1056,0.3172,0.25574,-0.19601,-0.15015,0.0061122,0.16267,0.31131,0.27284,-0.1578,0.16545,0.36909,-0.055928,0.12215,0.35783,0.38885,0.033316,0.068139,-0.20088,-0.063425,0.18794,0.019612,0.043173,0.19751,-0.076553,0.29162,0.045077,-0.017295,-0.15171,-0.17785,-0.12466,0.02266,-0.13189,0.060187,-0.079848,0.02877,0.037363,0.30472,-0.11744,0.18581,-0.079985,-0.080576,-0.14057,0.076328,0.17829,0.1242,0.018316
-0.081364,-0.08066,0.16596,-0.17535,0.16655,0.4323,0.075576,-0.073046,-0.027458,-0.13437,-0.080356,0.09107,0.077605,0.15254,0.013937,0.011406,0.11734,-0.13953,-0.0044357,0.08293,0.20939,0.028795,0.012063,0.039893,0.037208,0.16908,0.0049143,-0.12177,0.059236,-0.09317,0.25004,-0.10755,-0.0022592,-0.01603,0.075262,0.30494,0.35801,0.020265,0.29898,0.19561,-0.07155,0.01868,0.18287,0.17167,-0.068897,0.089104,-0.042322,-0.077857,0.1945,0.29656,-0.098934,-0.052817,0.16581,-0.1149,-0.030648,0.27436,0.043497,0.35738,0.29322,0.011065,-0.1333,-0.074166,0.69961,0.037243,0.22535,0.0083072,0.025733,-0.13386,-0.23448,0.097708,-0.011099,0.071694,-0.127,0.16914,0.072524,-0.15199,0.14777,0.053455,0.34894,-0.14267,0.029661,0.3455,0.010249,0.16415,0.028767,0.18999,0.10177,0.15037,0.011157,-0.0029202,0.10692,-0.019613,-0.04975,0.01419,0.13794,0.17106,-0.15243,0.25946,0.32356,-0.063903
0.45631,0.51578,0.22744,0.23345,-0.065951,-0.041783,-0.11543,-0.16689,0.27164,0.10108,0.071875,0.18495,-0.067347,0.12966,-0.1082,-0.011151,0.060548,0.010942,0.047594,-0.15229,0.065275,-0.14244,0.16026,-0.23914,-0.246,-0.20333,0.30735,0.35209,-0.05717,0.084364,-0.25201,0.062678,-0.038475,0.29753,0.17213,0.18588,-0.0072315,-0.031736,-0.018018,0.11226,-0.053237,-0.066627,-0.060962,0.15506,0.059919,0.2359,0.023586,-0.0016752,-0.11607,-0.0024434,0.019615,-0.15126,-0.13273,0.04136,-0.095208,-0.086593,-0.097389,0.06384,-0.011127,0.15233,-0.21635,-0.028675,0.24133,0.35909,-0.12013,0.11658,-0.056664,-0.0081074,-0.09033,0.07542,0.15229,-0.055424,0.052338,0.61871,-0.23841,0.26789,-0.052955,0.10564,-0.13398,0.11032,0.023252,0.24012,0.18432,-0.17988,0.39618,-0.0333,0.11153,-0.078527,0.033584,0.16697,-0.12837,-0.2518,0.08257,-0.082517,0.010535,-0.0040695,0.3074,0.18929,0.40074,-0.141
-0.1708,-0.071774,-0.21199,0.08212,0.26083,-0.021801,-0.032727,-0.085386,0.2003,0.24701,0.13558,-0.10478,-0.11964,-0.25515,0.097846,0.019668,-0.19939,0.43329,0.24454,0.16349,0.084073,-0.034578,0.12745,0.0046222,0.26885,-0.16782,0.052266,0.11219,0.10148,-0.045865,0.11697,0.024575,-0.041714,0.29683,0.45751,0.045159,0.081207,0.13712,-0.099261,0.089211,0.087465,0.021613,-0.15754,-0.10496,0.076399,0.33819,-0.095884,0.029814,0.16598,0.13205,0.11728,0.030207,0.44394,0.15191,-0.093093,-0.13769,0.21522,-0.065324,-0.026611,-0.15151,0.029444,-0.066522,0.091374,0.18155,-0.14979,-0.0075731,-0.051583,-0.073219,0.083139,0.055692,-0.016756,0.19272,-0.074216,0.042891,0.0068129,0.25091,0.15647,-0.00016562,0.033195,0.021164,0.042103,0.23548,0.07245,0.23515,-0.18181,-0.021873,-0.019737,-0.11262,0.14568,0.035847,0.077712,-0.075305,-0.12309,0.11708,0.20623,-0.028755,0.075149,-0.12007,0.18269,0.10009
-0.1659,0.18216,-0.01123,-0.21321,0.2146,0.12299,0.077305,0.083308,0.24386,-0.061863,-0.068506,0.089827,-0.045476,0.15413,-0.092126,0.38911,0.001996,0.15615,-0.073629,-0.1022,0.0067504,0.18906,0.086445,0.16093,0.2845,0.014309,0.011873,0.12087,0.067861,0.23744,0.012678,-0.082943,0.1087,-0.17257,0.29814,-0.12503,-0.10645,0.23453,0.10552,0.089629,-0.044402,-0.074017,0.3485,-0.039967,0.1689,0.17195,0.12273,0.06471,-0.037543,-0.074166,-0.12436,0.10388,-0.016979,0.30901,0.10743,-0.068538,0.44514,0.099991,-0.28449,0.059191,0.26192,0.085145,0.05227,-0.058799,0.25278,0.10143,0.37876,-0.13426,-0.18739,0.083761,-0.034614,0.08464,0.12655,0.019831,-0.076227,0.12561,-0.10865,-0.039759,0.115,0.13618,0.058807,0.044763,0.18154,0.088909,0.17485,0.23279,-0.045639,0.095565,0.11238,-0.16116,0.020252,0.056664,0.1513,-0.077529,0.28644,0.0012865,0.31021,0.070382,0.08597,-0.15554
0.12829,0.14934,-0.12377,0.2253,0.35592,0.097149,0.027828,0.21771,0.022741,0.37842,0.16577,0.26908,-0.021439,-0.051637,0.14368,0.11916,0.023188,-0.054637,0.31449,0.1828,0.092394,0.12187,-0.02242,0.038534,-0.18973,0.02534,-0.14286,0.10301,0.038848,-0.094045,0.03974,-0.22403,-0.02382,0.26014,0.010739,-0.22635,0.19651,0.20396,0.10185,0.054993,0.19351,0.085772,0.053216,0.081315,-0.0045386,0.10796,0.079066,0.04947,0.007065,-0.10801,0.20992,0.11851,-0.10773,-0.1471,-0.031983,0.0042579,0.012239,0.26073,-0.066871,-0.10414,-0.0049747,0.14064,-0.043459,0.17998,-0.16045,-0.099783,0.17903,0.13846,0.12928,-0.21131,0.23778,-0.079795,0.40495,0.30053,0.058921,-0.081523,-0.031357,0.0021287,0.034838,0.35563,0.11623,-0.0088511,0.27365,-0.025798,0.089556,0.077189,-0.0016089,-0.0089261,0.29536,-0.047902,0.3161,-0.039771,-0.024362,0.10908,-0.13349,-0.10803,-0.0060544,0.13616,-0.083939,0.12838
-0.021996,0.28873,0.47755,0.070624,0.041344,0.032658,0.29047,-0.026427,0.23769,-0.019363,-0.072726,0.21921,-0.0052556,-0.13684,-0.081562,-0.018503,0.12319,0.33694,0.043195,0.53525,0.062059,0.31756,-0.036685,0.062731,0.1664,0.37359,0.030964,0.11837,-0.0017332,-0.13128,-0.022734,0.13656,0.22402,0.049999,-0.095916,-0.1349,-0.055247,0.047649,-0.18161,-0.10925,-0.057997,-0.043243,0.27738,-0.0022158,-0.079568,-0.19479,0.013386,-0.0028183,0.42391,0.27084,0.067812,-0.1506,-0.08516,0.060411,8.6526e-05,0.36843,-0.030661,-0.12218,0.49413,0.01004,-0.15266,0.13238,0.13964,0.19628,0.043087,-0.02081,0.2742,-0.11617,0.031372,-0.091553,-0.031651,0.019956,-0.13073,-0.16784,0.14864,0.069369,-0.046014,-0.10685,-0.11274,-0.043826,0.16377,0.00014469,0.22858,-0.066343,0.27875,0.26041,-0.069379,0.15443,-0.10751,-0.0072708,-0.13385,-0.16569,-0.055731,0.36241,-0.056782,-0.11635,-0.04046,0.15179,0.44085,-0.038474
-0.0745,-0.079029,-0.07916,0.005315,-0.083229,0.1276,-0.0079106,-0.23463,0.22225,0.036301,0.17695,-0.044189,0.1731,0.26838,-0.093522,-0.038601,0.21432,0.32576,0.0090395,0.032631,0.026454,0.1966,0.12416,-0.070369,0.10503,-0.032839,0.26695,0.15787,0.38699,-0.151,0.13061,0.08444,-0.0068611,-0.15201,0.35642,0.081679,-0.20152,0.25446,-0.061298,0.12466,0.042793,-0.11726,0.098723,0.17795,-0.06237,-0.046113,-0.026477,0.031912,-0.075315,0.15242,-0.04096,-0.0051295,0.052566,-0.16351,-0.025026,-0.1652,-0.031592,0.066679,-0.1128,0.039057,-0.20339,-0.15182,-0.058623,-0.18028,0.12993,0.18146,0.02711,0.17103,0.030729,-0.062017,0.048957,0.17788,0.32777,-0.11169,0.2642,-0.031026,0.11296,0.24585,0.24274,0.11709,0.47432,-0.01979,0.45847,-0.069746,0.24325,-0.076907,0.011979,-0.12972,0.14461,0.28158,0.24162,-0.044026,0.0085256,0.098712,0.1564,-0.11333,0.065423,0.23647,-0.0252,-0.032785
-0.051405,0.046374,-0.16671,-0.082802,0.35093,-0.0032811,0.13868,-0.15261,-0.055356,0.26954,0.081426,-0.070493,0.52107,-0.029776,0.0068997,-0.1289,-0.052563,-0.050343,-0.092327,0.27588,-0.12417,0.34887,-0.11261,0.2339,0.33743,0.043057,0.36829,-0.16435,-0.030398,-0.063228,0.098555,0.05462,0.11341,-0.02523,-0.047225,0.17911,0.38644,0.09136,0.059426,0.078261,0.058965,-0.10155,-0.1319,-0.22928,-0.10401,0.080695,-0.12532,-0.024101,0.15638,0.2602,-0.060803,-0.094564,-0.00041302,-0.054707,0.022222,0.17762,0.13468,0.0056822,0.25743,-0.11889,0.13947,-0.027925,0.10735,0.16026,-0.13239,0.10596,-0.038731,0.23235,-0.15453,0.14421,-0.01722,-0.13167,0.12617,0.019068,0.012541,-0.092933,-0.0054552,0.064713,0.083187,0.28761,0.28755,-0.015501,0.31766,-0.080383,-0.11361,0.000868,0.093911,-0.087812,-0.11817,-0.14356,0.053469,-0.022324,0.19264,-0.07097,0.11923,0.20476,0.0077825,0.20733,0.16224,0.35655
0.29758,-0.0039722,0.18723,0.23935,-0.06094,0.044174,0.015748,-0.19072,-0.16969,0.2083,0.037061,0.16642,-0.044838,0.012264,0.051778,0.040487,0.012101,-0.13484,0.11966,0.09835,-0.21513,0.20804,-0.12245,-0.086043,0.040171,-0.086843,0.072146,-0.090001,0.04783,0.12277,0.057505,0.21756,0.11933,-0.024621,0.12381,-0.2357,0.13475,0.2081,0.22086,0.0076043,0.033188,-0.0092873,-0.15142,0.13676,0.22883,0.18934,0.27792,0.28139,-0.22055,-0.089137,0.22374,-0.026621,-0.16084,-0.11237,0.19235,0.21024,0.062901,0.017367,0.24817,0.21326,-0.039883,0.16489,0.081495,-0.019418,-0.036212,-0.034239,-0.13183,0.14876,0.17698,-0.1844,-0.065055,0.29558,-0.11919,0.33482,0.041058,0.096618,0.19622,0.40153,0.23218,0.034346,0.11699,-0.091977,0.074262,0.15741,-0.039409,0.30051,-0.041464,0.081802,0.10264,0.018963,0.53394,0.31658,-0.084245,0.16155,0.13152,0.16432,0.024266,-0.13502,0.16263,-0.091551
0.22894,0.21614,0.18123,-0.041254,-0.069785,0.17081,0.10605,0.17123,0.091566,0.043405,-0.13583,-0.2086,-0.088422,0.02346,0.0812,0.18222,0.28416,0.20165,-0.07372,-0.11496,0.12588,-0.10742,0.04334,0.23898,0.18125,0.012909,0.020119,-0.1466,0.025642,0.21279,0.096532,-0.11506,0.018065,0.17346,0.27073,0.065865,0.19532,0.28397,-0.086456,0.11948,-0.15822,-0.0015826,0.010114,0.15257,0.2428,-0.14445,-0.056887,0.15434,-0.00038673,0.1878,0.17495,-0.080018,0.1649,0.34808,0.09089,0.21811,-0.04076,-0.15324,0.12118,0.0095822,0.0042551,-0.12093,0.034183,-0.015053,0.19093,0.042253,-0.089009,-0.075136,0.14204,-0.16627,0.029666,0.22196,-0.034997,-0.18545,-0.086188,-0.10188,0.13059,0.14435,0.093527,0.19754,0.12187,0.10638,-0.16278,-0.058025,0.0084023,0.2313,-0.14321,0.1645,0.11635,0.083327,0.075068,-0.1236,-0.10163,0.27262,-0.0088552,0.13929,-0.1952,0.23825,0.071606,0.015209
0.030075,-0.051482,0.17998,0.24154,-0.02569,-0.069663,0.11039,0.10759,0.24635,-0.016058,0.21829,0.071347,0.24397,-0.0095192,0.1071,0.21303,0.54874,0.32659,-0.27134,0.031719,0.17767,0.08911,-0.15064,0.14165,0.29837,0.11867,-0.064935,-0.18116,-0.032329,-0.046091,-0.012779,0.16685,0.099869,0.58124,-0.097081,0.083343,-0.095539,0.10164,-0.14572,0.0065108,0.11527,-0.093145,-0.18606,-0.0020344,0.13675,-0.0088336,-0.0087621,0.19162,0.16859,-0.010775,-0.30767,-0.16939,-0.10143,0.33689,0.06561,0.11064,-0.15996,0.22585,-0.18035,-0.22216,0.029985,0.20016,0.0021027,0.070085,-0.045353,0.028655,0.1956,-0.042813,-0.060264,-0.13936,0.12139,0.016867,0.11078,0.36058,-0.080136,0.43523,-0.11853,0.28785,-0.031737,0.22312,0.23191,0.071985,0.31377,0.10302,-0.10664,0.02643,-0.022978,-0.10308,0.2532,-0.079291,0.02947,0.24811,0.051826,0.28336,-0.0932,-0.069358,0.43589,0.033751,-0.036678,0.30045
-0.30576,0.051445,-0.1906,0.051922,0.2201,-0.07701,0.0256,0.13432,-0.014727,0.47037,-0.062735,0.080091,-0.12088,-0.11545,0.21997,-0.092074,0.020266,0.20657,-0.095868,-0.22761,0.084057,0.14992,-0.00044861,-0.014097,0.066891,0.18377,-0.182,0.30959,-0.10787,0.022557,0.0093336,-0.072951,-0.13563,-0.006713,-0.11059,-0.031412,-0.19335,0.056091,-0.22347,0.22774,0.050005,0.12594,-0.13025,-0.11935,0.04375,0.024471,-0.10304,0.02556,0.13494,0.11005,0.15941,0.021685,0.19907,-0.14152,0.077417,0.13512,0.31244,-0.065824,0.09297,-0.2587,0.14528,0.25086,0.051719,-0.11538,-0.085079,0.054991,0.093754,-0.15394,0.062072,-0.099198,-0.33592,0.065566,0.22288,0.31009,0.3267,0.3742,-0.047394,-0.18589,0.18765,-0.20737,0.10756,0.17023,0.094852,0.095663,0.031027,0.13249,0.048574,0.041198,-0.1457,-0.030599,0.16148,0.19779,0.16093,0.38356,0.043806,0.20814,0.19778,0.043672,0.19235,-0.25668
0.044955,-0.047198,0.2023,0.17004,0.05981,-0.013027,0.079626,-0.023548,0.2726,0.46827,0.015504,0.15806,0.059602,0.021353,0.41468,0.30404,0.24351,0.037564,-0.08572,0.21741,-0.091033,0.061022,0.16555,0.14052,0.11018,-0.25132,0.033822,0.28087,0.011305,0.21113,-0.11506,0.0075942,-0.039021,-0.12863,-0.17229,-0.033884,-0.22899,0.051806,-0.2054,0.11689,0.046159,-0.20226,-0.027165,0.35687,0.070322,0.013902,0.26736,0.14368,-0.071741,-0.065646,0.085825,-0.10572,-0.20308,0.34572,0.2441,0.10223,0.12283,0.077684,0.12139,0.18343,0.036669,0.043932,0.13053,-0.026398,-0.074831,-0.060745,0.13452,-0.11495,0.33025,-0.053062,-0.074374,-0.026968,0.21414,-0.06266,0.25186,0.067385,0.30741,0.03341,0.22988,-0.019113,0.13652,0.21826,0.20418,0.17254,0.0095754,0.2677,-0.053981,0.41074,-0.057997,-0.015878,-0.0022248,-0.03862,-0.017806,-0.18263,-0.058497,-0.058865,0.034019,0.18086,-0.015861,0.11022
0.094972,0.10217,0.18322,-0.085284,0.11753,-0.0085762,0.0098934,0.12962,-0.09364,0.076145,-0.11789,0.27382,-0.040762,-0.054455,0.10072,0.063238,-0.20448,-0.078665,0.13895,0.10396,0.24138,0.13139,-0.23333,0.095501,0.076118,0.16556,-0.15953,0.12583,-0.096691,0.21659,0.16322,0.17337,0.044791,0.2523,0.074223,-0.18339,-0.0087197,0.15911,-0.12317,0.22028,0.073469,0.11647,0.076855,0.17518,0.26623,-0.16813,-0.04571,0.080197,-0.16042,-0.0059605,0.23606,0.13343,-0.077306,-0.027994,0.06183,0.038375,0.0032283,-0.066577,0.026746,-0.17837,-0.066712,0.018822,0.371,0.11668,0.16457,0.31098,0.027524,0.26612,0.079613,0.15686,-0.033029,0.14789,0.068439,-0.0065841,0.046654,0.040232,0.092165,0.057926,-0.070721,0.17011,0.22741,0.3004,0.059415,-0.060315,-0.013637,0.024127,0.078824,0.13063,-0.057764,-0.025591,0.066016,0.030539,0.13851,-0.032237,0.13979,0.1059,0.11506,0.074443,0.10307,0.16518
0.12359,-0.28041,0.049266,-0.14472,0.15506,0.016554,-0.18818,-0.14576,0.3191,0.2955,-0.018284,0.29311,0.075446,0.11339,0.15351,0.018878,-0.21552,0.084047,0.19888,-0.0017221,-0.14369,0.33503,-0.019771,0.1145,-0.11227,-0.33896,0.15611,-0.21664,0.31594,0.021259,0.24642,-0.10111,-0.29969,-0.094465,0.21173,-0.12483,0.031204,0.1107,0.083442,0.13883,0.25157,0.3321,0.1554,-0.090998,0.0022117,0.073894,-0.11567,-0.0014094,-0.072151,0.44988,0.020145,0.28008,-0.077894,-0.096544,0.0077621,-0.1426,0.0083741,0.23353,0.19603,-0.068822,-0.01802,0.4765,-0.10353,0.13757,0.4351,-0.065008,-0.022816,0.096905,0.018677,-0.065381,0.10151,0.1666,0.23844,-0.28936,0.13026,0.24446,0.096431,0.18891,0.18562,0.41503,0.12696,-0.17873,0.0002949,0.011557,0.13795,-0.027487,-0.076594,0.26865,0.46769,-0.048018,-0.069578,-0.048824,-0.0015078,-0.09542,0.05285,0.45913,-0.19193,-0.12469,0.29767,-0.13793
-0.22363,0.083653,-0.10689,0.23897,0.13109,0.1873,-0.0414,0.35632,-0.071212,-0.027766,0.33063,0.34712,-0.044189,0.090603,-0.094282,-0.15445,0.2367,0.40344,0.044921,-0.066705,0.26256,0.18125,-0.096523,0.024333,0.307,0.20513,0.0014239,0.13219,-0.031057,-0.067592,-0.028607,-0.027485,0.28055,0.065879,-0.090484,0.09201,-0.22797,0.05366,0.35776,-0.14634,0.42711,0.23824,0.16704,-0.24702,-0.16609,-0.11893,-0.0030244,-0.047649,-0.10397,-0.074976,0.27541,0.4703,0.24134,0.074762,0.19947,0.15263,-0.4049,0.18288,-0.22341,-0.082626,-0.011119,0.09324,-0.22553,0.24116,0.28409,-0.15752,0.055035,-0.12917,-0.014339,0.029103,0.16148,-0.01531,-0.073066,0.073611,0.022079,-0.24464,-0.01537,0.032277,0.22208,0.28153,-0.13367,0.077506,0.11026,-0.23177,0.37377,-0.090035,0.015673,0.19326,-0.03218,0.17172,-0.10673,0.15399,0.12899,0.27389,0.05747,-0.0060907,-0.084928,0.27319,-0.032346,-0.1805
0.10978,0.28155,-0.086905,0.029782,0.16476,-0.085565,0.1553,0.20876,0.040468,0.1439,0.073713,-0.066289,0.20739,-0.10259,0.034894,-0.17654,0.0448,0.094436,0.15258,0.080431,0.36822,0.27949,0.15755,-0.12015,0.25848,0.12847,-0.031336,0.02756,0.14054,0.063946,-0.0566,0.13761,0.1856,0.54358,0.08396,0.011161,-0.21847,0.11499,-0.033237,0.0081418,-0.041013,-0.15005,0.23456,-0.14568,-0.0084538,-0.010695,0.11861,-0.12667,-0.0080566,0.062118,0.32951,-0.27179,-0.0040726,-0.077668,-0.18506,-0.043929,0.15943,0.046535,0.10695,0.18367,0.096174,0.062281,-0.12528,0.24915,0.082704,-0.13922,0.026195,-0.096239,0.066162,-0.04932,0.24684,0.078127,0.079942,-0.21719,0.10456,-0.11082,0.24764,0.0052755,-0.13009,-0.025406,0.26954,-0.1449,-0.1952,0.15754,-0.052082,0.13559,0.30972,-0.17061,0.12642,0.0456,-0.097192,-0.26394,-0.059669,0.23376,-0.18376,0.072207,0.36929,0.0059325,-0.041114,0.50031
0.11055,0.13549,-0.12272,-0.19812,-0.15543,0.018579,-0.055913,0.094066,-0.030266,-0.22495,-0.12552,0.30872,0.38829,0.29048,0.086535,-0.014525,0.059424,-0.20077,0.12457,-0.035618,0.08442,-0.013313,0.14327,0.27003,-0.097095,0.071969,0.10073,0.0025348,-0.10427,-0.021905,0.0013412,0.13976,0.034367,-0.063471,-0.020806,0.11995,0.22649,0.21578,0.08501,-0.030566,0.11311,-0.0026719,-0.025244,-0.16343,0.13379,0.13338,0.26729,0.71167,0.02112,0.065303,-0.15166,0.057092,-0.02965,-0.034689,-0.15214,0.090492,0.2549,0.30319,0.20554,-0.019277,0.019287,0.13032,0.080795,0.048187,0.17789,-0.11343,-0.050755,0.020985,-0.072177,-0.083879,0.27164,0.091488,-0.02597,0.0022496,-0.18585,-0.042089,-0.098192,0.09216,-0.17962,0.057665,0.17585,0.18239,-0.061832,0.21771,0.16535,0.41793,0.26292,0.011384,0.30066,0.12068,-0.077925,-0.12508,0.13445,-0.18589,0.29761,0.10808,0.014358,-0.20777,0.21393,0.095695
0.061759,-0.019957,-0.13704,-0.20757,0.1878,0.18352,-0.14291,0.084391,0.2272,0.11434,0.013794,0.17362,-0.10898,-0.065637,0.24787,-0.085857,0.21594,-0.031514,-0.038628,0.4043,-0.086279,-0.026633,0.14482,-0.26886,0.056308,0.089239,-0.17557,0.034058,-0.02355,0.07784,0.13986,-0.094354,0.069563,-0.032405,0.059527,0.27878,-0.10006,0.070813,-0.13671,0.26691,0.061543,-0.02539,0.0037413,0.040249,-0.022743,-0.15855,-0.039387,0.058716,-0.056013,0.19053,0.21599,0.18963,0.039951,-0.02407,0.13192,0.039171,0.14705,0.077137,0.06018,-0.020348,-0.21832,-0.14879,0.23345,-0.013322,-0.13664,0.25971,-0.11176,0.46569,-6.9149e-06,0.18774,0.031615,-0.094563,0.23856,0.041024,0.084617,-0.21258,0.066671,0.078395,0.21443,0.10596,0.34128,0.22345,0.13573,0.014056,0.14786,0.17384,0.019952,0.042894,-0.20932,0.16879,0.059911,-0.15494,-0.11809,0.18397,0.030098,0.085648,-0.067372,0.033908,0.42528,0.11171
-0.0057054,-0.12465,0.22127,-0.082862,0.05165,0.18023,0.37047,0.27413,0.17123,0.028176,0.071253,0.055525,0.036302,-0.035419,0.0045658,-0.22763,0.0068752,0.33184,0.028541,-0.042417,0.14445,-0.10252,0.0031312,-0.012887,0.072246,0.068011,0.17284,0.023539,0.12945,-0.17553,0.0020787,0.73019,0.096223,-0.061843,-0.033145,0.16389,0.088836,0.19725,0.17093,0.13651,-0.080515,-0.13758,0.21302,-0.11967,-0.066283,-0.030293,0.19999,0.15781,0.20965,-0.031955,0.25789,0.182,-0.035204,0.32786,0.11601,-0.01322,0.090204,0.18998,-0.01844,-0.071691,0.096854,0.052354,-0.081827,-0.013469,-0.17049,-0.034443,-0.012252,0.31161,0.078777,-0.11813,-0.035529,-0.29813,0.1216,0.00022354,-0.11663,0.010777,0.057745,0.30576,-0.14894,-0.053097,-0.14451,-0.018219,0.051026,0.35315,-0.074858,0.1924,0.15559,0.014861,-0.082661,-0.13711,0.045393,0.27134,0.31532,-0.07175,0.22382,-0.0010414,0.32626,-0.048031,0.17796,-0.1873
-0.012559,0.17835,0.073729,0.092218,-0.11009,-0.0012541,0.042641,0.10209,-0.18376,0.00085793,-0.071511,0.047124,0.037036,0.19573,0.063444,0.21208,-0.018429,-0.088292,-0.10247,0.00084595,0.10091,0.0010229,0.02288,0.27272,0.038327,0.20552,0.15389,0.0085098,0.37184,0.099556,0.064659,-0.073866,0.16125,-0.087045,0.018738,0.36004,-0.14758,-0.030872,0.1232,0.12789,0.02966,0.0024206,0.10862,0.16084,0.24864,0.17346,-0.12182,0.044251,0.082271,0.079772,0.28034,0.047934,0.108,0.098021,0.17483,-0.062546,0.081413,-0.095683,0.1575,0.14581,0.098693,-0.019161,-0.043488,0.0080843,-0.0069598,-0.043585,-0.041943,-0.075441,-0.033543,-0.069477,-0.16545,0.028254,0.15381,0.35791,0.094418,-0.00030561,-0.11165,0.20866,-0.16703,0.2487,0.079782,0.15209,-0.062215,0.19679,0.047835,-0.017687,0.048629,-0.057587,-0.046911,0.17922,-0.13252,-0.15159,0.53432,0.10326,-0.050182,-0.14154,0.13405,-0.14132,0.095832,0.22478
-0.10605,-0.0090427,-0.1118,-0.12065,-0.17822,0.0043803,0.25141,-0.039112,0.32784,-0.046583,-0.12455,-0.020367,-0.056627,0.24259,0.082734,-0.099587,0.23536,0.32359,-0.23896,-0.14856,-0.042436,0.18677,0.22859,0.27972,-0.098498,0.075773,-0.022755,0.01783,0.26448,-0.00011092,0.31935,0.31772,0.35927,0.21351,0.30925,0.19295,-0.065262,-0.00039008,-0.073408,0.13961,0.067422,0.16117,-0.16442,0.18864,0.034456,-0.1198,-0.044873,0.076313,-0.097331,-0.083661,-0.048288,-0.172,0.23277,0.34335,-0.099058,0.010894,-0.10886,0.32563,0.20318,0.36535,0.11857,0.022185,-0.10348,-0.017734,-0.13324,0.023851,0.18722,0.1109,-0.045791,0.12789,0.042453,-0.0074686,0.040284,-0.037921,0.2136,-0.13647,-0.02872,0.061824,-0.10371,0.37808,0.2083,-0.08062,-0.10834,0.052925,0.028231,0.26646,0.025044,-0.045955,0.013183,0.50362,-0.11219,0.054772,0.71168,0.043217,-0.03579,0.026328,0.23244,0.063639,0.10214,0.14219
-0.026138,-0.011912,-0.016973,0.30958,-0.16657,-0.074943,-0.29171,-0.035689,-0.014601,0.058471,0.12245,0.12845,0.26409,0.14178,0.09137,0.0028731,0.40729,-0.054623,-0.051466,0.31894,0.20235,0.051635,0.20694,0.097935,-0.074191,0.089919,0.20902,0.11808,0.41895,0.063266,-0.22944,-0.10386,0.56044,0.013238,0.17276,0.067342,0.087229,0.182,-0.20713,0.063705,-0.011076,0.10604,0.036755,0.010304,0.13231,0.018199,0.0857,0.28742,0.047797,0.10447,-0.18046,-0.013593,0.21365,0.15786,0.20556,-0.11756,0.40495,0.45475,-0.064025,0.29928,-0.094686,0.14104,0.10586,0.3322,0.1854,-0.11304,-0.18091,-0.17532,0.14148,-0.038822,0.12144,-0.087085,0.011011,-0.083393,0.034384,0.0093836,-0.11064,0.050973,-0.087381,0.020437,0.23212,0.029973,0.027403,0.24593,-0.12598,-0.1364,-0.075855,0.26048,-0.046557,0.18865,-0.13736,0.063427,-0.017698,0.33011,0.022928,-0.093358,0.12138,0.0026111,0.12085,-0.0031057
0.0094814,0.30319,-0.02276,0.41073,0.057683,0.083799,0.26042,-0.0040129,0.23926,-0.21956,0.25759,0.20729,0.082355,-0.18233,0.020377,-0.13754,-0.09121,0.013988,-0.07556,-0.0031601,0.055992,0.30595,0.015661,0.10729,-0.056094,0.26335,-0.081635,0.041552,0.23143,-0.0085959,0.052885,-0.059671,-0.023944,-0.047169,-0.18273,0.29694,-0.098909,0.25088,-0.027796,0.13775,-0.14308,-0.21151,0.10601,0.19084,0.1614,0.27863,0.18248,0.21863,0.049078,0.22664,0.14405,-0.035431,0.1901,0.06454,0.033444,0.11843,0.035817,-0.030877,0.22911,-0.033155,0.019499,0.059299,0.021286,0.1039,-0.055827,0.29498,0.070712,-0.20056,-0.028867,-0.14466,0.1318,0.23897,0.42473,0.13919,0.058018,0.01796,-0.062748,0.29047,0.0094547,0.20754,0.10534,0.10857,0.025592,0.1118,0.054157,-0.15489,0.22925,-0.20071,-0.12427,-0.23836,-0.12216,-0.036927,0.33283,0.24131,0.085096,0.056721,0.010728,-0.10561,-0.078402,0.35321
0.14105,0.63383,-0.045437,0.25161,0.34194,0.078848,-0.11461,0.00022938,0.091631,0.19323,0.077943,-0.0090953,0.0050261,0.18925,-0.059665,0.04338,0.098615,0.010615,0.059313,0.078318,0.089603,0.083665,-0.091543,0.2212,-0.013272,-0.11545,0.10873,0.071881,0.26657,0.13541,0.28751,0.058369,-0.052064,-0.03205,0.29416,-0.037809,-0.12418,0.33404,0.098082,-0.12292,0.070713,0.26238,-0.066241,-0.1148,0.32975,0.2688,-0.00041921,-0.22424,0.022787,0.1486,-0.088784,0.10373,0.17777,0.047422,-0.14976,0.23376,0.26976,0.037284,-0.11219,-0.063833,0.011693,0.16089,0.17224,0.047253,-0.031034,-0.050036,0.31141,0.012465,-0.0090851,0.4249,-0.07895,-0.24667,0.045329,0.27485,0.1404,0.036067,-0.028958,-0.090044,-0.15298,-0.081209,-0.016214,0.12447,0.061398,0.14909,0.030197,-0.14795,-0.14297,0.010055,0.12418,0.02692,-0.035084,-0.10733,-0.12912,0.028106,0.13918,0.17704,0.54226,-0.0047316,0.2724,0.13765
0.068608,-0.019879,0.14435,-0.020123,0.17965,0.1756,-0.26667,0.016622,0.13135,-0.095825,0.0018637,0.048245,-0.064398,0.19427,-0.13121,0.34366,-0.13512,0.0088495,-0.10574,0.26591,0.03493,0.41543,0.39815,0.16043,0.11159,0.033668,0.075928,0.22984,0.031327,0.14488,0.047479,0.084024,0.29258,0.16463,0.07795,-0.12379,0.34903,0.031541,-0.12344,0.0092647,-0.19365,0.36678,-0.097551,-0.071974,0.065408,-0.010433,0.099074,0.0036433,-0.043803,-0.20775,-0.17195,0.01597,-0.062036,0.058151,-0.01453,0.13205,0.28744,0.059569,0.028495,-0.039451,0.035255,-0.13272,-0.07768,0.17538,0.27915,0.025269,-0.024302,0.19189,0.096517,-0.12177,0.18496,-0.077496,-0.10197,0.11117,0.13676,0.057766,0.36682,0.14426,0.27501,0.066014,-0.11736,0.22508,0.16993,-0.19035,-0.0020134,0.0092222,0.06504,0.085022,0.083839,0.27901,0.056476,-0.020489,-0.19152,0.29248,-0.022692,0.11931,0.1483,0.46942,0.39985,0.010776
0.15103,0.021155,0.12281,-0.091741,0.16678,-0.0042087,-0.091282,-0.14908,0.22452,0.11195,-0.012458,0.026277,0.04628,0.01622,-0.055506,-0.10628,0.23781,-0.15408,0.013091,-0.16985,0.20134,0.1012,0.079242,-0.0069274,0.059043,-0.12745,0.21203,0.20376,0.18597,0.12877,0.24471,-0.12928,0.23783,0.085268,-0.03307,0.14516,0.080443,-0.21968,0.10845,0.17143,0.43675,-0.088523,0.012858,0.11439,0.26396,0.22122,-0.20859,0.0094629,0.21947,-0.12467,-0.048898,0.15971,0.28903,0.086934,-0.24861,0.283,-0.0042997,0.072075,0.094482,0.00023165,0.17545,0.13599,-0.093081,0.065606,-0.16205,0.32459,-0.0125,-0.0053008,0.039254,-0.14734,0.1304,0.099231,-0.055152,0.081113,0.015453,-0.22583,0.19564,-0.10679,-0.034214,0.36206,-0.0035672,0.084721,0.10235,0.23246,-0.075068,0.050521,0.24986,-0.29564,0.19823,0.19614,0.26689,-0.044943,0.1568,-0.10818,-0.092661,0.14049,0.018656,-0.053061,0.027382,-0.17436
0.14395,0.2917,-0.16767,0.25729,0.033995,-0.095992,0.035425,-0.30923,0.068192,0.2748,0.11428,0.12384,0.17947,0.074952,0.094433,0.12499,0.43492,0.15011,-0.0040301,0.32501,0.26888,-0.181,0.024703,0.0011458,-0.053251,0.15305,0.10358,0.27316,0.078055,0.10284,0.10612,-0.057273,-0.031521,0.11699,-0.16683,0.13337,-0.07155,-0.21201,0.13953,0.075085,-0.14547,0.20602,0.051109,0.02288,0.11239,-0.20811,-0.070995,0.21137,0.12371,-0.1445,-0.027904,0.13567,-0.026022,-0.054676,-0.09701,-0.18902,0.17229,-0.28776,0.053663,0.16804,0.1522,0.030637,0.16162,0.097935,0.11973,0.09494,-0.028981,0.097264,-0.16684,0.30378,-0.029619,-0.17201,0.059997,0.25193,0.096313,-0.10857,0.11018,-0.22552,0.084394,-0.060085,-0.07138,0.19888,0.059033,0.11065,0.18163,-0.17846,0.11704,-0.019013,0.01713,0.054193,0.22343,0.058407,0.21361,0.047882,0.073713,0.081083,-0.21873,0.2137,0.061504,-0.049871
0.11262,0.18281,0.27551,0.25395,-0.029236,-0.14085,0.39824,-0.052596,0.004887,0.053002,0.064015,-0.10164,-0.056369,0.1035,0.12171,-0.19599,-0.043421,-0.13111,0.084846,-0.092056,0.010638,0.14536,0.13028,0.023479,0.074105,0.65219,-0.021782,-0.077254,0.21461,0.1408,-0.14328,-0.0289,0.022205,0.31663,0.20121,0.11501,0.013018,-0.18041,0.13792,0.015424,-0.095419,0.015481,0.38805,-0.16386,-0.076495,0.12365,0.022998,0.05804,0.011836,0.27896,-0.11105,0.20475,-0.026205,0.20128,-0.027754,-0.069088,0.28704,0.0067766,0.28732,0.21481,0.039963,0.16066,0.088666,0.43316,0.078656,-0.18504,-0.040025,-0.067312,-0.06151,-0.13442,0.11643,0.017717,0.0038785,0.067933,-0.034173,0.031522,-0.074453,0.025473,0.13457,0.11535,0.060563,-0.1101,0.40948,0.38716,0.014998,0.13873,-0.11173,0.093927,0.064601,0.099886,0.072269,-0.12649,-0.012974,0.12346,0.22533,-0.044262,-0.040182,0.069835,0.16415,0.17491
-0.011847,0.008811,-0.10942,0.21589,0.16492,-0.023449,0.45045,-0.23817,-0.097036,-0.16132,-0.18434,-0.038416,-0.0098872,0.091513,-0.0052466,0.24426,-0.17877,0.19453,0.28911,0.39429,0.21801,-0.2007,0.015729,0.012704,0.14147,-0.10518,0.007888,0.1673,-0.14209,0.11608,0.029115,0.064713,0.14255,0.34107,0.11724,0.014801,-0.14089,0.12081,-0.069277,-0.13271,-0.20648,0.36075,-0.036102,-0.083098,0.11729,-0.15835,0.34642,0.15111,-0.073989,0.089269,0.10997,0.20866,0.090392,-0.24148,0.18739,0.25814,-0.10588,0.052821,0.20896,-0.16614,-0.054572,0.021108,0.01643,0.28833,0.31459,-0.085043,-0.077962,0.1222,-0.26178,0.031789,-0.12848,0.048792,0.16131,0.13149,0.35182,0.1661,-0.14321,0.14277,0.0025939,-0.091493,-0.029334,0.24021,-0.033002,0.25192,-0.058979,-0.0022012,0.049091,-0.040356,-0.2125,-0.020472,-0.016095,0.084919,0.19152,0.0095574,-0.0039777,0.42668,0.26114,-0.10613,0.20848,0.051622
-0.042594,0.32112,0.030418,-0.17399,-0.097141,-0.14,0.33363,0.098506,0.15571,0.0086305,-0.11242,0.012737,-0.12992,-0.032091,0.10396,-0.14053,0.28672,0.024678,0.02467,0.094099,-0.21079,0.11924,0.029176,0.22425,0.18704,0.26351,0.28909,-0.00056423,0.0618,-0.19743,0.21936,0.079472,0.11768,0.059025,0.082632,0.028987,0.34203,-0.13971,0.22151,0.32074,0.099259,0.25013,0.22216,0.43085,0.22173,-0.083545,0.017944,0.048171,0.1128,0.25146,0.40319,0.081055,0.12333,0.080539,-0.11178,0.2361,0.058375,0.14247,-0.12675,-0.057371,0.07564,-0.065485,-0.015627,0.11282,0.16595,-0.066167,0.033422,-0.16865,0.18472,-0.2101,0.075536,-0.096453,-0.087762,-0.15533,0.11988,0.064688,-0.080279,0.3292,0.24741,0.052587,0.073042,0.10831,-0.023721,0.22333,0.10721,0.004218,0.20199,0.077566,0.11585,-0.084234,-0.10683,-0.1258,-0.11827,0.2401,-0.036748,0.28029,-0.16888,0.15061,0.15875,0.051796
-0.17787,0.041562,-0.045208,0.17955,-0.037163,-0.025476,0.11823,0.2223,-0.22032,0.031841,-0.043418,-0.00768,-0.0022573,0.012896,-0.14034,0.39116,-0.025529,0.19726,0.1667,0.46393,0.073189,-0.098514,0.33873,0.05377,0.1552,0.014134,-0.094965,-0.01591,-0.17366,-0.20295,-0.082588,0.066531,0.016908,-0.07654,0.20775,0.28155,0.11023,0.29272,-0.1433,-0.3226,0.10964,0.36965,0.077047,0.077586,0.036444,0.10386,-0.25161,0.0002862,-0.087149,0.15871,0.23602,0.33309,-0.055604,0.16134,-0.030017,-0.20472,0.30278,0.1336,0.21789,-0.010871,-0.037264,-0.16163,0.27635,0.17364,0.074193,0.23622,0.084341,0.0017329,0.17548,0.19927,-0.0082786,0.0051461,0.17679,0.23556,0.1409,-0.11562,-0.065502,0.1259,0.036761,0.17748,0.18989,-0.11503,0.0064994,0.092518,0.066257,-0.086118,0.088927,-0.12973,-0.0087809,-0.1895,-0.030315,0.45536,0.22569,0.0093806,0.039302,0.33128,-0.0022103,0.18662,0.041847,0.019756
0.19648,0.026711,-0.12202,0.31166,0.12787,0.14584,-0.022356,0.17898,-0.016206,-0.035319,0.10613,0.42508,-0.076488,-0.21068,-0.0047607,0.082298,0.093855,0.22791,-0.021228,-0.063759,-0.17234,0.13064,0.19056,-0.059237,0.045147,0.048301,-0.22244,0.3284,0.1529,0.10741,-0.063304,-0.11308,0.22572,0.39621,-0.040106,0.23044,-0.20273,-0.045778,0.0049852,0.09836,0.076927,0.31408,0.037557,-0.23893,0.11392,0.061661,0.018892,0.1315,0.22729,0.21648,0.1833,0.27318,-0.072017,-0.16293,0.31543,0.20295,0.017147,-0.25936,0.16791,0.012974,-0.032771,0.11561,-0.064042,-0.087553,0.12187,0.061412,-0.068228,0.20017,-0.10068,0.07175,0.033712,0.03115,0.053147,-0.024208,0.22654,0.1446,0.1028,0.098612,0.29911,0.072651,0.023933,0.27969,0.21677,0.092784,0.14654,0.13141,0.0039544,-0.17033,0.053856,-0.059771,-0.034592,0.24691,0.01821,0.076989,0.021136,-0.13506,-0.076608,0.0050517,0.073293,0.16161
0.18404,-0.10028,0.17695,-0.052525,0.12915,0.10224,-0.08744,-0.028487,0.27357,0.067792,0.025161,0.11523,-0.031746,0.17359,0.078855,-0.0079572,0.071693,0.28413,-0.033925,0.024007,0.026887,0.19239,0.0087291,0.18843,0.0045433,0.042809,0.16446,0.016279,0.19008,0.28256,-0.2817,0.28574,-0.011844,0.10105,-0.048832,0.10316,0.19357,0.016957,-0.20672,0.068362,0.18072,0.20619,0.44715,-0.0069912,0.39056,-0.17272,-0.045018,-0.094682,-0.092364,0.070731,-0.035691,0.059496,-0.14758,0.022926,0.15184,-0.0029429,0.31989,0.19817,-0.18772,0.12678,0.040683,0.19881,0.10793,-0.042026,0.071723,-0.16225,0.14786,0.066639,0.11241,0.17434,0.022879,0.029019,0.16201,0.3375,-0.13383,-0.040344,0.1124,0.13296,0.34781,-0.049922,-0.1607,0.065445,0.20422,-0.04806,-0.01275,0.11159,-0.10098,-0.21138,0.060175,0.079,-0.16652,-0.2053,0.48701,-0.13125,-0.11366,-0.12166,0.046987,0.18228,-0.17148,0.42481
0.068398,-0.035548,0.2474,-0.10891,0.059105,0.078799,0.21056,0.077531,0.16476,-0.24089,-0.15281,0.12406,0.18318,-0.068401,-0.0012158,-0.11564,-0.040733,-0.046079,-0.075445,0.085735,-0.054093,0.078271,-0.1314,-0.011234,-0.079705,-0.092148,0.229,0.2764,-0.12839,0.31605,0.031857,-0.051157,0.15355,0.24368,-0.026747,0.15804,0.018088,-0.045288,0.15831,-0.0070085,0.31749,-0.10288,0.17326,0.019709,0.0060491,0.062088,0.12077,0.064712,0.48831,-0.20832,0.056115,-0.12833,-0.023912,-0.04549,-0.18181,0.15926,0.38622,0.18778,0.13742,0.10779,0.18769,0.13552,0.1957,0.2548,0.17707,0.22133,-0.064596,0.40549,-0.12393,0.34255,-0.11221,0.1273,0.0015451,0.18958,0.17438,0.022834,-0.12276,0.35849,-0.17941,0.16455,0.25707,0.092504,-0.17536,0.075822,-0.06254,-0.14565,-0.070073,0.10419,-0.090943,-0.018802,0.1447,0.14042,0.14402,0.047329,-0.014481,-0.2357,0.097175,0.10317,0.06931,0.074481
0.13164,0.27029,0.35456,-0.13713,0.032697,0.19859,0.21395,-0.03205,0.098791,0.20998,0.11627,-0.16803,0.04157,0.18789,-0.1285,0.15636,-0.24732,0.38584,0.13458,0.15083,0.02776,0.42341,-0.047637,0.17623,0.092891,0.047147,0.25461,0.13366,0.077776,-0.023086,0.26114,0.2573,-0.049268,0.080315,-0.14024,0.18635,-0.080665,-0.020166,0.0083785,0.11165,0.21415,-0.026966,-0.2584,0.25524,0.2679,-0.028477,0.32457,0.21976,-0.090004,0.01211,0.28385,0.053221,-0.1419,0.24188,-0.032676,-0.073902,-0.015441,0.082786,-0.025826,0.20119,0.045236,-0.17081,0.36039,-0.050827,0.13545,0.15114,0.050279,-0.16098,0.029427,-0.0028653,-0.073094,0.089123,-0.079197,-0.051599,0.2975,0.22505,0.12227,0.1206,-0.13747,-0.16783,-0.053273,-0.14034,0.075461,0.37865,0.23405,-0.014703,-0.074154,0.08985,0.17709,-0.083927,-0.10392,0.19632,-0.16249,-0.041692,-0.059524,-0.27324,0.096918,0.074449,0.27479,-0.030562
-0.0051375,-0.10063,0.30835,-0.20272,0.045806,-0.14772,0.22625,-0.021023,0.30459,0.145,-0.03053,0.30359,0.0029538,0.071284,0.35243,-0.088266,0.0794,0.23443,0.25182,-0.029068,-0.24457,0.30867,0.27157,-0.050637,0.29491,0.06114,0.35191,0.25623,0.27561,-0.13255,0.11621,0.083791,0.010971,0.20916,-0.047107,-0.052881,0.252,0.1289,0.028183,-0.073369,-0.10297,0.37207,-0.037935,-0.06742,0.18261,-0.056895,0.060749,-0.15686,0.027314,0.034001,-0.12678,0.21321,0.29894,0.10645,0.16007,-0.13049,0.13618,-0.06389,-0.069206,0.21772,-0.023759,0.035075,-0.11679,0.11859,0.043429,0.10026,0.099164,-0.11363,0.10251,-0.2604,0.11264,0.099563,0.056327,0.14896,-0.23692,0.0058034,0.1254,-0.18433,-0.0048031,0.0011222,0.16383,-0.0070042,0.34574,0.14315,-0.023167,0.33398,0.28808,0.1684,0.46613,0.032302,0.072052,0.14165,0.13449,-0.16026,0.10422,-0.064836,-0.012625,0.057137,0.048847,-0.074451
-0.021815,0.082748,0.10465,0.21683,0.14338,0.057416,-0.10271,-0.00070757,0.13225,-0.051365,0.08838,-0.34389,0.061577,0.23578,0.22204,0.2864,0.072421,0.094629,-0.12106,-0.17185,0.039074,-0.042027,0.3188,0.092433,-0.057247,0.092617,0.0074828,-0.0089085,-0.17054,0.16287,-0.2051,0.35855,0.00414,0.025352,0.29451,0.20657,0.11644,0.015739,-0.17591,0.11887,0.14428,0.092328,0.062889,0.44559,-0.075051,0.065722,0.15784,-0.094862,0.27625,-0.036336,-0.0081491,-0.0034916,0.10256,-0.11733,-0.077695,0.030005,-0.022597,-0.059645,0.25774,0.095737,0.2334,0.1205,0.040362,-0.063816,0.15583,0.29591,-0.025893,0.058647,0.15011,-0.002171,0.099444,0.17522,-0.082427,0.20391,0.023708,0.11703,0.22278,-0.020542,-0.11217,0.43809,0.0033093,0.054935,0.21896,0.065744,0.091108,0.026146,-0.058353,0.11643,0.11073,-0.0088076,-0.089416,0.060745,-0.076865,0.027208,-0.27266,0.0053839,-0.099155,0.076383,0.091646,0.17241
0.153,0.061496,-0.23804,0.098142,0.38762,0.074522,-0.14115,-0.10734,0.15202,0.29092,-0.014259,-0.058786,-0.0033408,0.28677,-0.044891,0.10433,-0.0019612,0.022457,0.19972,-0.089322,-0.0018579,0.044278,-0.0041612,-0.011348,-0.00053566,0.050571,0.10289,0.091544,0.29917,0.036672,-0.050708,0.19484,0.24625,0.16785,0.15795,0.11741,0.006318,-0.060656,-0.216,0.043313,0.22097,0.073039,0.07788,0.40346,-0.10099,0.26944,0.13399,0.1245,0.071662,-0.048373,-0.060863,0.10365,-0.13215,0.033643,0.12059,-0.13149,0.066282,0.0889,-0.025539,0.30362,0.27416,0.17601,0.14375,0.13664,-0.1298,-0.13122,0.0024805,-0.02983,0.01542,-0.012186,0.13596,-0.1501,0.12606,0.081914,0.029994,0.083695,-0.21639,0.14779,0.13209,-0.22742,0.1484,-0.043393,-0.061824,-0.048832,0.092079,-0.044866,0.12557,0.099319,0.19216,0.062085,-0.29474,0.154,-0.06439,0.24678,-0.039349,0.049593,-0.097093,0.059339,0.079031,0.33626
0.049944,0.21038,0.023317,0.13664,0.25594,0.18378,-0.15387,0.057325,-0.09287,0.14455,-0.037875,0.22188,0.016383,0.13765,-0.059265,0.35487,0.079156,-0.057423,-0.2702,0.013527,0.25405,0.19071,-0.079992,0.071734,-0.046927,0.42071,-0.039254,0.13381,0.14218,0.2056,0.2277,-0.19719,0.071891,0.067562,-0.1608,0.40028,0.28962,-0.1723,-0.026503,0.067527,0.10618,0.29653,0.37839,-0.015425,0.058454,0.033803,-0.21125,0.1706,-0.11996,0.26846,0.0074798,0.03458,0.067837,0.020385,-0.016515,0.30175,-0.061563,-0.017413,0.1904,0.41573,0.20682,-0.031329,0.010675,0.013246,0.26379,0.28698,-0.022507,0.098147,-0.0068449,-0.045497,0.26867,0.24351,-0.12093,-0.11497,-0.12916,-0.16534,0.13937,0.24331,0.14046,0.19306,0.065496,0.26512,0.11973,-0.14413,-0.057474,0.39335,-0.19173,-0.012241,0.020664,0.095517,-0.16564,0.1637,0.07032,0.024787,0.18507,0.10054,0.04987,0.12758,0.015569,0.12701
0.14444,-0.052514,0.22073,0.32196,-0.039357,0.38863,-0.23223,0.084355,-0.074393,0.31719,-0.15306,0.022692,0.2135,0.31828,0.24166,-0.11455,-0.25775,0.0026988,0.22401,-0.10378,-0.14252,0.35434,-0.0057679,-0.023848,0.14063,0.15314,0.083277,-0.19481,-0.20234,0.36838,-0.019106,0.073075,-0.010011,-0.06972,0.21977,-0.018152,-0.10849,0.085058,0.26309,-0.1328,0.53278,0.040692,-0.21509,0.24018,0.53529,-0.13151,0.054772,0.12304,0.21764,-0.053521,0.4547,-0.017897,-0.030672,0.19133,-0.024169,0.1083,0.40552,0.33702,0.22948,-0.051039,-0.013705,-0.19398,-0.13021,-0.082874,0.10716,0.23199,0.30861,-0.10044,0.30242,0.21183,0.052589,-0.073393,0.2656,-0.080147,-0.061768,-0.1283,0.040493,0.019243,0.076842,0.22363,0.17064,0.10798,0.076876,0.033487,0.1992,-0.050999,0.19917,-0.084784,0.061509,0.14056,-0.17912,-0.029208,0.19318,0.17401,0.058225,-0.10951,0.12294,0.021217,-0.12259,0.24858
0.29567,0.28336,-0.20284,0.042697,0.1117,-0.063281,0.16249,0.24844,0.04821,0.064642,0.37599,0.11066,0.39285,0.088476,0.15774,-0.051847,0.089151,-0.22118,0.17405,-0.0043552,0.01332,0.12678,-0.019734,0.12607,0.038115,0.43937,0.12997,0.19456,-0.13256,0.20602,0.23652,-0.041448,0.27188,0.1687,0.0047149,0.11278,0.22805,0.15574,0.061185,0.22514,0.34015,0.34813,0.04576,0.042188,-0.13362,-0.15671,0.028391,-0.0029863,-0.077486,0.0029697,0.14236,0.10335,-0.065322,-0.086186,0.19063,-0.24021,-0.047414,-0.071563,0.023451,-0.0089925,-0.001256,0.13088,0.10954,0.16464,-0.054828,0.51921,-0.31368,0.13046,-0.069082,-0.035225,-0.197,0.083423,0.0045845,0.29107,0.19572,-0.13744,-0.040328,0.31031,0.024166,0.072292,0.12322,0.053722,0.14446,-0.21377,0.099485,-0.065161,0.049463,0.056277,-0.072964,0.016029,0.17154,0.015802,-0.20298,-0.14906,-0.10664,0.27297,0.39263,0.06465,0.15314,-0.056662
-0.13057,-0.042821,0.22155,0.31901,-0.11376,-0.15437,0.15761,-0.092209,0.21847,-0.15782,-0.088043,-0.071191,-0.076576,0.073047,-0.031245,0.12311,0.12042,-0.029349,0.15722,0.34585,0.21538,0.052297,0.31956,-0.020453,-0.16754,-0.022088,0.23863,0.49396,-0.010639,-0.14168,0.16557,0.099134,0.058605,0.66348,-0.26966,-0.040586,0.17268,0.03184,0.1816,-0.037273,-0.012621,-0.076458,0.152,0.07487,0.16806,0.072762,0.098862,0.063431,-0.055366,-0.047817,-0.14936,0.18518,-0.11549,-0.1489,0.19759,0.11083,-0.19648,0.073417,0.27606,-0.26136,0.28101,-0.14419,0.35238,-0.028013,0.18182,-0.040349,0.15015,0.10076,0.030825,0.026126,0.020739,0.20826,-0.0066593,0.19567,-0.03838,0.23533,0.10016,-0.011027,-0.11158,0.18255,0.07245,0.61351,-0.019692,-0.029144,0.18801,0.19447,0.20218,0.15234,0.085888,0.082867,0.21688,-0.11949,-0.066622,0.38262,-0.071739,-0.016617,0.072156,0.30814,0.052427,0.052688
0.1992,0.08837,0.34632,0.2875,0.0077169,0.0095579,-0.088091,-0.15879,-0.04171,-0.029463,-0.10115,0.10225,0.052157,0.069458,0.073831,0.016476,-0.10873,0.2166,0.46217,0.14324,0.39621,0.22117,0.017184,0.25464,0.065476,0.36077,0.050765,0.013656,-0.02816,0.0098287,0.043644,0.18647,0.35248,-0.08959,0.10662,0.21074,0.079909,0.020141,-0.12975,0.12688,-0.056222,0.015704,-0.016184,-0.13019,-0.021325,-0.095751,0.50356,0.22102,0.28372,0.15658,0.098259,-0.10187,-0.051348,0.0054346,-0.059504,-0.16532,0.10351,0.30584,-0.16832,0.019149,0.037096,-0.0086943,0.30193,-0.14023,0.27639,-0.11578,0.31673,0.24511,0.15944,0.021994,0.31669,0.17852,0.24757,0.10576,-0.13789,-0.14511,-0.06754,0.22084,-0.22619,-0.084763,0.055095,0.087203,-0.00034929,-0.084679,-0.12416,0.27173,-0.064762,0.027189,0.10454,0.018491,0.028891,0.034457,0.075691,0.059429,0.12668,-0.037349,0.087363,0.01331,-0.027902,-0.018074
0.32883,0.043671,0.25285,0.29486,0.22095,0.3136,0.068517,0.32089,-0.067604,0.12303,0.046396,-0.13158,0.1352,-0.040598,-0.0048202,0.084612,-0.091278,0.052211,0.094217,0.39469,0.2132,0.16424,0.096232,0.084917,0.25888,-0.175,0.027322,0.0933,0.040503,0.096988,0.018058,-0.16963,0.047719,-0.073531,0.070123,-0.068003,-0.02717,0.046655,-0.092636,0.24195,0.17803,0.021345,0.096478,0.091016,0.12634,0.11012,0.056184,0.15159,0.022599,-0.08022,0.20103,0.0084753,0.17277,0.067481,-0.080011,-0.12979,0.089838,0.18955,0.13338,0.058263,0.096263,0.29496,-0.086722,0.29936,0.067472,0.018331,0.25717,0.1044,-0.054797,0.0088117,-0.058736,-0.1514,-0.064879,0.11346,0.36463,0.027172,0.22924,0.24214,0.061852,0.18817,0.11669,0.12157,-0.015598,-0.11739,-0.17455,-0.070053,0.21347,-0.24263,0.15324,-0.01328,-0.042793,0.044429,0.047951,0.18155,-0.17929,0.17386,0.02669,0.21495,0.056753,-0.2425
0.080419,0.15514,-0.025465,0.11247,-0.10604,0.45514,0.092641,0.023543,0.15312,0.1859,0.28641,0.14182,0.053343,0.081045,0.18664,0.04599,0.2238,0.035733,0.029037,0.14981,0.17263,0.071825,0.069018,0.1005,0.089929,-0.23149,0.20971,0.10423,-0.0047409,-0.067456,-0.020688,-0.061966,-0.27295,0.093506,0.016371,-0.11368,0.093778,0.014905,-0.04226,-0.13293,0.057964,0.25775,-0.02352,0.089361,-0.00077404,0.11494,0.16772,0.10866,-0.0047866,-0.036634,0.35699,0.31434,-0.14188,0.087028,-0.068985,0.41457,0.13256,-0.11467,0.38917,0.040472,-0.053389,0.010917,0.0098685,0.03584,-0.017107,-0.20079,-0.070429,0.055321,0.13322,0.16539,-0.16245,-0.16934,-0.054034,-0.081114,0.17597,-0.061926,0.035919,0.25298,4.0449e-05,0.41543,0.08736,-0.0091075,0.14284,-0.059053,0.12273,-0.13228,0.064216,-0.18691,0.17699,0.32504,-0.16736,-0.0065085,0.010628,0.15225,-0.21891,0.092357,-0.1097,0.2935,-0.066067,0.035134
0.12779,0.12096,-0.12642,-0.21776,0.087533,-0.15746,0.08909,0.0099835,0.10338,0.28523,-0.082253,0.07273,-0.081578,-0.31502,0.11902,0.14972,0.21824,0.041042,0.16752,-0.18868,0.30872,0.14878,0.24678,-0.08469,0.089046,-0.021553,0.16819,0.10228,-0.025182,-0.033421,0.0064379,-0.060791,0.1075,-0.019939,0.27427,0.16139,0.15673,0.18772,0.12046,0.073856,0.15643,0.40022,-0.040957,-0.036689,-0.17495,0.14162,0.38731,0.021318,-0.093414,0.17172,-0.12565,-0.05256,0.031744,0.21251,-0.023044,0.082118,0.40041,-0.056301,-0.16191,-0.088763,-0.031573,0.069401,0.22777,-0.0039438,0.11957,0.17382,-0.01601,-0.11738,0.036174,-0.019767,0.25231,-0.13541,0.10051,0.090754,-0.10035,0.28498,0.26789,0.011212,0.20986,0.0076201,0.21328,0.66689,0.18746,0.0085865,0.22742,0.14983,0.25121,-0.06276,0.34219,-0.12669,0.14561,0.068969,-0.24226,0.23128,0.054392,0.19479,-0.076414,0.08909,0.11252,-0.17085
0.042264,0.32498,-0.17858,0.34799,0.057516,0.28038,-0.24522,0.33166,0.24602,0.0091205,-0.06241,0.043104,-0.19014,-0.054313,0.1645,0.12594,0.061483,-0.023823,-0.13681,0.14704,0.07016,-0.094094,0.10574,0.0046887,0.29095,-0.06506,-0.063491,0.049783,-0.11337,-0.10087,0.25541,-0.014965,0.18383,-0.080392,-0.21042,0.018494,-0.095176,-0.13643,-0.021979,0.066549,0.20134,0.22005,0.12648,0.18784,0.24819,-0.024314,0.0039182,0.11477,-0.047438,0.13036,0.40198,-0.18945,-0.21014,0.086044,0.41341,0.0023658,0.039845,0.053513,-0.22994,-0.040784,0.29836,-0.1734,-0.10332,0.046447,0.014823,0.0015385,0.20772,0.30078,0.28444,0.38833,0.047669,-0.046494,0.063634,-0.065903,0.068803,0.17082,0.25818,-0.22248,0.3014,-0.025176,0.11872,-0.25267,0.2017,-0.17436,0.0053509,0.19661,0.089504,-0.15525,-0.083553,-0.0405,0.056333,0.019843,0.20693,0.47085,0.41235,0.12684,0.42372,0.52674,0.25058,0.057276
-0.049635,0.041706,-0.097172,0.35827,-0.22648,-0.13959,0.090178,-0.082514,0.28161,-0.14591,0.081306,0.020438,-0.20184,0.31985,0.30451,0.065385,-0.11303,0.2361,-0.075642,0.17249,0.072805,0.081515,0.031222,0.23065,0.20939,-0.019327,0.089536,-0.058468,-0.12368,0.03803,-0.066836,-0.039492,0.09923,0.26053,0.0075165,0.11035,0.065023,0.13295,-0.013805,-0.039502,0.26733,0.092793,0.14452,0.35492,0.16706,0.075636,-0.037025,0.012586,-0.10527,-0.044815,-0.06618,0.109,-0.14353,-0.042806,-0.084173,0.13514,0.10786,-0.12377,0.22245,-0.11039,0.22901,-0.15843,-0.1831,0.018239,0.21778,0.063184,-0.10329,0.042927,0.075961,0.48012,0.12543,0.0081101,0.46964,0.14914,0.059583,0.12211,0.087762,0.29976,0.337,0.084964,0.17024,0.28461,-0.16211,-0.16855,0.11149,0.09478,0.40991,0.045857,0.067696,-0.067515,0.099565,0.1521,0.3401,0.15059,-0.018754,0.12375,0.22531,-0.12667,0.23374,-0.15488
-0.022406,0.33988,0.20269,0.09479,0.19745,0.047486,0.053342,0.30712,-0.12407,-0.11354,0.16145,0.091338,0.3841,-0.079938,-0.060114,0.30353,-0.0713,0.1794,-0.1296,0.18858,-0.068839,-0.11864,0.037546,0.19155,0.080743,-0.035622,0.03056,0.12472,0.16004,0.34001,0.085817,0.11068,-0.041296,0.046142,0.18126,0.28762,-0.0022137,-0.14408,-0.0075349,-0.028607,0.30892,0.32548,-0.23223,-0.11093,-0.039768,0.31195,-0.099359,0.19304,0.012324,0.17491,0.11486,0.22054,-0.14725,0.24311,-0.041363,0.057438,-0.04635,0.035366,0.21885,0.30878,0.047787,0.13069,0.28895,0.051282,0.27431,-0.021961,0.093505,0.30614,0.11923,-0.0032895,-0.10532,-0.19106,0.15059,0.03038,-0.011643,-0.0026319,-0.0032143,0.22626,0.15389,-0.011156,-0.07697,0.11067,-0.070502,0.24704,-0.18926,-0.058671,-0.02945,0.22777,-0.10795,-0.026889,0.1489,0.13901,0.088322,0.36461,0.15508,0.14386,-0.17638,0.2637,-0.06095,0.046139
-0.18057,0.25085,0.10726,0.37039,0.20071,0.10804,0.24631,-0.09232,-0.072126,0.25575,0.071537,0.1494,0.23233,0.19671,0.5767,0.081768,-0.056146,0.031836,0.14635,0.004719,-0.11132,0.097799,0.22012,0.16776,0.19573,0.074983,0.28057,-0.089265,0.13192,-0.10201,0.0052304,0.049596,0.055011,0.016467,0.34448,-0.11089,0.12272,-0.13863,-0.18317,0.19966,0.26868,-0.1131,0.18824,0.27377,0.11675,-0.17025,0.53115,0.17265,-0.09536,0.05549,-0.031199,0.15873,0.30219,-0.032787,-0.1416,0.18805,-0.10498,-0.16131,0.0029494,0.33111,-0.16451,0.20009,-0.0084097,0.10342,0.24168,-0.042147,-0.023302,0.11083,-0.05658,-0.031348,0.028102,0.0087701,-0.15554,0.0316,-0.13903,-0.057283,0.024533,0.11961,0.16667,0.14647,0.13338,-0.10427,0.046636,0.10712,0.40234,0.16948,0.31219,0.0080772,0.094508,0.12624,0.11163,-0.28219,0.30302,0.011534,0.0663,-0.062096,0.11871,-0.030366,0.0070432,0.087919
0.054079,0.17092,0.186,-0.28095,0.1925,0.029496,0.30815,-0.027148,0.39789,0.33659,0.11603,0.20518,0.099357,0.041327,0.0060837,0.014122,0.060449,0.052797,-0.11624,0.28383,-0.021964,-0.055942,-0.17357,0.11041,0.070985,0.16696,-0.006754,0.14218,0.017013,0.29716,0.021493,0.31244,-0.011978,-0.23857,0.19972,0.25069,0.19271,0.09754,-0.14339,0.00057207,-0.20229,0.11011,0.028771,0.16662,0.24942,-0.12486,0.23666,0.15316,0.053216,0.19389,0.0098629,0.23609,0.090868,0.024447,-0.041046,0.22891,-0.04678,0.061889,-0.25548,0.067991,0.072511,0.27968,-0.002749,-0.13057,-0.0030199,0.15339,0.065985,-0.0888,0.13068,0.24501,0.1702,0.16225,0.024662,-0.034766,-0.040712,-0.046532,0.24255,0.06932,0.35676,0.15707,-0.1994,-0.05946,0.16774,-0.23288,0.45634,0.2078,-0.069463,0.12014,0.037223,-0.035942,0.17038,-0.0079307,-0.0053472,-0.17735,0.15989,0.4305,0.037414,0.057435,-0.20761,0.26284
0.14549,0.13467,0.13493,0.50952,-0.066923,-0.088929,-0.013333,0.0902,0.19905,-0.078071,0.179,-0.049166,0.37902,0.095632,0.12543,0.41328,0.0020168,0.052388,-0.25073,0.024903,0.34023,0.056652,-0.10299,-0.12401,0.10654,0.13598,0.023815,-0.030909,-0.018562,-0.0064006,0.089391,-0.053944,0.025589,-0.069864,-0.17104,0.19914,0.11863,0.050067,0.12235,-0.15895,0.20116,0.31606,0.06389,0.0023614,0.084122,-0.011664,0.0040133,0.15614,-0.0070028,0.21803,-0.0040206,-0.037588,0.22639,-0.086211,0.2119,-0.11701,0.21833,-0.081054,0.10193,0.37451,0.021828,-0.2006,0.26591,0.31023,-0.01507,0.13665,0.051969,0.086493,0.0021654,0.080782,0.19555,0.22553,-0.038466,-0.17337,-0.071294,-0.025547,-0.1099,0.015658,0.062102,0.31097,-0.10493,0.12752,0.20294,0.023685,0.10438,0.084008,0.10492,0.29411,0.065665,0.033377,0.33176,0.15401,0.034026,0.16835,-0.046686,0.025535,-0.087753,-0.079047,0.066259,0.093336
-0.15126,-0.08997,0.18555,0.048932,0.13271,0.057485,0.050878,-0.0079449,0.058087,0.13294,-0.091124,0.092915,0.22098,-0.039459,0.28758,0.24102,0.078743,0.24051,-0.19975,-0.075712,0.16452,0.18753,0.035099,0.0073608,0.071702,0.22515,0.056457,0.069613,0.24841,-0.17992,0.18468,-0.028589,0.042887,-0.25014,0.069922,-0.11931,-0.10902,0.013832,-0.040573,-0.03678,0.36599,0.079407,0.1347,0.12899,-0.07353,-0.14931,0.1962,-0.10351,-0.1772,0.12075,0.10327,0.032488,-0.045433,0.034164,-0.067007,-0.019756,0.064152,0.078177,0.17552,0.051286,-0.12129,-0.032643,-0.04235,0.070911,-0.030465,0.18163,-0.0062897,-0.10214,-0.11344,-0.064744,0.15428,0.09373,0.078837,0.059324,0.13033,0.058598,0.029158,0.26562,0.093033,0.052264,0.62528,0.25508,-0.065546,0.20077,0.014432,0.035045,-0.062218,0.20617,0.45032,0.034833,-0.0018945,0.0024317,0.12923,0.045497,-0.059147,0.12276,0.091306,0.29034,0.35867,0.20565
0.23578,-0.27142,0.052702,0.025486,-0.082045,0.041588,0.082785,0.057167,0.22681,-0.079576,0.019758,0.15513,0.08966,-0.024955,0.02654,-0.11347,0.058384,0.31602,-0.08869,-0.053497,0.32071,-0.16583,0.20222,0.2232,-0.079297,0.2832,0.21119,-0.031953,0.34588,0.3,0.077622,0.27759,0.085985,-0.12415,0.25998,0.28721,0.030876,-0.0077496,-0.20975,0.13558,-0.10771,0.045069,0.26535,0.0030373,0.037132,-0.0057832,-0.22955,-0.13902,-0.020966,0.31035,0.12442,0.33939,0.28228,-0.17568,0.23266,0.22386,0.24706,-0.071817,0.036569,-0.036017,0.19529,0.22507,0.0074687,-0.17142,0.091069,-0.028619,-0.051373,-0.018213,0.02406,0.13801,0.13605,0.22933,-0.025009,0.29844,-0.00081195,0.082554,0.30989,0.24831,-0.037444,0.20456,0.17212,-0.21421,-0.19732,0.091779,-0.031673,-0.14249,0.49764,-0.019905,-0.15274,-0.011255,0.022067,0.16764,-0.02491,0.023312,-0.0021641,0.27956,0.059979,0.055966,0.14793,0.039104
-0.18227,-0.048658,0.13096,0.13526,0.020722,0.19743,0.035594,-0.069168,-0.0031384,0.19158,0.19626,0.062569,0.030666,0.061792,-0.039117,0.18124,-0.018788,0.066354,0.081127,-0.079209,-0.1875,0.068609,0.17369,0.17975,0.49579,-0.065022,-0.10265,0.040299,0.34172,0.15296,0.12382,0.044599,0.40584,0.10707,-0.18381,-0.037608,0.25846,0.1899,-0.0381,-0.25244,-0.061896,0.027739,-0.17134,-0.088396,0.24172,-0.23697,0.012474,0.10611,-0.015155,0.051249,-0.14096,-0.069227,0.15641,0.37462,-0.055231,0.12453,0.0054361,-0.14186,0.18939,-0.26412,0.0094739,0.035189,0.058326,-0.067109,0.34827,-0.052515,0.010817,0.071531,0.021076,-0.051704,0.25217,0.026353,-0.0033106,0.1184,0.11165,-0.018544,0.11637,0.17677,0.014922,-0.093928,0.013194,0.020205,0.27343,0.18935,-0.10756,-0.02515,0.37743,0.061979,0.059197,0.15182,0.12861,0.32361,0.009877,0.10268,-0.17247,0.058187,0.084136,0.19713,-0.032856,0.019309
0.21629,-0.049341,0.11544,0.34621,0.04013,0.016169,-0.076751,0.058336,-0.039489,-0.057423,-0.0099199,0.13497,0.15361,0.036269,-0.10604,0.037637,-0.33246,0.10503,0.050845,0.10945,0.10184,0.17723,0.10943,0.13333,0.24862,-0.064795,0.22403,0.12858,-0.20511,0.22561,-0.049627,0.31796,-0.18259,-0.10382,-0.14864,0.19637,0.26639,-0.16026,0.062075,0.0016466,0.14012,0.13608,0.015544,0.28065,0.12496,0.17079,0.24427,0.043179,0.088204,0.026126,0.35713,0.273,0.021967,0.18856,-0.12743,0.30725,0.055258,0.17389,-0.20356,0.19206,0.27017,0.055822,-0.22521,0.033016,0.29894,0.13064,0.21799,-0.10965,-0.030274,0.049543,-0.097421,-0.1861,0.29897,-0.01607,-0.095685,-0.061986,0.066099,-0.12249,-0.03804,-0.073128,-0.05108,0.089913,0.22411,0.17701,0.10459,-0.04817,-0.0010137,0.26783,-0.029479,0.051782,0.10639,0.082954,0.13355,0.081627,-0.079553,0.062562,0.18544,0.011075,-0.065911,0.11223
0.17776,0.19492,-0.20304,0.14962,0.2399,0.32836,0.36704,-0.14993,0.18072,-0.24673,0.072006,0.10949,0.25589,0.29794,0.029963,0.12015,-0.08546,0.16699,-0.059512,0.15694,0.12288,-0.00047633,0.0095473,0.33186,0.3784,0.064193,-0.10015,0.17561,0.48715,0.053675,0.19593,0.27415,0.077556,0.15933,0.027557,0.091815,0.093692,-0.036229,-0.018973,0.039385,0.39763,-0.092555,0.050605,0.14104,0.27822,-0.10819,0.28331,0.09691,-0.10092,0.063683,-0.029962,-0.047425,0.16369,0.11019,0.1551,0.10595,0.11397,-0.086054,0.021958,0.079172,-0.17989,0.058268,-0.23145,0.11883,-0.001394,0.072574,0.11595,-0.05462,0.23735,0.088863,-0.047079,-0.04607,0.18589,0.017548,-0.010355,0.23913,0.24043,-0.085367,0.14628,-0.012157,-0.11528,0.070307,-0.015019,0.01484,0.604,-0.034347,0.054847,0.010297,0.11387,0.1075,0.32715,-0.050976,-0.053246,-0.030514,0.091297,0.10489,-0.02291,-0.22858,0.35069,-0.091697
-0.12717,-0.22723,-0.28564,0.25847,0.13063,0.12587,0.43331,-0.12226,-0.15118,-0.21341,0.016306,0.63435,0.076661,0.016123,0.056996,0.097911,0.16434,0.015139,0.096054,-0.21634,0.17092,-0.032745,0.052395,0.19371,0.10195,0.35439,0.12512,0.14261,0.11762,0.16499,-0.059373,-0.066794,0.43598,-0.024824,0.020152,0.15355,-0.11096,0.0080613,0.023198,-0.060646,-0.036266,0.020076,0.17522,0.049498,-0.18727,-0.020762,0.13853,0.14408,0.15674,0.43727,-0.0069897,0.029255,0.065371,0.21847,-0.054202,-0.065407,0.17721,0.32589,-0.12491,0.19617,0.031131,0.42668,0.31127,-0.037934,0.53366,-0.034221,-0.071156,-0.16649,0.071959,0.1426,0.037784,0.25599,0.071067,-0.022985,-0.1028,0.064492,-0.019409,0.05929,-0.15813,0.12846,-0.003904,0.02735,0.052702,0.35208,0.33827,-0.1593,0.096898,-0.0050773,-0.02471,0.46662,0.22482,0.16859,-0.0047814,0.31636,-0.050977,0.017749,0.0077096,0.048326,0.12125,-0.11469
0.00090511,0.16774,0.26067,0.16161,-0.077068,0.017938,-0.1405,0.025556,0.083167,-0.038871,0.08062,0.019426,-0.12181,-0.11816,0.019627,0.029747,0.11007,0.068355,-0.071553,0.33043,-0.048572,-0.064154,0.02393,0.11073,0.17856,0.0089696,0.32445,0.20285,0.017805,-0.020922,0.12081,0.09979,0.21047,-0.10923,0.16084,0.033356,0.52931,-0.076179,0.2066,0.16904,0.16675,0.19607,-0.013526,0.18284,-0.021857,0.10976,-0.10649,0.11979,0.14126,0.090367,0.21321,0.18442,0.039928,0.21258,0.22697,0.21993,-0.084646,-0.0032853,0.12331,-0.083869,0.086908,0.054986,0.12064,0.010559,-0.074766,0.2531,0.2262,-0.062008,0.046949,0.29701,0.12851,0.16712,0.010379,0.0023975,0.1634,0.0065403,0.14206,-0.088202,-0.021152,0.086368,0.19175,0.1949,0.14214,-0.036284,0.095484,0.19525,-0.14733,0.32851,0.04978,0.0055187,-0.014765,-0.053688,0.094744,-0.13323,-0.12435,-0.033898,0.15736,0.17135,0.0023787,0.088556
0.25438,0.19554,0.16876,0.0038385,0.050627,-0.18284,0.085149,-0.0010172,-0.065602,0.49552,-0.088363,0.073692,0.29037,0.021785,0.35776,0.39206,0.12084,-0.021538,0.096606,-0.047243,0.23175,-0.038821,-0.025991,-0.064725,0.059642,0.124,0.015326,-0.16623,0.32379,-0.25739,0.37504,0.38824,0.1076,0.017835,0.11734,0.22621,0.13892,-0.099278,-0.11389,0.43518,0.13747,-0.1622,0.028088,-0.1329,-0.075094,0.092482,0.1661,-0.016791,-0.3086,-0.062712,0.19336,0.29802,-0.15393,0.11688,0.062834,0.1381,0.15781,0.14008,0.14935,-0.12379,-0.16797,-0.16534,-0.024273,0.05241,0.11571,0.26004,0.023004,0.1143,0.17481,0.0023344,0.07933,0.14873,0.14343,0.21731,0.064502,0.0030697,0.059545,0.13236,0.46811,0.017459,0.17816,-0.0034083,0.020003,0.20601,0.12736,0.14778,-0.10431,0.035861,0.07201,0.074147,0.18848,0.029132,0.4045,-0.19559,-0.035414,0.041265,-0.036707,0.055214,0.35669,0.0087985
0.1734,0.12328,-0.035293,0.45584,-0.20555,0.17109,-0.067264,-0.2276,0.095419,-0.12371,-0.056972,-0.21526,0.42957,0.049266,0.21198,0.25838,-0.16651,0.024826,-0.0028486,-0.36238,0.07321,-0.061285,-0.069933,-0.049554,0.16107,0.02594,0.014423,0.50608,0.10049,-0.032479,0.090587,0.30664,0.34682,0.19475,-0.026673,0.15826,0.40403,0.15475,0.0279,0.28148,0.41657,-0.05739,0.13255,0.1468,-0.026543,-0.03145,0.54511,0.21597,0.033023,0.031903,0.018256,-0.26472,-0.075065,0.080496,-0.1034,0.29412,0.021309,0.1684,0.28464,0.042635,0.27733,0.10221,0.2141,-0.15785,0.078904,-0.13302,0.093946,0.26295,0.041892,-0.17542,-0.1289,0.27877,0.19794,0.3246,0.17868,0.27013,-0.028251,0.14768,0.19322,0.17173,0.21513,-0.013533,-0.008953,0.18269,-0.025765,0.36632,-0.14736,0.098625,0.35737,0.18337,-0.11927,0.0016767,-0.11208,0.14028,0.18763,-0.11978,-0.020464,0.029989,0.15952,-0.044441
0.054352,-0.11423,0.11669,0.15484,-0.14573,-0.12962,0.041184,0.26971,-0.079806,0.17172,-0.033344,0.16098,0.05825,0.37598,-0.0070116,-0.069579,0.16987,-0.12435,-0.0040911,-0.16452,0.17941,-0.059915,-0.028309,0.046473,0.17912,-0.18816,-0.086476,0.070931,0.23529,0.30938,-0.10048,-0.16646,0.37299,0.34423,0.53242,0.041002,0.21698,0.3909,0.038879,0.0083618,-0.030089,0.27303,0.099482,0.20682,0.13398,-0.0007925,-0.069788,0.12273,0.28747,0.06524,0.29241,-0.00089069,-0.15447,0.23954,-0.078525,0.25796,-0.053053,0.0036842,0.28774,0.18691,0.085413,0.24065,0.11543,0.2346,0.22844,0.060186,0.08447,-0.066587,0.0034927,0.0062613,-0.098182,0.18286,-0.095429,0.070569,-0.073906,-0.018362,-0.0075334,0.14144,0.23104,0.10442,-0.24596,-0.039713,0.14642,0.16728,0.012997,-0.11197,-0.050229,0.10969,0.31474,-0.021598,0.1223,0.1534,0.042726,0.040566,0.08998,0.09492,-0.015095,-0.045086,0.17782,-0.08577
0.30553,-0.087928,0.039985,-0.014876,0.29226,-0.025758,0.31749,0.021596,-0.14055,0.1854,0.036673,-0.057444,-0.094796,0.23099,0.026743,-0.19595,-0.047458,0.11337,0.014071,0.1615,-0.0033405,0.092513,-0.13851,-0.14293,0.38444,0.29708,0.26921,-0.01533,0.37717,-0.091719,0.016983,-0.0078482,0.11744,-0.18889,0.013756,0.045897,-0.25028,0.20535,-0.025264,-0.056746,-0.16125,-0.008228,-0.071606,0.13479,0.13152,0.035415,-0.020378,0.22648,0.43993,0.16473,0.21714,0.15975,-0.066565,-0.060978,0.17691,0.043089,0.35143,0.18436,0.47804,0.50301,0.12234,-0.0082847,0.068607,-0.19228,-0.058002,0.23671,0.34842,0.037606,-0.062734,-0.027526,0.0096476,0.048593,0.16348,0.24047,0.018382,0.15406,0.41049,-0.14036,-0.040606,0.11572,0.020134,0.13583,0.30622,-0.09008,0.042501,0.26136,0.18416,-0.1494,0.082323,-0.087434,0.2337,0.097398,0.19971,0.088045,-0.085875,0.29005,-0.225,-0.010527,0.081436,0.055566
0.14536,-0.024491,0.01949,0.014693,0.067507,0.084333,-0.058929,0.24063,0.10806,0.37865,0.27133,0.13759,-0.10771,-0.023053,0.18242,0.46815,-0.052815,-0.12924,-0.019335,0.043751,0.11253,0.066374,0.14412,0.31266,0.15304,0.22458,0.074517,0.0059311,-0.16946,0.38826,0.19835,0.012832,-0.010256,0.39802,-0.01582,0.17394,-0.037982,0.072908,0.20618,0.12466,0.16095,0.12139,-0.037096,0.076487,0.42377,0.059558,0.13282,-0.044598,-0.11506,0.26041,0.18287,-0.20188,0.029692,0.12214,0.0024458,0.18088,-0.12021,0.068801,0.056455,0.056791,0.21013,-0.02432,0.23093,-0.21764,0.094259,0.094108,0.18137,-0.032622,0.15768,-0.01571,-0.031897,0.16315,0.11613,0.17066,0.11181,0.23138,-0.077932,-0.11234,0.013239,0.096148,0.032605,0.01267,-0.26603,0.13843,0.28692,-0.19315,0.062586,-0.11005,0.36606,0.11794,-0.1264,0.42652,-0.028806,0.1706,-0.0007684,0.014798,-0.07248,0.16608,-0.058017,-0.17741
0.11938,0.13342,0.33998,0.20799,0.26789,0.15677,-0.020869,0.059421,0.27868,0.11867,0.0033082,0.05069,0.22001,0.45042,0.14971,-0.092916,-0.028018,0.20112,-0.023705,0.26629,-0.11609,0.082731,-0.027586,0.047037,-0.037803,0.042465,0.13567,0.20932,0.23173,-0.17271,0.087719,0.30526,-0.066645,0.30923,0.25844,-0.09406,-0.017232,0.22399,0.012089,0.20345,0.28156,-0.016918,-0.045752,0.047077,0.30981,0.054189,0.12959,-0.14103,-0.040178,0.44928,-0.11036,-0.15559,0.025888,0.25395,-0.066192,-0.22898,0.32833,0.12083,-0.18894,0.17186,0.30986,0.35521,0.18917,0.071486,-0.04086,0.069861,0.16374,0.30406,-0.076053,-0.072983,0.071347,0.16107,0.18103,-0.051813,0.077923,-0.12055,0.042484,0.11127,0.042452,0.063108,0.2093,0.11053,-0.15062,0.025843,0.30501,0.16122,0.0064961,-0.14115,0.21926,-0.0078541,0.21618,-0.24348,0.31831,0.13218,-0.038128,-0.072089,-0.07041,0.13361,-0.19894,0.25983
0.12674,0.065446,0.024509,0.39384,-0.1945,-0.22936,0.29574,-0.021813,0.12933,0.10543,0.24354,-0.058999,0.12848,-0.046015,0.07735,0.23415,-0.020469,0.095455,-0.064804,-0.019774,0.34659,-0.10825,0.41395,-0.080513,-0.14845,-0.22542,-0.077044,0.075672,0.43397,0.46529,0.51835,-0.031015,-0.060088,-0.2418,0.30334,0.17086,-0.093822,-0.076048,-0.15065,-0.12385,0.22959,0.30164,-0.031365,0.18609,0.24394,-0.12455,0.43143,0.1507,0.29617,0.10253,-0.01641,0.16262,0.018213,-0.11525,0.2734,0.36157,0.12284,-0.045064,0.1036,0.094734,0.02739,0.27118,-0.048258,0.11021,0.12231,0.15527,0.15082,0.0944,-0.052986,0.08707,0.3998,0.19639,-0.25274,0.3442,-0.027525,0.27684,0.14669,0.041204,0.079576,0.55037,-0.12108,0.028194,0.084557,-0.058395,0.016559,-0.13142,0.27637,-0.1109,-0.039299,0.18105,0.02648,0.24139,0.050818,0.21741,0.0031273,-0.12065,0.038476,0.33131,-0.056488,-0.019519
-0.028284,-0.11751,-0.35269,-0.048495,0.11689,0.069408,-0.078,0.19227,0.16613,0.15269,-0.017228,0.089327,0.048251,0.26919,0.4142,-0.015127,-0.076211,0.081838,-0.18197,-0.12191,0.39543,-0.040833,0.025963,0.34309,0.1375,0.027463,0.18913,-0.12258,0.29995,0.020079,-0.052792,-0.0086757,0.35514,-0.0074673,0.15808,0.069529,0.21288,-0.048744,-0.078979,0.46976,0.29721,0.074757,0.011063,-0.16704,0.1075,-0.05819,0.11382,0.16442,0.25227,0.11191,0.12635,0.197,-0.11029,0.18833,0.21205,0.01883,0.19564,-0.055902,0.16502,0.15034,-0.031993,-0.079904,0.24245,-0.058143,0.056797,0.093361,-0.014144,-0.14986,-0.0073935,0.092686,0.1766,0.28344,0.29672,0.26424,0.07962,-0.059315,0.16538,0.23005,0.12859,0.1507,-0.14302,0.43758,0.1068,0.12911,0.089974,0.41305,0.30522,-0.077485,0.17295,-0.19733,0.20342,-0.15758,0.30553,0.17558,0.14044,0.35708,-0.046226,0.041335,0.082647,0.081162
-0.088852,0.34808,0.24202,0.39252,-0.087236,-0.13477,0.27691,-0.041294,-0.012547,0.23442,0.061251,-0.12309,-0.0064433,-0.064708,-0.15904,-0.18522,-0.11685,-0.022474,0.086892,0.36244,-0.081473,0.19795,0.017091,-0.022862,0.35505,-0.17157,0.12219,0.13204,0.5745,0.21433,0.052453,0.0086667,-0.0080533,0.030225,-0.1194,0.43073,0.079194,0.30801,0.20058,-0.15933,-0.00077444,0.22688,0.11854,0.043736,-0.05132,0.27406,0.17953,0.069407,0.22956,0.11825,0.12898,0.30315,0.11381,-0.045403,0.1993,0.53086,0.23155,0.1006,-0.21098,0.18261,0.079655,0.056772,-0.086109,-0.11483,0.24244,-0.010729,0.015543,-0.10422,0.27079,0.27968,-0.0089775,0.17368,-0.0078189,-0.01531,-0.029767,-0.099776,0.20091,-0.090062,-0.0058693,0.055939,0.081351,0.13098,0.0016778,0.099696,-0.0537,0.031671,-0.019038,-0.023623,0.0022597,-0.021206,-0.11836,-0.20485,0.14653,0.12898,-0.098251,0.064878,0.07276,0.14003,0.12627,0.22331
-0.16342,0.089299,-0.21412,0.046294,0.064185,-0.25074,0.22165,0.026209,0.15447,-0.20496,0.2118,0.43347,0.42524,0.28057,0.024528,0.17387,0.23259,-0.0027257,0.13484,-0.15383,-0.14189,-0.02028,0.38991,-0.070022,0.25017,0.083767,0.24092,-0.089808,0.23266,0.24404,0.01991,0.0075521,-0.12961,-0.1184,0.0037364,0.53113,-0.022265,-0.12356,0.017543,-0.15112,0.316,0.15764,0.020778,0.50796,-0.00045349,0.20215,0.30814,-0.10463,0.24566,0.018699,0.19437,0.37978,0.2057,-0.14304,0.24621,0.28251,0.0011926,-0.046871,0.33018,-0.015253,0.051682,0.27878,0.34148,0.03638,0.25596,0.070773,0.038639,-0.1742,0.13754,-0.098308,0.12256,0.45239,0.035461,-0.069566,-0.032288,0.050236,0.2069,0.11368,-0.080611,-0.027391,-0.27306,0.38782,0.052083,-0.042508,-0.051938,0.20218,0.12144,0.021788,0.026316,-0.14829,-0.10066,0.28727,0.18175,-0.10443,0.079901,0.11658,0.19533,0.27514,0.51489,0.18818
0.13311,0.51969,0.07594,0.30712,-0.022056,0.050504,-0.069912,-0.032659,0.43785,0.16374,-0.074942,0.15226,-0.097435,0.20627,0.1564,0.21077,0.10053,0.1029,-0.13614,0.048892,0.092975,-0.017456,0.081289,0.17995,-0.065914,0.088627,0.035048,0.24373,0.47305,-0.12056,0.10185,-0.01266,0.11222,0.12265,-0.14012,0.10274,0.095378,0.015096,0.20814,0.0022359,0.23215,0.15483,0.13049,-0.080857,-0.14465,0.12732,0.20996,0.053881,0.18529,0.20234,0.025265,0.33874,0.079064,-0.21001,0.17848,0.21968,0.44992,0.0027654,0.22558,0.10991,0.2785,0.042828,-0.089637,0.13933,0.029697,0.027824,0.13603,0.15184,0.082541,0.068797,-0.027784,-0.0001721,-0.19467,0.34111,0.22041,-0.15378,-0.10631,0.19237,0.19139,0.078103,0.10991,-0.13943,0.20873,0.029443,-0.05905,-0.10706,-0.28559,0.18354,0.16008,0.054195,0.17606,-0.037475,-0.081435,0.2669,0.10261,0.0024941,0.10895,-0.09869,-0.11415,0.028941
-0.045676,0.038829,0.31259,-0.011694,-0.028898,0.50246,0.32508,0.33954,0.43267,0.4312,0.15697,0.07585,0.030072,0.21728,-0.13979,0.072711,-0.041201,-0.036811,0.078604,0.15797,0.1207,0.11933,0.073827,0.088641,0.028688,0.078063,0.172,-0.045999,0.28837,0.70078,-0.035472,0.032455,0.32601,0.25249,0.033737,0.28165,-0.067356,-0.1618,0.054846,0.16074,0.076236,0.012349,0.020944,0.13776,0.14325,0.06412,0.23249,0.10179,0.26363,0.037898,-0.092173,-0.10153,-0.059632,0.2265,-0.16076,0.1005,0.025569,0.14725,-0.00036701,0.34029,-0.091032,-0.074343,0.19519,0.19965,0.10788,0.22401,0.092801,0.21582,-0.018404,0.1339,0.079329,0.026513,0.26153,0.36056,-0.1058,-0.10039,0.18204,0.36041,0.075018,0.076395,0.015544,0.21894,0.077736,0.068038,0.034066,-0.0052454,-0.1516,0.28248,0.018057,0.097129,0.18222,0.21316,-0.20729,-0.086311,0.098299,0.21015,0.20536,0.0035587,0.10024,0.33213
