0.070952,0.024083,0.03491,0.052045,-0.060544,-0.023069,-0.010363,-0.02072,0.016007,0.051254,0.0095819,0.0048992,0.030922,0.057409,0.022766,-0.041879,0.046028,0.081278,0.11501,0.074375,-0.016113,0.041058,0.0038559,0.010317,-0.0077712,0.081822,-0.018546,-0.0092799,-0.0073234,0.036101,0.021248,0.072183,0.04403,0.0084507,0.067223,0.047312,0.01933,0.0047248,0.079929,-0.031558,0.021364,-0.073365,0.01613,-0.025622,0.015166,-0.023307,0.088621,0.075687,-0.022408,-0.016921,0.043303,0.11039,0.054659,-0.014765,0.087437,0.0031,0.003326,0.053832,0.027355,-0.012067,0.035838,0.044764,0.0030843,0.07371,0.050767,-0.013847,0.052393,-0.064864,0.043511,0.0075845,0.069682,0.084994,0.076025,-0.028626,0.025159,-0.047643,0.028687,-0.014902,0.0048026,0.031987,-0.054727,0.0095159,0.025914,0.026642,-0.00086783,0.007751,-0.077273,0.031842,0.017327,0.026937,0.018703,0.053426,0.055849,-0.040822,-0.028082,0.036039,0.027251,-0.0025987,0.048626,-0.036769
-0.06009,-0.073785,-0.02494,-0.052892,-0.0077673,0.024892,0.050956,-0.0068239,0.021,0.044913,0.033689,0.08041,-0.01412,-0.00011896,0.04164,0.053302,0.060143,0.013484,-0.046344,0.032121,0.036343,0.06054,-0.032811,0.058812,-0.042866,-0.026714,-0.037824,-0.0025506,-0.017786,6.4665e-05,0.011681,-0.024555,-0.010918,-0.046538,0.013531,0.020125,0.099957,-0.069412,-0.10587,0.02863,0.019743,0.066134,-0.014184,0.026561,-0.0062163,-0.043489,-0.036688,-0.0065526,0.043222,0.034917,0.062469,0.029719,-0.0072384,0.0092445,0.017512,-0.0045787,0.14161,0.0092057,-0.012937,0.088577,0.046017,0.021336,-0.020824,0.063354,-0.029034,0.024145,0.01664,0.059713,0.085506,0.018632,-0.019587,-0.019963,-0.028169,-0.0034919,0.01337,0.061093,0.025659,0.042034,0.0063303,0.054386,-0.017715,0.052412,-0.013664,0.064805,0.017261,-0.032105,0.032008,0.088013,0.041998,0.067505,0.014637,0.094021,0.032014,0.082594,-0.042343,-0.0014638,0.095642,0.088782,0.031398,-0.02763
0.01432,-0.05585,-0.023645,0.0074489,0.10674,-0.026623,-0.026096,0.13098,-0.033418,-0.04917,-0.0024446,0.040945,-0.045756,-0.029424,-0.015854,-0.0071847,0.028363,-0.084429,0.043861,0.0068656,0.010512,0.082091,0.035174,0.011177,0.00072674,-0.049974,0.03314,-0.031472,0.053595,-0.020866,0.022476,0.051848,0.018813,0.09455,0.034008,0.067455,0.10511,-0.011123,0.074377,-0.021922,0.11479,0.028303,-0.054715,0.06789,-0.010899,0.0097732,0.039575,0.045772,0.0035549,-0.010336,0.013632,0.089048,-0.0096878,0.077282,0.012488,-0.034,0.045729,-0.027031,-0.02159,0.052685,-0.051013,-0.0094091,0.028396,-0.00018494,0.065813,0.045507,0.060625,0.010999,-0.0070117,-0.046428,-0.084361,0.033199,0.030047,0.040618,0.081796,0.056186,0.022446,0.049558,-0.028352,-0.072724,0.067025,0.0070277,0.058487,-0.0022051,0.0118,0.049013,0.039975,-0.0051603,0.046412,0.016987,-0.066075,0.0013767,0.00030152,0.027941,0.047579,0.057021,0.025491,-0.011876,0.010609,0.025565
-0.05901,0.020407,-0.0049139,-0.051639,0.12396,-0.067165,-0.015526,0.079071,-0.043241,0.011437,0.039689,-0.030056,-0.033339,0.03217,-0.046611,0.067461,0.047131,0.039362,-0.039903,-0.024257,0.049802,0.1012,-0.074289,0.013958,-0.033691,0.044186,0.034313,0.0035355,0.018508,0.019712,0.041141,0.097111,-0.0101,-0.037248,0.0059062,0.057472,0.021435,-0.037681,-0.00022366,0.018962,0.027381,0.083891,0.015891,0.036483,0.048098,0.030227,0.021732,-0.032559,0.033553,-0.018278,0.018437,-0.035111,0.050988,0.0194,-0.022627,0.030555,-0.019964,0.092499,0.031798,0.041645,0.0077938,-0.0032421,0.02176,0.055711,0.0015996,0.054146,0.00075944,-0.045429,0.006768,-0.0084122,0.040313,-0.0046646,0.02876,0.01269,0.074885,0.067757,-0.0013278,0.022969,0.046817,0.020169,0.024167,0.0070882,-0.021376,0.052732,0.044449,0.032346,0.0024696,-0.0046777,0.03676,-0.014735,-0.011111,0.069589,0.040113,0.01704,0.051952,0.060837,0.026971,0.059492,-0.0011773,0.0062003
6.6047e-05,-0.011982,0.055931,0.030606,-0.02259,-0.057445,-0.03681,-0.040999,-0.00044167,0.053836,0.018344,0.11986,-0.051785,0.044249,-0.024382,0.066116,0.02905,-0.00062826,0.010241,-0.030563,-0.020582,0.076361,0.074325,0.057914,0.0074126,-0.05439,-0.038454,0.10556,0.011699,-0.034057,-0.046383,0.058061,0.014579,-0.0063217,0.088376,-0.018228,0.051319,0.10008,0.043736,0.00069458,0.013605,0.037359,-0.075706,0.11096,0.075858,-0.011246,-0.022087,-0.0054951,0.020695,-0.080001,0.027352,0.04768,-0.068039,-0.002411,0.10214,0.042743,0.0023554,-0.016588,-0.023812,0.041126,-0.035646,0.055214,0.084588,0.029996,-0.0525,-0.032595,-0.0016136,0.04073,0.0085652,0.036223,0.051431,-0.0495,0.056183,0.00205,-0.053185,-0.043894,0.039531,0.17364,-0.021505,-0.024833,0.058548,-0.015769,-0.020935,-0.043634,0.055134,0.041738,0.044275,-0.017246,0.088706,0.046168,-0.041121,-0.050712,-0.016403,-0.029342,0.012587,0.03818,0.034412,0.027197,0.051834,0.032564
0.008637,-0.078476,0.042637,-0.029911,0.024383,0.029672,-0.030044,0.06073,0.086434,0.065469,-0.022751,-0.0066191,-0.0090062,0.13699,0.0025328,0.0085483,0.015888,0.090312,0.025061,0.045457,0.036805,0.050176,0.094428,0.022091,0.012784,0.038263,0.063634,-0.041451,0.13778,-0.032505,0.042404,-0.037955,-0.014923,0.016974,-0.026654,-0.0011691,0.013888,0.015157,-0.024544,-0.033071,0.052806,-0.0010584,-0.010981,0.10938,-0.022186,-0.0049269,-0.0019287,0.048513,0.055576,-0.1094,-0.063138,0.023058,0.083333,0.023321,0.07316,0.01762,-0.0080768,0.011776,0.10385,-0.039423,0.029538,-0.033231,0.025728,0.012109,0.0069617,0.01453,0.019882,0.08737,0.038085,1.3392e-06,0.021799,0.062932,0.003093,0.058276,-0.062663,-0.032556,-0.007789,-0.022987,0.09678,-0.039437,-0.02363,0.032901,0.0022094,0.017321,0.0015044,0.061901,0.058494,-0.056683,0.023738,0.091544,-0.0090666,0.006097,0.032959,0.050765,-0.0071653,-0.042428,-0.039297,0.061172,-0.011811,-0.0016121
-0.039796,0.038173,0.027028,0.014151,0.0077026,-0.026599,0.050938,-0.033714,0.046571,0.0032751,0.10786,0.0064369,-0.028682,-0.04063,0.003073,0.045155,-0.046649,0.021042,0.021789,0.032275,0.0070189,0.018029,0.014843,0.026266,-0.043557,0.065346,0.088333,0.099806,-0.031949,0.035074,-0.030531,-0.039566,-0.016015,0.01316,0.14698,-0.0040075,0.052401,0.03005,0.038518,0.019164,-0.055416,0.044789,-0.025286,0.037719,0.044802,-0.086293,-0.032551,0.060061,-0.0040942,0.031536,0.081269,-0.02345,-0.031743,0.082338,-0.048899,-0.0021135,-0.015299,-0.011634,0.036117,0.054268,0.0084269,0.01578,-0.023706,0.077018,-0.04253,0.086992,0.0095763,0.00019729,0.052374,-0.0064246,0.033074,0.00045304,-0.035743,-0.0078909,-0.0013535,0.012641,-0.0045757,0.037069,-0.0055792,0.0095059,0.11919,0.0047659,0.037779,0.069677,0.029431,-0.011886,-0.006734,-0.037115,-0.028552,0.07732,-0.0017033,0.049322,-0.050504,0.063534,0.072278,-0.062255,0.07486,0.019662,-0.015364,0.033329
-0.04313,0.035292,0.0647,0.01416,0.059921,-0.015935,0.044152,0.0081188,-0.0026804,-0.0045453,0.054385,0.020233,0.080203,0.064253,-0.12727,-0.023905,-0.0047483,0.027654,0.0055868,-0.068545,0.11271,0.016153,-0.030093,0.028804,0.071118,-0.029603,0.032889,0.094444,0.09656,-0.048152,-0.027729,0.025586,0.10388,0.043143,-0.049294,0.064959,0.10595,-0.036687,0.026015,0.0080921,0.037986,-0.032578,0.013729,-0.039781,-0.10379,0.0068072,-0.017871,-0.022979,0.016867,-0.023647,0.061802,-0.03748,0.0074168,-0.034918,0.068613,-0.064646,0.086237,-0.0032731,-0.07069,0.040531,0.075329,0.040626,0.019467,0.027,0.00046279,0.018299,0.0084596,-0.050054,0.13448,-0.041269,0.13269,-0.00027275,0.03392,0.030025,-0.083989,-0.017785,0.10983,-0.008481,0.027688,0.062267,0.033405,0.075586,-0.027542,-0.030858,0.062385,0.06135,-0.011002,0.030504,0.047576,0.012908,-0.0175,-0.0010097,-0.056307,-0.0074569,0.0049271,-0.061328,0.0047743,0.032553,0.010662,0.066709
-0.063274,-0.017251,-0.027282,-0.0030114,0.037068,0.044199,-0.051297,-0.02494,-0.012455,-0.0052805,0.034276,-0.045131,-0.020076,0.026827,0.027353,-0.022174,0.075572,0.082416,0.050448,0.035464,-0.00012091,-0.029019,0.0026013,0.094716,-0.052574,0.00014305,0.028041,-0.0051615,0.014097,0.028104,-0.0067506,0.063557,-0.068228,0.04533,0.03856,0.02371,0.086324,0.0020931,0.027415,-0.0288,0.12228,0.050909,-0.078323,-0.010928,0.017517,-0.034943,0.038241,0.02138,0.00319,-0.029264,0.12467,0.0049403,-0.031145,0.040499,0.024446,0.062201,-0.013412,-0.076822,-0.0038764,-0.020603,-0.034082,0.041996,0.039826,0.043738,0.022932,0.044232,-0.013216,0.044816,0.027012,0.033618,0.10553,-0.03432,-0.060945,-0.0017315,-0.027986,0.10581,0.029557,0.002717,0.018258,-0.10952,-0.067214,0.036937,0.062765,-0.0053289,0.083654,-0.042244,0.065153,0.0076699,0.0064123,-0.060921,0.024791,0.047858,0.0046755,0.011286,0.04267,0.044386,0.009875,0.081368,0.069223,-0.012366
0.051632,0.042875,-0.0083985,0.074864,-0.037075,0.036841,0.032078,0.055743,0.0044371,0.043394,-0.0035635,0.025721,-0.064736,0.0047017,-0.044282,-0.0039213,0.097867,-0.03266,0.014698,0.061705,-0.040214,0.043437,0.073977,-0.024411,-0.022188,-0.014958,-0.036557,0.023015,0.0078549,0.045055,-0.019327,-0.0010967,0.073405,-0.0077088,-0.0035034,0.087665,0.078923,0.061435,-0.014615,-0.063411,0.026131,0.059632,-0.0090954,0.06034,-0.0052856,0.019408,-0.087108,-0.011701,0.011091,0.11162,0.043434,0.031652,0.059257,0.047792,-0.010401,0.032506,0.014216,-0.015247,0.089226,-0.019268,-0.051506,0.011702,-0.030434,0.084819,-0.029123,-0.056678,0.016454,0.018288,0.033242,-0.050612,-0.038456,0.14577,0.072197,0.017517,0.093489,0.16785,0.016717,0.018713,0.062058,0.045218,0.0090962,0.082383,0.02875,-0.014952,-0.034066,-0.046585,-0.024969,-0.0037563,-0.0015754,0.0022396,0.053506,0.019335,-0.049288,0.011731,0.032991,0.032255,-0.020625,0.022376,-0.00025323,0.038238
0.056348,-0.04565,0.03954,-0.067992,-0.0012576,-0.02905,0.049704,-0.067809,-0.025257,0.066904,-0.014561,-0.0035895,0.068215,0.040653,0.066751,0.029594,-0.0020684,0.013318,-0.041725,0.033732,-0.0021255,0.054608,0.021437,-0.035189,-0.0070224,0.05085,0.0042854,0.054165,0.077167,0.011767,0.059036,-0.00059065,0.11064,0.10039,-0.031062,-0.015807,0.013522,0.011598,0.029753,-0.016161,-0.074992,-0.016333,0.027275,0.087337,0.076072,0.056364,-0.027996,-0.054213,0.063709,-0.057612,0.065219,-0.0036577,0.091292,0.071933,0.041631,0.059356,-0.035131,0.059494,-0.044817,0.0010622,0.080533,-0.0047693,0.022322,0.0015912,0.07053,0.0024695,0.0782,0.00060741,0.047089,0.011439,0.031353,0.012195,0.067271,0.0081813,-0.0057385,0.033668,-0.030491,0.036981,-0.056809,0.02191,0.0017814,-0.036371,0.0074217,-0.062928,0.019255,0.056296,-0.038272,0.025142,0.017266,0.10931,-0.0023694,-0.010568,0.12428,0.015614,0.069522,0.029425,0.045442,-0.033735,-0.029587,0.0082382
0.034728,0.015728,0.05452,0.030294,-0.021837,0.081677,-0.0269,0.0023212,-0.039958,0.051826,0.03193,-0.040605,0.0093727,0.015674,0.10875,0.022322,0.098971,0.022509,0.022036,-0.02015,0.013236,0.013402,0.10723,0.043466,0.069329,-0.047492,0.043694,0.0274,0.011179,0.041615,-0.027515,0.067735,-0.048047,0.019869,0.023134,-0.0023866,-0.0066198,0.029248,0.046692,0.030111,-0.032073,-0.033679,0.030564,0.01596,0.066282,0.0050623,0.12707,0.0071666,-0.065157,0.040569,0.045075,0.094143,0.09255,-0.051863,0.04936,-0.077082,-0.057277,0.087834,0.050717,0.033912,0.02326,0.037857,-0.039341,-0.0104,-0.043788,0.070629,0.058575,-0.0028927,-0.0086967,-0.010808,0.017638,-0.063375,0.036281,0.050226,0.0052506,0.050529,0.0017566,0.10495,0.085994,0.045199,0.12683,0.064699,-0.014224,0.063547,0.02608,0.044481,-0.076931,-0.0085604,0.010374,-0.012613,0.04468,0.029842,0.01161,-0.02528,0.043119,0.077056,0.048141,0.025162,0.050806,0.059429
-0.025069,0.079633,-0.055564,-0.0099196,0.030946,0.021887,0.0070112,-0.015473,-0.031785,0.062393,0.027265,0.054573,0.0045024,0.088175,-0.051305,0.017067,-0.066327,-0.0076841,0.024184,-0.010227,0.0042585,-0.10029,-0.011002,0.044694,0.0073373,0.012027,0.047611,0.031296,-0.056509,0.010975,0.086234,-0.0034135,-0.11331,0.051792,0.086036,0.013176,0.021313,-0.023539,0.079021,0.010258,-0.0050124,0.057627,0.042883,-0.0074102,0.043821,0.084611,0.075878,0.024029,-0.024248,0.033577,0.049502,-0.03691,-0.0115,-0.017365,-0.0085564,0.033106,-0.078178,-0.0028674,0.039765,-0.03943,0.052905,-0.044888,0.035173,0.050581,-0.0033061,0.02609,0.014102,-0.0591,0.024567,0.027721,-0.0075145,0.089987,-0.00057628,0.060228,-0.014629,0.072236,-0.028258,0.024327,0.060552,0.021001,-0.0022244,0.029075,0.061044,0.0088811,-0.057728,0.045389,-0.035103,-0.0072969,0.00082794,-0.023202,0.029266,0.014398,0.04129,0.024065,0.05813,-0.055458,-0.052114,-0.028948,-0.002548,-0.0094503
0.054473,0.0063856,0.012041,-0.065071,-0.050276,-0.0054146,0.076341,-0.083207,-0.085931,0.084276,-0.053723,0.075634,0.030862,0.046676,0.12011,0.00087927,-0.024722,-0.097699,-0.029845,0.021186,0.00136,0.095402,-0.023753,0.020844,-0.015121,-0.009467,-0.02021,0.03413,0.033265,0.047786,0.0094383,0.050933,0.051689,0.013137,-0.03407,0.014821,-0.026366,0.021659,0.057437,0.11963,0.0087981,-0.012285,-0.019424,0.055384,-0.00018995,-0.071567,-0.01649,0.027421,0.00052287,-0.0050798,0.048067,0.080628,-0.052723,-0.017369,-0.049982,-0.035295,-0.069731,0.037811,-0.01568,0.044859,0.052845,0.013644,0.027797,-0.048433,0.017399,0.014969,0.029164,-0.010088,-0.020388,0.07244,-0.016092,0.0010811,0.0053284,-0.039465,-0.046051,-0.013856,0.14697,0.091524,-0.005468,0.11124,-0.01032,-0.032989,0.0021707,-0.031707,-0.0020194,0.027104,-0.013348,-0.0048734,-0.0087698,0.042125,-0.024145,0.058885,-0.01966,0.077129,0.041065,0.044568,0.0054691,-0.017458,0.040688,-0.040081
-0.0081475,0.0031767,0.032809,0.017967,0.018602,-0.056624,-0.0046495,0.06529,0.00033347,0.034338,-0.0091876,0.019538,0.012369,0.031596,-0.02899,0.061763,0.057461,-0.084356,-0.074531,0.032659,0.061597,0.05839,0.13394,0.010543,0.042972,-0.024398,0.023317,-0.015761,0.036034,0.050081,0.035763,0.044563,0.010758,2.3591e-05,0.031094,-0.013524,-0.028225,0.077329,0.040724,0.056595,0.14879,0.068775,0.059663,-0.034157,-0.053694,0.01675,-0.011314,-0.0082289,-0.034675,0.0094684,0.042364,0.018032,0.005152,0.009305,0.034769,0.019093,-0.028082,-0.011206,0.12097,0.011111,0.014981,0.028833,0.019753,-0.013347,-0.023807,0.028602,0.031699,0.09021,-0.015078,0.005212,0.048718,-0.030219,0.029182,-0.063239,-0.068799,0.0079677,0.025153,-0.086156,-0.010568,0.078542,0.050084,0.1558,0.05303,0.059711,-0.070817,0.025701,0.013646,-0.00031022,0.05087,0.0015744,0.0090824,0.04744,0.018461,0.03965,-0.033827,-0.033533,0.067355,0.024129,-0.0025531,-0.054994
0.043597,-0.030882,0.016284,-0.021121,0.028019,-0.0098384,0.042734,-0.01256,0.060338,0.0138,-0.088595,-0.009408,-0.063747,-0.065376,0.033155,0.025593,-0.025628,-0.017457,-0.027347,-0.034113,-0.040912,0.069774,-0.0017749,0.070377,0.0051635,0.024284,-0.022347,0.033154,-0.071644,0.001199,-0.060561,-0.029619,0.098284,0.066114,0.096125,0.10323,0.010467,0.12882,-0.005777,0.062052,-0.038808,0.0068467,0.070187,0.13106,0.048642,0.020173,0.080032,-0.025342,0.006244,-0.023254,0.058026,-0.0060936,-0.00076613,0.024929,0.071836,0.017699,0.013757,0.017889,0.037148,-0.11186,0.081209,0.0067119,-0.05099,0.044162,0.036816,-0.040837,-0.088073,0.067636,-0.016422,0.0068415,-0.0072727,-0.00996,-0.013072,-0.088811,0.023063,0.02921,0.032211,0.068644,0.014345,0.079706,0.12053,-0.027459,0.026668,-0.015082,-0.0054993,0.02184,-0.021223,0.011915,-0.035062,-0.015211,-0.040419,0.079922,0.041537,-0.12881,0.07081,0.059514,0.075865,-0.018768,0.053547,-0.043322
0.002344,0.078387,0.066009,0.049224,-0.0082664,-0.0097888,7.3591e-05,-0.010962,0.04899,0.0010246,0.033911,0.019465,-0.039905,-0.029626,0.04266,0.036122,0.041691,0.042455,-0.03374,0.073421,0.060144,-0.020601,0.024404,-0.058585,-0.0096976,-0.049113,0.070989,0.036979,0.017947,0.074226,0.02926,-0.0054641,-0.028898,-0.015868,0.017083,-0.0035864,-0.00068948,-0.011754,0.039157,0.063545,-0.0053006,-0.0010139,-0.04686,-0.042434,-0.019336,-0.0014841,-0.011,0.033114,-0.045018,0.056114,-0.022608,-0.010374,0.017282,0.038882,0.10875,0.032795,0.090154,0.032765,0.034999,-0.0021048,0.018329,0.0038542,0.004274,0.023548,0.033346,0.0043515,0.032108,-0.07607,0.08168,0.038907,0.058261,0.085095,-0.013774,-0.042405,-0.015197,0.031169,0.11274,-0.00087648,0.0047037,0.033057,0.072372,-0.042771,0.0069156,0.02981,0.096971,0.12737,0.013677,0.075976,-0.0239,-0.053165,-0.056334,0.019042,-0.013033,-0.0031965,0.061237,0.090375,0.037976,0.058149,-0.013628,0.064068
-0.00017146,0.05224,-0.015804,-0.01001,-0.016427,0.0060278,0.0035489,0.069343,0.009274,0.016131,-0.031681,-0.018023,0.03847,0.010906,0.033899,0.044107,0.045555,0.065576,0.016273,-0.063652,-0.037547,0.058911,-9.9772e-05,0.0075649,-0.0030143,-0.024577,-0.013277,0.044266,-0.0011821,-0.0010119,0.014265,0.019306,0.0038404,0.059221,-0.009132,0.064517,-0.020135,0.017028,0.0011734,0.044258,-0.017735,0.040769,0.00023842,0.064159,0.02276,0.029223,0.021218,-0.054007,-0.036584,0.011027,0.11462,0.032787,0.08604,0.022955,0.1045,0.0046903,-0.00014434,0.06129,-0.049722,-0.00044383,-0.054633,0.027772,-0.043071,0.04209,0.00015331,0.040545,-0.024238,0.11338,0.10122,0.10516,-0.0047813,0.059693,0.064565,-0.028059,0.00031553,0.049208,0.00042103,0.020614,-0.018199,0.030925,-0.053333,-0.048258,-0.056819,0.026028,0.026363,0.055872,0.013303,0.042054,0.059914,-0.031586,0.044569,0.019979,0.014097,0.0030006,0.024243,0.12169,0.042435,0.05293,-0.090671,0.014937
0.00099813,-0.021631,0.018137,0.032158,-0.022229,-0.030571,0.0090151,-0.015334,0.091016,0.017036,-0.03735,0.0028006,0.035849,0.064233,0.043057,-0.062843,-0.020517,-0.0018338,0.095379,0.060933,0.063708,-0.027418,0.077432,0.020276,-0.12512,0.02425,0.045697,0.026843,0.051555,0.024102,0.055358,0.026714,0.10895,-0.024489,0.075513,0.03663,-0.013508,-0.0056452,0.010269,-0.016869,0.057656,0.019433,0.016559,-0.018671,0.019045,0.096121,0.043766,-0.024682,0.10218,0.023753,0.0015072,0.06395,-0.015792,-0.0083077,0.049384,-0.074978,0.032253,0.033001,-0.043075,-0.010572,0.028,-0.00086191,0.0074176,0.013303,0.047208,-3.7263e-05,-0.061193,-0.023837,0.0087863,-0.00018543,-0.052853,0.085069,0.019235,-0.0087614,0.013373,0.012072,0.018079,0.0042679,0.06146,-0.06128,-0.080657,-0.0074226,0.025174,0.036571,-0.030655,-0.11089,-0.0099751,0.013412,-0.0089141,-0.00079982,0.019183,0.0061545,0.041346,0.021713,-0.040068,0.099255,0.010449,0.013611,-0.016548,0.075411
-0.047483,0.037013,-0.021901,-0.0056424,0.032035,0.062869,0.020831,-0.081306,0.060445,0.019194,0.057522,-0.0075216,-0.0047393,0.094092,0.03615,-0.029323,0.021739,-0.067604,0.031191,0.094547,0.019581,0.050682,0.0055985,-0.011512,-0.011655,0.084006,-0.0002333,0.032368,-0.0037028,0.0026355,0.0068289,0.005604,-0.021927,0.0060757,-0.039466,0.019459,0.038748,-0.0045403,-0.038255,0.021868,0.063358,-0.043313,-0.050902,0.021697,0.073836,-0.041776,-0.039123,0.11516,-0.011269,0.068873,0.012595,0.0041864,0.038926,-0.034306,-0.0068344,0.020153,0.051458,0.06876,0.061456,-0.062458,-0.024254,0.055256,-0.031966,-0.071866,-0.012006,0.0013242,0.039423,0.0020827,0.041726,0.023273,-0.02822,-0.009127,0.04387,0.094712,0.015015,-0.016401,0.0034714,0.029234,-0.032692,-0.031687,0.10269,-0.047243,0.11832,-0.11509,0.035124,-0.044622,0.026698,0.024268,0.042802,0.046798,0.042945,0.017616,0.039181,0.024277,0.003659,-0.010849,0.063237,0.053519,-0.026182,0.036698
-0.014161,0.029717,0.018608,-0.056675,0.012282,-0.035653,0.075969,0.012334,0.00060718,0.024861,-0.023094,0.06065,0.11935,0.027266,-0.022918,-0.0093684,-0.052525,0.039291,0.08402,-0.006731,-0.014215,-0.014325,0.0014806,0.019277,-0.0063743,-0.017427,0.06393,0.078007,0.025229,0.023213,-0.014256,-0.0080661,-0.039233,-0.01805,-0.055537,-0.022706,0.074585,-0.018622,0.041645,0.030001,-0.0048309,0.05756,-0.008442,0.014607,0.010009,0.0026638,0.04231,0.0026249,-0.0019933,0.02551,0.044082,0.095504,-0.0096944,0.065614,-0.0039973,-0.055565,0.0073219,-0.03635,0.034293,0.063267,0.0773,0.076943,-0.012417,0.028949,0.053328,0.041934,0.061424,-0.036877,0.043104,0.0010808,0.070531,-0.033866,0.050798,0.10191,-0.00072157,0.029632,0.043194,0.07232,-0.0064332,-0.0083037,0.047321,0.17017,0.0021585,0.12308,-0.0014104,-0.023143,0.017299,0.0068813,0.044254,-0.051561,0.072081,0.012553,0.033012,-0.014596,0.02888,0.044708,0.0043068,0.029708,0.025344,0.045455
-0.00277,-0.022065,0.036589,-0.030163,-0.0051442,0.024223,-0.089893,0.0064897,0.03555,0.009833,0.011407,-0.011147,0.06371,0.0011645,-0.025391,0.04439,-0.011975,0.032703,0.0088148,0.02761,-0.032268,0.020416,-0.00026884,0.032356,0.059078,0.10041,0.014868,0.0057168,-0.018908,-0.017683,0.013847,0.042122,-0.048673,-0.047369,0.014093,-0.0064935,0.049777,-0.034705,-0.0031717,-0.01475,0.023357,-0.033447,0.034302,0.092764,0.0013663,0.070063,0.042185,-0.0045934,0.097734,0.038558,-0.03162,0.10136,0.053481,-0.053406,0.082402,-0.014479,0.023058,0.0043703,0.021704,-0.022221,0.02689,0.042246,0.033893,0.092594,-0.003254,-0.046144,0.036473,0.0039906,0.050711,-0.097413,-0.013052,0.1288,0.02552,0.042139,0.031835,-0.058071,0.0182,0.018197,0.0069413,-0.020269,0.076652,0.07181,-0.00036262,0.054705,0.029798,-0.024275,-0.02145,0.026112,0.053755,0.043706,0.11465,0.02625,0.06641,-0.071943,-0.042258,0.08329,0.048595,0.067741,0.051074,-0.038969
-0.057573,-0.0064497,0.015961,0.017814,0.015387,-0.10546,-0.0079714,0.016794,-0.022609,-0.028082,0.019356,-0.017849,-0.0067396,0.11138,-0.018892,0.043673,0.024375,-0.004612,0.034051,-0.011565,0.046038,0.099576,0.045481,0.073645,0.080757,0.007718,0.078007,0.12835,0.09566,0.045377,0.020008,0.025339,-0.045566,-0.02504,0.070668,0.013706,0.015626,-0.002301,0.023725,0.047868,0.01367,0.025612,0.038754,0.072256,0.13433,0.066204,0.015422,-0.04724,0.010467,0.032862,0.010627,0.060235,0.023655,0.0042961,0.00086603,0.037922,0.027155,0.085327,0.02376,0.054725,-0.031237,0.048169,0.054272,0.014627,-0.049652,0.0012767,0.05382,0.10729,0.037986,-0.048588,-0.023426,0.042973,-0.059522,0.058548,-0.052057,-0.042995,0.022483,0.16335,-0.013637,-0.013526,0.14586,-0.04005,0.001614,0.070423,0.094383,0.072735,-0.0018227,-0.0081872,-0.017791,0.046304,-0.032563,-0.030078,-0.085257,0.068766,0.036183,-0.065841,-0.01916,-0.022666,-0.0098774,-0.032596
-0.0036419,0.0050378,0.039398,-0.095835,0.019385,0.039798,0.00063516,-0.0026541,0.02852,0.061294,0.040439,-0.016013,0.039554,-0.0072235,-0.058922,-0.021919,0.043804,-0.06555,0.073277,0.037789,0.043412,0.011616,0.02518,-0.056005,0.008444,0.042241,0.044479,0.010533,0.00051761,-0.021177,-0.097538,0.056174,0.0069398,0.0095217,0.0081723,-0.0041674,0.046636,0.015279,-0.023721,0.031204,0.0043377,-0.067683,-0.0031755,0.034727,0.032944,0.069249,-0.0067577,0.026907,0.0030358,0.0081539,0.056084,0.077935,0.010976,-0.075074,-0.032591,0.012879,0.044768,0.052721,-0.0093415,0.082351,0.061985,0.017946,0.040405,0.098485,-0.033235,0.005099,0.060544,0.028216,0.092775,0.089129,-0.012893,0.054654,0.03967,0.020747,-0.014089,-0.083769,-0.021601,-0.012037,0.12932,-0.0034138,-0.038158,0.013838,-0.024227,-0.019722,0.0090208,-0.051993,-0.01372,-0.038999,0.0088955,-0.004538,-0.066046,0.067008,-0.005491,0.047489,0.089537,0.026937,0.03915,0.0096557,0.050716,-0.00065526
-0.032057,-0.0047788,0.0081591,0.087285,0.090295,-0.043527,0.035986,-0.00098274,0.015315,-0.08397,0.0026087,0.022205,0.056413,-0.018016,0.034131,-0.04372,-0.0056434,0.043678,0.10363,0.014094,0.031827,0.037065,-0.0054568,0.09287,-0.023198,0.001455,-0.038579,-0.056578,0.073236,0.057916,0.020438,0.04885,0.022391,0.030471,0.043228,0.12507,0.072329,0.036069,0.075861,0.021147,0.0023224,0.087029,0.024442,-0.029828,0.075672,-0.032669,0.052978,0.053083,0.049141,0.02181,0.017668,0.010397,-0.014171,0.10687,-0.047756,0.042976,-0.020342,0.011615,0.043548,0.010974,0.010454,-0.040825,0.0088683,-0.013953,-0.073913,-0.05159,0.050254,0.049,0.012687,0.042377,-0.031795,-0.079373,-0.030705,0.037941,-0.10679,0.0053067,0.003074,-0.022847,0.047095,-0.063345,0.023465,0.016536,-0.010851,0.061305,0.069246,-0.051834,0.025691,0.082964,0.099936,0.055336,0.039351,0.062357,0.038037,-0.044554,0.12221,0.049816,0.072547,-0.053183,0.014702,0.054313
0.051612,-0.033043,0.060671,-0.029031,-0.0077003,0.01367,0.054246,0.04498,-0.056005,0.059188,0.068379,-0.059927,-0.0248,0.12286,0.014637,0.11379,0.11798,0.068328,-0.006582,0.0054915,0.018657,0.058159,0.0012604,-0.018378,0.014009,0.030038,-0.021437,-0.029977,0.035636,-0.079518,-0.014583,0.054775,0.069654,0.0087225,-0.033351,0.062733,0.021956,-0.038791,0.028328,0.056094,-0.064777,0.020714,0.0083563,-0.063224,0.00024343,-0.017872,0.019488,-0.032316,0.099903,-0.027071,0.050511,-0.055578,0.043325,0.088159,0.042483,0.050377,0.036766,-0.040518,-0.029464,-0.0096064,0.060882,0.071096,-0.03724,-0.0042381,0.093414,-0.0078415,0.017211,-0.046836,0.070252,0.10789,0.028291,0.025922,0.01611,-0.025896,-0.0045825,-0.088374,0.039077,-0.056317,0.037621,0.025772,0.024298,-0.00037626,0.071949,-0.035802,0.10684,0.048852,0.059586,0.15139,0.0027658,-0.014787,0.029292,0.0028549,0.066882,-0.01338,0.076404,0.05173,0.044716,-0.058669,-0.034348,-0.018707
0.026956,0.021805,-0.032913,-0.051293,-0.050723,-0.030546,0.0019903,0.044692,0.061153,0.032048,0.04174,-0.0033193,0.066403,-0.0027537,0.06648,0.060627,0.097211,0.032375,-0.0009656,-0.011593,0.030621,0.052064,0.044074,0.074282,0.010933,-0.047012,0.086293,-0.014597,-0.033433,0.082827,-0.011499,0.036,-0.03144,0.086985,0.039313,0.104,0.041905,-0.045276,0.016282,0.08064,0.071675,-0.016369,0.03758,0.022952,0.053656,-0.01409,0.0041355,0.087015,0.01248,-0.016674,0.057436,0.00023295,0.015788,-0.0073278,0.062628,-0.0039049,-0.03231,0.10061,0.057365,0.06206,0.025768,0.079931,0.061026,0.038264,0.03809,-0.073058,-0.038772,-0.036954,0.019438,0.0047471,-0.033886,0.062143,-0.06008,0.033083,-0.010431,0.032406,0.017877,0.038719,0.033693,0.087513,0.05352,0.12245,0.0093751,0.1165,-0.036606,0.039768,0.021377,0.11623,0.094149,0.080012,0.009551,0.044056,-0.032742,-0.036629,0.04395,0.012695,-0.031739,0.11709,-0.064068,0.036654
0.0077501,-0.021412,-0.023299,-0.031993,0.034453,0.017885,0.0091776,0.086133,0.03555,0.017111,-0.00073375,-0.045123,0.049942,0.040997,0.083567,0.056679,-0.0048294,0.041982,-0.019097,0.023555,0.015319,-0.037775,-0.0051054,-0.039601,0.014714,-0.043729,0.072112,-0.036131,0.089091,0.026387,0.079603,-0.013699,-0.016755,0.044573,0.10431,0.069194,0.012874,0.010511,0.037516,0.045611,0.050639,-0.076865,0.071562,-0.0011663,0.050005,-0.014933,0.026422,0.013203,0.0079746,0.044334,0.083943,-0.024019,-0.072236,-0.014305,0.027726,0.050626,0.031427,0.045331,-0.0096904,0.03614,-0.075618,-0.013813,0.0087464,-0.0037092,0.065214,0.054305,-0.048626,-0.024958,-0.056372,-0.051943,-0.026334,0.035699,0.024308,0.0072971,0.033309,-0.022797,0.075234,-0.013533,0.03515,0.044932,0.0099145,-0.035576,-0.0027592,-0.013811,0.063182,0.035205,-0.0070444,0.0069126,0.0081062,0.06887,0.02866,-0.11651,0.013666,0.0030189,-0.01743,0.070635,-0.018719,0.10046,0.071045,0.01987
-0.0075314,-0.0039294,-0.01422,-0.018352,0.026515,0.069676,0.068609,-0.039984,0.0033808,0.096884,0.0038017,-0.091029,0.010093,-0.070212,0.049438,-0.017479,0.013693,-0.00246,0.052429,0.037206,0.080957,-0.03499,0.011458,0.031045,0.056986,0.019927,-0.035683,0.035552,-0.015458,-0.017315,0.0069086,-0.038208,0.029698,-0.0073851,0.10916,0.073677,-0.022935,0.04577,0.05294,-0.046905,0.056112,0.018946,0.082969,-0.002818,0.033565,0.0114,0.057423,-0.070121,-0.019016,-0.00063884,-0.010236,-0.0127,0.061818,0.0048875,0.096373,-0.00070687,-0.0018172,0.10038,-0.019124,-0.072068,-0.0060775,0.018184,-0.015001,-0.02015,0.064305,0.085429,0.003155,0.064773,0.062335,-0.0027797,-0.027271,0.0429,0.025598,0.035074,0.024899,-0.10329,0.069721,0.11411,0.088718,0.14101,0.032489,0.065818,0.0071949,-0.014405,-0.020146,0.020473,-0.03692,-0.0029021,0.0079589,0.029736,0.038878,-0.02747,0.014774,0.0049812,0.0091128,-0.033333,0.028656,0.10674,0.098748,0.020204
-0.025612,0.026547,-0.056093,-0.0036449,-0.047973,0.0089909,0.057035,0.00058113,0.091693,0.064492,0.01825,-0.068168,0.044496,-0.013801,-0.0079885,0.14275,0.016422,0.017474,0.018656,0.03228,-0.059715,0.029905,0.006589,-0.012979,0.0097069,0.047386,0.0035203,0.0075645,0.029261,0.071267,-0.031762,0.086636,0.035198,0.051141,0.072942,0.04836,0.026614,0.010896,0.029631,0.11811,-0.012236,-0.063801,0.054859,0.053155,-0.070096,0.044409,-0.07448,0.086138,-0.044262,-0.046622,0.0048979,0.062603,0.058554,-0.039572,0.0032891,0.03494,0.038756,0.052988,0.055733,0.080711,0.024509,0.0067546,0.071804,0.069101,-0.02429,0.067136,0.0010064,0.011387,-0.034684,0.03397,-0.0079879,-0.040281,0.087764,0.13856,0.011444,0.066335,0.0096521,0.059667,0.0047729,0.0091745,0.10619,0.027977,0.00024032,0.059389,0.029472,0.036414,0.01107,-0.038815,0.039976,-0.00054365,0.097772,0.05702,0.004003,-0.025171,0.032974,0.069997,0.035811,-0.0077995,0.061873,0.023513
0.056548,0.06787,-0.05188,0.055918,-0.075706,-0.018536,0.023247,0.028127,-0.046339,0.025937,-0.039881,0.034144,0.038331,0.011448,0.043559,-0.012906,-0.026426,0.038403,-0.016707,0.05014,0.096639,-0.052557,-0.039736,0.0057415,0.032529,0.00044337,0.049946,-0.089319,0.030877,0.019913,0.084816,-0.045154,-0.0023755,0.12892,0.040763,0.064361,-0.044174,-0.018245,-0.0068176,-0.040343,0.12132,0.04204,-0.015982,-0.014662,0.010832,0.017284,0.1055,-0.018062,0.031298,0.013911,-0.0041877,-0.027253,0.086374,-0.067515,0.022017,0.033599,0.0037034,0.058201,0.058633,0.028449,-0.035315,0.053036,0.033148,-0.011493,0.023328,-0.0073894,0.053208,0.039092,0.0066525,0.078597,0.035375,0.065583,0.03378,0.089659,0.047076,-0.010497,-0.012036,0.018616,0.074023,0.060607,-0.024348,0.039603,0.028057,0.081083,0.070044,-0.010496,-0.021399,0.068216,0.042806,0.0037247,-0.018571,-0.00011038,-0.010643,0.074183,0.014849,0.10251,0.09692,0.094288,0.12438,0.094235
0.028941,-0.082062,0.016625,-0.0070869,0.039275,0.048156,0.0050263,0.020007,0.01823,0.035478,-0.06871,0.059577,0.040267,-0.011649,0.016839,0.085127,0.019622,-0.062737,0.066268,0.0919,0.068907,0.058862,0.035876,-0.02403,0.0059909,-0.045574,-0.0088003,0.027584,0.1006,-0.027857,0.017227,0.056332,-0.0023026,0.038469,-0.017812,0.013988,0.055241,0.060231,-0.034414,-0.027441,0.086111,0.014369,0.024493,0.067627,-0.0034846,-0.0068598,0.013623,-0.031532,-0.082204,-0.030583,-0.051548,0.0057107,0.052343,0.00064565,-0.071351,-0.02484,0.018517,-0.050778,-0.018809,0.023122,-0.03057,-0.029899,0.04255,-0.063897,-0.00017176,0.046791,0.0095005,-0.043457,0.03325,-0.071604,0.071333,0.048131,0.041675,0.052164,0.082877,-0.097559,0.056024,0.070468,0.010871,0.0082685,0.017457,0.0028025,0.038987,0.063502,0.086101,-0.029848,0.030105,0.05817,-0.027116,0.052312,-0.04397,0.029567,-0.031072,0.0080904,-0.0008039,-0.0054882,-0.040371,0.070311,-0.07076,-0.00039302
0.01031,-0.0010868,0.028572,0.09466,-0.0031097,0.039545,0.031524,-0.017271,-0.02087,-0.030853,0.046699,-0.0093778,0.053407,5.8004e-05,-0.010268,0.0010226,0.030512,-0.020555,0.049294,-0.055915,-0.0046991,-0.011934,-0.081039,-0.014003,0.016985,0.034018,0.053938,0.074275,0.034748,0.039986,0.0021844,0.04896,0.040576,-0.032175,0.019787,0.033248,-0.028394,0.02215,-0.0014109,0.031235,0.059622,-0.010432,-0.019923,0.075223,0.034282,0.046646,-0.02014,0.037089,0.027403,0.049311,-0.039378,0.14669,-0.025793,0.022666,0.054583,0.01278,0.080772,0.068016,-0.023531,0.035618,0.061678,0.020145,-0.045526,0.037834,-0.049852,-0.014434,0.15504,-0.080118,-0.015616,0.045021,-0.11903,0.052282,0.034972,0.012703,0.03279,0.087401,0.035103,-0.0009427,0.088881,0.060811,-0.0088032,-0.0048981,0.032635,-0.091216,0.0064245,0.026356,0.0064915,-1.8172e-05,0.02402,0.0093208,-0.064671,0.013154,0.050347,-0.026108,-0.063409,-0.00057,-0.033788,0.051452,0.0071717,0.11815
0.0040658,0.091116,-0.045891,-0.0078444,0.00046097,0.092341,-0.1075,0.016179,0.041395,0.014041,-0.019538,0.10696,0.080229,0.11813,-0.091444,-0.025112,-0.011595,0.01494,0.09724,0.044761,0.0084132,-0.043938,0.064403,-0.07595,-0.004216,0.047066,-3.6113e-05,0.078838,0.1187,-0.038697,-0.0054046,0.038569,0.052793,0.056532,0.024281,0.0301,-0.024949,-0.030101,0.058055,0.081234,0.011302,0.041934,-0.05945,0.035161,-0.033188,0.020222,0.026197,-0.013474,0.027465,0.063782,0.0096739,0.0088959,-0.0019623,0.076988,0.042634,0.016073,0.037888,-0.037796,-0.036492,0.08123,0.12216,-0.036919,0.0052597,-0.044904,0.049522,0.02151,0.00040778,-0.059138,0.022007,0.079957,0.090566,-0.036687,-0.031616,-0.049245,0.00024922,-0.0093535,0.059326,0.058517,-0.039432,-0.043412,0.099714,0.042512,0.048682,0.072476,0.032256,0.029561,-0.092378,0.094365,0.034504,0.0034995,0.075189,0.074737,-0.060118,-0.0097417,0.044452,-0.0034546,-0.012414,-0.07922,0.00031336,0.064369
0.014272,0.05253,-0.0043174,0.0079999,0.060401,0.082165,0.054133,0.053387,-0.08969,-0.035263,-0.0058641,-0.029076,-0.042453,0.051002,0.0321,0.05662,0.067543,0.019356,0.039424,0.0024963,0.014817,-0.0080468,-0.0011078,0.069458,0.021285,0.014341,0.010986,0.017887,0.00072051,0.061225,0.067507,0.012018,0.027063,0.048124,0.012314,-0.02937,-0.023981,-0.019534,0.03578,0.057918,-0.0046257,0.05151,-0.012953,-0.052005,0.014623,0.046345,0.045959,0.10385,0.072111,0.0018855,0.048292,0.049197,0.028661,0.0016971,0.068257,0.0094238,-0.051372,0.0026816,0.12167,0.017768,0.13764,0.090708,-0.032988,-0.035982,0.0012279,0.017889,0.011639,0.047119,0.0010852,-0.040848,0.017257,-0.0045035,0.011888,0.063058,-0.033407,0.055412,-0.02392,0.037334,-0.061329,0.062537,0.0017666,0.017375,-0.054287,-0.074435,0.047999,0.088678,-0.061454,0.0060114,-0.062435,0.046137,0.032179,0.013987,-0.023993,0.022299,0.039082,-0.022008,-0.014496,0.010253,0.014627,-0.02379
0.0099607,0.061168,-0.054912,0.078915,0.022071,0.011412,0.029717,0.014632,0.050328,0.0040692,-0.076809,-0.072151,0.092921,0.042604,-0.0010446,0.019295,0.099194,0.042846,0.018871,0.019361,0.004413,0.015731,0.0017649,0.018089,0.033426,-0.079221,0.047955,0.010272,0.029311,0.028261,0.0422,-0.01205,0.018096,0.11516,0.0025262,0.014261,0.012115,0.060802,-0.044168,0.0111,-0.058616,-0.040317,-0.095454,-0.014726,0.0048482,0.053308,0.065977,0.14629,0.027137,0.086223,0.065295,0.014108,0.023882,-0.00028538,0.053677,0.001326,0.0094696,-0.026709,0.018155,-0.10048,0.11673,0.075046,-0.075576,0.024039,0.012588,0.017278,0.0071111,-0.054289,0.034168,0.066964,0.03977,0.11217,0.069217,0.012177,-0.06678,0.014091,0.0078513,0.0028038,0.010631,-0.014887,0.0085674,0.045242,-0.0076978,0.055122,0.02723,-0.017806,0.07431,0.0024791,-0.062244,0.0063802,0.042753,-0.034829,-0.020839,0.048102,0.048629,-0.03087,0.021676,0.043304,0.0014901,-0.024835
-0.027102,-0.020973,0.0055636,0.042997,-0.0072293,-1.597e-05,-0.050881,-0.0271,-0.043694,-0.022504,0.038503,0.032984,0.089106,-0.05388,0.012248,0.026801,-0.063425,0.069345,0.049536,0.0228,0.047812,0.072629,-0.0086213,0.01232,0.050592,0.041928,0.0907,0.036865,0.076161,0.048211,-0.012379,-0.063989,-0.035989,-0.049395,0.038182,-0.043615,0.019893,0.079718,0.010066,0.022388,0.087067,0.047179,-0.035781,0.057127,-0.075454,0.01799,0.016238,-0.10906,0.025756,0.042719,0.0073224,-0.0028435,0.026752,0.015652,-0.022572,0.041101,-6.7971e-05,0.015746,0.030731,-0.014306,0.018818,0.051601,-0.003915,-0.067601,0.084948,-0.013507,0.109,0.0056086,0.0732,0.01929,-0.019096,0.010189,0.014193,-0.017023,0.045233,-0.015675,-0.044151,-0.039258,0.019939,-0.02439,0.053085,0.064589,0.073774,-0.074074,0.014631,0.0088617,0.018007,-0.098185,0.013099,0.047857,-0.067439,-0.019419,0.052168,0.072677,0.048174,0.022947,0.060684,0.080347,0.034356,0.023314
0.029206,0.035795,-0.012661,-0.049062,0.017819,0.048211,0.088285,0.082458,0.071949,0.10148,-0.0195,0.042639,0.073373,-0.0012748,-0.065185,0.028411,0.1091,0.083212,-0.029719,0.072749,-0.023075,0.072261,0.0031557,-0.0091871,-0.020294,0.0643,0.061232,-0.035444,0.0093282,-0.027145,-0.056903,0.005316,-0.085705,0.05949,0.012638,0.10562,0.023935,-0.026711,-0.044967,0.031678,-0.037431,0.011361,0.020192,0.06406,0.011233,-0.00097405,-0.059395,0.035671,0.010009,0.08758,0.04365,0.010715,0.013399,0.057023,0.007637,-0.065721,0.023772,-0.024717,0.00035751,0.067028,0.023384,0.061734,0.012619,0.11017,0.023701,0.058532,-0.025416,-0.032694,0.042784,-0.053722,-0.052022,0.07377,0.066119,-0.030181,0.06908,-0.015468,-0.03135,0.0072151,0.11037,0.062694,-0.00717,-0.016176,0.0019989,0.057758,-0.026794,-0.014594,0.022792,-0.041705,-0.020175,-0.007795,-0.074024,0.054848,-0.075588,0.03122,-0.016156,0.0012854,-0.014448,0.13171,0.040464,0.07959
0.073546,-0.027995,-0.048709,0.075452,-0.000224,0.055606,-0.009944,0.030883,-0.016818,-0.066272,0.050233,0.042584,0.024275,0.037781,0.012555,0.022181,0.038417,0.059902,0.019892,0.056274,0.027699,-0.048945,-0.0016672,0.051811,0.064206,0.090491,0.087112,0.073683,0.070112,0.056094,0.020146,-0.022297,-0.094259,0.012418,0.10485,-0.0011314,0.10336,-0.030157,0.00056736,0.039914,0.064661,-0.037714,-0.056717,-0.051019,0.045332,0.010081,0.10441,0.038594,0.027703,-0.0051647,-0.057694,-0.058325,0.022148,0.082912,0.054005,0.01922,0.043042,0.0092723,-0.026651,-0.048229,0.037338,-0.023913,-0.098631,-0.011838,-0.022935,0.015088,-0.0054742,-0.019183,-0.034373,0.010111,0.04112,0.037489,0.032952,0.067431,-0.0049173,-0.026175,0.0098494,0.031288,0.062954,0.01976,0.063046,0.041755,0.055076,-0.028533,-0.049226,0.030587,0.046281,0.040703,0.068886,0.1221,0.010941,0.037107,0.0068672,-0.016669,-0.010024,-0.0023652,0.020003,0.059102,0.076332,-0.012894
0.070191,0.04655,0.051735,0.058413,-0.0025692,0.0446,-0.083324,-0.00089295,0.029848,0.01336,0.011609,0.088194,-0.024544,0.069395,-0.011568,-0.020505,0.069533,0.078605,-0.013861,0.011304,0.099134,-0.049836,0.10402,-0.010094,0.029809,0.11005,-0.0011949,-0.0039219,0.0070584,0.015319,0.00057075,-0.00057202,-0.027212,0.083654,0.038725,0.059407,0.063656,0.1054,0.015237,-0.011093,-0.019659,0.028503,0.012321,0.0060317,0.095602,0.048603,-0.013816,0.059615,0.083982,-0.036036,0.043176,0.011841,0.058057,0.10171,-0.052797,0.042719,0.010015,0.024437,0.067218,-0.030268,-0.034822,-0.027233,0.051335,-0.00065861,0.026463,0.0073209,0.059749,-0.012532,-0.013361,-0.083839,0.021252,0.045208,0.068626,0.012298,0.0014314,0.11659,0.014816,-0.01208,-0.034027,-0.065168,0.050376,-0.038563,0.0060178,0.019797,0.042788,0.048524,-0.053077,0.03515,-0.0072782,0.07272,0.029916,0.076371,-0.0031114,-0.042624,-0.045,0.011628,-0.067318,0.0097449,-0.021567,0.069723
0.073426,0.0017215,0.02554,0.035589,-0.018069,0.080974,-0.031148,-0.067423,0.039594,0.0095851,0.02111,0.0083336,0.032876,0.043827,0.038075,-0.016429,0.061795,0.061845,-0.0025447,-0.047732,0.081533,-0.0038392,-0.02284,0.055513,0.011025,0.022051,0.053602,-0.025404,0.023877,-0.017519,0.025521,0.089656,-0.027464,0.12573,-0.040739,0.0096901,-0.0084306,-0.057603,0.00073255,-0.028321,0.0049001,0.047348,0.048536,-0.018071,0.019345,-0.021821,0.0091972,0.039695,0.0028826,-0.063435,0.025697,-0.011344,0.090724,-0.015167,-0.020882,-0.047389,-0.014758,0.053037,0.056475,-0.00044947,0.024135,0.030952,0.015666,0.074483,-0.0042248,0.057862,-0.037481,0.043709,-0.072433,0.016751,0.00057867,0.023335,-0.019758,-0.03263,-0.015721,0.079422,0.033877,0.067251,-0.025741,0.048039,-0.00421,0.055865,0.057062,0.057411,0.040942,0.0088833,0.011487,0.025519,-0.053757,0.047409,0.078404,0.030636,-0.051586,-0.014417,0.044262,0.056239,0.0025092,-0.022109,0.072661,-0.086929
-0.02103,0.040344,-0.0031252,0.069077,0.064283,-0.030332,-0.0057421,-0.050474,0.010842,-0.044435,-0.044368,0.013009,0.043968,-0.0009293,0.029467,-0.0079901,0.080209,0.026793,0.042531,-0.0393,0.0087831,-0.04483,-0.025671,-0.0061088,0.029103,0.073404,-0.041489,0.00014239,0.0039606,0.040333,0.021812,0.098926,-0.019648,0.038802,0.11303,-0.024372,0.041577,0.012114,0.066091,-0.022296,0.010589,0.018349,0.034293,-0.012286,-0.028921,0.048442,-0.024442,-0.031097,0.071256,0.021998,0.051404,-0.025166,0.12641,-0.037102,0.026657,-0.056158,-0.079754,-0.034918,0.034662,-0.039099,-0.027493,0.082092,0.03637,-0.029944,-0.019057,-0.017859,0.05072,-0.0099519,0.0032495,0.045573,0.078185,0.014773,0.020133,0.17384,-0.061342,0.013622,0.038516,-0.028645,-0.030281,-0.082986,0.072219,0.045926,-0.034733,-0.018802,0.028129,0.043713,0.076955,0.037439,-0.024056,0.04667,0.10339,0.041679,-0.0083439,-0.064771,0.0095164,0.0076957,0.085147,-0.025866,-0.043445,-0.0092431
0.061432,0.033223,-0.028857,-0.0089002,0.019358,-0.02732,0.019884,0.080857,-0.033513,-0.027995,0.010594,0.054854,-0.041866,0.075614,0.004178,0.021735,-0.059045,0.015708,0.01365,0.027033,0.019335,-0.053652,-0.039342,0.035749,-0.023525,0.020099,0.013277,0.077434,-0.002201,0.080198,0.076661,0.056511,0.061913,0.056255,-0.012808,-0.056101,-0.033931,-0.07519,-0.012905,0.00032741,0.0050231,0.089883,-0.026155,-0.0051254,0.05011,0.056577,-0.060971,-0.030809,0.0082991,0.011142,0.058955,0.013696,0.064185,-0.011263,-0.066193,0.088626,-0.031204,0.055046,0.090848,-0.029522,0.049062,0.042704,0.14773,0.018934,0.079845,-0.0066598,0.047301,0.041235,-0.01964,0.0012542,-0.0094349,-0.037308,0.085199,-0.08198,-0.085772,-0.010784,0.030008,0.11829,0.01022,0.044189,0.093976,0.10349,0.053925,0.031016,-0.0071945,-0.039255,-0.0028842,-0.0299,0.024716,0.068549,-0.0047844,0.0021214,0.0023594,-0.028179,0.052801,-0.045085,-0.03209,-0.063574,0.056145,-0.021317
-0.059868,-0.039837,-0.0021676,0.02744,-0.04526,0.024349,0.012528,0.060695,0.045777,0.0080806,0.039475,-0.040942,0.0048804,-0.025616,0.12002,0.053055,0.091108,0.065773,0.0024479,-0.042418,0.038068,0.061825,0.050221,-0.025692,0.050962,-0.044812,-0.0052457,0.0021041,0.050388,0.086479,0.013008,0.0944,0.056288,0.052377,0.054123,0.061619,0.063397,0.04343,0.073612,-0.049409,0.020225,0.013552,0.042912,-0.031954,0.043774,0.042257,0.11322,-0.0078249,0.099864,0.0042451,-0.059878,-0.092281,-0.00022286,-0.011367,-0.04068,0.030126,0.0006159,-0.0033271,0.016497,-0.065659,0.028819,-0.013952,-0.04097,0.040324,0.070542,0.017885,0.047449,0.028698,0.042939,0.010104,0.01042,-0.016842,-0.012162,-0.036793,0.014843,-0.01301,0.058438,0.059868,0.0027603,0.04369,-0.014726,0.11106,-0.032584,0.020326,-0.025018,-0.021036,0.059092,0.037269,-0.035969,-0.039417,0.027097,0.058562,0.051057,0.13219,0.046282,0.029893,0.056873,-0.0068629,0.02104,-0.01821
-0.041148,0.018073,0.053829,0.0013897,-0.023964,0.018749,-0.0042249,0.031128,0.080284,0.03763,-0.027669,0.013021,-0.02269,0.036356,-0.021529,-0.012452,0.077312,-0.023319,0.033019,0.018068,0.054618,-0.033157,0.031565,-0.035776,0.023398,0.094407,0.11876,0.087931,0.015019,0.099744,0.071361,-0.026615,0.052091,-0.017332,0.0022039,0.011579,0.10607,-0.017459,0.084695,0.034455,0.059559,0.077533,0.03766,0.090292,-0.018979,-0.012544,0.13938,-0.018706,0.013138,0.039091,0.088697,0.00703,-0.052738,-0.0096034,-0.053139,0.043511,0.0091124,0.10828,0.093838,-0.054445,0.072054,0.03816,0.015194,0.016062,0.058656,0.063193,0.026612,-0.0051762,0.051163,-0.011057,-0.031453,-0.0015859,-0.033772,0.047884,-0.036616,0.069035,0.058881,0.049681,0.057422,0.007,0.070237,-0.079449,0.055053,0.027257,0.012872,-0.0060605,-0.011411,0.043142,-0.0038216,0.10693,-0.058293,-0.015021,0.081326,0.057463,0.022723,0.07019,0.045424,-0.022302,0.039936,-0.041996
-0.054257,-0.023159,-0.034066,0.045344,0.095917,0.026981,0.091928,-0.049459,0.022977,0.016396,-0.069401,0.013363,0.042915,-0.038407,-0.061881,-0.042012,0.046496,-0.015503,0.014776,0.060576,-0.030197,0.039018,0.012005,-0.098386,-0.022849,0.076471,0.049454,0.062902,-0.045054,0.022878,-0.048831,-0.036183,-0.02829,0.10363,-0.015119,-0.0039184,0.025474,-0.01483,-0.010352,0.13562,-0.025045,0.024839,-0.052783,0.017327,0.018924,0.0063742,-0.078854,-0.033906,0.026234,0.055476,0.034921,-0.037694,0.050417,0.0032171,-0.017303,-0.0070945,0.02261,0.016824,-0.011847,-0.040811,0.015847,0.034315,0.017146,0.0044367,-0.027613,0.075785,0.14047,0.030512,0.11147,0.0059641,0.011061,-0.00523,0.0014537,-0.0053484,-0.0064285,0.0081876,-0.020705,0.059941,-0.030774,0.033082,-0.0013801,0.02735,0.053342,-0.021002,-0.01132,-0.029308,0.058606,-0.0086738,-0.02913,0.00092122,0.033581,0.053568,-0.0099202,-0.014177,0.038375,0.1073,0.11465,0.10485,0.056313,0.059343
-0.0015396,0.025102,0.0013717,-0.051876,-0.017198,-0.021764,0.029634,0.023061,-0.011134,-0.071081,0.0076816,0.034635,0.12219,0.067302,0.025853,-0.014135,0.035374,0.030389,-0.039774,-0.039117,0.016999,0.026796,0.093811,0.0038287,0.1206,0.013583,0.094055,0.0163,0.098329,0.027638,0.12033,0.038524,0.12759,0.020613,-0.011806,-0.011648,0.011133,0.12624,-0.034241,0.023853,0.014768,0.065247,0.1025,0.031661,0.030422,-0.03825,0.082354,0.074593,-0.028512,0.041598,0.034362,0.039424,-0.04186,-0.021228,-0.017736,0.027262,0.052917,0.011989,0.0010864,0.0822,0.035761,-0.0095434,-0.067995,0.041948,-0.0040803,0.047066,0.033456,0.084218,-0.0064012,-0.0042528,0.047342,0.023308,0.037081,-0.055338,0.054282,0.040798,0.092452,-0.042557,0.061962,-0.05776,0.015602,0.10831,-0.023309,-0.0047628,0.052585,-0.041869,-0.024281,0.14213,-0.037178,-0.04464,0.067288,-0.037882,0.12069,0.040006,0.021735,-0.036183,0.052867,-0.028453,-0.035905,0.060591
-0.012751,0.045976,0.095718,-0.007942,0.020838,-0.033218,0.051288,-0.011786,-0.029827,-0.033965,0.087694,-0.035484,0.026682,-0.0122,0.0074718,-0.00061907,0.055112,0.0056069,0.043401,0.089041,0.042512,0.013975,-0.0063331,0.0026526,-0.011317,0.082166,0.062406,0.065033,0.071699,0.0073258,0.090219,0.018033,0.075424,0.083605,-0.043868,0.050529,0.012386,0.034997,0.0028662,0.077346,-0.028795,0.0052262,0.059191,0.00086528,-0.011763,0.040451,0.07873,0.0068025,0.10439,0.016401,0.012161,-0.026221,0.00049396,-0.0051287,-0.070795,0.035408,-0.058881,-0.0029899,0.026854,-0.084995,0.016862,-0.059013,0.015281,0.0028333,-0.036327,-0.026602,-0.077985,0.060843,-0.012424,0.009367,0.0097987,-0.0096036,0.018727,0.075725,0.080049,0.11728,0.0008328,0.1161,0.030501,-0.014167,0.057205,-0.005561,0.093456,0.12817,0.025438,0.13366,0.038383,0.057545,0.13887,0.14272,0.005613,0.030024,0.02975,0.0242,0.030573,-0.060462,-0.061653,0.039153,-0.013995,-0.008447
-0.040501,0.036113,-0.00061281,0.031905,-0.014612,0.065015,-0.012781,0.011151,-0.0042413,0.022246,0.035379,0.023532,0.031789,0.0049551,0.09536,-0.046058,0.048562,0.018673,-0.094805,0.01453,0.062227,0.063555,-0.033556,-0.033131,0.033563,0.023635,0.039086,0.10759,-0.0082661,-0.022403,0.028781,0.0020892,0.0054013,0.01587,0.068564,0.027592,0.039937,0.01416,-0.03457,-0.031302,-0.052164,0.020731,0.055301,0.079007,-0.079909,-0.036838,0.017489,0.033424,0.071117,0.078737,-0.0038594,0.033358,0.0037419,0.091085,-0.016711,0.049059,-0.042374,0.060573,0.0020381,0.004421,-0.024105,0.074343,0.052049,0.043068,0.050271,0.066507,0.075525,-0.014342,0.04931,-0.012226,0.098046,0.063982,0.010822,0.043569,0.073511,0.044646,-0.062503,0.03662,-0.012977,0.010313,0.056219,0.019794,0.15457,0.047416,-0.016708,0.00072279,-0.058422,-0.025521,-0.014334,-0.010821,-0.0037749,-0.03144,0.04886,0.085507,0.024244,0.024275,-0.02687,0.083834,-0.022533,0.10676
0.02868,-0.10337,0.0049972,0.05029,-0.047814,0.10886,0.03133,0.0037388,0.032689,0.0015648,-0.015406,-0.075203,-0.073194,0.022762,-0.020089,-0.0035481,0.085158,-0.014273,-0.0058359,-0.017532,0.014392,-0.035118,0.018775,-0.011158,0.024032,0.11495,-0.0083603,0.014896,0.029691,-0.036688,0.060744,-0.019303,-0.030169,0.094906,0.005709,0.03628,0.11622,-0.00018038,0.049557,0.0027149,0.041192,0.011315,0.0045299,0.051029,0.076058,0.101,0.039978,0.1001,-0.035991,-0.0058432,0.013247,-0.0021751,0.031346,-0.024419,0.0094429,-0.024653,0.042282,0.048599,-0.00068656,0.07984,0.13876,-0.034595,0.010235,0.11239,-0.013125,-0.0035617,-0.0024071,0.045945,0.054922,0.018111,0.00045406,-0.043538,0.020731,0.068862,-0.010479,0.064278,0.040181,-0.0093392,0.031228,0.0082253,0.081626,-0.029256,-0.0058582,-0.046418,0.10291,0.025161,0.007076,-0.00035184,0.052819,-0.0014033,0.019718,0.037826,0.014549,0.057201,0.016746,-0.0186,0.010449,0.089456,-0.013328,-0.026381
-0.034131,-0.048609,0.0011646,-0.064613,0.041124,0.0069062,0.065238,0.044783,0.0074441,-0.0072918,-0.06026,0.038656,-0.096634,-0.03098,-0.0094914,0.019627,-0.056789,-0.00023477,0.025264,-0.024871,0.081229,-0.010696,0.072395,0.092224,-0.062103,0.03316,0.037535,0.007875,-0.028731,-0.0077027,0.019808,0.058957,-0.026828,0.071611,0.0099894,0.15546,0.073432,-0.0024718,-0.0032872,0.013378,-0.0037071,0.15424,0.019152,-0.0016077,0.061802,0.043045,0.077568,-0.0095557,0.040753,0.091796,-0.046372,-0.027632,-0.0094997,-0.020191,0.0063916,-0.035513,0.040842,-0.012714,0.023006,0.011246,-0.036217,-0.006791,0.020221,0.074571,0.09497,0.04092,-0.076211,-0.01474,0.072025,0.03338,-0.036465,0.11647,0.060745,0.036691,-0.037129,0.015543,0.019858,-0.057109,0.04474,0.021108,0.021458,0.098475,0.010557,0.015142,0.082731,0.027501,-0.012703,0.077845,0.020462,0.05747,-0.012211,-0.023206,0.0092349,-0.016642,0.01971,0.017086,-0.031244,0.061865,0.035477,-0.031071
0.023211,0.043804,0.0010299,-0.04212,0.021718,0.013088,0.041582,0.045684,0.064673,0.037397,0.021872,0.044755,0.159,-0.017429,0.04166,-0.033219,-0.020073,-0.0091154,0.069519,0.1104,0.12746,0.0009047,-0.025805,0.013965,-0.028273,0.03937,0.056734,0.00025877,0.038135,-0.022949,0.073139,0.015393,0.11272,-0.07344,0.0058356,-0.025077,-0.054726,0.049671,-0.089523,-0.05793,0.029921,0.016075,-0.070175,-0.02491,-0.0017613,0.059454,-0.011378,-0.045848,-0.0042401,0.0083299,0.087781,0.078259,0.0046387,-0.059037,-0.011282,-0.022344,0.043188,-0.026495,0.06893,0.017759,0.029474,-0.026157,0.011506,-0.066822,-0.065958,-0.018644,0.044626,-0.054257,-0.020327,0.029397,-0.024081,0.1196,0.040061,0.0308,0.022793,0.072512,0.015943,0.082008,0.067759,0.083014,-0.02816,0.085115,-0.03621,-0.0044205,0.085211,0.050881,-0.038793,0.01197,-0.017938,0.04127,0.0066203,-0.0030433,-0.054411,0.049196,0.011837,-0.033359,0.040869,0.0044069,-0.047987,0.07527
-0.04386,0.026398,0.002797,-0.018732,0.018542,0.029078,-0.038046,0.0086047,0.013131,-0.0061232,0.095039,0.063142,0.0017651,0.020103,-0.022735,-0.026536,0.025401,-0.031172,0.023499,0.019517,0.11015,0.05578,-0.0077868,-0.0071317,0.032317,-0.01326,0.06918,0.017608,-0.015167,-0.050175,0.045621,0.058494,0.058503,-0.0050203,0.063723,0.013017,0.050817,0.033531,0.0097599,-0.035627,0.04035,0.02438,0.089625,0.054903,0.019656,-0.021302,0.053441,0.011776,0.086068,-0.016124,0.049161,0.026412,0.069902,-0.038494,0.055749,0.040618,0.017066,0.064178,-0.045465,0.011222,0.037785,0.018059,0.026679,0.072119,-0.0010239,0.012686,-0.016727,-0.10057,0.013079,0.014035,-0.00753,-0.041841,0.0058562,-0.0054952,0.0089309,0.0025349,-0.018636,-0.043955,-0.050222,0.075599,0.084464,0.038797,-0.042502,-0.01073,0.054063,0.019045,0.081864,-0.058238,-0.020555,-0.054068,0.011898,0.038484,0.029757,-0.009477,0.016262,0.0047547,0.030836,0.010654,-0.020073,-0.013826
0.038959,0.058754,-0.007373,-0.027702,0.043716,-0.0074666,0.060454,-0.050216,0.0091305,-0.015238,0.016253,-0.053153,-0.017754,-0.04133,-0.031826,0.060858,0.058754,0.11546,0.033831,0.040451,0.057592,0.020687,-0.041433,0.077365,0.0262,0.057413,0.011948,0.017038,0.051463,0.097774,0.097444,0.013859,-0.025909,-0.052343,0.0055603,-0.040672,0.064736,-0.0029289,-0.048719,-0.019032,0.028712,0.1045,0.015512,0.086605,0.065664,0.010706,0.0094181,-0.008222,0.017413,0.057568,0.044752,-0.0173,0.011326,0.040934,0.10955,0.020163,-0.046887,0.086582,0.031127,-0.096018,0.0047722,0.0017154,0.0050673,-0.012621,0.011207,0.053789,0.037481,-0.075204,-0.006551,0.029266,0.047786,0.063694,0.037971,0.085491,0.025337,0.10814,0.045326,-0.026249,0.094454,0.058495,0.011301,0.013385,-0.037264,-0.038753,0.10509,0.017044,0.0046248,0.024176,0.034995,0.041633,0.059145,0.0076262,0.00023843,0.013889,-0.038103,-0.038707,-0.037395,-0.0070408,-0.060126,0.047649
0.024542,0.095267,-0.0021953,0.028829,0.03603,0.02676,-0.017701,-0.0026202,0.04755,-0.022325,-0.0036189,0.028405,0.056013,0.038569,0.034749,-0.093655,-0.033659,-0.047514,0.016555,0.053447,-0.020115,0.012441,0.10016,-0.041958,0.043875,0.13318,-0.03222,0.046239,-0.020729,0.12357,-0.0053736,0.010616,-0.0012335,0.03668,0.025842,0.052004,0.081051,-0.026784,0.063535,0.026465,0.016453,0.074284,0.047829,0.029487,0.088794,0.13044,-0.0089849,-0.04671,0.047857,0.040706,-0.0099136,-0.0046551,0.025271,0.10389,0.028228,0.087165,-0.015641,0.016062,-0.030202,0.052668,-0.0081777,-0.0068164,-0.017648,0.085427,-0.0067793,-0.042534,-0.0075061,-0.052665,-0.0014078,0.17332,0.04102,-0.021051,0.016313,0.030772,0.011626,-0.0017405,0.04989,0.0030138,-0.008014,-0.002808,0.061221,0.023345,0.006107,0.0097971,-0.028955,0.035287,-0.013227,-0.052902,-0.080866,0.027322,-0.0069998,-0.063358,0.00013603,-0.041638,-0.054407,0.037357,0.1106,0.10862,0.041718,-0.023852
-0.005686,-0.079713,-0.053349,-0.12692,-0.032705,0.017453,0.039062,0.0023503,0.090314,-0.097222,0.14713,-0.0067596,0.036737,0.067556,0.067134,0.0042398,0.00072144,-0.0067561,0.037293,0.046757,-0.011875,0.036245,-0.010964,0.062092,-0.048196,-0.063981,0.10324,0.016284,0.05708,-0.065842,0.10399,-0.0090015,0.043898,-0.033438,0.021229,0.08511,0.079306,0.054597,0.019171,0.0081137,-0.037121,0.017327,-0.0011688,0.0045364,0.0043067,0.02375,-0.018103,-0.01167,0.036611,0.13619,0.041251,0.024263,-0.027407,0.014537,0.035793,-0.036744,0.17905,0.12068,0.0058423,0.018629,0.11331,-0.0070128,-0.0032515,-0.03185,0.0039498,-0.06931,-0.037874,-0.033191,-0.011582,0.00045627,0.03366,0.12338,0.067684,0.009908,-0.060361,0.051583,0.020885,-0.076454,0.038828,-0.0025045,0.028239,0.032604,-0.038608,-0.04325,0.0050834,0.055175,0.072633,0.046077,0.092325,0.0078661,-0.0065976,0.063484,-0.05261,-0.032179,-0.0078106,-0.06712,0.066665,-0.027063,-0.0041555,0.0093796
-0.038028,-0.014521,-0.038549,0.04566,0.10046,-0.0073459,0.039451,-0.05021,0.012335,0.094134,0.0063043,-0.032676,0.025356,0.0031816,0.059178,-0.017221,-0.020343,-0.01966,0.020084,0.068183,0.045175,0.02423,-0.0041424,-0.015888,0.034799,-0.018484,-0.04224,-0.033006,-0.062524,0.012637,0.024087,-0.025679,0.03957,-0.044815,-0.021459,0.10408,0.00201,0.031908,0.041014,0.032359,-0.011548,-0.052401,0.0015908,0.076525,0.061034,0.049985,0.011858,0.033526,-0.057778,0.11581,0.083356,0.0051643,0.056484,-0.06195,0.09724,0.0067052,-0.00047778,0.1334,0.049462,-0.021509,0.029882,0.036939,0.082328,0.0086106,-0.011736,0.048091,0.050604,0.10376,0.023796,0.083483,-0.077139,0.045115,0.023506,0.012748,0.040042,0.038863,0.073642,0.072214,0.062023,0.00077661,-0.0014158,0.14046,-0.035325,-0.010147,-0.033267,0.054529,0.029503,0.01561,-0.027916,-0.0033831,0.0045419,-0.022498,-0.078226,0.035782,-0.014444,0.050756,-0.024883,-0.075228,0.016679,0.0036395
0.05376,0.023433,0.028513,-0.031429,-0.0029662,-0.025229,0.037489,0.0075583,0.025887,-0.015799,-0.035174,-0.058461,0.006064,0.0094939,0.026089,0.034081,0.0030715,0.002581,-0.037484,0.017584,0.10106,0.070891,0.0096361,0.032008,0.06869,-0.0209,0.070155,0.030337,-0.027451,0.018229,0.0042101,0.033076,0.08268,0.056035,-0.029506,0.076417,-0.048273,0.013126,-0.062008,-0.079644,-0.022082,-0.025246,-0.033743,-0.0041582,-0.045934,0.015367,-0.019176,-0.03547,-0.0041315,-0.042903,0.03252,0.032437,0.014249,0.041206,-0.00027866,-0.052571,0.072219,0.076921,0.10885,-0.033448,-0.002374,0.058295,0.0040403,-0.018729,-0.0003389,-0.018589,0.032113,0.13947,0.0087073,-0.024389,0.072762,0.026541,0.072022,0.067202,-0.041135,0.063116,-0.081776,-0.010544,0.11141,0.054739,-0.005776,0.096253,0.0062981,-0.0065614,0.038188,-0.009267,0.020864,0.085005,0.035768,0.043581,0.095578,0.05743,0.089366,0.12528,0.035656,-0.009098,0.079535,0.018482,0.027302,0.0033784
0.040278,0.0011705,0.016155,-0.016962,0.032475,0.053438,-0.042712,0.0016169,0.066176,0.03792,0.00049043,-0.033748,-0.044576,-0.008834,0.046381,0.077971,0.040631,-0.01201,-0.00087739,0.042634,0.040073,0.041345,-0.050818,0.00010051,-0.0096671,-0.035471,-0.020789,0.014904,0.071796,-0.068727,-0.01379,0.040503,0.00055545,-0.0084725,-0.055778,-0.013357,0.024386,0.028023,-0.076533,0.038261,0.0026593,0.046129,-0.004878,-0.04977,-0.017225,-0.032661,-0.03887,-0.017765,0.011709,-0.022176,0.12002,0.026047,0.025152,-0.024898,-0.027667,0.066218,-0.0055794,0.018637,0.099543,0.037822,0.077356,-0.0019621,-0.063943,-0.011597,0.019792,0.0019902,-0.027969,0.012491,-0.091037,0.053574,0.069497,0.028905,0.01029,-0.018244,0.065096,0.015915,0.022883,-0.050065,0.084864,-0.087847,0.075527,-0.010818,0.0093292,-0.027284,0.021853,0.043992,0.02972,0.084409,-0.056309,0.043258,-0.0050225,-0.0064698,-0.0039561,0.054305,-0.031899,0.060215,-0.032844,0.10223,0.075267,0.047333
0.015783,-0.016671,-0.074609,0.028422,0.11529,0.0095717,0.10489,0.050339,-0.014365,-0.014375,0.098792,0.01423,0.075902,0.03969,0.083498,0.0081041,0.068782,0.03101,-0.075566,0.017514,-0.028744,0.018383,-0.0034431,-0.022857,0.031939,0.0097272,0.016464,0.078911,-0.0057925,0.034078,0.0697,-0.011578,-0.03046,0.0092681,0.026214,0.062804,0.0039858,0.024366,-0.085395,0.055687,0.071466,0.0094269,0.08695,0.0043177,0.017168,0.031719,-0.043724,-0.029464,-0.004308,0.064222,-0.0020551,-0.00056782,0.071096,-0.0022268,-0.078413,-0.022033,0.099511,-0.0019382,0.06076,0.0093934,0.077697,0.033435,0.079341,0.049313,-0.023137,-0.001519,0.11907,-0.0034964,-0.016446,0.042255,0.053447,-0.019885,-0.0071196,0.050628,-0.029127,-0.037622,0.020523,-0.027729,-0.012038,-0.0015695,0.067321,0.035337,0.055918,0.019924,0.0054145,-0.01738,-0.016632,0.061924,0.076071,0.090201,0.043634,-0.020225,0.031533,0.057297,0.077532,0.036173,-0.014668,-0.020386,0.024921,-0.038084
-0.06525,0.034846,-0.048013,-0.0058462,0.058354,0.019785,0.034574,-0.085706,-0.036474,-0.00087193,-0.017092,0.047182,-0.0055947,0.13462,0.023028,-0.037171,-0.02748,0.086041,0.019416,-0.021002,0.036022,0.011775,0.094547,-0.024996,0.0229,0.067979,-0.096629,0.032234,0.0019268,-0.048893,0.028757,-0.060132,-0.017029,-0.012979,0.020774,0.059783,0.037987,-0.01083,-0.0048308,0.017781,-0.03295,-0.032401,-0.017146,0.045729,-0.018508,-0.027184,-0.011447,0.0089688,0.11582,-0.0077634,0.067053,0.012666,-0.040127,0.082617,0.052087,0.045098,0.036098,0.076508,0.097538,0.019266,0.028164,-0.029893,0.03677,-0.020348,0.025836,0.0095345,-0.08361,0.0023528,0.055211,-0.0019093,0.019418,0.08849,-0.016977,0.03552,-0.0015042,-0.033506,0.056694,0.098226,0.075717,0.053349,-0.010133,0.00047076,0.00013671,0.021191,0.012175,0.055612,0.0064824,0.054118,0.093347,0.053909,0.029179,0.03859,-0.043117,-0.012457,-0.0092865,0.15164,-0.0013029,0.053846,0.030566,0.0054418
0.026134,-0.0094152,0.064909,-0.039717,0.027444,-0.0055067,-0.066828,-0.021562,0.010671,0.089529,0.035218,-0.048528,0.040865,0.046564,0.10806,0.02153,0.038537,0.026994,0.077966,0.0065502,-0.054352,0.037646,-0.0011159,-0.0037817,0.13698,0.079226,-0.055103,0.027387,0.043828,-0.019077,-0.082888,0.016007,-0.031283,0.15058,-0.099703,-0.016029,0.025263,0.0086096,0.0022741,0.06242,0.091822,0.029772,0.030335,-0.044936,0.10827,-0.007854,0.13612,-0.024551,0.073793,-0.0067228,-0.020738,0.04761,-0.02331,0.011514,0.0040445,-0.056387,0.032598,0.1102,0.039871,0.011198,0.0047564,0.069752,-0.049908,-0.063161,-0.012168,0.097285,0.036896,0.014432,-0.0050635,0.041009,0.11693,0.044118,0.079008,0.10701,0.0064147,0.051285,0.1086,-0.013971,-0.058357,-0.011398,-0.01589,0.073846,0.058803,0.0016891,0.016935,0.037065,-0.00055166,-0.013428,0.06017,0.041629,0.011217,0.093738,0.085291,0.055434,0.092157,0.042416,-0.058193,0.091148,-0.018914,0.067588
-0.027615,-0.073947,0.084416,0.049504,-0.0024552,-0.02717,-0.058715,0.091532,0.030652,0.081933,0.011679,0.034567,-0.04642,0.016047,0.01424,-0.0040533,-0.084378,0.053863,-0.0053475,-0.01034,-0.0031307,0.016177,0.10119,0.079815,0.0025503,0.058155,0.026606,-0.0021575,0.032427,0.043643,0.042443,0.11213,0.11058,-0.008255,-0.041786,0.027898,-0.01198,-0.030513,0.0066396,0.010911,0.097683,0.033341,0.093214,0.01678,-0.055788,0.008907,-0.017759,0.049485,0.11411,0.017683,0.029876,-0.022859,-0.019552,-0.070706,0.077197,0.059476,0.096134,0.07772,0.085123,0.012158,0.022743,-0.015813,0.036236,0.056868,-0.049419,0.00055567,0.043604,0.0070305,0.036278,-0.0053625,0.18136,0.026756,-0.0066532,-0.067418,0.10252,0.11213,0.066919,0.058489,-0.0069295,-0.012356,0.062213,0.076511,0.041618,0.027381,-0.022157,0.021778,0.026367,0.03183,-0.028142,0.023717,0.016153,0.021147,0.062072,0.063232,0.010421,0.016782,-0.0046892,0.058591,0.056597,-0.064272
0.026636,-0.0090708,-0.019278,-0.0062332,0.0011172,0.024446,-0.038602,-0.032742,0.040761,0.041236,0.042472,0.050346,0.042222,-0.056497,-0.024252,-0.042799,0.056823,0.027259,0.016735,0.052965,0.037801,0.0013808,0.058835,0.039217,0.025387,0.12288,0.024053,0.024938,-0.073089,-0.03348,0.060058,0.01205,0.064017,-0.047951,0.016064,0.00855,0.067067,0.052297,-0.02499,-0.032124,-0.022038,0.0097347,-0.017875,0.037664,0.052184,-0.017803,-0.030247,-0.0058317,-0.011001,-0.075215,0.077562,0.06395,-0.0058624,0.00091632,0.028594,0.073158,-0.0077902,0.072136,0.020818,0.037392,0.095136,0.081602,0.0094821,0.058282,-0.037226,0.04285,-0.013261,0.03263,-0.044673,-0.0081451,0.047654,-0.0045168,-0.10586,0.055599,0.059955,0.1018,0.010721,0.072239,-0.08298,0.12352,-0.010789,-0.021802,0.011994,-0.0068647,-0.026437,0.0067986,-0.061871,0.0624,0.12293,0.029353,-0.038117,-0.046512,-0.094851,-0.067766,0.0090227,0.031728,0.010366,-0.014451,-0.019622,0.031163
0.059881,-0.015839,0.040736,0.028689,-0.089718,-0.051608,-0.022839,-0.033664,0.028485,-0.033504,-0.0084856,0.051795,0.018283,0.019113,0.024192,0.073451,0.10084,0.16114,-0.040217,0.039012,-0.0054523,0.058105,0.049787,-0.00088751,-0.012213,-0.0055305,-0.002253,0.0084892,0.046065,-0.055112,0.02451,0.025836,0.045309,-0.0079742,0.011339,0.013583,0.017978,-0.036496,-0.034795,0.13861,-0.041377,0.0085033,-0.051623,0.048499,0.012006,0.012238,0.020566,0.079083,-0.026275,-0.0083909,0.010065,-0.0065922,0.026285,-0.03856,-0.055442,0.078888,0.045387,0.12758,-0.040463,0.079385,0.072817,-0.0079699,0.019733,-0.0013247,0.049932,-0.051908,0.088599,-0.048655,0.033298,0.03743,0.076247,-0.0051875,0.051347,0.0071349,-0.11024,0.096858,-0.058787,-0.0068594,-0.0083508,0.056145,-0.030831,0.059873,0.058059,0.012486,0.016645,0.04492,0.00094904,0.035192,-0.0099514,-0.03192,-0.011049,0.020757,-0.020228,0.011567,0.037389,0.0041073,-0.0070908,-0.016145,0.036219,0.10929
0.038379,0.031061,0.017094,-0.036158,0.063237,0.0095983,-0.0089224,0.031614,-0.022123,0.026859,0.11742,0.051839,0.031072,0.063076,0.066105,0.0076174,-0.039898,-0.06946,0.033932,0.13041,-0.0066259,0.018693,-0.021179,0.037154,-0.014035,-0.020439,-0.0048873,-0.064299,-0.014965,-0.044788,0.048863,0.0066246,-0.012137,-0.038316,0.076147,0.07402,0.028189,0.014331,0.11492,0.089575,0.013111,-0.01071,0.055746,0.028176,-0.0025594,0.099032,0.011864,-0.087091,0.033856,0.011012,-0.022309,0.038426,0.0059734,-0.018616,-0.0049445,-0.0031536,-0.052524,0.032947,0.0014509,0.047586,0.044766,-0.0063797,-0.0065727,0.051389,0.062158,0.0102,-0.029754,0.020822,-0.0061109,0.015956,0.016776,0.016073,0.041018,-0.034119,-0.02993,0.017495,0.1357,0.014609,0.009708,0.0070073,0.091002,0.077894,0.01825,0.030295,0.017757,-0.0015755,0.015842,-0.086422,0.034167,0.018574,-0.043168,0.061472,0.0024414,-0.041154,-0.0064455,0.035612,-0.050571,0.003428,0.018741,-0.033138
0.04297,0.022193,0.10238,-0.055301,-0.023728,-0.02507,-0.0028852,0.0032172,0.013722,0.052394,0.022417,0.045787,0.014841,-0.01275,-0.040739,0.063374,0.10163,0.035765,0.03978,-0.016542,0.025265,-0.070651,0.084885,-0.0079945,0.016225,-0.019885,-0.015617,-0.059859,0.048576,0.012526,0.078848,0.014448,0.029366,0.036074,0.060766,-0.012503,-0.018774,0.058195,0.034277,0.015582,0.015017,-0.0071291,0.078704,0.030646,0.030903,0.025924,-0.032351,0.044444,0.11196,-0.01794,-0.017322,-0.012636,-0.058043,0.12137,-0.011665,0.095442,0.06762,-0.045009,0.01966,0.080911,0.063803,0.090856,0.033478,0.044888,0.053441,0.0095959,-0.067411,0.044866,0.033167,0.041157,0.094207,0.014744,-0.017122,0.036712,0.046859,0.08667,-0.019325,0.01715,-0.0097975,-0.012123,-0.043032,0.068507,-0.026699,0.037706,-0.011917,-0.047542,0.043552,0.0081531,-0.034497,0.0092151,-0.010822,-0.018091,0.0063041,-0.01679,0.091386,-0.032924,-0.027681,0.094846,0.011065,-0.020386
0.01326,0.041144,0.074247,-0.0020916,0.048904,0.0089662,0.055847,0.085468,-0.035619,-0.11418,0.0078946,0.02035,-0.022267,0.10082,0.060887,-0.044598,0.10318,-0.053668,0.02038,0.035917,0.018899,0.027485,0.027721,0.028521,-0.026909,-0.010841,0.016833,0.030854,-0.018343,0.029018,0.039307,0.012202,0.057566,0.10377,0.051876,0.046679,0.10666,0.028355,0.038672,0.025268,0.0062446,-0.03142,0.049575,0.024178,-0.069535,-0.047385,0.0087851,0.09045,0.069502,-0.01898,0.097926,-0.0081485,0.060143,-0.010195,-0.0028364,-0.067554,-0.011848,-0.018552,-0.047242,0.081229,0.050723,-0.0056825,0.031299,0.027109,0.023466,0.034682,0.040478,-0.066092,0.035055,0.036101,0.098081,0.085548,0.056038,0.015104,0.043787,-0.046095,0.042745,0.03562,0.07377,0.036876,-0.0061346,0.060049,-0.014952,0.043081,0.053419,0.030531,-0.016855,-0.09977,0.064534,0.035769,0.053527,0.021736,0.038326,0.048799,0.036301,0.03519,0.049942,-0.02429,-0.0018113,-0.0062379
0.04893,0.05853,-0.049686,-0.001941,-0.021452,0.095542,0.073031,0.061495,0.11547,0.049831,0.046495,-0.0071203,0.064817,-0.034522,0.010261,0.044732,-0.041715,0.085206,0.057348,0.011116,0.011129,0.01944,-0.068198,0.051881,0.038135,0.015408,0.072706,0.014767,-0.048404,0.030987,0.054092,0.08414,0.069919,0.05521,0.039919,0.10312,-0.077965,-0.086909,-0.0043258,-0.029279,-0.05219,0.049648,0.0015444,0.0056383,0.01581,0.090161,-0.0064326,0.026963,0.039185,-0.049025,0.036079,-0.011728,-0.059061,0.14072,-0.031349,0.055641,0.14424,0.11839,0.069373,0.099011,0.011897,0.070036,0.0032911,0.047328,0.012722,0.007658,-0.041001,0.042481,-0.043894,0.11062,0.047941,-0.078607,-0.024746,0.018716,0.018043,-0.027099,0.019524,0.058076,0.073384,0.010528,-0.0028419,0.10643,-0.023775,0.016117,0.11345,-0.008776,0.040843,0.076616,-0.010833,0.048149,-0.076955,0.055426,0.042249,0.021177,-0.012466,0.088819,0.0032175,0.03228,0.031797,0.057245
0.068229,-0.07931,-0.066861,0.041566,0.022611,-0.0080017,-0.0089499,-0.085391,0.012854,-0.018576,-0.0033528,0.0052843,0.01296,0.029089,-0.017123,-0.011503,0.04584,0.072764,0.043279,0.024293,0.029704,0.086622,0.076077,0.14427,0.018241,0.036524,0.049389,0.060411,0.12313,-0.056486,-0.0020705,-0.0021882,0.025288,0.022448,-0.033992,-0.011362,0.006711,0.014156,0.00079134,-0.0083495,0.039551,0.045965,0.078869,0.052963,0.037477,-0.031911,0.092243,0.012977,0.01029,-0.039644,-0.018152,0.015666,-0.0045139,0.030607,-0.038045,0.15315,0.031706,0.031047,-0.06079,0.054398,-0.017455,-0.0013608,0.004138,-0.018674,0.0049419,0.033792,-0.063855,-0.032204,0.064157,0.11316,0.084898,0.0099196,-0.026533,0.041909,0.016674,-0.024646,0.10381,0.065526,0.068067,0.048085,0.043508,0.0073451,0.019048,0.044298,-0.0081281,-0.046976,0.028512,0.071241,0.079322,0.096565,0.042675,0.071154,0.024842,-0.058157,0.033966,-0.0076891,-0.04443,0.02956,0.04334,0.026294
0.0068918,0.05784,0.10296,0.014088,0.06011,-0.049786,0.014993,0.0053562,0.02976,-0.018353,0.010048,-0.063974,0.041448,0.073397,0.0042992,-0.023483,0.039788,-0.012472,-0.047229,0.055071,-0.037094,-0.015019,0.008879,0.045341,-0.0053775,-0.013989,0.084314,0.0073549,0.012276,0.0011508,0.026398,0.035987,-0.0018829,-0.067876,-0.065151,0.05257,-0.070066,-0.004107,-0.085372,0.079293,-0.089591,0.056481,0.05823,0.033448,0.028726,0.037431,0.046637,0.054947,-0.01175,-0.013699,-0.05954,0.004972,-0.058729,0.025404,0.029477,0.041916,0.0019285,-0.046597,0.01805,0.091727,0.061129,-0.025256,0.063874,0.0029056,0.018394,0.058404,-0.035319,0.06752,-0.10026,0.023786,0.097194,-0.01988,0.054338,0.03719,0.024545,0.094007,0.022481,0.019906,0.054529,0.034792,0.037884,0.11428,0.06359,-0.03516,0.035309,0.060199,0.045108,0.011952,-0.0057586,0.059857,0.12226,-0.060012,0.021384,0.03722,0.084304,0.081364,0.074968,0.024385,0.023536,-0.00617
0.0027028,0.072929,0.040172,0.032901,-0.0019157,0.046069,0.030579,0.0072046,0.00043541,-0.034711,0.10905,0.086705,0.048981,0.056338,0.040917,0.065965,0.025953,0.018466,0.054683,0.085326,0.006272,0.069032,0.038269,0.019006,-0.011257,0.06472,-0.045613,0.072151,0.022556,0.01933,0.036097,0.070034,0.036538,0.029788,-0.013367,-0.03062,0.10801,-0.034777,0.03743,0.0088744,0.044332,0.057672,0.071428,0.10607,-0.040455,0.08357,-0.0036559,0.07023,0.083969,-0.036207,0.055724,0.034928,-0.023132,-0.013408,0.023071,-0.056828,-0.064101,0.080346,-0.0049365,0.037925,0.0097326,-0.02308,0.027468,0.051013,0.085618,0.09027,3.4826e-05,-0.032096,-0.015588,-0.010425,0.089924,0.077149,0.026673,-0.005971,0.050404,0.082378,-0.041575,0.00078658,-0.0014221,0.065351,-0.028922,0.05147,-0.035431,0.053179,0.050102,0.014217,-0.01513,0.071521,0.013773,0.031323,0.0082265,0.030859,0.059072,-0.014789,-0.026517,0.035132,0.053783,0.022383,0.072239,0.022466
0.028472,-0.022345,0.069416,0.052438,0.077708,0.0091778,-0.058846,-0.03308,0.093419,-0.014902,-0.0034008,0.14328,-0.024522,0.020983,0.097163,0.016297,0.0069455,0.017679,0.041474,0.061164,-0.035062,0.0015694,0.093553,0.046923,0.0019514,-0.040131,-0.062117,0.0081207,-0.073362,-0.030771,-0.0050962,-0.079386,0.076115,0.087657,-0.019274,0.039451,0.041261,0.038386,0.013634,-0.014377,0.008066,0.051865,0.093876,0.092646,0.055104,-0.066729,-0.03486,0.038463,0.0062876,-0.020445,-0.016861,0.025156,0.030125,0.017464,-0.017439,-0.035718,0.092071,0.097538,0.015667,0.029552,0.035854,0.0086774,-0.074576,-0.052093,0.0046504,-0.009055,0.012951,-0.034938,-0.062001,0.024519,0.031219,0.025009,-0.062437,-0.044017,-0.079203,0.066804,0.048302,0.020346,-0.060409,-0.042254,-0.047225,0.049678,0.0041802,0.027287,0.01841,0.012469,0.036326,-0.022839,0.04445,0.055542,-0.028459,0.029273,0.028278,0.0464,-0.055168,-0.038497,-0.027228,0.034076,0.020129,0.024193
0.051005,-0.079007,-0.034869,-0.015924,-0.026246,0.082071,0.0036117,-0.043481,0.05549,0.016151,0.058519,0.028301,-0.072718,0.031617,0.006961,-0.0094781,0.065779,-0.014997,-0.03031,-0.058677,0.029713,0.035618,-0.053671,0.055197,-0.037076,0.047813,0.087952,0.02738,-0.029187,0.0757,0.02387,-0.010042,0.037176,-0.018287,0.021125,-0.053216,-0.041822,0.027996,0.014905,0.052003,0.010514,0.0008259,-0.029478,-0.036424,0.15254,0.11261,0.0055844,0.0035262,0.048418,0.047503,0.0508,0.014107,-0.02945,-0.072937,0.058633,0.02973,-0.0036509,0.061067,0.0015652,0.068004,0.059232,0.029245,0.074138,0.01384,0.062185,0.064773,0.077544,0.075761,0.085862,0.014614,0.056583,0.02912,-0.00627,0.038336,0.025036,0.0885,0.0049868,0.022973,0.038974,0.0091251,0.019285,-0.02115,0.11693,0.082852,0.031029,0.098751,0.050707,0.12732,0.019549,0.036528,0.081045,0.023933,0.045762,0.010534,-0.0053751,-0.0016568,0.037237,0.028793,0.035879,0.020182
0.058297,-0.013385,0.069599,0.10589,0.096981,-0.069164,-0.049228,0.018308,0.0047588,0.057226,0.071978,-0.049287,0.14051,0.033686,-0.065704,0.027161,0.021763,-0.032235,0.025487,-0.0043744,0.02173,0.004474,0.025727,-0.01491,0.058468,0.028258,0.011717,0.049562,0.08507,0.064561,0.013374,0.0033047,0.03841,0.024797,0.081331,0.062881,0.038296,0.041586,0.014355,0.0009481,0.11083,-0.0069307,-0.00529,0.010379,0.0023675,0.021321,-0.050581,0.08374,0.0028455,0.07939,0.012232,-0.090385,0.0034406,-0.013062,-0.011314,-0.013948,0.056999,0.049891,0.11355,-0.055161,0.012887,0.018975,0.064765,0.085808,0.06791,0.012963,0.0017205,0.0045751,0.039598,-0.023547,-0.013721,0.069644,-0.012233,0.085578,-0.02506,0.02999,0.057875,-0.026731,-0.0011377,0.037387,-0.024931,0.0092248,0.015322,-0.015413,0.099138,-0.082536,-0.054496,0.042358,0.034974,-0.034666,0.035584,0.058087,0.021106,0.03528,-0.04738,0.0014096,-0.019352,0.064736,0.063203,0.009737
-0.011045,0.11415,0.05886,-0.026782,-0.011086,0.079835,0.014948,0.048009,0.0010742,0.056239,0.01852,0.028779,0.0053398,5.7879e-05,0.021269,-0.024816,0.064364,-0.0049105,0.04183,-0.0066373,0.1269,0.0246,-0.028027,-0.0043909,0.075415,0.060707,-4.4527e-05,0.081269,0.075749,0.080908,0.042829,0.06558,-0.0062207,-0.06455,-0.080444,-0.013211,-0.025144,0.040729,0.0039655,0.082607,0.050157,-0.036358,0.046008,-0.014574,-0.032213,0.017113,0.010041,0.058948,-0.10462,-0.020828,-0.048128,-0.00065605,-0.040653,0.015071,-8.831e-05,0.04906,0.039471,0.093762,0.061785,0.1048,0.096407,-0.090109,0.023307,0.072486,0.12497,-0.028215,0.064653,-0.036549,-0.026047,0.083123,0.0063526,0.011842,-0.12898,0.078194,-0.059646,0.020454,0.012043,0.10308,0.0547,-0.025979,0.023231,0.044286,0.10448,0.052238,-0.010991,0.035145,-0.050355,0.070723,0.054413,0.068299,0.094063,0.0026438,0.077968,0.050187,0.035646,0.049062,0.072869,0.053848,-0.0019154,0.0092975
0.019648,0.0054015,-0.019911,0.02378,0.027763,0.02856,0.018002,-0.0083468,0.029737,-0.046156,0.0010883,-0.01665,-0.0044509,0.077924,-0.0012769,-0.0052686,0.055502,-0.010456,-0.014232,0.038823,0.0074594,-0.00032715,-0.021821,0.00028873,0.044695,0.01725,0.091366,0.11156,-0.05329,0.02584,-0.021344,0.0041959,0.062826,0.050471,0.023441,0.11166,0.028167,0.10094,-0.02089,0.040705,0.091092,0.068636,0.052223,0.023333,-0.046106,-0.0085167,-0.00841,-0.04721,0.0095908,0.067436,-0.033705,-0.0039271,-0.0013516,-0.11503,-0.019162,-0.084216,-0.014183,-0.015673,-0.065189,0.019534,0.019866,0.078546,0.053329,0.073782,0.073134,0.025821,0.017528,0.062252,-0.028117,-0.035366,0.055327,-0.048746,0.051131,0.06477,0.060186,0.071297,-0.055048,0.061968,0.18834,0.019393,0.017956,0.081834,-0.011881,-0.026911,-0.03082,0.00018101,-0.0090896,0.015858,-0.032691,0.0097188,0.04039,0.043143,-0.015638,-0.011323,0.11433,-0.025748,0.063449,0.017381,0.054362,0.082286
0.028014,0.055287,-0.0055659,-0.010514,-0.019267,0.032006,0.10174,0.030508,0.079205,0.087383,0.015179,0.14344,0.024413,0.062444,0.080209,0.047398,-0.027446,0.034273,0.02393,-0.018671,0.053884,0.033099,0.053195,0.038982,0.032368,0.028472,-0.029644,-0.0059582,-0.033355,0.027101,-0.016517,0.010697,-0.015581,-0.010502,0.049804,0.012033,0.04745,0.018315,0.062149,-0.046381,-0.034328,0.054278,-0.010524,0.08499,0.047006,0.0082703,-0.048256,0.021806,0.09083,0.091681,0.0080403,0.015646,0.0056333,-0.02065,0.031462,0.0014575,0.0032319,0.090893,0.053541,0.062777,0.027943,0.020256,0.013341,0.017873,0.0010124,0.040877,0.050369,-0.03712,0.033102,0.029876,-0.062439,0.052506,-0.037821,0.10387,0.025174,0.00093036,0.035152,0.096356,-0.019062,-0.0097308,0.037812,0.010833,-0.077997,0.021468,0.015381,0.039488,-0.030543,-0.0045685,0.00054972,-0.030748,0.064982,-0.019539,0.050504,0.065347,0.069837,-0.0012103,0.088083,0.1386,0.14196,-0.0076438
0.0094885,-0.050646,0.0024687,0.085066,-0.036463,-0.043931,-0.032654,-0.016907,0.043755,0.015689,0.021371,0.022834,-0.0095805,-0.085664,-0.0447,0.025649,-0.0030308,0.026051,-0.011216,0.041701,0.04636,-0.067815,-0.080384,-0.020079,0.051053,-0.032891,0.072383,-0.015092,0.040118,0.01035,0.025394,0.023869,0.0079832,-0.034777,-0.02966,-0.00071184,0.086622,0.046836,0.1045,0.027243,0.065886,0.043925,-0.021568,0.046653,-0.026699,0.017817,0.046658,0.0083436,0.014227,0.01253,0.013951,-0.003151,0.045679,0.0058061,-0.016403,-0.011067,-0.0068918,0.010561,0.046309,0.11229,-0.026385,-0.026147,0.10201,-0.018965,-0.024133,0.005199,0.023806,0.0058859,-0.0058509,-0.025717,0.047713,0.06483,0.053564,0.10975,0.075516,0.086411,0.097656,0.009129,-0.0044455,0.077234,0.1183,0.046178,-0.015285,-0.013917,0.017459,0.029115,0.0073932,-0.10473,-0.10821,0.12886,0.064414,0.023804,0.059677,-0.032864,-0.022713,0.027173,0.10002,-0.0040619,-0.011862,0.061369
0.071853,-0.032741,-0.070805,0.0094657,-0.022702,0.040061,0.096286,0.028793,0.052801,-0.0068127,-0.0066069,0.00068157,0.019145,0.055604,0.045757,0.03111,0.020739,0.083098,0.0096196,0.031746,-0.02114,0.051418,0.0034773,-0.055653,-0.034804,0.07087,-0.030429,0.026753,0.051302,0.053654,0.001308,-0.029805,0.024063,0.0077036,0.020798,0.085255,0.011684,-0.0096286,0.017878,-0.044434,0.037951,-0.070317,0.026179,-0.00069701,0.0053954,0.010887,0.011452,-0.026157,-0.011004,0.047827,0.041104,0.029665,0.082461,-0.018965,-0.0121,0.050331,0.054849,0.060672,-0.013771,0.14625,0.016514,0.011199,0.023732,-0.0055328,0.016616,-0.033225,0.012235,-0.031856,0.044761,0.010678,0.060279,-0.0077878,0.051827,-0.047515,0.059867,-0.036067,0.034973,-0.029932,0.0082538,0.069486,-0.010953,0.019085,-0.011874,0.036743,0.065744,-0.024377,-0.029558,0.073284,0.021615,-0.0041063,0.0064133,0.12195,0.022981,-0.0023179,0.0064417,0.037273,0.0012207,-0.012461,-0.0062938,-0.018026
-0.13054,-0.08141,0.015065,0.050059,0.039895,-0.02131,0.029368,0.070958,0.0013602,-0.03741,0.027643,0.089551,0.049807,0.077338,-0.038528,0.12109,0.028395,0.081088,-0.0025083,0.037496,0.064672,0.066561,0.013893,0.14157,0.020859,0.040544,0.072188,0.007327,-0.031598,-6.9175e-05,0.076519,0.016515,0.011739,0.043745,-0.0034264,0.04444,0.10471,0.0051154,0.083996,0.045642,0.028562,-0.066999,-0.053436,0.096932,0.041423,0.050897,-0.0058268,-0.096721,-0.058551,0.047466,0.062076,0.049905,-0.019713,-0.0042398,0.027787,0.024792,-0.019673,0.1528,-0.022343,-0.031974,-0.0055097,0.10452,0.027805,0.12602,0.052033,0.0096037,-0.010561,0.010873,-0.03639,0.022812,-0.019902,0.048919,-0.04924,0.022152,0.031731,-0.017255,0.045782,0.02136,-0.013611,0.027653,-0.019928,0.043197,-0.014615,0.0013296,-0.036144,0.085146,0.064689,0.0063561,0.046986,0.012383,0.045278,-0.044039,0.036816,0.062019,0.097232,0.049662,0.012553,0.027527,-0.018777,-0.024428
-0.0098693,0.046399,0.037817,0.011199,0.014593,-0.0036204,-0.0024829,-0.0059548,-0.033634,0.036099,0.0068439,-0.044526,-0.016726,0.06712,-0.016537,-0.086109,0.028993,0.011667,0.079239,0.086175,0.0094164,-0.014592,-0.011161,0.073414,-0.029717,0.079919,0.059325,0.10383,0.046163,-0.072243,-0.059151,0.092451,0.0066478,0.086417,0.02725,-0.03628,0.02481,0.10126,-0.0078322,0.086968,-0.045824,0.072294,0.065471,-0.012525,0.04403,0.030616,0.060045,0.051945,0.064755,0.10639,0.022154,-0.022779,-0.0030791,-0.01805,0.012453,0.074095,0.099969,0.080292,0.059534,0.0035975,0.0039467,0.066385,0.11375,0.016954,0.057721,-0.077625,-0.014128,0.083661,0.02819,0.031244,0.021075,0.0090878,-0.0053835,0.04329,0.092445,-0.046475,0.034683,0.11932,0.019567,-0.00029035,0.025922,-0.01297,0.084974,-0.074301,0.0031683,0.074737,0.010816,-0.069595,-0.047307,0.073661,0.037376,0.10022,0.081277,0.06021,0.045032,0.023174,0.15001,0.016975,0.086726,-0.013424
-0.00011727,-0.070524,0.010477,-0.047339,0.010619,0.053423,-0.0032332,-0.032922,0.044571,0.030031,0.062938,-0.07765,0.079333,0.011078,0.011462,0.14627,-0.058758,0.023134,0.064683,0.0089282,0.026305,0.090936,-0.038631,-0.028894,0.014448,-0.001922,0.014366,-0.076565,0.095728,0.061523,0.001651,-0.0046405,0.0068756,0.021587,0.082032,0.0072334,-0.00091237,0.041556,0.067341,0.074895,0.05712,-0.0095315,0.088282,0.064886,-0.0033657,-0.075595,-0.0053474,-0.054222,0.099567,-0.008156,0.032189,0.076357,-0.080067,0.034229,0.051479,0.049412,-0.025251,0.076706,-0.010608,0.033202,0.051133,-0.0053306,0.011863,0.053104,0.008195,0.04945,-0.0082395,-0.034335,0.031883,0.044344,-0.019403,0.019778,0.065707,0.016425,-0.015781,0.040494,0.026276,-0.027648,0.00090848,0.084078,0.041437,0.001963,-0.018448,0.019643,-0.01122,0.087343,0.083144,0.029947,0.099701,0.0023983,-0.019983,-0.038163,0.044794,-0.075448,0.010488,0.014429,0.020764,0.072914,0.027447,0.088585
-0.048759,0.028625,0.022336,0.050831,0.039869,0.053706,0.033633,0.026914,-0.063925,-0.0022024,0.055802,-0.049925,0.113,-0.028211,0.035962,0.042436,0.050012,0.042714,0.04828,0.046547,0.058586,-0.065063,0.014732,0.036117,0.076927,0.0078573,0.0094926,0.13919,0.067625,0.05951,0.093687,0.08209,0.0046216,0.057896,0.055255,0.056906,0.034081,-0.032426,0.032171,0.00016726,0.028578,0.0035408,0.070679,0.13307,-0.02433,-0.05598,0.019686,0.026711,0.028866,0.017208,0.036395,0.059003,-0.00045889,0.053606,-0.0089626,0.053117,-0.018718,-0.023855,-0.056915,0.10374,0.038073,0.0084301,-0.049925,0.017073,0.023872,0.048307,0.024733,0.010802,0.041009,0.009487,0.058168,-0.012921,0.011828,0.055806,0.10122,0.03043,0.056504,-0.02,0.039585,0.081257,-0.011496,-0.011479,-0.018744,0.03227,0.11869,0.01496,0.016596,0.014534,0.043196,0.02321,0.010681,0.031717,0.096086,0.027577,-0.0244,0.039526,-0.029969,0.00074686,0.029079,0.027405
0.024894,0.064424,-0.025042,0.0043851,0.037957,0.071224,0.010056,0.02665,-0.031515,0.07539,0.016421,-0.034906,0.018403,0.030733,-0.01938,0.056362,0.020498,-0.019883,0.042595,0.034674,0.017428,0.095418,-0.025283,0.044067,0.038187,-0.0095174,-0.014883,0.0080039,0.053686,0.0061107,0.034339,0.079412,0.082933,0.038893,0.021251,0.038512,0.08604,0.014848,0.086492,0.069144,0.051142,0.051947,0.068438,-0.0036165,0.12243,0.016849,0.053322,0.013646,0.039365,-0.0638,0.033717,0.036356,0.081175,0.045707,-0.088201,-0.016642,-0.036596,0.017182,-0.026389,-0.0061447,-0.014696,0.019632,0.023486,0.018196,0.052923,0.10236,0.1213,0.063611,0.022844,0.016848,0.084953,-0.025587,-0.031736,0.08112,0.078459,0.0085162,-0.071133,-0.021455,-0.02232,0.039826,0.0085728,0.044966,0.09474,-0.00066736,0.073952,-0.017344,-0.0586,0.091263,0.02011,0.022674,0.034222,0.015924,0.029524,0.015193,-0.017771,-0.063234,0.026342,-0.04134,0.068029,0.039913
-0.10493,0.0064451,0.034183,0.0469,-0.036994,0.085535,-0.020781,0.017028,-0.019483,-0.058792,0.0061538,-0.021834,0.004216,-0.026827,0.078788,-0.00049701,0.023404,-0.00076363,0.034362,0.018601,0.064688,0.0029448,-0.003669,0.025121,0.0060438,-0.0087991,-0.0095351,0.0072021,0.00015154,0.010479,-0.018354,0.026668,0.034442,0.029281,0.056774,-0.03397,0.033755,-0.035543,0.015757,0.067097,-0.001861,0.056861,-0.042641,0.051706,-0.027875,0.052018,0.034549,0.015468,0.091193,0.019818,0.020478,-0.034071,-0.022918,-0.043288,0.060548,-0.048903,-0.030619,-0.012999,0.0551,0.038475,-0.002148,-0.021549,0.06465,0.062037,-0.014582,0.013941,-0.016627,0.010744,0.0043487,-0.00099609,-0.035428,0.031055,-0.047711,0.036869,0.082901,-0.0059547,0.03507,0.016918,0.027209,-0.021581,-0.018784,0.15646,0.020817,0.042971,-0.014805,0.012059,0.043472,-0.074296,0.0047347,-0.018151,-0.075934,0.10529,0.021583,-0.035074,0.081528,0.082116,0.049488,-0.002323,0.08562,0.0082144
-0.03082,0.0085521,0.035668,-0.024289,0.060318,-0.040595,0.0085307,0.037582,0.052606,0.065098,0.01757,0.048936,0.017926,0.010066,-0.0035796,0.059974,0.021999,-0.012435,0.0058772,0.0054233,0.042033,0.0057891,-0.050657,-0.0087771,-0.0048585,0.0098921,0.037397,0.012904,-0.002086,-4.0504e-05,0.06812,-0.05296,0.03332,0.046956,-0.11645,0.048696,0.017695,0.031842,0.042956,0.097375,-0.043434,0.026541,0.043835,0.057576,0.058401,0.080584,-0.054079,0.060104,-0.0083261,0.024677,0.074893,0.062507,0.018594,0.075646,0.016126,0.056194,-0.051607,0.013631,0.032025,-0.034779,-0.023637,0.0015534,0.025197,0.050966,-0.068697,-0.032883,-0.071447,0.0073745,0.015781,0.032098,-0.023489,-0.0028364,0.05443,-0.013335,0.060784,-0.037948,-0.022088,0.025482,0.01976,0.005927,-0.027176,0.07914,-0.043659,-0.0021462,0.051449,0.022138,0.078084,0.061489,-0.037738,0.031332,-0.057907,0.0056551,0.03734,0.12439,-0.039379,-0.056251,0.059533,0.059507,0.15982,0.0045364
-0.0090768,0.039188,-0.017965,0.01534,0.064603,-0.088456,-0.063913,-0.0043336,0.037324,0.08366,0.06499,0.017911,0.0078631,0.093747,-0.0018425,0.063631,-0.0041131,0.0063063,0.00095062,0.034314,-0.0014557,-0.11608,0.011036,-0.011279,0.039183,-0.028265,0.096212,-0.0047248,0.0045532,0.025859,-0.040287,0.00068257,0.077903,0.1002,0.0069398,-0.027491,-0.020411,0.00034871,0.054073,-0.025702,0.095962,0.024576,0.045438,0.070451,0.030737,0.0089501,0.016771,0.066811,-0.079492,0.024415,0.040867,-0.0013051,-0.0048729,-0.020817,0.076978,-0.015394,0.020928,-0.0022937,0.010175,0.12826,-0.061797,0.031176,0.023682,-0.081398,0.13138,0.042708,0.011666,-0.02406,0.10851,0.080464,-0.033086,0.013608,0.044514,0.035318,-0.03395,0.029901,0.061206,-0.029422,-0.013748,-0.051867,-0.010792,-0.015401,-0.0085139,0.016738,0.03223,0.04717,-0.022095,0.13058,-0.023344,0.072028,0.016497,0.1485,0.0062842,-0.025488,-0.047908,0.0090174,-0.026168,-0.033759,0.095914,0.12858
0.0051121,-0.036254,-0.021516,0.018617,0.019801,0.034484,-0.022683,0.011101,-0.053036,0.016164,0.069249,0.074735,0.059526,0.053366,0.07194,-0.023852,0.06784,-0.050857,0.10275,-0.019635,-0.0038644,-0.087087,-0.043808,-0.001907,-0.017917,0.031705,0.1596,-0.031845,0.054589,-0.067691,0.014996,0.076175,0.016912,-0.019595,0.0037426,0.0022718,0.044906,-0.077078,0.091273,0.005171,0.12734,0.038351,0.024874,-0.0092726,-0.046436,-0.031688,0.097166,0.024485,0.086054,0.031979,0.064044,0.024308,0.050337,0.099196,-0.012526,0.012701,0.09341,0.030135,-0.017498,0.095518,0.085592,0.011171,-0.014223,0.018999,0.035018,-0.038637,0.016718,0.046756,-0.022996,0.093542,0.039987,0.0095228,-0.0018548,0.10773,-0.038042,-0.042219,0.063283,0.047146,0.031625,0.03343,-0.025515,0.032177,0.0089879,0.0058296,0.059592,0.046992,-0.0057523,0.040702,0.030631,0.099117,0.038126,0.0099304,0.12957,0.016718,0.00029853,0.036104,0.032099,0.094416,0.062221,-0.023549
0.042504,0.067313,-0.0046142,0.050305,0.054449,-0.052814,0.0087974,0.031477,0.068428,-0.062212,0.048613,0.049974,0.024388,0.040557,-0.035455,-0.0042729,-0.015664,-0.0056691,0.054027,0.0081716,-0.015036,0.055914,-0.082327,0.12203,0.081042,-0.01341,0.12138,-0.058812,0.053534,0.02196,0.085687,-0.056401,-0.029895,-0.014032,0.0020501,0.061921,0.027958,0.07961,-0.0090547,0.059815,0.05314,0.023863,0.043584,-0.044825,0.044301,-0.065716,-0.017835,-0.092708,0.00023746,-0.04284,0.062107,0.0089621,-0.015851,-0.0019632,0.057939,0.082285,0.01472,0.024892,0.031872,-0.019056,0.12625,0.013018,0.04582,0.058505,0.00030849,0.047706,-0.0011244,-0.01847,0.011351,0.037352,0.013028,-0.036764,-0.03639,-0.013054,-0.012912,0.059639,0.080255,-0.024436,-0.023972,0.055834,0.0039427,0.040678,-0.017635,0.086704,-0.00085629,0.037908,0.11041,-0.054427,0.05287,-0.001734,0.052223,0.068871,0.007895,-0.001277,0.057426,-0.0036206,-0.0073091,0.071737,0.037709,0.10116
0.041523,-0.031146,-0.0029494,-0.020325,0.04011,-0.03854,-0.0065457,0.021991,0.049725,-0.022732,0.045117,-0.03628,0.036401,0.013353,0.054904,-0.039684,0.065296,0.056535,0.015294,-0.0094865,-0.067828,0.06683,0.050183,-0.004772,-0.062804,0.039606,0.01587,0.0055137,-0.019161,-0.074924,0.034068,0.0064713,-0.02524,0.026335,0.069843,0.050837,0.013143,0.028465,0.045978,0.053505,0.033656,0.11049,0.040657,0.039098,0.05265,0.14869,0.0015108,0.064134,-0.048152,-0.019133,0.10033,0.0071921,-0.045869,-0.00025834,0.0082977,0.068657,0.0385,-0.011449,-0.013116,-0.016007,0.05296,0.052642,0.097136,0.057363,0.093595,-0.010749,0.10986,0.01197,0.016543,0.038803,0.023695,0.028972,0.14385,-0.028745,-0.054728,0.0598,0.038862,0.057411,0.067329,0.042295,-0.067855,0.0083646,0.018195,0.033468,0.043929,0.084493,-0.03,0.00019762,0.0050839,-0.045326,0.056186,-0.022662,0.0038585,-0.048607,-0.011898,0.059229,0.0076393,0.028008,0.042961,0.032641
0.11235,-0.061156,0.079961,0.029539,0.089123,0.050946,0.054363,0.031662,-0.0047964,0.10812,0.07971,0.088348,0.060898,0.10284,0.043269,0.075138,0.0091524,-0.056816,-0.010729,0.03397,0.0084799,0.10273,0.029209,-0.01357,0.062397,0.024222,0.076989,-0.052376,0.064979,-0.010554,0.0027262,0.0016732,0.081616,0.016459,0.063458,0.059919,0.0509,0.011101,0.1423,-0.036984,0.074099,-0.046646,-0.00038446,0.035438,-0.0058097,0.15187,0.044577,0.018017,0.048448,0.023172,0.0059484,0.043438,-0.03032,-0.07864,0.072802,0.034851,0.031062,0.066819,0.076896,0.022473,-0.0070067,0.075426,0.05657,0.0030821,-0.0084937,0.035425,0.037705,0.051066,0.048176,0.034698,0.073412,0.066359,0.029239,0.067436,0.010378,0.015809,-0.094955,0.025941,0.032352,0.056574,0.066879,0.050357,-0.043134,-0.053778,0.070933,0.024952,0.044093,0.082502,0.010941,0.034798,0.060837,-0.00049188,-0.058895,0.013075,-0.022972,-0.010265,0.035801,-0.062525,0.055583,0.032731
0.035623,0.0085378,-0.0016715,0.12795,0.04692,0.12199,0.0052124,0.048817,-0.016505,0.031153,-0.033629,0.039932,0.093169,0.033392,0.047994,0.03407,-0.0041477,0.02137,0.030816,0.021645,-0.067899,0.059032,-0.046088,-0.020091,-0.034069,0.079602,0.0097696,-0.026109,0.052123,-0.04006,0.083774,-0.063649,0.019677,0.005152,0.014759,0.037133,0.031886,-0.0031788,0.045217,0.041092,0.032231,0.011673,0.030908,0.064885,-0.010448,0.083372,0.055999,0.045375,0.049062,0.0064512,-0.089661,-0.030901,0.012243,0.059718,-0.008753,0.0094601,0.0010701,0.0051576,0.011418,-0.020899,-0.0083786,0.04944,0.063906,-0.025304,-0.010686,0.0040572,0.031741,0.020348,-0.066657,0.0024533,-0.021279,-0.02386,0.07679,-0.0024346,0.068368,0.038008,-0.024646,0.092932,0.034251,-0.014966,-0.024904,-0.051536,0.020059,-0.005355,0.070227,0.015725,0.074374,0.057255,0.050472,0.035663,0.1013,-0.009765,0.042399,0.066689,0.053218,0.04032,-0.012031,0.05255,0.010087,0.045605
0.14116,0.049138,0.022262,0.011323,0.10485,-0.076668,0.06136,0.078594,0.10088,-0.039893,0.050487,0.0088029,0.039268,-0.0056924,0.073363,-0.014444,0.027774,-0.0027755,0.029689,0.0034678,-0.031814,-0.022614,0.090546,0.0029062,0.024136,0.023188,0.040921,0.044371,-0.036989,-0.079036,-0.023486,0.058186,-0.069122,0.037182,0.025742,0.041934,-0.068208,0.0077627,0.019985,0.00021919,-0.060863,-0.014549,-0.0146,0.022562,-0.020519,0.03819,-0.0014374,0.038891,0.019045,0.11168,0.02501,-0.0066921,0.082508,0.010456,-0.0057498,0.049502,0.03864,0.0051231,0.087242,0.065911,0.048797,0.12009,0.055825,0.051477,-0.0014878,-0.013333,0.036822,-0.081023,0.014736,0.035334,0.046957,0.044871,0.041946,0.015323,-0.013918,0.064243,-0.006282,0.0082033,-0.0029654,0.026703,0.0022345,0.0339,-0.025686,0.052857,0.0046315,0.020249,0.047066,-0.0089863,-0.01871,-0.012047,0.019532,0.069147,0.025615,0.057878,0.009714,0.0018087,0.0086982,0.043108,-0.065083,0.065959
0.010885,0.030696,0.00097203,0.031813,0.018509,0.012705,0.016447,0.036042,-0.0014849,0.081179,-0.023822,-0.072235,0.020609,-0.03593,0.0055879,-0.049113,0.01446,0.063897,0.037577,0.0063454,-0.00016255,0.055608,0.029575,0.013745,0.015561,0.074743,-0.041372,0.038337,-0.031803,0.043281,0.022589,-0.010935,0.098162,0.033272,-0.01218,0.046552,0.038874,-0.0081352,-0.029239,0.047226,-0.00044553,0.048187,-0.0051751,-0.080042,0.01517,-0.021752,0.020545,0.0093525,0.10262,0.065519,-0.017655,0.017163,-0.0048399,-0.0062769,0.040057,0.1578,0.033062,0.014784,0.075812,0.012158,-0.057252,0.092206,0.052111,0.03052,-0.019514,-0.0094591,-0.06492,0.011769,0.054399,0.010495,-0.0090374,0.006774,0.0628,0.019178,0.00033765,0.021661,-0.023997,0.04505,0.096159,-0.028255,0.03199,-0.018836,0.040152,0.12844,0.039609,-0.020561,0.039193,0.07329,-0.099259,0.0056344,-0.01948,-0.023578,0.041668,0.068658,-0.052086,0.0099387,0.10831,0.031464,0.078806,0.010763
0.020099,0.10665,0.090457,0.066736,0.091496,-0.026797,-0.0094134,0.0055653,0.010571,0.051581,-0.011831,0.02121,-0.011223,0.022857,0.01831,-0.020088,0.031479,0.072114,-0.058828,-0.051315,-0.001659,0.026168,0.027265,0.044528,0.033231,0.042186,0.071848,-0.054505,0.076188,-0.010353,0.048926,-0.050111,0.10376,0.12338,0.13111,-0.03074,0.081708,0.018121,-0.027689,0.059101,0.019212,0.049259,0.021256,0.061642,-0.041479,-0.048009,-0.026151,-0.08282,0.0079417,0.0081022,0.043716,0.045363,0.0011136,2.0604e-05,0.095392,0.033276,0.038929,0.044917,-0.017344,0.028729,-0.0094071,-0.0020941,0.047106,0.071019,-0.0067387,0.022635,-0.049886,0.025119,0.018633,0.019534,-0.09132,0.040065,0.05676,0.039643,0.14401,-0.034201,0.035747,0.072043,-0.041857,-0.027281,0.042194,0.033773,0.0071143,-0.032471,0.068777,-0.00089783,0.087849,0.085442,0.010469,0.044441,0.0018457,-0.042124,0.046795,-0.029764,-0.091984,-0.0064079,0.014727,-0.084606,-0.030388,0.010383
0.017028,0.013897,0.027313,0.042397,0.011622,-0.017923,0.099533,0.087071,-0.092368,-0.027386,0.047198,-0.021351,0.0085855,-0.052486,0.017533,-0.013177,-0.016841,0.070087,-0.0076121,0.039796,-0.011061,-0.032289,-0.022785,0.0016433,0.095348,-0.011312,0.036137,-0.012031,0.035152,0.046748,0.10023,0.031373,-0.013986,0.0036218,-0.0083719,0.084078,0.070969,0.012718,0.030428,0.017844,0.090723,0.047063,0.031219,0.061164,0.0017859,0.040481,-0.0015392,-0.010992,0.1067,0.0043416,0.0016101,0.078702,0.0049727,-0.051163,0.083471,-0.053164,-0.022512,-0.029837,0.048554,0.025602,-0.071421,0.010523,0.066308,0.0024907,0.0080989,0.028414,-0.027743,0.022733,0.034456,0.039918,0.00022993,0.050166,0.046581,0.056726,-0.06191,-0.010716,-0.017273,0.032163,-0.00077843,0.039389,0.016109,0.053359,-0.06708,0.060104,-0.011064,0.084027,0.024894,-0.011006,0.060971,0.1115,0.042349,-0.0028007,-0.031908,-0.023714,0.025261,-0.011684,0.079125,0.059783,0.047896,0.04193
-0.00066105,-0.019187,0.01801,0.059555,0.0055377,0.053094,0.10361,-0.032109,0.050897,0.081082,-0.031264,-0.022073,0.078559,0.0070115,0.072906,-0.14138,0.0022196,0.087289,-0.0018297,0.020974,0.028704,0.050829,0.065748,0.092243,0.060038,0.0055246,-0.01917,0.11927,0.01234,-0.113,0.075749,0.083489,-0.052561,0.0030838,0.02188,0.040065,-0.01287,0.034419,0.051538,-0.00038055,0.043441,0.00049298,0.096272,0.014024,0.014856,-0.053753,0.070471,0.020002,-0.03645,0.073702,0.013833,0.078749,0.025161,0.0028562,-0.034552,-0.029036,-0.0062937,-0.012676,0.046772,0.092231,-0.029457,0.023727,-0.01117,-0.01583,-0.036334,0.0068022,-0.073468,0.011524,0.040025,0.028342,-0.011338,0.0005257,0.017164,-0.024518,-0.027819,0.032691,0.0012647,0.056325,0.083114,0.01195,-0.060365,0.0047008,-0.0083522,-0.037498,0.049312,0.039019,-0.0075868,0.040603,-0.00061942,0.043099,-0.035526,-0.028169,-0.028489,0.065922,0.0067477,0.074628,0.07219,0.040292,-0.065817,0.054912
0.095893,-0.025036,0.044105,0.042871,-0.0072106,0.11142,0.018944,0.042184,-0.0053229,0.0019768,0.031372,-0.044431,0.015004,0.003144,-0.013403,0.021487,0.032978,-0.021491,-0.030653,-0.001667,0.07544,-0.032097,0.027049,0.025504,-0.010517,0.066013,0.069288,0.085159,0.017386,-0.065038,-0.012298,0.061458,0.021135,-0.0074441,0.0078682,0.031692,0.029152,0.024933,-0.060183,-0.039515,-0.024102,-0.026592,-0.0077537,0.0048328,0.031572,0.092146,0.038725,0.026178,0.035929,0.024246,0.052221,0.029258,0.029418,-0.014908,0.004976,-0.0079533,0.010373,0.062993,0.062305,-0.051482,0.049449,0.061468,0.028114,0.066807,0.0084344,-0.034764,0.085649,0.022796,0.04762,0.053136,0.08345,0.031809,-0.042229,-0.051261,-0.0053091,0.078026,-0.006391,0.0035803,0.040108,0.037243,0.039332,-0.00027691,-0.021703,-0.022125,0.038879,-0.032011,0.084289,0.033728,0.068768,0.027697,-0.00082652,0.011825,0.064879,0.021601,0.066692,0.0028059,0.0089153,-0.031348,0.038206,-0.014943
0.014763,-0.024617,0.0097744,-0.039078,0.06421,0.018218,0.04407,0.069882,-0.030321,-0.020274,0.094204,0.034533,0.012773,-0.027992,0.06398,-0.028551,-0.0098731,-0.0065926,-0.064966,0.03986,0.0087617,-0.033426,0.058595,-0.077312,0.041597,0.071395,0.024862,0.0035363,-0.10791,0.04316,0.076238,-0.015432,-0.058375,0.072519,0.038059,0.01659,-0.0084241,0.10065,-0.010721,0.055944,0.020852,-0.061577,0.086794,0.093362,0.010418,0.01654,0.0070096,0.0083326,0.06568,-0.03382,0.0397,0.05932,-0.0087781,0.013633,0.037455,0.012003,-0.020966,-0.0083048,0.08734,0.0085756,0.093827,-0.043401,-0.02635,0.047842,0.018421,-0.0096829,0.031716,-0.014664,0.051585,-0.0025786,0.026908,-0.0016546,0.030461,-0.030588,0.051604,-0.020666,0.11355,-0.0063482,0.12183,-0.00087317,0.0095358,0.035225,0.0013481,0.084753,-0.0087659,-0.049276,0.069556,0.16651,0.0054708,0.010444,0.032063,-0.0077876,0.1128,-0.00067569,0.063109,0.010101,-0.023328,0.038137,-0.045022,0.044955
