0.066471,0.047253,0.091192,0.015669,-0.03998,-0.0096988,0.015153,0.028093,0.01112,-0.0042549,0.034149,0.015397,0.062713,0.063985,0.019409,-0.029472,0.038837,0.053383,0.12172,0.016493,0.027958,-0.016326,0.026969,0.014543,0.063583,0.030817,-0.00748,0.018557,0.031826,0.013178,0.044252,0.020173,0.022205,0.0010682,0.053106,0.038731,-0.011097,-0.0023727,0.071109,-0.035057,0.037933,-0.029387,0.067887,0.015875,0.031768,0.047087,0.071513,0.067587,0.0066603,0.0064781,-0.02946,0.10662,0.036961,0.066389,0.04286,-0.010764,0.023523,0.073925,-0.0060981,0.0055146,0.010643,0.03607,0.06944,0.0074743,-0.0055094,0.038805,0.02875,-0.035482,0.02225,0.0082687,0.019726,0.1032,0.032704,0.0119,0.027037,-0.022775,-0.020609,0.025033,0.051524,0.071084,-0.021186,0.043615,-0.036538,-0.0013033,0.036635,0.022594,-0.016554,0.010406,-0.063806,-0.0058798,-0.0046627,0.1503,0.075194,-0.043209,0.022393,0.00093272,-0.0088414,-0.0070142,-0.0085923,-0.02234
0.036394,-0.0343,0.00023497,-0.0091234,0.031036,-0.039923,0.0088648,0.032361,-0.010439,0.0056028,0.04231,0.081722,-0.023996,0.036128,0.021851,-0.0083803,0.056909,0.0075495,-0.010937,0.0038885,0.039089,0.016702,-0.0060338,-0.006052,-0.035959,-0.00033501,-0.030262,0.040303,-0.012555,-0.0010709,0.019928,-0.0082603,0.016781,0.04225,-0.072027,0.051513,0.066976,0.0096804,-0.018462,0.0399,-0.059892,0.026843,0.0078986,-0.010049,-0.030569,-0.010128,0.012235,-0.0052417,0.077906,0.07453,0.031812,0.022648,0.036475,-0.0024382,-0.0028548,0.014652,0.033218,-0.011043,0.057323,0.038191,0.0118,0.016323,-0.002573,0.06988,-0.003934,0.015693,0.0058232,0.026753,0.057058,0.060824,-0.049118,-0.083398,-0.012699,0.0065861,0.016888,0.070126,0.024786,0.030808,0.003757,0.093014,0.024246,0.03493,-0.013211,0.094102,0.050901,-0.057239,0.018245,0.033984,0.059158,0.07927,0.0017996,0.054059,-0.02491,0.040149,0.012303,0.036109,0.089471,0.06613,-0.042253,0.056813
0.044295,-0.025109,-0.0079939,-0.036627,0.10253,-0.0046983,0.029765,0.10493,-0.0048341,-0.006596,-0.037733,0.078367,-0.043134,-0.028574,0.012195,-0.003072,0.062184,0.009115,0.015061,-0.04356,0.030518,0.010066,0.013705,-0.0012493,0.042536,-0.05529,-0.001509,-0.017964,0.015265,-0.024599,0.027764,0.013501,0.035967,0.039738,0.041978,0.03352,0.036601,-0.03079,0.05827,0.02008,0.11132,-0.01941,0.023552,0.020036,0.021261,0.0014244,0.046282,0.12831,-0.039241,0.067838,-0.037008,0.025257,0.041776,0.025781,-0.010925,0.037,0.03675,-0.009225,-0.066597,0.059372,0.023023,-0.01179,0.09999,0.021075,0.077894,0.032125,0.050301,0.030049,0.028419,-0.039612,-0.089633,0.06677,0.027809,0.011881,-0.0058279,0.096397,0.039788,0.016008,-0.013587,0.0028064,0.0067981,0.022481,0.028146,-0.013563,0.060651,0.014607,0.04742,-0.011145,0.098618,0.013278,0.028593,0.029741,0.057555,0.02595,0.016783,0.011195,0.021234,0.059875,0.074631,0.028313
-0.023679,0.026911,-0.01559,-0.014733,0.06427,-0.035739,0.042557,0.052346,0.046719,0.045268,-0.0071981,-0.012574,-0.016037,0.032693,-0.018397,0.035826,0.016905,0.074887,-0.029816,0.031039,0.030657,0.057723,-0.020036,0.061161,-0.049923,0.044705,0.03371,-0.0046119,0.00075705,0.024592,0.048083,0.081034,0.032528,0.036076,-0.0072703,0.070701,0.01604,-0.011433,0.070739,0.016415,0.068007,0.061408,0.065599,0.064876,0.058819,0.020409,-0.040337,-0.09077,0.01333,-0.017019,0.01023,0.017725,0.043505,0.049047,-0.0074109,0.031983,0.030564,0.041303,0.027653,0.0080968,0.023187,0.0020752,0.057597,0.10165,0.017252,-0.0089188,0.046391,0.046598,0.0073414,0.065634,0.01298,-0.0083692,0.020051,-0.015444,0.084489,0.061857,-0.056619,0.0039095,0.053851,0.028415,0.045612,0.082763,0.041708,0.069024,0.04645,-0.002321,0.044383,0.0054596,0.085704,-0.020413,-0.00325,0.00046912,0.02139,0.042921,0.014063,0.010394,-0.0075254,0.050968,0.03083,0.010385
-0.012957,0.0074336,0.051128,-0.03949,-3.5722e-05,-0.0067525,-0.035662,-0.069359,-0.049992,0.0066421,0.011484,0.074982,-0.047894,-0.022643,0.010345,0.0078365,-0.050168,-0.00015451,-0.0030623,0.047375,-0.029628,-0.0019888,0.056473,0.049048,-0.0041846,-0.019458,-0.025954,0.052976,-0.0038264,-0.031276,-0.055964,0.044473,0.03272,0.020328,0.030221,0.0026704,0.029159,0.036983,0.02186,-0.027031,0.072311,0.043389,-0.060877,0.11055,-0.018721,-0.0027825,0.0080887,-0.041528,-0.0092569,-0.020816,0.0088729,0.044157,0.038742,0.028058,0.10154,0.070818,0.012812,0.034154,-0.05054,0.0014363,0.048672,0.034534,0.061169,0.0027008,-0.027158,0.014242,0.056542,0.060042,0.056633,0.0482,0.0085802,-0.0053979,0.03535,0.013547,-0.034276,0.00067936,0.079092,0.068873,-0.013198,-0.05029,0.014143,-0.014883,0.062508,0.029219,0.030866,0.0074094,0.053013,0.036171,0.046925,-0.013216,-0.028218,-0.041679,-0.039126,0.030035,-0.0040798,0.02042,0.043811,0.032847,0.092461,0.004041
0.028076,-0.02722,0.073833,0.009114,0.058221,0.005447,0.012842,0.062334,0.030623,0.033438,-0.023567,-0.058836,0.006759,0.042187,0.012023,-0.0086243,0.059568,0.052644,0.11466,0.095123,0.0068888,0.064666,0.080087,-0.013585,-0.010163,0.029097,0.056478,0.047965,0.073062,-0.043622,0.044546,0.064539,-0.020903,0.023013,-0.033975,0.018733,0.013519,0.068979,0.030697,0.021827,0.048488,-0.01017,0.083523,0.06595,0.044895,0.0093828,-0.00783,0.038807,0.053065,-0.079022,-0.023762,0.019944,0.0031163,-0.012403,0.045059,0.096027,-0.080411,-0.012143,0.15953,0.012961,0.014967,0.0078899,0.046043,0.03727,0.01456,0.068003,0.019895,-0.0024656,0.043281,0.043173,0.011217,0.056935,0.06767,0.11227,-0.045138,0.0071047,-0.013193,-0.091631,0.036942,-0.013685,0.018007,0.023983,-0.013188,-0.019357,-0.0083041,0.078651,0.086069,-0.0016794,0.011408,0.054155,-0.012595,-0.019964,0.019208,0.087718,0.040293,-0.01833,0.012871,0.041869,0.063219,0.021511
-0.042706,-0.021078,-0.0085641,0.066438,-0.075194,0.0052168,0.053934,-0.031848,0.028615,0.0010401,-0.0064424,-0.028001,-0.013076,-0.0197,0.065167,-0.01844,0.018489,0.0010671,0.015614,-0.020531,0.043528,0.0010107,0.022359,0.026123,0.026315,-0.038556,0.060535,0.096686,-0.00095077,0.018634,-0.00072551,-0.032784,-0.0099726,0.057985,0.11414,-0.023669,0.00061542,0.051954,0.023174,0.091989,-0.0083873,0.048163,-0.05168,0.042182,0.066747,0.010733,0.018857,0.079753,0.0393,-0.0083738,0.023159,0.033444,0.0015214,0.091876,-0.052695,0.012649,-0.023706,0.032032,0.052649,0.045989,0.014633,-0.00068103,0.015277,0.024891,-0.026142,0.043116,0.00072206,-0.039132,0.072743,-0.0013773,0.018206,-0.015239,0.012398,0.087457,0.068528,0.020291,-0.0095334,0.013371,0.004018,0.00076467,0.0056029,0.028831,0.028554,0.003768,-0.016722,0.031424,0.04458,0.0067744,0.022018,0.04768,-0.0048679,0.012554,-0.011613,0.066153,0.10062,-0.0079127,0.025135,0.029902,0.052119,0.034295
-0.037381,0.01332,0.029405,0.023778,-0.020842,0.053162,0.078446,0.08171,-0.01954,0.025642,0.02438,0.058955,0.026731,0.023895,0.0051905,0.0011793,0.012821,0.033454,0.017723,-0.038042,0.066468,0.0033993,0.037876,0.025515,0.014385,-0.024386,0.046723,0.093227,0.033881,-0.015495,0.00095791,0.0043604,0.009914,0.06294,0.020222,0.05243,0.078827,-0.018993,0.017452,-0.0071863,0.020453,-0.011287,0.078912,-0.030869,-0.0083927,0.038775,0.0038815,0.017089,-0.02335,-0.010871,0.057188,-0.017835,0.030767,0.056506,0.059351,0.022723,0.086935,0.020644,-0.0043275,0.058651,0.034451,0.025505,0.014208,-0.0031764,0.080447,0.0022932,0.013908,-0.021407,0.086415,-0.050768,0.11402,0.023014,0.035415,0.08011,-0.0090481,-0.05993,0.032342,0.054253,0.0025368,0.023053,0.049048,0.053228,0.063348,-0.039426,0.046765,0.0098589,0.024982,-0.0028796,0.065084,-0.025006,-0.063027,0.025004,0.046148,0.10091,-0.0092073,0.039688,0.016495,0.020065,-0.019343,0.084941
-0.036797,-0.0026504,-0.034814,-0.0032017,-0.025213,0.044785,-0.04162,0.0084011,0.0035153,0.031239,0.056023,0.0026483,0.029109,0.023775,0.010443,-0.02385,0.025389,0.024285,0.048218,0.031965,0.0089578,0.038636,-0.0063025,0.031909,-0.054568,0.083296,0.044151,-0.0087915,-0.0065479,-0.018075,-0.055121,0.053652,0.016737,0.047998,0.05613,-0.052716,0.074648,0.019781,-0.00027996,0.04894,0.087072,0.028731,0.023256,-0.025606,0.012074,-0.06315,0.045786,0.029024,0.018169,0.036464,0.053792,0.024817,-0.089484,0.0089369,0.001044,0.072552,-0.0029929,0.049804,-0.0013767,0.071077,0.0020927,0.043296,0.032677,0.069109,0.01591,-0.030005,-0.023093,0.054864,0.018355,0.010634,0.14314,0.0048211,-0.043417,0.027512,0.019526,0.036617,0.001209,-0.01187,0.06098,0.02531,0.0043895,0.066518,0.12272,0.048326,0.015607,0.0081307,0.014699,0.025838,-0.014852,0.0057676,0.079739,0.037147,0.038878,0.0035232,0.026826,0.071284,0.037298,0.074901,0.048155,-0.031539
0.027076,0.065333,0.022752,0.097345,-0.038652,0.06435,0.04506,0.052688,0.021241,0.038138,0.04494,0.066366,0.043706,-0.018041,-0.02034,-0.064628,0.089284,-0.00085477,-0.010987,0.08222,0.014579,0.068298,0.06464,-0.047399,-0.018618,-0.053552,0.0081077,0.0031263,0.029766,0.052451,-0.034825,0.018507,0.019872,0.015788,0.023074,0.029193,0.072717,0.078186,0.047849,-0.025307,0.04069,-0.0064695,0.012921,-0.019129,-0.047208,-0.0042156,-0.031818,-0.0098789,0.037834,0.13109,0.082751,0.051653,0.069157,0.11602,0.019604,0.034624,-0.023991,-0.016471,0.11986,0.0082902,0.037265,0.015233,0.036483,0.08433,-0.018257,0.0090723,-0.024428,0.03829,-0.016374,-0.080095,0.024036,0.11282,0.024967,0.021209,0.08272,0.084643,0.0020062,0.011473,0.055037,0.091785,0.018581,0.020856,0.068594,0.00032269,0.047277,-0.019891,0.015991,0.043917,0.0022446,0.073354,0.038407,0.010503,-0.018809,0.04537,-0.017099,-0.011774,0.0093284,0.016887,0.095179,0.038191
-0.011956,-0.010081,0.026006,-0.034956,-0.0022506,0.017052,0.11056,-0.045448,0.01393,0.066479,-0.025954,-0.034763,0.11079,0.065198,0.089011,0.072473,0.055143,-0.010477,-0.072639,-0.049092,0.0032895,0.044503,0.047701,-0.010332,-0.025184,0.053251,0.0024379,0.0053263,0.077931,0.053192,-0.03256,0.047613,0.037208,0.064487,-0.029313,0.0087479,0.0076478,0.05537,0.012996,-0.026983,-0.04147,0.061725,0.050281,0.035769,0.051682,0.031944,0.017436,0.035721,-0.019543,0.052678,0.018566,0.079975,0.066439,0.05098,0.022761,0.028641,-0.0021928,0.073652,0.033478,0.072537,0.097639,0.033812,0.045844,0.001806,0.024505,0.0059354,0.093038,0.035765,0.021417,0.037378,0.03481,0.023876,0.0053903,-0.031907,0.018021,0.07747,-0.02121,-0.030354,-0.020208,0.00036848,-0.00084129,-0.03536,0.040681,-0.046813,-0.01574,0.050882,0.0080312,-0.058306,0.033744,0.047978,-0.0098677,-0.0017195,0.05377,0.027661,0.043892,0.022594,0.03236,-0.03211,0.012319,-0.061325
0.0066663,0.059713,0.047941,0.0044949,0.012684,0.063641,0.030372,-0.040179,-0.015328,0.015212,0.094999,0.037553,0.03482,0.02751,0.09143,0.0064039,0.056355,0.050642,0.011794,-0.012173,-0.040919,0.023684,0.10295,0.019929,0.022867,0.030934,0.041921,0.0013421,0.018487,0.0090772,-0.010717,0.0175,-0.057193,0.020623,0.027201,0.0029036,-0.046197,0.063485,0.026579,0.042686,0.031127,0.010659,-0.071101,0.035757,0.0032666,-0.022184,0.058422,0.046033,-0.040547,0.046402,0.054147,0.076118,0.092051,-0.04846,0.095872,0.0098631,-0.033564,0.041644,0.060996,0.040999,0.0054036,0.0070606,0.02327,0.0067838,0.057225,0.031904,0.0082106,0.020061,0.072686,0.023794,0.0041833,-0.07363,0.046167,0.0019544,0.0084179,0.0073735,0.018013,0.076234,0.071094,0.055166,0.02866,0.099403,-0.017178,0.00057811,-0.0066169,0.05362,-0.0051515,0.001063,0.039505,0.064969,0.062676,0.092499,-0.0098724,-0.029582,0.00072878,-0.0021143,0.063115,0.0524,0.025915,0.05832
-0.01643,0.0069212,-0.068537,0.024515,0.063655,0.044395,0.048889,0.016764,0.017142,-0.0015958,0.056934,-0.0048919,-0.074355,0.057288,0.031605,0.014111,-0.0030426,0.050189,0.013022,-0.0092858,-0.015849,-0.092992,-0.027504,-0.010824,0.093163,0.011763,-0.0394,0.007483,-0.081785,-0.0036046,0.006138,0.052211,-0.030579,0.062556,0.10234,0.0035865,-0.0033762,-0.01491,0.011439,0.044466,0.025607,-0.02002,0.0035202,0.021724,0.02474,0.058961,0.02092,-0.0055973,-0.043252,0.0047172,0.056457,-0.018333,-0.026472,0.036733,0.017757,-0.0050707,-0.011829,-0.01705,0.036749,-0.018722,0.02873,-0.0060592,0.054879,0.069243,0.049016,0.068309,0.04459,0.038397,0.049636,0.040911,0.0033827,0.074299,0.025769,0.017302,0.04031,0.1089,-0.067641,0.071778,0.040808,0.034373,-0.021386,-0.0010195,0.076952,0.014653,0.034478,-0.0052689,-0.011746,0.034177,0.08674,0.064519,0.044525,-0.00033572,-0.0032563,0.00072072,0.010622,-0.052522,0.0056745,0.041245,-0.027397,0.013923
0.015318,0.0067742,-0.0071825,-0.02014,0.0057238,0.040172,0.093916,-0.039601,-0.019234,0.073685,-0.025832,0.062027,0.089361,0.050151,0.050388,0.039799,-0.029624,-0.048765,-0.00092143,-0.03912,0.01032,0.075669,-0.0025699,0.015461,0.006934,-0.0045767,0.026457,0.055127,0.010189,0.0079797,-0.0056037,0.042192,-0.0088789,-0.0033846,-0.022018,0.0040515,0.0098985,0.055984,0.055911,0.060603,0.090213,-0.014813,0.015642,0.093353,-0.0010765,-0.030077,-0.022736,0.040446,0.024984,0.011868,0.0093653,0.067027,0.020564,-0.0011378,-0.0032369,-0.029326,-0.025444,0.044468,-0.017686,0.024463,0.004292,0.0032037,-0.013758,0.060162,0.043675,0.020525,0.025716,0.065092,-0.046531,0.049785,-0.0067195,0.0052782,0.00043688,0.011455,-0.030405,-0.045189,0.092391,0.05634,0.041111,0.078583,0.064979,-0.041119,0.053715,-0.043557,0.078344,0.057718,0.063927,0.043598,0.020822,0.0050944,0.063329,0.050003,-0.042175,0.0097597,0.05019,0.04779,-0.073154,0.023914,0.077236,0.064804
0.049853,0.088009,0.026939,-0.0027601,0.030047,0.022757,-0.03471,0.049165,0.025229,0.0072193,0.017571,0.0048353,-0.0038545,0.0050192,-0.027032,0.089459,0.045107,-0.042371,0.029264,0.10086,0.054531,0.013744,0.056657,0.052821,0.047305,-0.019238,0.054677,0.021696,0.035568,0.10588,0.019923,0.042762,0.019196,0.043012,-0.03185,-0.020772,0.017156,0.045254,0.051184,0.073849,0.099878,0.058623,0.020955,0.028296,0.026299,0.020323,-0.012181,-0.0030497,0.013242,0.055555,0.032307,0.022373,0.047789,0.055885,0.027942,-0.010898,-0.074841,0.013028,0.041245,0.011919,0.080097,0.0085412,0.0059364,-3.6353e-06,0.067694,-0.0061392,0.041798,0.03379,0.022774,-0.0066139,0.0096647,-0.056565,0.093135,0.00053743,-0.00011466,0.030549,-0.022208,-0.069274,-0.0093192,0.019969,0.02709,0.068134,0.014871,0.052524,-0.056202,0.078158,-0.016346,0.013927,-0.0059908,-0.035781,0.020922,0.034092,0.057348,0.057757,0.022381,0.054873,0.037231,-0.019591,0.017997,0.010153
0.052558,-0.015041,0.0040751,-0.061114,0.020372,0.018289,0.075394,0.041032,0.046067,-0.0009085,-0.067501,-0.0073003,0.049173,-0.03268,0.024883,-0.015848,-0.024726,0.02915,-0.032205,-0.041085,-0.06296,0.026162,0.0072162,0.046464,0.0092285,-0.0025848,0.025483,0.052409,-0.0079846,0.048237,0.025145,-0.013408,0.068875,0.025663,0.074826,0.080855,0.053036,0.12069,0.027227,0.068433,-0.0278,-0.0046083,0.044495,0.10093,0.049032,0.017299,-0.0064,0.00073661,-0.020269,-0.01608,0.065994,-0.030953,0.018282,0.064719,0.030434,-0.024849,0.050256,0.019756,-0.019689,-0.02355,0.087913,0.025604,-0.018642,0.0056889,0.067001,0.035896,-0.036824,0.034324,0.035681,0.046117,-0.027874,-0.027632,0.036157,-0.068466,0.068366,0.0095343,-0.021135,0.039681,-0.0026503,0.057138,0.0099762,0.041228,0.024854,0.041105,0.034743,-0.0044023,-0.02156,0.010301,-0.011776,0.078198,0.028766,0.025637,0.015211,-0.041716,-0.006181,-0.043478,0.0093204,0.049868,0.050725,0.00081983
0.028646,0.0094074,0.056383,0.051146,0.015792,-0.027456,0.029515,0.039173,0.025703,0.051718,0.10368,0.025188,0.0078342,-0.020225,0.012836,0.0040321,0.054081,0.0011887,0.013994,0.050288,0.044325,0.015991,-0.0013567,0.019034,0.036328,-0.027425,0.10224,0.019958,0.045928,0.036083,0.054565,-0.016555,-0.043049,0.016095,0.017577,0.0088828,-0.016371,-0.0092229,0.023076,0.031477,-0.0062778,0.01394,-0.038471,-0.0093129,0.023742,0.027045,-0.056905,0.062269,-0.00028343,0.13783,0.078484,-0.033629,0.0045884,0.066028,0.0086122,0.0083978,0.05822,0.0098259,0.034151,0.065367,0.022796,0.052698,0.019027,0.022124,0.084953,0.0065111,0.057964,-0.004088,0.069343,0.045665,0.021977,0.041864,0.039924,0.025983,-0.01425,-0.012559,-0.0012073,0.047572,0.006209,0.047803,0.036809,-0.045592,0.028862,0.038258,0.077337,0.076832,0.015153,0.0094629,0.0050664,-0.0093879,-0.01115,0.0015665,0.018385,0.025812,0.046165,0.065385,-0.01011,0.080569,0.029503,0.067361
0.03736,0.05662,0.001404,-0.03848,0.0044111,-0.0038866,0.02435,0.035716,0.0031661,0.0049205,-0.037943,-0.038396,0.024286,0.11454,0.00016862,0.016445,0.04886,-0.014945,-0.015371,0.047645,0.012659,0.007939,-0.0083629,0.053391,0.040433,0.021331,0.047035,0.069403,0.043393,0.045184,0.036451,0.035001,0.020852,0.050756,-0.0049144,0.033966,-0.019251,0.012883,0.054995,0.0347,-0.055068,0.0081775,0.08845,0.091314,0.036052,0.0038169,0.0070182,0.061166,-0.082835,0.0088795,0.016653,-0.016761,0.054231,0.027967,0.079562,-0.045023,-0.020542,-0.0020939,-0.055826,0.018766,-0.017756,-0.015047,0.043352,0.04697,8.0348e-05,0.070166,0.0077108,0.10876,0.0035274,0.092755,-0.00078674,0.0082402,0.040445,-0.0065131,0.02229,0.012237,0.024665,0.064968,0.0093781,0.024345,-0.050201,-0.001887,-0.047832,0.021901,0.040412,0.04303,-0.0043543,0.032325,0.074952,-0.033887,-0.023757,0.045434,0.092089,0.023326,0.072893,0.075703,-0.024332,0.042021,-0.0057013,-0.016058
0.002583,0.0036557,0.0044025,0.0477,0.020066,0.051889,0.0050856,0.014917,0.089413,0.010346,-0.01639,-0.028981,0.069839,-0.0046238,0.061065,-0.03587,-0.019012,-0.036208,0.076258,0.038658,0.062959,-0.03726,0.0767,-0.014622,-0.066142,0.079567,-0.022906,0.020226,0.0025276,0.0091398,0.053725,0.0045115,0.064346,0.0008431,0.047177,0.019091,0.018466,-0.03486,-0.032469,0.020036,0.027875,0.031472,-0.023733,-0.0027595,-0.010895,0.115,0.06366,0.0091731,0.036871,-0.0056147,-0.031113,0.029296,-0.018596,-0.021207,0.065362,-0.053336,-0.012792,0.016665,0.046112,0.0041486,0.024651,0.021183,0.0484,-0.0059049,-6.0745e-05,0.017618,-0.053094,0.031883,-0.0068037,0.0071327,0.016896,0.01957,0.070942,-0.026373,0.096158,0.032288,0.020772,0.062385,0.073612,-0.018961,-0.070101,-0.02521,0.032261,0.0096957,0.0026306,-0.0074488,0.051937,0.068024,-0.05088,-0.0073536,0.014482,-0.027441,0.027712,-0.015699,-0.028378,0.084518,-0.017528,0.013565,-0.06439,0.054125
-0.052044,-0.0047792,-0.023432,-0.047488,0.019053,0.0043173,-0.02823,-0.041937,-0.03563,0.026117,0.059993,0.020772,-0.0080601,0.087127,0.047533,-0.0193,-0.0098065,-0.041848,0.014222,0.015298,0.12272,0.090182,0.0020588,0.021418,-0.027288,0.053922,0.019982,0.0056237,0.0064363,0.058173,0.0039403,-0.014555,-0.03847,-0.028422,0.041077,0.039407,0.047723,0.0093408,-0.01407,-0.016218,0.017245,-0.086711,-0.039905,0.031848,0.078713,-0.061044,0.0045357,0.050076,0.074658,0.038763,-0.00070588,0.015448,0.02428,0.046666,0.086297,0.041783,0.068571,0.10234,-0.012334,-0.025572,0.02577,0.055231,-0.014591,-0.01039,0.022645,0.0052045,0.041293,0.052275,0.077147,-0.0076645,0.020582,0.049289,0.0072809,0.092888,-0.016711,-0.024767,0.028605,0.020084,-0.01286,0.035493,0.047223,-0.018643,0.080227,-0.071901,0.018425,-0.02796,0.11995,0.024921,0.067068,0.032335,0.020442,-0.010163,0.024861,0.019385,0.016219,-0.016514,0.055454,-0.00095239,0.0079069,0.0047424
0.0054147,0.07129,0.0075914,-0.026936,0.0070054,0.0029982,0.0085029,0.042595,0.045036,0.05177,0.06609,0.074896,0.040481,0.022426,-0.051064,-0.0082184,0.016594,-0.029139,0.074637,0.0042121,-0.034615,-0.018103,0.026757,0.022263,0.072025,-0.031387,0.020338,0.050636,0.034986,-0.0073051,-0.051038,-0.026523,-0.036058,-0.022295,-0.0022062,0.00075203,0.05115,-0.011559,0.037955,-0.0034159,-0.043099,0.011734,0.063552,0.03102,0.046254,-0.059377,0.030056,-0.038521,0.013419,0.054099,0.049774,0.064649,0.0028682,0.051458,-0.0096866,-0.033462,0.05007,-0.0043631,0.039833,0.071949,0.058923,0.11481,0.034166,0.079874,0.10462,-0.020279,0.095024,0.011466,0.060996,0.040855,0.043287,-0.0077879,0.081797,0.09202,0.0012163,0.023778,0.048187,0.062929,-0.00018729,-0.027943,0.011684,0.089445,-0.0078201,0.025088,-0.021576,0.019949,0.027049,-0.0033187,-0.014657,-0.0049076,0.09019,0.03611,-0.040839,-0.019979,0.080899,0.048419,0.092496,-0.0014407,0.10851,0.033107
-0.037078,-0.015489,0.018197,-0.042817,0.0076117,0.018151,0.035669,0.06833,-0.0026562,-0.010762,-0.013633,0.060992,0.12471,-0.015049,-0.00032384,0.052403,0.013117,0.065434,0.054508,0.048839,-0.0081314,0.015598,0.028231,0.017269,0.08744,0.037032,-0.020069,-0.067869,-0.0040651,-0.00088121,0.050835,-0.0022272,-0.033838,-0.0052924,0.018541,0.035478,-0.019948,0.00013059,-0.021552,-0.01681,0.023345,-0.0046402,-0.018852,0.028176,-0.00234,0.04395,0.10778,-0.029127,0.04942,0.053634,-0.048209,0.048317,0.052056,-0.054819,0.04084,0.064035,0.024516,0.030289,-0.023431,0.031744,0.0034007,0.035403,0.05093,0.077022,0.041989,-0.02007,0.077555,0.010833,0.046674,-0.048694,-0.0083758,0.04652,0.0050332,-0.008651,0.016879,-0.024561,0.075265,-0.017379,0.029173,-0.057437,0.063195,0.034875,0.036665,0.045545,-0.020191,-0.046575,0.064598,0.011938,0.076411,-0.003221,0.028487,0.072365,0.1032,-0.046172,0.012833,0.11631,0.012218,0.093885,0.076667,-0.013705
-0.0082806,0.038396,0.0059255,-0.029225,-0.022631,-0.069115,0.028226,-0.029569,-0.032968,0.012414,0.024777,-0.0076274,-0.0031609,0.013305,0.073534,0.03322,0.064807,0.048878,0.023373,-0.022593,0.01651,0.036129,0.06934,0.05586,0.032385,-0.006641,0.068472,0.1236,0.093489,0.098093,-0.022879,-0.0023784,-0.016133,-0.0016308,0.039311,0.0091851,0.00031182,-0.001916,0.076098,-0.020813,0.078099,0.018746,-0.033032,0.025015,0.084131,0.0029498,-0.02623,0.05532,-0.013151,0.04481,-0.021624,0.074858,0.0015574,0.0050962,-0.012432,0.04266,0.010389,0.031914,0.0058535,0.017557,-0.029861,0.07432,0.046999,0.010116,0.043504,-0.0018705,0.085472,0.031063,0.071193,0.026496,-0.015784,0.05836,-0.0093581,0.020935,0.012873,-0.0013814,0.027971,0.080145,0.0032772,-0.024805,0.059947,-0.061001,-0.012078,0.035011,0.087458,-0.0054292,-0.027806,-0.0021628,0.0063485,0.040251,-0.070364,0.044989,0.0039135,0.087371,0.057007,-0.021949,0.01446,-0.071202,0.0071664,0.037723
0.033922,-0.022349,0.00011072,-0.014068,0.0026734,-0.0042118,-0.034321,0.0033758,0.01577,-0.018364,0.081718,-0.06027,0.015719,-0.0094923,-0.013778,0.064934,0.01609,-0.036096,0.063065,0.053521,0.077971,0.0082586,0.027334,-0.028853,0.023577,0.072188,0.05365,0.043672,0.020176,0.018912,-0.06955,0.036856,-0.013311,0.037591,0.023531,0.078023,0.093629,0.0098204,-0.019439,0.033348,0.036451,-0.012371,0.025682,0.085315,0.036207,0.070952,-0.037921,-0.0050198,-0.016714,-0.025329,0.069527,0.11524,-0.015869,-0.048196,-0.089526,0.045743,0.019845,0.03005,-0.057095,0.042446,0.047127,0.032891,-0.025393,0.054158,-0.02657,0.002851,0.023719,-0.01174,0.07998,0.042941,0.0085027,0.040187,0.070755,0.055861,0.058071,-0.034445,0.0050442,-0.00091763,0.060709,0.052547,-0.012156,0.0089089,-0.0046885,-0.033636,0.025685,-0.034564,0.041743,-0.013957,0.049357,-0.019109,-0.013698,0.046971,0.0028012,0.033467,0.11093,0.034424,0.043237,0.0081377,0.042319,0.017402
-0.045665,0.0072201,-0.032175,0.068071,0.041891,-0.032498,-0.0039865,-0.014249,0.052458,-0.062469,-0.058848,0.013071,0.076672,0.0037998,0.038754,0.023932,-0.023925,0.073148,0.069845,0.021033,0.027656,0.042553,0.01947,0.03015,0.031273,0.0091371,-0.0035992,-0.033669,0.04019,-0.021665,0.034109,0.028387,0.022161,0.052698,0.010999,0.05942,0.051574,0.037767,-0.01793,0.0141,0.055817,0.032503,0.027872,-0.067661,0.098425,-0.025031,0.041881,0.053375,0.083606,0.075767,-0.020342,0.030885,-0.00074113,0.0045487,-0.050816,0.0067437,-0.016242,0.029152,0.028916,0.0072404,-0.018129,-0.026781,0.15802,0.021035,-0.0258,-0.018222,-0.030137,-0.0029714,-0.013993,0.027029,-0.007995,-0.023094,0.0089438,0.047325,-0.011468,0.01143,-0.024375,0.016752,0.033294,-0.031622,-0.024983,0.041081,-0.032078,0.065458,-0.040516,-0.013468,0.044478,0.022985,0.10744,0.025288,0.019546,0.029095,0.06553,0.010514,0.12665,0.021098,0.061757,-0.031214,0.0095695,0.04909
0.027039,0.0077317,0.032121,-0.01555,0.021136,0.015515,0.011384,-0.0071945,-0.005968,0.048203,0.0016777,-0.013713,-0.011805,0.056939,0.0096903,0.072767,0.026176,0.045977,0.010051,0.020916,0.011024,0.004087,0.025386,-0.0028329,0.01593,0.050432,-0.03266,0.006047,0.066035,-0.036229,0.025601,0.0076123,0.086477,-0.02304,-0.015087,-0.0035503,0.089091,-0.06022,0.021581,0.012201,-0.033727,0.071006,0.01771,-0.0087547,0.015321,0.026918,0.010715,-0.02763,0.10636,-0.037636,0.074651,0.017526,-0.01606,0.086252,0.0065277,0.0034687,0.0057029,-0.033069,0.0011595,-0.02334,0.018865,0.041566,-0.017414,0.029175,0.074419,0.060995,0.014476,-0.040669,0.012094,0.044031,0.027664,0.11281,0.033526,-0.029574,0.016526,-0.024132,0.054448,-0.010934,0.024059,0.032094,0.055709,-0.029006,0.038112,-0.053337,0.090703,0.093666,0.0055485,0.1188,0.0059254,0.012387,0.04934,0.023227,0.086227,-0.00061406,0.079799,0.027515,0.059506,-0.012447,-0.017918,0.0093083
0.0028822,-0.01094,-0.010799,-0.00036685,-0.010718,0.05507,0.040249,0.062977,0.083304,-0.019073,-0.022824,0.0063036,0.044549,-0.015469,0.036587,0.046523,0.080224,0.022726,0.012369,0.069618,0.022252,0.036746,0.06025,0.0087605,-0.012375,0.016216,0.078911,0.030624,0.041034,0.061942,0.056201,0.078499,-0.022053,0.036832,0.060927,0.066863,0.052155,-0.026993,0.048543,0.051113,0.012896,0.0069026,0.02185,0.05404,0.10768,-0.036118,0.049618,-5.0843e-05,-0.015639,0.021294,0.029861,0.030251,0.054544,-3.0432e-05,0.018903,0.037172,-0.009061,0.048059,0.013882,0.093601,0.022419,0.02092,0.061086,0.079248,0.0093801,0.017923,-0.013863,0.041376,0.010809,-0.0077012,-0.05621,0.043469,-0.026977,0.023651,-0.010943,0.067363,0.063607,0.008084,0.033559,-0.025881,0.064648,0.082445,0.0041188,0.12771,0.0059645,0.0052647,-0.025069,0.019262,0.027374,0.016635,0.00786,0.041748,0.0089913,0.0088718,0.082006,0.0026868,0.018691,-0.029653,0.0028498,0.056849
-0.012128,0.00010027,0.040158,-0.039089,0.095253,0.019537,-0.0038947,0.0071447,0.034778,0.040874,0.012066,-0.018051,0.048566,0.099176,0.050253,-0.019822,0.025569,0.035883,-0.060435,0.01863,0.01103,0.019743,0.07525,0.05209,-0.033301,-0.0074665,0.087051,-0.0074803,0.12274,0.073516,0.050317,0.015849,-0.03088,0.067597,0.051239,0.053423,0.062835,0.0059874,0.017643,0.03642,0.10114,-0.037806,0.078519,-0.014931,0.064928,0.018448,0.0076763,-0.019449,0.013959,0.0050719,0.034458,-0.071442,-0.010989,0.048893,0.094286,0.072111,0.010307,0.059465,-0.027503,-0.02225,-0.043212,0.00089009,0.0097726,-0.028794,0.045768,-0.0098303,-0.045502,0.0012613,-0.035142,-0.04186,-0.0062121,0.030612,0.01126,0.045106,0.02679,-0.078982,0.0054935,0.0069803,-0.022469,0.021669,0.031547,-0.028933,0.041111,-0.028964,0.022411,0.029658,0.028095,0.035444,-0.006715,0.0082882,-0.018692,0.0093316,0.065402,0.038302,0.0031002,0.063671,0.034073,0.009788,0.077516,0.028894
-0.0054693,0.043749,0.026118,-0.0016347,0.081912,-0.0012284,0.036934,-0.022097,-0.022562,0.066928,0.032691,-0.03778,-0.057277,-0.028211,0.054351,0.007411,0.071789,0.068099,0.091495,0.051155,0.02069,0.032107,0.0080293,0.038466,0.02367,0.043261,0.079201,0.01987,-0.029678,0.052778,-0.005218,-0.026412,0.082644,0.0019032,-0.0026282,0.042904,-0.030121,0.019517,0.035861,-0.016636,0.045331,0.049672,0.065614,0.0038557,0.075196,0.010883,0.054063,-0.027828,0.019974,0.013011,0.0059263,0.0087179,0.038248,-0.025103,0.014903,0.058369,-0.0021811,0.0079811,0.026275,-0.020245,0.025838,-0.021553,0.025562,-0.034282,0.034606,0.075341,0.058349,0.047651,0.05621,0.0018437,-0.0059338,0.016778,0.001955,0.015164,0.036287,-0.078612,0.028952,0.067975,0.049816,0.1212,0.01006,0.066886,-0.018064,-0.01782,0.024237,0.054972,-0.039728,0.0070113,0.0089331,0.030361,0.034518,-0.073483,0.022851,0.046757,-0.039118,-0.050341,0.047638,0.0048952,0.036572,0.049709
-0.028369,-0.0096906,0.028144,0.039174,-0.010038,-0.0097329,0.085678,0.032414,0.061339,0.0057629,0.0047872,-0.013773,0.041666,-0.00204,0.04108,0.13209,0.0092702,0.0016505,0.03069,0.063783,-0.046032,0.029953,0.035369,0.0050459,-0.0096315,0.023409,0.010348,0.0094552,0.077022,0.068602,0.010103,0.031138,0.029722,0.0064456,0.025867,0.046743,0.034627,0.033862,-0.022019,0.076021,0.068151,-0.0018584,0.072738,0.015689,-0.023084,-0.0079433,0.031604,0.043481,-0.019467,-0.048675,0.023538,0.047856,0.064822,-0.060557,0.017942,0.069149,0.062073,0.012097,0.068107,0.02852,0.0078359,0.086779,0.053795,0.052456,0.036971,0.10258,0.0061041,0.03948,0.0088316,0.0055985,0.002582,-0.0028421,0.073515,0.088196,-0.016547,0.037295,0.1017,0.042791,-0.0072549,0.056655,0.056487,0.027109,0.00016636,-0.0037662,-0.010238,0.055918,0.0065016,0.012292,0.098501,0.053347,0.016374,0.044909,0.046272,-0.032292,0.016027,0.065537,-0.015324,0.010526,0.043642,0.021895
0.031484,0.0012178,0.038147,-0.0050914,-0.026858,-0.024787,-0.00034435,-0.013876,-0.023723,0.021841,-0.044001,0.011007,0.057239,0.13227,0.051068,-0.032646,0.010501,0.036669,0.0051922,0.014933,0.021185,0.0028096,-0.0075943,-0.0098014,0.056482,0.022519,0.021892,-0.012918,0.015135,0.04805,0.024184,0.019634,0.0087447,0.056826,0.055775,0.039014,-0.048877,0.043436,-0.022495,-0.042334,0.073291,0.098259,-0.015969,0.044262,0.0090205,0.025374,0.046133,-0.049619,-0.032387,0.031557,-0.015939,0.044381,0.044703,-0.0047606,0.053031,-0.0053823,0.043581,0.049456,0.020671,0.047618,0.032075,0.01995,0.011256,-0.010672,0.073346,-0.0087339,0.0076605,0.09434,0.055399,0.058811,0.058425,0.016959,0.026111,0.096664,0.053599,-0.017012,-0.007471,0.044045,0.08105,0.011649,0.0017506,0.061343,0.053137,0.069015,0.051195,0.04668,-0.0089629,0.0090103,0.01115,-0.04843,-0.031476,0.013893,0.0038961,0.057985,-0.030849,0.09714,0.029865,0.029672,0.089124,0.042468
0.048878,-0.069187,0.029074,-0.0089877,-0.029771,0.013139,-0.026002,-0.0024335,0.08459,0.04481,-0.041687,-4.6422e-05,0.056574,-0.0059174,0.043385,0.02316,0.051221,-0.042807,0.02901,0.089957,0.040977,0.0065503,0.064496,-0.067114,-0.005045,-0.003166,0.046545,-0.00051856,0.034813,0.0082174,0.048507,-0.0027129,0.0017032,-0.0065341,-0.020203,0.035254,0.014977,0.11002,-0.013948,0.006074,0.0018204,0.065373,0.006735,0.062733,-0.040738,0.028461,-0.0098359,0.029913,-0.037826,0.01777,-0.0183,-0.0098718,0.0042074,-0.0007928,-0.027211,0.0095226,0.05879,-0.050217,0.010297,0.05256,-0.015617,-0.021024,0.074162,0.011489,-0.0099551,0.057723,-0.0089365,0.029412,0.087903,-0.074949,0.057826,0.021655,0.030313,0.12311,0.046727,-0.07629,0.074485,0.065575,0.035819,0.040888,0.024633,-0.027089,0.086317,-0.00097198,0.055264,0.019127,-0.032686,-0.028571,-0.011808,-0.050252,0.044812,0.044142,-0.027959,0.033292,-0.018357,-0.024465,-0.061121,0.078677,-0.012629,0.0022226
-0.0018543,0.043877,0.068666,0.046811,-0.0059332,0.036774,0.047144,0.017105,-0.0046597,0.020085,0.029476,-0.036619,0.07604,-0.026952,-0.017709,-0.052492,0.084347,0.0010713,0.022003,-0.015071,-0.016599,0.0062705,-0.041967,0.04846,0.041074,-0.010113,0.098757,0.035305,0.040614,0.060066,0.021023,0.075959,0.01362,0.026734,0.04665,0.034697,0.013156,-0.015428,0.00012663,0.053368,0.012995,0.0075477,-0.010897,0.043894,0.0056834,-0.0013648,-0.03261,0.018559,0.015594,0.044897,-0.014565,0.015454,-0.056781,0.022115,0.065232,0.020231,0.045564,0.026893,-0.019801,0.081083,0.07786,-0.049009,0.00048979,-0.01956,0.079287,0.048954,0.081631,-0.039887,-0.007491,0.078441,-0.059529,0.058573,0.026,0.011621,0.049185,0.07382,-0.0095384,0.020842,0.065569,0.017462,0.0081559,0.050737,0.035733,-0.032339,-0.0012483,0.0079165,0.047026,-0.011582,0.029255,0.076454,-0.057857,-0.054357,0.073342,-0.039855,-0.029712,0.049031,-0.051859,0.045534,0.029286,0.12364
0.012154,0.11667,0.032332,0.029662,0.047329,0.042229,0.0018533,0.028631,-0.0080845,-0.032074,0.022216,0.038219,0.061945,0.062046,-0.039879,0.019834,0.037027,0.031508,0.023606,0.0060622,-0.05519,-0.047334,0.027271,-0.018816,0.008015,-0.0071535,0.011229,0.052518,0.10502,0.049824,0.016599,-0.0089506,0.028116,0.058236,0.027193,0.021245,-0.035099,-0.013078,0.060428,0.11693,0.03754,0.085907,-0.024752,0.04017,0.05488,0.021754,0.040069,-0.0032574,0.044993,0.096262,-0.013779,0.057596,-0.0057003,-0.0097068,0.032508,0.020888,0.091794,-0.0096879,-0.060627,0.058604,0.032173,-0.010917,0.051603,0.026216,-0.038648,0.032098,0.021069,-0.036495,0.060388,0.031904,0.041419,0.0092592,-0.033352,-0.013431,0.0098452,-0.023039,0.031591,0.038326,-0.0045579,-0.021189,0.020816,0.030549,-0.035136,0.045555,0.011938,0.015136,-0.044135,0.082408,0.1166,0.031701,0.050312,0.030318,-0.011494,0.011077,0.04359,0.037087,0.018424,-0.057504,-0.015035,0.075329
-0.0052182,0.020457,-0.023772,-0.0015481,0.047363,0.05188,0.053027,0.054846,-0.011762,-0.0093735,0.021164,0.013949,0.016878,0.0099339,0.094758,0.029503,0.060352,0.006593,0.012729,-0.021109,0.082352,0.072942,0.031657,-0.013529,0.032064,0.060711,0.017501,0.019775,0.012085,0.083476,-0.018132,0.010525,-0.010942,0.088256,0.02422,0.032406,-0.011879,0.012719,0.039604,0.070711,0.018804,0.051848,0.024712,-0.036953,0.039571,0.058573,0.012386,0.084867,0.022494,0.066324,0.041027,0.05021,-0.012092,0.031893,0.055272,0.02252,-0.041391,-0.021571,0.043944,0.042531,0.041499,0.05832,-0.074539,0.022639,0.001977,-0.057497,0.047537,-0.029344,0.037675,0.024814,0.049823,-0.031106,0.01239,0.034412,0.015946,0.048744,0.018456,0.082835,-0.050594,0.086413,-0.050813,0.032363,-0.059065,-0.030093,0.058143,0.028003,-0.036897,0.015875,-0.035414,0.011302,0.053719,0.022051,0.029014,-0.018013,0.068685,0.03968,0.012079,0.0087023,0.049423,-0.031213
0.046971,0.033965,-0.030898,-0.012746,0.080953,-0.017493,0.030632,0.034306,0.057584,-0.002801,0.018421,0.0037143,0.0073812,0.031241,0.021176,0.028932,0.027694,0.047785,0.022781,0.065075,0.11341,0.0016651,0.003679,0.091503,0.057989,-0.043864,0.098073,0.040746,0.021125,0.02453,0.041437,-0.013858,0.017104,0.050258,-0.038385,0.029009,0.0030817,0.060093,-0.021958,0.0011488,-0.042463,0.042789,-0.074356,-0.0050906,0.0059703,-0.025743,0.034945,0.12673,-0.0018847,0.040459,0.027982,-0.0098959,0.042941,0.01644,0.063282,0.019147,-0.0013935,0.017122,0.041682,0.0023299,0.080061,-0.014156,0.03231,-0.012206,0.0055371,0.036615,0.030009,-0.052605,0.03966,0.068796,-0.017689,0.052501,-0.013233,0.010914,0.00028543,0.023565,0.080935,-0.023551,-0.02532,0.0050662,-0.066932,0.010161,0.0070381,0.058666,0.024875,-0.020692,0.042745,-0.0082565,-0.043946,0.015218,0.037961,0.047582,-0.019532,0.083134,0.087454,-0.066447,-0.014636,0.03265,-0.021621,0.0022134
-0.077896,-0.05208,7.6986e-05,0.032556,0.023321,0.017779,0.039182,0.0694,0.028148,-0.023078,0.015202,0.043463,0.027186,-0.03092,-0.023448,-0.02131,-0.0044894,0.080906,0.0058756,0.024869,0.11881,0.056682,0.042539,0.030963,0.016169,0.066448,0.077546,0.040883,0.012384,0.043286,-0.026494,-0.050397,-0.023304,-0.017063,-0.023313,-0.014952,0.057247,0.013072,0.0093046,0.027085,0.056611,0.021648,-0.0049332,0.07292,-0.066252,-0.0078464,0.0054031,0.018552,0.040732,0.033059,-0.014289,0.00095009,0.02308,0.037126,0.056332,0.0083094,0.014798,0.0014911,-0.028382,-0.040967,-0.0077205,0.0078832,-0.0064227,0.0033831,0.028394,0.015051,0.077571,0.037448,0.044718,0.083746,0.07193,0.020158,0.028598,-0.078357,0.075609,0.015617,0.032029,-0.036005,-0.041204,-0.012203,0.083353,0.040086,-0.05049,-0.044556,0.05288,0.029592,-0.03657,0.0082329,0.022129,0.027639,-0.03435,0.028741,0.049468,0.078301,0.00964,-0.0083232,0.0070888,0.047703,-0.033803,0.036057
-0.0036615,0.0032734,-0.013144,-0.04237,-0.014673,0.030776,0.013693,0.030382,0.067835,0.085896,0.039643,0.009535,0.026198,0.016012,0.0076274,-0.0027347,0.070989,0.051206,0.026701,0.037533,-0.025302,0.10041,0.0036557,0.01663,0.039941,0.072769,-0.013089,-0.057598,-0.018093,0.0085841,-0.065488,-0.0095362,0.0024862,-0.0014103,0.025245,0.11793,-0.021223,-0.015592,-0.0051422,0.0051935,-0.0083385,0.041056,0.04828,0.022564,0.00582,-0.039713,0.08154,0.030814,-0.0070358,0.071482,0.066148,-0.037481,0.045853,0.064121,-0.022005,-0.010176,-0.0090231,0.055199,0.011424,0.058196,0.010337,0.073649,0.017621,0.024977,0.035246,0.026374,0.0061871,0.07718,0.05372,0.038751,-0.032307,0.068841,0.041736,0.0062585,0.052814,0.031763,0.00029681,-0.0004355,0.021696,0.014394,-0.0021455,0.040378,0.036324,0.046264,-0.0043924,0.010674,0.025088,0.0061024,0.0089308,0.0088163,-0.037145,0.063047,0.012072,0.053443,0.0018194,0.0024388,0.027136,0.095526,0.055514,0.057389
0.027304,0.069539,0.016204,0.050317,0.011015,0.037987,0.0084358,-0.031433,-0.0073321,-0.055593,0.02731,0.0040239,0.0074566,0.066381,-0.0080843,-0.043396,0.01055,0.02325,0.033096,0.07075,-2.2765e-05,-0.073925,-0.021666,0.023223,0.0099666,0.10869,0.053289,0.044082,-0.0044389,0.033439,0.030742,-0.077288,-0.054264,-0.041322,0.037863,-0.0049916,0.093455,-0.0095102,0.0072892,0.012581,0.023095,-0.030974,-0.036313,-0.034296,0.042119,0.020435,0.11737,0.010551,-0.017962,-0.016161,-0.050278,-0.042272,0.01199,0.040784,-0.016341,0.015536,0.023181,-0.0040555,-0.082399,-0.058817,-0.022358,-0.0076918,-0.028973,0.0037612,0.0090423,0.036006,0.056145,-0.00059215,-0.0343,-0.030713,-0.0011579,0.014255,0.027816,0.047026,0.01997,-0.028787,0.023458,0.021455,0.077709,0.035982,0.05374,0.010266,0.044692,0.034598,0.037978,0.018105,0.018183,0.014074,0.034142,0.083748,-0.0020391,0.020769,0.040413,0.0016829,0.031318,0.0038147,0.036045,0.0533,0.018268,-0.01959
0.014544,0.0068496,0.052968,-0.0023222,0.027825,0.078333,-0.035395,0.0080629,0.06132,0.016456,0.00010875,0.038451,-0.013696,0.049175,0.00099482,0.038292,0.061678,0.045213,-0.0069714,0.050645,0.09901,-0.011395,0.056801,-0.013758,0.066809,0.075642,0.077302,-0.0384,0.036559,0.030921,-0.040436,0.010554,0.038375,0.040623,0.028089,0.041998,0.036662,0.031094,-0.0078733,0.021015,-0.018441,0.063093,-0.00032585,0.041147,0.024606,0.057183,0.02505,0.038714,0.073056,-0.042024,0.028175,-0.010315,0.064905,0.10747,-0.06057,0.019507,0.040814,0.029082,0.011578,-0.012967,-0.020208,-0.037401,0.078233,-0.022203,0.02343,0.023179,0.08687,0.0041271,-0.010229,0.0045644,0.065644,0.01912,0.00050835,-0.0039936,0.010556,0.081604,-0.00060244,-0.011265,-0.038505,0.046672,0.024041,-0.051773,0.040129,0.060639,0.0062143,0.0060492,0.0078636,0.040103,-0.014869,0.027744,0.042733,0.0065833,-0.014464,0.005346,-0.01111,0.049464,-0.084757,-0.0073382,-0.051543,0.0019817
0.018141,-0.025188,-0.025387,0.0049439,0.0039235,0.041334,0.0019464,-0.023635,0.085465,-0.028523,0.055147,0.053523,-0.029557,0.028195,-0.024665,-0.028571,0.042647,0.030477,0.082212,0.0030176,-0.006782,0.027303,0.029725,0.037478,-0.02081,0.029313,0.047124,-0.0012071,0.017001,0.02098,-0.0034758,0.10307,0.0049412,0.17214,-0.055831,0.016317,0.039673,-0.0088172,0.034895,0.058431,0.063394,0.014603,0.0035631,-0.057285,0.05365,0.017733,-0.013578,0.040352,0.023483,-0.05624,0.03481,0.0031796,0.14267,-0.0041454,-0.0075806,-0.030185,-0.0026874,0.022177,0.030682,-0.0019785,-0.062155,0.034471,0.0262,0.061059,0.01927,0.081405,-0.028247,0.032952,-0.051088,0.058959,0.073951,0.050501,0.010395,-0.0027561,-0.016841,0.025545,0.020305,0.041549,-0.020918,0.01785,0.021926,0.028264,0.15315,0.01088,0.0090363,0.047385,-0.050854,-0.0019935,-0.024108,0.015586,0.094356,0.067091,0.045024,0.039819,0.047154,0.017206,-0.016153,-0.017577,0.03435,-0.072009
0.017475,0.072105,0.026349,0.025345,0.042785,0.053014,0.025036,-0.019608,0.083916,-0.0022859,0.013636,0.0045528,0.031246,0.031537,0.025422,0.070234,-0.0042339,0.052874,0.0099998,0.012573,0.025758,-0.026982,0.039922,0.0214,-0.029322,0.041962,0.025401,-0.02175,0.02601,0.031787,0.0278,0.060939,0.013379,0.031175,0.09231,0.025078,0.053047,0.038923,0.017832,-0.041759,0.029857,0.037731,0.11677,-0.010636,-0.017687,0.090522,-0.026077,0.036511,0.078703,0.0079637,0.043756,0.025528,0.052389,0.012461,-0.012617,-0.04128,0.011293,0.026273,0.019119,-0.013024,-0.010534,0.060392,0.045066,-0.025043,0.016523,0.0044907,0.047599,-0.0081672,0.0035789,0.0070319,0.065612,0.025372,0.02727,0.077821,-0.016492,-0.014071,0.02817,0.0059845,-0.018767,0.0073388,0.031757,-0.027527,-0.0073452,0.011126,0.0085357,0.015734,0.041554,0.068177,0.042448,0.03,0.044507,0.088856,0.023786,-0.073943,0.049876,0.033754,-0.024302,-0.025635,-0.065825,-0.013478
0.045033,0.024123,0.026229,0.073747,0.044941,0.041734,0.045329,0.047016,0.056472,0.054112,-0.0015807,0.067279,-0.025006,0.042495,0.049017,-0.013528,-0.017323,0.039964,0.036627,0.021948,0.030471,-0.048701,0.011269,0.055386,-0.05935,0.017704,0.0055022,0.082748,0.035779,0.049457,0.014965,0.04524,0.076156,0.038095,0.00040463,-0.057285,0.049849,-0.074498,0.051335,-0.013459,-0.031864,0.073046,-0.0101,-0.004194,0.053031,0.034625,0.015274,0.06477,-0.0070217,-0.012906,0.034069,-0.014343,0.046436,0.048181,-0.043291,0.051873,-0.030741,0.022844,0.033832,0.022431,-0.016849,-0.035202,0.083705,0.035826,0.022136,-0.025577,0.0030675,0.024853,0.03224,-0.032963,-0.041476,-0.075355,0.056376,-0.023011,-0.063944,-0.033782,-0.027052,0.096848,0.007305,0.010137,0.015648,0.049617,0.021253,0.047449,-0.044241,-0.038562,0.016576,-0.029416,0.054247,0.091518,0.045944,0.052652,0.033537,0.032143,0.11187,-0.0018978,0.014829,0.036124,0.0040478,-0.022015
-0.033769,0.0023716,-0.021855,-0.01335,0.023704,0.047358,0.074846,0.048902,0.074585,0.030299,0.024812,0.012388,0.043599,0.033253,0.1526,0.041863,0.0498,0.026451,0.013982,0.057713,-0.017742,0.071012,-0.028703,-0.014706,0.046146,0.010303,0.0093348,-0.0033719,0.013852,0.0035719,0.011392,0.0032373,-0.0064365,0.0037326,0.026573,0.041893,0.098454,-0.017689,0.016186,0.01965,0.042813,-0.0019568,-0.016652,0.079875,0.090239,0.061458,0.095462,-0.0025161,0.014229,0.041327,-0.018753,-0.047695,-0.017253,0.011146,-0.045563,0.042108,0.035073,0.018206,0.037302,-0.038494,-0.033963,-0.027423,-0.069281,0.092209,0.042022,0.035597,0.086539,0.061641,0.021973,0.0023385,0.0066365,0.010392,0.013076,-0.011255,0.0027094,0.060629,0.085833,0.032574,0.015758,0.069347,-0.0062631,0.076321,-0.053646,-0.015646,0.007329,0.086225,0.0035739,-0.047074,0.0077495,-0.012334,-0.037879,0.026041,-0.019797,0.073713,0.087081,0.012582,0.049901,-0.0071183,-0.021879,0.060673
0.011929,-0.025924,0.0030616,0.047998,-0.035763,0.0095085,-0.023614,-0.02078,0.054287,0.059134,0.029942,0.072332,0.01994,0.084262,0.018035,-0.00016637,0.012922,0.014432,0.026532,-0.017809,0.043046,-0.03055,0.047254,0.036381,0.045382,0.10725,0.10513,0.0357,0.023196,0.035384,0.095116,0.027172,0.053755,-0.0090925,0.049652,0.026387,0.051612,-0.03962,0.092993,0.039737,0.10808,0.011517,0.028486,0.10853,-0.033235,-0.011945,0.057439,0.026012,0.05846,0.013967,0.029634,0.034649,-0.032844,0.0038205,-0.034526,0.005596,0.00092327,0.087521,0.014389,-0.045194,0.036482,0.049536,0.034997,-0.026509,0.055909,0.030978,0.028149,-0.026204,0.02657,0.00060002,-0.037467,-0.023613,0.030626,0.059753,0.013493,0.044496,0.027471,0.0032553,0.096643,0.10544,0.036488,-0.0050537,0.0086094,0.078955,0.02842,0.046022,-0.022604,0.074019,0.0088017,0.047602,-0.003476,0.0060108,0.07038,0.022053,0.056474,0.066158,0.021629,-0.028455,0.032371,0.023525
0.0044597,-0.00059236,0.04444,0.074509,0.020692,-0.026878,0.043218,-0.012305,0.092442,0.060514,0.022962,-0.00052977,0.069861,-0.04225,0.0005247,-0.0082112,-0.0067604,-0.013522,0.038541,0.0255,-0.060405,0.011336,-0.037307,-0.072813,-0.015476,0.027806,0.050064,-0.0044346,-0.010124,-0.00057559,-0.063482,-0.09786,-0.033263,0.035592,0.033222,-0.0017655,0.084508,-0.011165,0.020313,0.048521,0.049743,0.10626,-0.048511,0.0033966,-0.044826,-4.2011e-05,-0.018049,0.054515,0.018866,0.018171,-0.021117,0.028502,0.056979,0.072894,0.04652,-0.077141,0.038065,0.03613,-0.035403,0.012591,0.04126,0.049193,0.015947,-0.025792,0.042726,0.084812,0.09313,0.058199,0.10219,-0.0079279,0.044107,0.02887,-0.021443,0.018266,0.040233,0.0016495,-0.0076603,0.034456,0.017868,0.02209,-0.021082,0.066912,0.032405,0.031332,0.0071604,-0.012196,-0.02267,-0.017675,0.025656,0.014571,0.079503,0.023252,0.022157,0.070625,-0.0024087,0.017143,0.093114,0.044296,0.035711,0.0943
0.085724,0.040477,0.010336,-0.046117,-0.024396,-0.049581,-0.0098605,0.0031352,0.010919,-0.022467,-0.021897,0.016835,0.052153,-0.0097063,0.076418,0.033272,0.069065,0.04427,-0.0069043,-0.014221,0.029607,0.049803,0.036227,0.10664,0.074653,0.010542,0.064362,-0.025898,0.028146,0.012974,0.074184,0.010587,0.051353,0.064271,0.0082031,0.035397,0.043227,0.045338,0.0063423,0.036375,-0.017971,0.070957,0.059099,0.057792,0.037083,-0.027173,0.11834,0.052307,0.013231,0.00010089,0.014238,0.019576,-0.015716,-0.023198,0.020933,0.029514,0.088258,0.014178,0.0014836,-0.001214,0.058959,0.010221,-0.06847,-0.025563,0.057332,0.056183,-0.0080056,-0.01259,0.069329,0.010412,0.028779,0.097556,0.081934,0.0018407,0.033831,-0.0060985,0.024763,0.039011,0.051746,-0.040437,-0.045781,0.010853,0.012363,0.06062,0.066745,-0.062493,0.031475,0.046267,0.0030241,-0.025001,0.044997,0.059799,0.058709,0.0018121,0.036052,0.01959,0.054106,0.021892,-0.053679,0.079054
-0.055912,0.079476,0.030767,-0.00052968,-0.0073502,-0.055729,0.032595,-0.067884,-0.043676,0.01088,-0.02047,-0.050428,0.017837,0.046867,0.0058732,0.11735,0.0021907,-0.05445,0.010099,0.052525,0.083517,-0.012564,0.0039227,-0.039755,0.063614,0.028239,0.092936,0.0058745,0.013584,0.026683,0.065978,-0.032775,0.085188,0.050333,0.01575,-0.0035727,0.028842,0.049037,-0.0071509,0.073869,0.0014582,0.084569,0.0040537,0.027091,0.015137,-0.039972,0.051191,-0.0030247,0.14071,0.0066332,-0.0015561,-0.015173,0.021224,0.0023481,-0.046247,0.018908,-0.0044819,0.046721,0.084816,-0.0055665,0.0013947,0.0089221,-0.016319,-0.016524,0.020129,0.049332,-0.041573,0.052209,0.019351,-0.0073713,0.036571,0.026694,-0.0025952,0.041092,0.052231,0.059311,0.015176,0.030434,0.018389,0.012898,0.02818,-0.0082791,0.045964,0.055379,0.0082441,0.014239,0.011171,0.036398,0.075281,0.083944,-0.062044,0.011682,0.026226,0.048386,0.042807,-0.020214,-0.016726,0.05266,0.036553,0.0074254
-0.056936,-0.018318,-0.013148,0.026935,-0.021354,0.049297,-0.02066,-0.0064877,0.02857,0.055879,0.029676,0.013677,0.031706,0.0052929,0.089206,-0.027147,0.016984,-0.0019563,-0.01007,0.059577,0.066048,-0.014462,0.0010137,0.0076515,0.0063146,-0.0061393,-0.0095509,0.050789,0.0010711,0.057167,0.035999,0.017804,0.010647,0.023677,0.10044,0.011982,0.052711,0.015623,-0.014531,-0.03299,-0.03086,0.040524,0.049727,0.0050437,-0.044659,-0.02416,0.018578,0.076253,0.060444,0.020875,0.035741,0.034831,-0.0050181,0.037053,-0.0040244,-0.0067685,-0.029748,0.13688,0.039874,0.030413,-0.016184,0.063831,0.068138,0.087025,0.02681,0.0037169,0.02819,-0.029736,0.058261,0.050312,0.14029,0.045707,0.016691,0.067675,0.049634,0.046148,-0.056182,0.061166,0.070139,-0.038771,0.0043096,0.035093,0.1066,0.037339,0.014975,0.028134,-0.0080505,0.044912,0.091144,-0.04868,0.020067,0.024117,0.040632,0.080436,0.0077382,0.054274,-0.024742,0.07954,0.057054,-0.004597
0.054929,-0.033788,0.020776,0.077239,0.01047,0.064771,-0.0083866,-0.028448,0.020724,0.056469,0.060694,-0.023578,-0.031648,0.0053934,0.016009,0.032958,0.048188,-0.031275,0.05911,0.0057935,0.0096734,-0.021857,-0.015013,0.017882,-0.014435,0.045716,-0.0016862,0.019253,0.030441,0.013548,0.075907,-0.019802,-0.096459,0.079616,0.033356,0.020572,0.047114,0.013874,0.088954,-0.018787,0.014213,0.046023,0.03272,0.016779,0.087953,0.073617,0.06504,0.044409,-0.043301,-0.0097167,0.026892,0.01587,-0.016531,0.014275,0.051631,-0.0065227,0.023578,-0.010848,0.02312,0.059003,0.07488,-0.010926,0.001782,0.025515,0.022077,0.025963,0.066869,0.055026,0.036953,0.045053,0.022122,0.00031974,-0.017979,0.084814,0.023295,0.017529,0.050876,-0.024386,-0.048385,0.096243,0.021847,0.030374,0.055539,-0.036233,0.090305,0.061632,0.035351,0.031472,0.0038609,0.0078297,-0.00011056,-0.020082,0.049514,0.0079852,0.004018,0.019274,0.020586,0.039339,0.022377,-0.0037888
-0.023692,0.0096531,0.027644,-0.10063,0.071949,0.049481,0.10299,0.029581,0.028182,-0.026774,0.010204,0.083468,-0.018432,0.0015303,0.0036798,-0.0016595,-0.02635,-0.018568,0.019098,-0.053847,0.046514,-0.035241,0.067826,0.0016414,-0.00018394,0.028409,0.031427,0.027766,0.030818,0.065927,0.020516,0.064929,-0.013357,0.019077,0.0099248,0.046642,-0.011015,0.018801,-0.0021118,0.0007015,-0.020558,0.070791,0.0067388,0.019958,0.044025,0.028938,0.036253,0.083861,-0.0086545,0.034952,0.070121,0.016068,-0.068169,0.017912,0.020641,0.0032968,0.071191,-0.042992,0.052739,0.029716,-0.0037148,0.0041853,0.10546,0.021023,0.11954,0.028465,-0.036768,0.048674,0.019476,0.039396,0.021928,0.12098,0.020881,0.072808,-0.0098446,0.06895,0.034984,-0.0059524,0.032364,0.031086,0.0052522,0.042947,-0.069883,-0.026954,0.034495,0.054037,-0.0034919,0.0088661,0.070005,0.032888,0.044517,-0.050407,0.0043176,0.022957,-0.0019289,0.069083,-0.01802,0.046806,0.052337,0.015718
0.061082,0.041528,-0.028302,-0.045231,0.046277,0.013318,-0.067462,0.046083,0.069681,0.045094,0.027059,0.077246,0.12434,0.026922,-0.0039172,-0.026881,-0.0037146,0.041319,0.070867,0.046091,-0.01199,0.0018918,-0.0020869,-0.032189,0.00018449,0.033977,0.068394,0.035369,0.030355,0.021776,-0.0017561,-0.083453,0.13201,-0.047762,0.066774,-0.020177,0.017607,0.052317,0.0020825,-0.034566,0.022936,-0.0097132,0.021187,-0.036341,0.020593,0.013706,0.013097,0.0038629,-0.021074,0.025623,0.050345,0.08685,0.020973,-0.037706,-0.021547,-0.010745,0.071985,-0.042601,0.088625,0.0045448,0.053943,-0.040101,-0.023074,0.0013246,-0.068695,0.045137,0.050201,-0.023299,0.017624,0.038919,-0.0075286,0.040778,0.022006,0.00924,0.086129,0.045305,0.077585,0.038847,0.042855,0.054192,0.041597,0.01277,-0.030938,-0.056747,0.022961,-0.0044489,0.027084,0.046606,0.029958,0.026729,0.044677,0.0093245,0.00019151,-0.0034992,0.029684,0.052312,0.011133,0.026841,0.021466,0.10725
-0.019155,0.069142,0.0097199,-0.051578,-0.0093442,-0.0016392,0.010542,0.022352,-0.023509,0.027044,0.0053007,0.11023,-0.061032,-0.036894,0.031345,0.01028,0.044286,-0.018894,0.0074987,-0.018686,0.070628,0.044241,0.023876,0.018864,-0.019153,0.030068,-0.0055016,0.013669,-0.00068835,-0.044014,0.057363,0.027702,0.071737,0.0084753,0.019604,0.030283,0.077264,0.068757,0.0016817,0.077418,0.03781,-0.021969,0.030651,-0.0053418,0.036389,-0.038365,0.043576,-0.025463,0.084319,0.036155,0.049156,-0.0067236,0.059294,0.0015801,0.072379,0.012654,0.047685,0.011951,-0.0067397,0.05793,0.072101,-0.053815,0.05154,0.041197,0.058017,0.021709,-0.01326,-0.053504,0.062431,-0.0048173,0.032555,0.033332,0.016469,0.014885,-0.022348,-0.028553,0.016196,-0.0059742,0.015511,0.078302,0.035001,0.038349,0.029719,-0.03328,0.01702,0.018484,0.060077,0.091095,0.028969,-0.0042498,0.070074,0.026009,0.043679,0.072069,0.03212,-0.0053122,-0.0055116,0.037336,-0.064007,0.0067024
0.031602,0.068013,-0.019654,0.0044778,0.049781,0.031923,0.072621,-0.049737,-0.02558,0.021764,0.045199,-0.052157,0.047193,-0.012367,-0.0083132,0.082573,0.045514,0.08654,0.040237,0.059628,0.017146,0.031865,-0.083342,0.068944,-0.011464,0.068747,0.011582,-0.021672,0.092547,0.036225,0.011644,0.0019966,-0.037186,0.10216,0.025908,0.00045224,0.0026512,0.012884,0.012441,-0.047278,-0.021488,0.029182,0.048869,0.086184,0.06296,0.058718,0.0042813,-0.0028376,-0.0098788,0.071595,0.065391,-0.053214,0.074511,0.015674,0.10165,0.0016555,-0.012584,0.028901,0.014726,-0.010653,0.053799,0.070577,-0.0055075,-0.0083278,0.030967,0.030013,0.052044,-0.022225,0.075706,-0.0079547,0.062652,0.063913,0.04298,0.067186,-0.014023,0.085672,0.06292,-0.017537,0.062494,0.079491,0.014353,-0.006656,-0.021298,-0.0044753,0.072723,0.017886,0.0003165,0.031387,0.067164,0.0067121,0.0045287,-0.025181,0.055947,0.077877,0.025382,-0.017888,-0.050445,-0.021007,-0.0075948,0.011087
0.01994,0.016869,0.0046335,0.031278,-0.0080073,0.016951,0.049328,0.040996,-0.016373,-0.024409,-0.018406,0.035489,0.030084,0.031598,0.090439,-0.024148,-0.0070393,-0.0013025,0.0065775,0.071324,-0.031292,-0.0012193,0.10284,0.043539,0.026083,0.06634,-0.052863,0.040335,0.010853,0.091741,-0.0098848,0.014447,0.0029241,0.078698,0.023454,0.03374,0.09352,-0.027897,0.023875,0.0010434,0.030093,0.07537,-0.028628,0.029375,0.024468,0.117,0.032719,0.028948,0.0087994,-0.0056422,0.026793,0.027327,0.036497,0.07458,0.015305,0.02503,0.039738,0.031886,-0.018316,0.078387,0.014361,0.0089312,0.035971,0.040497,-0.0039359,-0.00044065,0.032814,-0.035985,0.016065,0.088542,0.010675,0.063422,0.03527,0.03807,-0.016855,0.039474,0.090536,0.065024,0.041211,0.008774,0.090748,0.018759,0.04254,-0.009826,9.1856e-05,0.059337,0.0084241,0.051067,-0.019083,0.00042528,-0.018166,-0.058768,0.013747,0.039606,0.0015645,0.062255,0.1064,0.016765,0.042007,0.022326
-0.051457,-0.097029,0.049899,-0.021612,-0.02155,-0.069129,0.046422,-0.0074652,-0.0075005,-0.052682,0.057894,-0.017464,-0.0075429,0.05951,-0.0025151,-0.011089,-0.032762,0.0034929,0.023926,0.00066476,-0.001376,-0.035178,-0.018683,0.024392,-0.071589,0.052481,0.10753,-0.03314,0.058116,0.0138,0.050047,0.057359,0.032475,-0.0353,0.075781,0.042669,0.10307,0.030939,0.0072251,-0.011954,-0.044231,-0.0026856,-0.0046761,0.064047,-0.0073545,0.092843,-0.0080936,0.025834,-0.0031755,0.093911,0.017567,0.027265,-0.004857,0.034219,0.055668,-0.011919,0.12335,0.084469,0.034746,-0.016401,0.096452,-0.0062866,-0.023737,-0.013066,0.036669,-0.003157,-0.065738,-0.047217,0.011807,0.043368,0.058704,0.091702,0.10015,0.037985,-0.031158,0.075101,-0.00016908,0.011408,0.010245,-0.010738,0.067795,-0.0029187,-0.0069586,-0.027101,0.0045776,0.1055,0.059423,0.072425,0.031055,0.0061425,0.0060335,0.00066067,0.0040377,0.025902,-0.031135,-0.013055,0.044168,-0.024656,0.024627,0.030224
-0.0091936,0.036584,-0.027125,0.02672,0.096439,-0.064559,-0.034647,0.018295,0.055961,0.031038,-0.0041231,-0.0055959,-0.029086,0.074764,-0.0027323,0.06182,-0.0068211,-0.020828,0.020085,0.019201,-0.011088,0.024403,0.061626,0.017211,0.030177,0.027486,-0.015734,0.023553,0.044442,-0.006593,0.096959,-0.00642,0.052274,0.005015,-0.034696,0.064141,-0.028309,0.058211,-0.0029158,-0.012945,0.017519,0.015326,0.001884,0.10837,0.055318,0.016921,-0.012993,0.057284,-0.028653,0.043489,0.018097,0.076982,0.065649,0.019336,0.11114,0.043945,0.032914,0.13985,-0.041843,-0.029277,0.033754,-0.0025347,0.048326,0.016358,-0.066409,0.059509,0.029069,0.080214,0.026549,0.1168,-0.015351,0.017102,0.075454,0.037711,0.0090307,0.070654,0.094511,0.086117,0.081554,-0.03719,0.0088367,0.084923,-0.08779,-0.0097118,-0.014579,0.034415,-0.0062555,0.019516,-0.010486,0.032888,-0.031545,0.0036723,-0.033708,0.089469,0.01577,0.033579,0.046431,-0.045381,0.051297,0.0061257
0.045245,0.052772,-0.012686,0.01455,-0.026922,-0.0043224,0.06356,-0.024843,0.030577,-0.0095861,-0.041575,-0.053948,0.0025736,0.01274,-0.01119,0.025394,0.035368,-0.01482,0.0012677,0.0096432,0.054803,0.11995,0.052807,0.058621,0.068383,-0.032748,-0.0069416,0.018777,-0.034446,0.025586,-0.029772,0.033637,0.048789,0.035496,0.023459,0.080402,-0.0316,0.068365,0.020486,0.0073506,0.018082,0.010012,-0.043469,0.031473,-0.030351,0.022153,0.0088782,-0.045129,-0.00409,-0.032422,0.067487,0.073461,0.014968,0.0028922,-0.0070754,-0.016785,0.067785,0.062672,0.045569,-0.057652,-0.043287,0.081001,-0.001684,0.0099708,0.021402,0.041456,-0.032477,0.13727,0.014142,0.0078206,0.097628,-0.019053,0.049908,0.057998,0.00053263,0.015849,-0.054954,0.03038,0.070284,0.01909,0.035816,0.092515,0.03539,-0.031806,0.050284,0.04642,0.0061798,0.072456,0.0042624,0.10586,0.028685,0.02275,-0.00084724,0.052302,-0.0088941,0.022283,0.021614,0.013698,-0.011046,-0.0021325
0.055487,-0.011216,-0.010095,-0.00055276,-0.043527,0.060914,-0.009356,0.019335,0.059024,0.0095674,0.017605,-0.011918,0.0024976,0.045205,0.013224,0.085293,0.010559,-0.025268,-0.0020384,0.021401,0.080292,0.030075,-0.016187,0.034351,-0.026699,0.0048778,-0.0082494,0.046768,0.040629,0.05363,0.0029624,0.14097,0.035033,0.046832,-0.018844,-0.014254,0.022595,-0.043362,-0.046839,-0.014798,-0.013357,0.0099441,-0.028098,-0.047863,0.029137,0.053265,0.013208,0.029103,-0.019111,-0.020496,0.049437,0.060546,0.058585,0.0040896,-0.02241,0.056911,0.014319,0.05387,0.054443,0.025662,0.04364,0.052358,-0.012317,0.049627,-0.014369,0.023934,-0.044674,0.045389,-0.060273,0.044485,0.042275,0.0095491,0.0045647,0.0068356,0.028954,0.0048238,0.064232,0.047157,0.01404,-0.056807,0.025284,0.020819,0.02585,0.026212,-0.019932,0.021552,-0.025739,0.054156,0.053781,0.0033827,0.035667,-0.0071198,-0.033964,-0.039119,0.029594,0.048861,0.0062177,0.06692,-0.016793,0.031647
0.019989,0.0025702,-0.023298,0.038511,0.047879,0.053794,0.097644,0.036617,0.0058312,-0.032462,-0.0027175,-0.033544,0.039288,0.041287,0.044026,0.06442,0.048353,0.05651,-0.063243,0.056105,-0.034032,0.038459,-0.0071409,0.041665,0.023589,-0.033742,0.001319,0.014715,0.0050637,-0.028089,0.015593,0.031518,0.040276,-0.021811,0.0054339,0.052775,0.02013,0.0039833,-0.033734,0.035925,0.079345,0.042644,0.029143,-0.034248,0.069083,0.010392,0.049563,0.020653,0.01396,-0.03971,-0.0076808,-0.053228,0.0796,-0.017411,-0.022607,-0.008343,0.016633,-0.0084416,0.06575,0.013463,0.015118,-0.03234,0.013176,0.024734,0.045559,0.013826,0.11509,-0.053682,0.011202,0.051784,0.0045572,0.038694,0.05287,0.072089,0.045892,0.014067,0.021527,-0.0017885,0.052559,0.039129,0.044938,0.095057,0.10617,0.048735,0.052246,-0.027558,-0.0062676,0.12552,0.064669,0.031348,0.01302,0.024511,0.053678,0.047495,0.013682,-0.038765,-0.014141,-0.022254,0.045416,0.019299
-0.012683,0.026319,0.020751,-0.036573,0.039117,0.069086,0.05861,0.0027648,0.00066462,-0.061033,0.00029112,0.08299,-0.028946,0.02532,0.017203,-0.024203,-0.0041158,0.040235,0.0078247,0.026594,0.050639,0.071426,0.048248,0.047513,0.010966,0.036959,0.04187,0.023612,0.018167,-0.029956,0.040797,0.018059,0.065011,0.061856,0.12938,0.027886,0.062966,0.021942,0.055082,-0.021743,0.00048969,-0.017114,-0.02588,0.073231,-0.034427,0.030089,0.053513,0.041279,0.035898,0.029166,0.055216,-0.052362,0.0033893,0.044121,0.037157,0.0035025,0.032224,0.038945,0.056018,-0.026402,0.043164,0.034635,-0.020834,-0.062943,-0.01635,0.03763,-0.042705,-0.0048586,0.06802,-0.0058191,0.077458,0.051698,0.0079964,0.024392,-0.026598,0.055788,-0.0057965,0.016986,0.054377,0.06201,-0.007055,0.01852,0.0047941,-0.025122,0.04694,0.023031,0.039852,0.062325,0.033652,-0.013013,0.015966,0.010218,-0.040908,0.0036559,0.050154,0.11458,0.0039885,0.017382,0.045521,-0.024887
-0.010447,-0.0054369,0.047156,-0.020828,0.016115,-0.0025274,-0.075998,-0.013689,-0.01434,0.027067,0.041745,0.0069038,0.054258,0.053087,0.061803,0.059598,0.051795,0.055771,0.047309,0.024805,-0.0096802,0.039072,0.047313,-0.0058585,0.074297,0.073201,-0.038152,0.052136,0.027424,-0.039845,0.019063,0.016841,-0.017444,0.068275,-0.058056,0.012462,0.004204,0.058626,0.055876,0.031727,0.054284,0.018635,0.024918,0.0052601,0.04758,0.059337,0.078092,-0.015287,0.061793,-0.047056,0.014803,0.073099,0.010192,0.014978,-0.034046,-0.049008,0.082419,0.064416,-0.020165,-0.024655,-0.038039,0.050878,-0.05489,-0.049339,-0.028477,0.038042,0.03186,-0.035058,0.0034947,-0.0013994,0.076151,0.02637,0.021738,0.038905,0.042852,0.076524,0.020595,-0.006051,-0.020973,0.026996,-0.01221,0.050312,0.053321,0.038424,0.051148,0.00089936,0.08067,0.040521,0.059024,0.055186,0.044115,0.047021,0.085308,0.056376,0.058529,0.030004,-0.058606,0.034969,0.027871,0.070824
0.0052423,-0.061217,0.074551,0.060092,-0.02436,-0.052909,-0.044774,0.053326,-0.0022786,0.057844,0.010298,0.061516,-0.014705,0.024384,0.029279,0.018084,-0.020057,0.028507,0.0077477,0.013926,0.044006,0.048786,0.057689,0.053472,-0.0074498,0.12106,-0.065966,0.033173,0.044743,-0.011958,0.061298,0.034198,0.018293,-0.022783,-0.010638,-0.0010753,-0.028036,-0.03545,-0.024604,0.010035,0.078187,0.073987,0.050931,-0.024918,-0.023679,0.060399,0.031287,0.061726,0.087477,0.069458,0.10378,0.019165,0.00064755,-0.01751,0.079156,0.012708,-0.021391,0.099796,0.0073394,0.057971,0.0039332,0.0046333,-0.01264,0.030965,-0.054985,0.0018624,0.018474,0.032395,0.039069,-0.039576,0.13416,0.011336,0.048861,-0.012305,0.077347,0.053273,0.021748,0.085012,0.0065227,0.10831,0.062153,0.094507,0.054949,0.01598,-0.025986,0.044874,0.027967,0.023517,0.026937,0.042991,-0.058995,0.079925,0.064989,0.079932,0.0368,0.013452,0.0074613,0.0056473,0.015823,-0.013459
0.011875,0.011755,-0.023913,0.029974,-0.023095,-0.055829,-0.029031,0.026841,0.037985,0.018316,0.0081077,0.053464,-0.056283,-0.053672,-0.005529,-0.04041,0.075884,0.028502,-0.015284,0.032166,0.0042201,0.0097689,0.035246,0.021841,0.018669,0.027247,0.025123,0.012517,-0.039493,-0.030112,-0.02373,0.057955,0.080335,-0.046973,0.034003,-0.011134,0.058631,0.019555,-0.011742,-0.041558,-0.017658,-0.0032999,-0.023569,0.043368,0.053639,-0.036431,0.049655,0.050496,0.040734,-0.046659,0.084231,0.055314,-0.0029173,0.06475,0.028403,0.080504,0.080193,0.061087,0.036776,0.058293,0.053387,0.056829,0.033974,0.025488,0.0094386,0.028322,0.02131,-0.05719,0.040183,-0.041053,0.040927,-0.0056393,-0.039066,0.04171,-0.0021306,0.07127,-0.010273,0.11701,-0.02459,0.077247,0.053419,0.0087289,0.042441,0.034791,-0.018467,0.082702,-0.0077481,0.030553,0.081237,0.044616,0.025484,-0.049334,-0.0045737,-0.017363,-0.041796,0.071763,0.043183,0.05683,0.03048,0.030817
0.028562,0.044711,0.021173,0.025159,-0.039313,0.0035636,-0.035846,0.0074524,0.0014374,-0.0025019,0.0075368,0.070575,0.049014,-0.0024484,0.018294,0.018775,0.054652,0.054025,0.045661,0.096629,-0.0018673,0.026747,-0.026854,-0.044835,0.017782,0.055457,0.03205,0.0063821,0.013324,-0.0059406,0.039598,0.023402,0.0082461,0.10174,-0.0027008,-0.041043,0.041915,0.029532,-0.031092,0.022157,-0.016574,0.015737,0.025671,-0.00025657,0.019787,0.0062254,-0.02424,0.069323,-0.049208,0.0015087,0.018037,-0.0032683,0.029322,-0.051006,-0.0071145,-0.010579,0.014617,0.064997,0.049334,0.064243,0.036014,0.020146,-0.011284,0.048817,-0.019808,0.01867,0.052411,-0.0034027,0.010634,0.080093,0.01321,0.021838,0.01064,0.019381,-0.048005,0.083856,-0.05049,0.012894,-0.014152,0.061576,0.010001,0.065774,0.071812,0.047057,0.034229,0.029283,0.0013563,-0.010189,-0.013943,0.011308,0.038625,0.047154,-0.028315,-0.069489,0.03567,0.042138,0.03174,0.038416,0.021734,0.080651
0.030434,0.020909,0.03188,-0.035393,0.044532,-0.030238,-0.04635,0.0079485,-0.029194,0.06325,0.084176,-0.0069891,0.10038,0.083858,0.039083,0.019668,0.036298,-0.041405,0.083545,0.1694,-0.0035219,0.027677,0.030778,0.014367,0.040077,-0.015313,-0.0060508,-0.013423,-0.0055172,0.041313,0.031137,0.0084834,0.045262,-0.027825,0.060616,0.0084972,0.132,0.030421,0.047696,0.042339,-0.013495,-0.01458,0.022994,0.014143,0.029414,0.083576,-0.036007,0.066526,0.017281,0.02971,-0.014483,0.015696,0.033706,0.028496,0.032085,0.020176,0.0011678,0.083907,0.025716,0.016188,-0.013855,0.034353,0.0031449,0.021174,0.036951,-0.0037104,-0.0085403,0.031925,-0.023282,0.042888,-0.041017,-0.01096,0.048077,-0.049403,0.029727,0.050093,0.14761,0.013605,0.04882,0.030976,0.0074777,0.078264,-0.066905,0.0026898,0.021518,-0.023417,-0.010502,-0.040233,0.0062633,0.073797,-0.043021,0.09735,0.019777,0.0092257,0.013231,0.037664,-0.023967,0.021183,0.03041,-0.024867
0.02816,0.032886,0.024198,-0.010568,-0.020856,0.021074,0.010128,0.022233,0.073051,0.087113,0.0031064,0.068055,0.027931,-0.043019,0.0019362,0.037223,0.065236,-0.024184,0.00063622,0.044281,0.01266,0.032716,0.094368,0.021412,-0.02897,-0.021533,-0.012977,0.017449,0.035882,0.022086,0.04643,-0.026578,0.032343,0.026087,0.021891,0.0006655,-0.046276,0.05478,0.029299,0.021725,0.03829,-0.00035582,0.027859,0.042857,0.13824,0.0074867,-0.014539,0.037242,0.036987,-0.0038476,0.0044773,-0.010299,0.046174,0.093381,0.0063655,0.095145,0.035001,-0.029972,0.026886,0.037462,0.015271,0.054632,0.012137,0.049072,0.046256,-0.047617,-0.0024461,0.037444,0.068096,-0.0031702,0.044729,0.022783,-0.032223,-0.022534,0.017568,0.085047,0.012519,0.047739,0.0046909,0.070866,0.060028,0.064954,0.023102,0.0069252,0.040603,-0.053687,-0.021917,0.019518,-0.010607,0.013188,0.084667,-0.021753,0.034079,-0.030294,0.057151,0.013635,0.025096,0.037842,-0.0031662,-0.030959
0.040776,-0.0050948,0.075349,-0.0075711,0.1369,0.083231,0.11699,0.037193,-0.015542,-0.043939,-0.030643,0.078742,0.065261,0.075526,0.1172,-0.035957,0.034372,-0.026844,0.021457,0.036974,-0.016249,0.018642,-0.0083413,0.04614,0.014475,0.024757,0.11684,0.021544,0.008364,-0.011486,-0.015236,0.098809,0.029184,0.025475,0.12286,0.017797,-0.0051484,0.018615,0.030822,0.050753,0.020625,-0.027173,0.026677,0.048188,-0.051038,0.099304,0.055385,0.045761,0.011276,0.025955,0.05001,0.069535,0.014188,-0.0028604,-0.0028989,0.013741,-0.005044,0.019552,0.059238,0.050013,0.0091224,-0.055266,0.082165,0.02032,-0.020727,0.049298,-0.026319,-0.031679,0.058469,0.0030563,0.036024,0.059116,0.096171,0.016497,0.039981,0.034381,0.031926,0.044241,0.075583,0.027917,0.034678,0.045466,0.0052818,0.042796,0.0075153,0.027714,0.0032438,-0.011591,0.032492,0.029666,-0.037299,0.020688,0.010109,0.050809,0.0047909,0.077805,-0.011395,-0.012045,0.0047658,0.053171
-0.033355,0.010716,-0.050613,0.029778,-0.0049421,-0.039477,0.028737,0.017286,0.051199,-0.0066138,0.049384,0.011236,-0.013001,0.019345,0.063678,0.04705,0.018255,0.041773,0.021572,0.018854,0.037402,0.023102,-0.015894,-0.053859,-0.016338,0.060434,0.015297,0.038828,0.074491,0.024082,-0.020029,0.06838,0.028897,0.059564,0.033072,0.012116,-0.0048234,-0.04424,0.0054207,-0.028734,-0.029333,0.092579,0.024512,0.018807,0.027572,0.097843,0.045958,0.020869,-0.0081119,-0.023306,0.0095838,0.016238,-0.0034056,0.10155,-0.019171,0.045105,0.050549,-0.007859,0.05448,0.0027891,0.10367,0.049761,-0.014493,0.044564,0.0028829,0.10959,-0.026285,0.058209,-0.0033855,0.04162,0.062124,-0.048578,0.047162,0.04813,-0.0029068,0.0019491,0.023587,0.054154,0.024426,-0.038227,0.0176,0.058911,0.015712,0.058347,0.028082,0.027226,0.057599,0.083673,-0.041295,-0.0055036,-0.030757,0.014701,0.020799,0.051563,-0.0090857,0.060294,0.033712,-0.025918,0.0040361,-3.3614e-05
0.033841,-0.0032513,0.023479,0.047893,-0.032411,-0.031397,0.017273,-0.053739,0.00025002,0.010004,-0.059025,0.027111,0.059461,0.040062,-0.060776,0.039347,-0.0071689,0.04545,-0.0063881,-0.022995,0.011952,0.056673,-0.01566,-0.021493,-0.012926,0.02464,0.036332,0.020128,0.086725,-0.062442,-0.01958,0.065609,0.035668,0.030738,0.02823,0.018834,0.0024351,0.02257,-0.0029215,0.025923,-0.0036077,-0.0017564,0.058273,0.023241,0.067901,-0.039467,0.022507,0.072103,-0.044543,0.010012,0.045421,-0.012988,0.044092,0.028443,-0.034589,0.10711,0.011411,0.0021777,0.0027311,0.080609,-0.0072996,0.041909,-0.03988,0.023579,0.030767,0.0094279,0.035755,-0.039122,0.033057,0.090136,0.080805,-0.016228,-0.045892,-0.0041189,-0.0030801,0.0099101,0.074229,-0.020669,0.07842,0.053754,0.034145,-0.014993,0.046277,0.035819,-0.0062082,-0.048254,0.07146,0.03626,0.0054428,0.056301,0.035758,0.10972,0.031819,-0.036569,-0.019703,-0.014469,-0.018183,-0.005038,0.03152,0.061878
0.045292,0.05002,0.07849,0.0016198,0.036254,-0.024088,0.018683,0.071475,0.042492,-0.040271,-0.010386,-0.0053351,0.061102,0.069411,0.0010345,0.0025404,0.01166,0.071048,0.0074957,0.0051439,-0.015364,-0.010942,0.049246,0.058013,0.021249,0.035912,0.11294,-0.0087566,-0.0036041,-0.005977,0.0017646,0.014052,0.051581,-0.020988,-0.01017,0.043442,-0.052831,0.024131,-0.045003,0.069539,-0.036854,0.1134,0.0329,0.066397,-0.014803,0.046655,0.065959,0.066935,0.018985,-0.049879,0.018751,0.075426,-0.047095,0.029304,0.032832,0.056072,0.037712,0.0084602,0.059351,0.054927,0.0017511,0.0053843,0.095113,0.039249,0.078272,0.011948,-0.0023432,0.03772,-0.050855,-0.026393,0.093068,0.018588,0.075138,0.043959,0.031321,0.088343,0.025675,0.031002,0.018135,-0.0026432,0.069334,0.062033,0.033665,-0.015958,0.020454,0.039844,0.013965,0.065339,0.015965,0.032129,0.093453,-0.015456,-0.0143,0.029298,0.047869,0.035433,0.010234,0.011537,-0.021588,-0.055764
0.013357,0.017664,0.00093658,-0.011412,0.033207,0.030285,0.034403,0.016672,-0.016093,0.02036,0.031876,0.07108,-0.0027507,0.02722,-0.0037122,0.098968,0.0066408,0.018267,0.010114,0.042547,-0.013466,0.040975,0.026034,0.018854,0.040858,0.023549,-0.031639,0.094974,0.0024866,0.048597,0.021214,0.0094462,0.070896,0.040846,-0.016265,0.0037939,0.090727,-0.026607,0.0089684,0.031489,0.011665,0.065119,0.03949,0.060968,0.011313,0.051286,0.027998,0.08404,0.040853,0.029878,0.021928,0.03761,-0.055011,0.012301,0.0020826,0.0040755,-0.00056148,0.0084814,0.0069099,0.10187,-0.0083907,0.035438,0.012922,0.017466,0.011245,0.11129,6.9973e-05,0.0043996,-0.023108,0.069288,0.053512,0.060553,0.025686,0.0010946,0.07303,0.043272,-0.0012973,0.023924,0.046895,0.062899,0.011894,0.046652,-0.011805,0.025679,0.021012,0.027577,0.0079055,0.10256,0.034391,0.047954,0.00093578,0.0019926,0.080141,-0.021511,0.03764,-0.04648,0.042004,0.007566,0.068277,-0.029659
0.021555,-0.02824,0.038438,0.019773,0.027025,0.0089705,-0.043052,-0.042396,0.077608,-0.0086893,0.028477,0.092124,-0.023648,0.048732,0.077458,0.039577,0.064331,-0.042585,0.03253,0.066331,-0.025058,-0.015911,0.064626,-0.012367,-0.0042142,0.009721,-0.039734,0.057837,-0.035042,-0.035589,0.017585,-0.049269,0.048118,0.021981,0.022847,0.0087342,0.042386,0.068352,0.013318,0.0073078,0.0064566,0.047014,0.10728,0.083629,0.0078136,-0.056756,0.022967,0.0035648,0.016871,0.0052749,0.037841,0.063261,0.00855,-0.0033009,-0.01292,0.0062697,0.092755,0.077255,-0.011257,0.018401,0.0011808,-0.021112,-0.025116,-0.070606,0.042594,-0.041586,-0.022359,-0.022382,0.022216,0.02243,-0.021765,-0.011421,0.008292,-0.022032,-0.047127,0.021021,0.015306,0.018002,-0.038666,0.021353,-0.0080064,0.033113,0.020709,0.037088,0.05162,0.069624,0.069575,0.017062,0.054611,0.08731,-0.012795,-0.027923,0.040322,0.052767,-0.037746,0.001223,-0.026247,0.034958,0.068482,0.02874
0.050835,-0.0025722,-0.034839,-0.035416,0.045607,0.088261,-0.054381,-0.0095702,0.082839,-0.069347,-0.033824,0.050615,0.012496,0.022887,0.013527,0.060381,0.012368,0.068124,0.021016,0.065535,-0.0453,0.011998,-0.049654,0.0030722,0.022521,0.081738,0.0081834,0.055623,-0.021731,0.086052,0.050922,0.022298,0.05308,0.031137,0.014246,0.0074471,-0.044923,0.017835,0.014262,0.058422,-0.011169,-0.010548,-0.041149,-0.018382,0.034251,0.010378,0.034491,0.0019955,-0.070739,0.033426,0.081107,-0.0030178,0.0015956,-0.03931,0.029418,0.057147,-0.023321,0.07043,0.01956,0.051638,0.036219,0.04074,0.021414,0.032001,0.068503,0.013262,0.11139,0.043683,0.052779,0.037483,0.080679,0.019819,-0.01379,-0.0083664,0.082352,0.064932,0.037461,0.025762,0.05122,0.0051217,0.022762,-0.037014,0.053264,0.029993,-0.0061728,0.13947,0.041904,0.1038,0.014509,0.06285,0.14312,0.070714,0.018524,0.0062217,-0.015852,0.02345,0.081607,0.0027215,0.044072,0.073323
0.0446,0.011622,0.042476,0.079054,0.092453,-0.034068,-0.024813,0.006268,-0.045446,0.0389,0.00014607,-0.050185,0.14466,-0.028188,-0.035431,0.028786,0.095008,0.025625,-0.030971,-0.016324,0.01559,0.016385,0.034158,0.033719,0.074812,0.062929,0.016282,0.043343,0.11123,0.07895,0.052508,0.066317,0.096859,0.019021,-0.012767,0.054857,0.038548,0.034196,0.023633,-0.0023903,0.06546,0.031182,-0.049653,0.014158,0.015462,-0.050123,-0.0027405,0.068054,-0.0092467,0.092925,0.10845,-0.037753,-0.025338,0.012498,0.018799,0.0015581,0.045191,0.043161,0.10588,-0.016382,-0.011655,0.057488,0.0038233,0.087355,0.040476,-0.015075,-0.037165,-0.015207,0.04932,-0.0027736,-0.04467,0.1049,0.045248,0.071105,0.057934,0.0083979,0.048854,0.011931,-0.0074106,0.028355,0.012155,0.082193,0.058101,-0.031018,0.055127,0.0070555,-0.016684,0.008956,-0.041826,0.032296,0.031579,0.02419,0.019003,0.048226,0.043076,0.01446,0.031997,0.0387,0.037745,0.034405
0.015978,0.0316,-0.0065186,0.027228,0.056901,0.060007,-0.057359,-0.0091928,-0.011219,0.066772,0.027843,-0.01201,0.0075306,0.0080452,0.054944,-0.090354,0.07539,0.013654,0.052368,-0.0073552,0.10078,0.036133,0.031685,0.071019,-0.0021952,0.015249,-0.027761,0.050721,0.077278,0.13021,0.07641,0.037522,-0.006964,-0.0092922,-0.036609,-0.0097521,0.0050482,0.044145,-0.018899,0.086852,0.058524,-0.03127,0.035005,0.02144,-0.0062867,0.011645,-0.012023,0.0066281,-0.054037,-0.0062351,0.024685,-0.02397,0.010774,0.070199,0.014842,0.077484,0.04555,0.083507,0.08931,0.095663,0.071834,-0.034096,0.01422,0.034541,0.059728,0.011442,0.073819,0.025999,0.036717,0.026952,-0.0099701,0.00051016,0.005275,0.048155,0.025984,0.023877,0.021549,0.051365,0.023261,-0.013296,0.047514,0.079436,0.023204,0.010669,0.031579,-0.048167,-0.0084423,0.056921,0.0057317,0.088547,0.085247,0.0010898,0.056312,-0.0010669,-0.017187,0.013122,0.011764,0.055978,-0.0033691,0.02029
0.069099,0.090382,-0.023138,-0.049547,0.087405,0.0060386,0.01816,0.063098,-0.0039385,-0.017324,-0.016205,-0.0097493,0.0033794,0.075613,-0.051025,-0.0070273,0.036525,0.017205,-0.015835,-0.014553,-0.016168,0.028636,0.013407,-0.013537,-0.0074383,-0.0074672,0.03992,0.096258,0.0057315,0.054614,-0.031712,-0.050092,0.035743,0.026054,0.072526,0.088669,0.030391,0.062476,-0.022623,0.0063896,0.0064707,0.030826,0.068734,0.0018224,-0.0606,0.0047341,-0.018965,-0.02018,0.053778,0.12623,0.082053,0.026412,0.021099,-0.02967,-0.0021966,-0.03468,-0.015508,0.04704,0.043712,0.060813,0.0065244,0.047092,0.035683,0.1177,0.018441,0.076619,0.026853,-0.012229,-0.0042803,0.052691,0.036334,0.001059,0.0050551,0.07957,0.010264,0.041794,-0.060496,0.055198,0.085021,0.045496,0.055775,0.070401,0.0060468,0.022358,0.027564,0.053725,0.023108,-0.017739,0.0036192,-0.0072011,0.051331,0.040648,-0.071967,0.014152,0.0053307,-0.038793,-0.011274,0.0092611,-0.0021345,0.066034
-0.040268,0.020413,-0.0098494,-0.023952,-0.001236,0.0015584,0.021675,-0.042025,0.016076,0.019948,0.020259,0.048084,0.01594,0.090957,0.091277,0.027171,0.032931,0.016463,0.039022,0.042985,0.073498,0.036083,-0.016835,-0.0036903,0.017771,0.0020095,0.038508,0.018573,0.061147,0.044153,0.063779,0.019811,0.027092,0.042464,0.080699,0.091442,0.062823,0.071574,0.098809,-0.034632,-0.012849,0.01361,0.081261,0.0070004,0.021681,3.3518e-06,-0.0042679,0.028887,0.10463,0.047573,-0.035966,0.054256,0.037489,0.09243,0.018079,0.023289,0.0073726,0.12053,0.03479,0.032277,-0.0082486,0.059344,-0.0043332,-5.2799e-05,-0.01493,0.025748,0.055492,0.038601,0.056055,-0.016208,0.0070261,0.063946,-0.017495,0.043888,0.028803,0.043253,0.024629,0.062619,0.056386,-0.003704,0.032138,-0.013125,0.036597,-0.011257,0.044173,0.030886,-0.0076707,-0.056058,0.025705,-0.021988,2.2538e-05,-0.012812,0.042852,0.07681,0.033215,0.01356,0.10149,0.094879,0.1,0.0011184
0.051862,-0.019914,0.011347,0.0046662,0.030417,-0.00014748,-0.013335,-0.018942,0.021392,0.012566,-0.026768,0.02202,0.005068,-0.044432,-0.0058619,0.027856,0.014761,0.010949,-0.050822,0.067157,0.083461,-0.025953,-0.045047,0.027319,-0.013702,-0.054607,0.042767,0.020287,0.0449,0.019505,0.038497,0.078969,-0.021293,0.022976,0.039636,0.042888,0.060085,0.10357,0.08116,0.0015768,0.0622,0.042344,0.037795,-0.0052582,-0.025074,-0.04843,0.022682,-0.0039967,0.03545,0.023512,0.032169,0.030222,0.0010991,-0.030931,-0.02327,-0.025924,-0.0086462,-0.093208,0.017089,0.039471,-0.035227,-0.010642,0.066326,-0.033668,-0.031252,0.031371,0.056793,-0.0015788,-0.0013942,0.044818,0.0083197,0.054566,0.027376,0.098799,0.023793,0.077612,0.10073,0.037791,-0.020314,0.11044,0.089144,0.047622,-0.020011,-0.010585,0.0080539,0.028995,0.025638,0.030603,0.034709,0.090025,0.027981,0.0412,0.025292,-0.0014944,0.023714,0.081005,0.063334,0.025817,0.03798,0.043601
0.067531,-0.051187,-0.042961,0.0044304,-0.0077088,0.075702,0.051673,0.083352,0.0093006,-0.028714,0.02824,0.0092835,0.019787,0.048715,0.081809,0.0095607,0.016523,0.11882,0.10494,0.0052975,0.027012,0.039731,0.061982,-0.0045415,-0.035315,0.069998,0.023664,0.028158,0.048344,0.015689,0.075005,0.0056888,-0.0022246,0.14648,0.021932,0.099138,0.043431,-0.0078439,0.026647,-0.0011124,0.023723,0.036878,-0.0094783,0.023607,0.0097786,0.017353,0.021765,0.039049,0.075425,-0.052919,0.027934,0.028004,0.025253,0.022838,0.042739,0.07191,0.035931,0.020355,0.050915,0.059009,0.039245,0.066199,0.032524,-0.022805,0.055975,-0.014449,0.037537,-0.021378,0.089831,0.00013074,0.023988,0.036103,0.046251,-0.0012895,0.028046,-0.033902,-0.016047,-0.015146,0.021235,0.030722,0.046363,-0.0065909,-0.015473,0.047525,0.049708,-0.024687,0.035428,-0.029055,0.058997,0.044642,0.035735,0.085416,0.066144,0.0016345,0.047753,0.0011318,-0.052866,0.0242,0.034775,-0.0025911
-0.056954,-0.050098,0.015017,0.065045,0.056997,-0.011472,0.037473,0.057114,0.046388,0.010824,0.056181,0.10439,0.019847,-0.064477,0.053004,0.0089651,0.050908,0.034246,0.042852,-0.00054194,0.022999,0.041046,-0.012611,0.1465,0.10621,-0.013316,0.066359,0.012569,0.004169,-0.046933,0.053439,-0.011391,0.042694,0.06276,0.049651,-3.0955e-05,0.05128,0.0065872,0.0077562,0.026307,0.041749,0.058159,0.0011608,0.051019,0.019444,0.059859,0.013307,-0.055661,-0.069234,0.049009,0.081277,0.03186,-0.041575,0.075555,0.0012969,0.020939,-0.081861,0.11689,0.056083,0.0049248,0.045344,0.12552,0.05037,0.085448,0.072965,-0.016371,0.0072976,0.017076,0.0042719,0.0090125,0.0016003,0.053953,-0.013535,0.018312,0.052663,-0.026845,0.095813,0.050217,0.032079,0.014438,0.012292,0.034585,0.011524,0.10961,-0.0029153,0.088525,0.026718,0.065821,-0.0093539,-0.0066209,0.042699,-0.062462,0.020834,-0.01204,-0.01505,0.0039067,0.020934,0.03062,0.034416,0.052965
-0.02597,0.02142,0.0050453,0.030971,0.0097578,0.011992,0.019123,0.038146,-0.041624,0.072189,0.059872,-0.052745,-0.032608,0.085209,0.036597,-0.0055714,-0.059694,-0.0020488,0.064546,0.047304,0.043417,-0.02418,-0.0062689,0.017276,-0.014655,0.032829,0.075124,0.073852,0.037674,-0.0029521,-0.0068577,0.095445,0.021222,0.13911,0.025093,-0.049962,0.031238,0.052013,3.654e-05,0.005116,0.022105,0.022139,0.033203,0.043511,0.03428,0.063536,0.035333,0.014697,0.068265,0.043738,-0.017221,0.020336,0.073981,-0.0029837,0.022193,0.018849,0.04793,0.010271,0.049529,0.0081023,0.016566,0.049373,0.042071,0.027503,0.011792,-0.075292,0.028721,0.017168,-0.0053428,0.011966,0.028467,0.033093,-0.0028629,0.0096872,0.023227,-0.00762,0.045239,0.043428,0.054934,-0.0025882,0.015608,-0.024346,0.006542,0.016286,0.061973,0.05883,-0.0019916,-0.033758,-0.016941,0.0085673,0.022838,0.01108,0.048676,0.032775,0.0084931,0.071347,0.11198,0.051973,0.055693,-0.0071167
0.036274,0.033238,0.0086336,-0.071545,0.060091,0.046498,0.051019,0.021505,-0.071402,0.014055,0.02474,-0.058973,0.04735,0.02284,0.062163,0.085392,-0.018992,0.020265,0.085688,0.03104,0.0051906,0.094022,0.0039448,-0.017861,0.064456,0.032246,0.0088764,-0.026668,0.094251,0.017163,0.035011,-0.020414,0.055944,0.045134,0.063083,-0.00056367,0.035041,0.050307,0.056461,0.023851,0.025503,0.011754,0.035722,-0.0024466,-0.028344,-0.031149,0.032408,0.00082483,0.12291,0.0060273,0.050399,0.03835,-0.043847,0.024599,0.056487,0.053645,-0.0011082,0.0014111,-0.0071889,0.042487,0.018685,-0.0017922,0.052598,0.04213,0.077925,0.013898,0.036037,0.033614,0.03684,-0.0048155,0.054217,-0.0016954,0.099622,-0.030083,-0.027689,0.048215,-0.050617,-0.035446,0.047947,0.051034,0.022238,0.0059837,0.016261,0.030742,0.0027562,0.076177,0.027308,0.033725,0.11954,-0.0306,-0.046298,0.038466,0.042524,-0.0050658,-0.028387,-0.039056,0.013805,0.066369,-0.0072422,0.078883
-0.013984,0.0096815,0.052315,-0.0018627,0.065646,0.021209,0.059323,-0.043307,-0.06193,0.012281,0.049749,-0.0028547,0.019064,-0.009225,-0.004011,0.033583,-0.0057406,0.060982,0.0093358,0.023867,0.062984,0.042129,0.026148,0.008929,0.074558,0.0010209,0.0079425,0.13406,0.068173,0.014289,0.052762,0.012548,-0.027185,0.044024,0.039614,0.067785,0.011379,-0.0016105,0.035856,0.089366,0.040097,0.012519,0.07597,0.11556,0.0077747,0.08949,-0.029099,0.026393,0.02899,0.050529,0.064462,0.033589,-0.046077,-0.038456,0.035718,0.0054782,0.059478,0.011135,-0.032475,0.016746,-0.035374,0.027925,-0.056713,0.0092297,0.031117,0.031433,0.076193,0.0083339,0.036857,0.0037166,0.010159,0.011812,0.0011241,0.035814,0.091932,0.0099071,0.028946,-0.017596,0.040904,0.051011,-0.020676,0.017261,-0.0088374,0.018587,0.011654,0.10323,-0.047056,0.020975,-0.021145,-0.0043938,0.004044,0.050898,0.089322,-0.045918,0.0033848,0.049704,-0.031575,0.044782,-0.011234,0.042004
0.018764,0.026583,-0.0054567,0.059182,0.027139,0.067207,0.047861,0.021925,0.039033,0.015369,0.044624,-0.018452,-0.0024078,0.07451,-0.00083969,0.086885,0.11313,-0.036606,0.02832,0.075728,0.020285,0.092889,-0.051107,-0.0047934,0.040171,0.032894,-0.0019546,0.00051454,-0.0073547,0.015026,0.024029,0.049208,0.063089,0.09208,0.017829,0.018557,0.058078,0.010108,0.13041,0.048491,0.040736,0.026237,0.014256,0.028995,0.055684,-0.0054675,0.0054278,0.03069,0.050129,-0.033264,0.038092,-0.039341,0.045247,0.011821,-0.0061456,-0.024943,-0.035786,-0.069161,-0.0050468,-0.031324,-0.015502,-0.0029064,0.086259,0.063803,0.044461,0.07713,0.08383,-0.0066773,0.0067696,-0.0051477,0.063618,0.0064167,0.00050343,0.098277,0.077233,0.044029,-0.028878,0.032605,0.01359,0.0077913,0.021098,0.025607,-0.013986,0.0086563,0.044491,-0.0097608,0.012492,0.038611,0.0019071,0.015578,0.016558,0.099891,0.0079718,0.036304,-0.011564,-0.0055604,-0.008794,-0.011769,0.032373,-0.032931
-0.035491,0.018883,0.049266,0.025834,-0.018647,-0.027541,0.0042014,0.035481,-0.048188,-0.015183,-0.050944,0.031739,-0.020949,0.013287,0.071149,0.029346,0.02151,0.015655,0.04288,0.0080914,0.056567,-0.0080321,0.010924,0.042289,0.0023371,-0.041498,0.0002458,0.0083245,-0.012672,0.082359,-0.026762,0.025919,0.054732,0.029241,0.068122,-0.0074035,0.021075,-0.020345,-0.0023933,0.084986,-0.053689,0.092247,-0.028204,0.038586,-0.038867,0.065594,-0.028363,0.040655,0.067977,0.03237,0.016847,-0.0057312,0.033588,0.011737,0.0018833,-0.039405,-0.00071074,-0.03247,0.010116,0.034812,0.070383,-0.010781,0.070569,0.082869,0.066261,-0.0082347,-0.0047632,0.013266,0.040851,-0.061646,-0.026598,0.020332,0.03043,-0.020143,-0.0016037,-0.023782,0.010301,0.074895,0.0096512,0.068266,0.007202,0.097978,-0.0078047,-0.0014357,-0.03576,0.0059132,0.042373,0.016128,0.0045113,-0.012835,-0.04457,0.093962,0.093208,0.01232,0.048709,0.036447,-0.010291,-0.016743,0.021095,0.045285
-0.0011393,0.013516,0.047364,0.0026223,0.060501,0.0002044,0.011706,0.086501,0.079927,0.057757,0.037169,0.0037681,0.052531,-0.016346,-0.0060162,0.053931,-0.009079,0.051146,0.04496,0.015219,0.016811,-0.034048,-0.060023,0.049778,0.020407,0.052705,0.045011,-0.012194,0.026414,0.055337,0.045139,0.0026409,0.03359,0.037082,-0.054828,0.03028,-0.0061682,0.038186,0.058169,0.088968,-0.030995,0.03882,-0.052916,0.158,0.017826,-0.038657,0.0030536,0.05399,-0.025616,0.040495,0.096054,0.056329,0.020504,0.0313,0.031053,0.036713,-0.049924,0.0085594,0.039917,-0.021187,-0.0046482,0.0084894,-0.012666,0.043717,0.0083603,0.060802,-0.042669,0.035995,-0.001872,-0.012194,0.025262,-0.0021951,0.01604,0.039469,0.061203,-0.012266,0.017571,0.057935,0.06962,0.025184,0.014718,0.088622,-0.0050347,-0.017162,0.073001,0.04353,0.060316,0.049532,0.014444,0.077054,0.011331,0.029746,0.0024486,0.030373,-0.012047,-0.043276,0.061333,0.032293,0.1121,0.070014
0.0097361,-0.014057,0.019828,-0.036182,0.077851,0.021298,0.021165,0.044878,0.020659,0.0057545,0.012537,0.060115,-0.010636,0.026988,0.0080681,0.054433,-0.01135,0.028486,0.01246,0.040798,0.0016294,-0.026521,0.060228,0.032049,-0.0036622,-0.077689,0.089282,0.010334,0.077384,-0.0057475,0.010379,0.037194,0.00719,0.020466,-0.004386,-0.053357,-0.0162,0.02935,0.020101,-0.012199,0.061782,0.032148,0.014174,0.070987,0.052169,0.030945,-0.003737,0.049284,-0.051219,0.0087949,0.026301,0.0035941,-0.015431,0.0144,0.062431,0.0074204,-0.041987,0.013951,0.053586,0.045232,-0.019723,0.050918,0.056339,-0.068186,0.098248,0.034165,0.052478,0.082654,0.079316,0.077437,-0.060519,-0.065851,0.096541,-0.013485,-0.020352,0.028413,0.038172,-0.00048511,0.015817,-0.036368,0.013335,0.0079481,-0.017989,0.0056632,0.086149,0.098568,-0.0058493,0.081597,-0.0050056,0.0019557,0.038949,0.080331,0.020586,0.010769,0.021837,0.02888,0.00047682,0.032923,-0.0064856,0.043043
-0.020219,-0.011378,-0.030038,0.0079045,0.014694,0.025234,0.019854,0.021045,-0.021796,-0.0013088,0.018985,0.031002,0.010518,0.14814,0.013168,0.026543,0.027551,0.017751,0.088214,-0.030735,-0.043598,-0.039153,-0.0078492,0.032732,0.014895,-0.0091207,0.1008,-0.034946,0.012413,-0.0022928,0.026519,0.028173,0.071461,0.04952,0.098044,0.068579,0.045668,-0.078359,0.067954,-0.040408,0.054481,0.066502,0.0015906,0.019463,-0.020265,-0.0078436,0.070598,0.042782,0.055091,-0.053203,0.057863,-0.010944,0.016968,0.046797,0.03932,-0.038078,0.049404,0.021272,-0.0049982,0.081023,0.04466,0.010653,-0.020464,0.021702,0.015664,0.093299,0.046446,0.011809,0.02378,0.080226,0.0093046,0.018049,-0.020628,0.098801,-0.04602,-0.041615,0.056981,-0.006442,0.015381,0.05561,0.053908,0.070234,0.063767,-0.049718,-0.014204,-0.020878,0.021618,0.008433,0.083727,0.12279,0.03643,0.053093,0.026023,0.074694,-0.032466,0.0051558,0.042861,0.0046825,-0.015774,-0.015397
0.0083068,0.060939,0.0060992,0.00064941,0.04048,-0.03639,0.023094,0.063107,0.047359,0.02379,0.022381,0.060734,0.053987,0.051221,-0.0064985,-0.0081814,0.0084534,0.018564,-0.0344,0.023137,-0.062289,0.034252,-0.0077693,0.094633,0.044735,0.040489,0.068659,-0.029012,0.014798,0.031494,0.070197,-0.058868,-0.0072811,0.061769,0.03066,-0.015702,-0.0026753,0.0096998,0.037118,0.0097137,-0.01142,0.041007,-0.020112,-0.034617,0.032963,-0.023487,0.033886,-0.074549,0.031168,-0.010652,0.023101,0.052355,0.038563,0.039692,0.069625,0.057502,0.06502,0.054495,0.051596,0.053032,0.011801,0.018649,0.059947,0.028184,0.069656,0.019465,-0.014937,-0.042372,0.045448,0.025366,0.026115,-0.054845,0.045397,0.068709,-0.0039854,0.015938,0.047311,0.0087774,0.045462,0.063366,-0.015059,0.07632,-0.0083714,0.082139,-0.033603,-0.017204,0.090024,-0.02401,0.020058,0.029634,0.073442,0.042877,-0.018631,0.031476,0.10211,0.035525,0.011842,0.04108,0.017338,0.040199
-0.0017642,-0.065344,-0.046653,-0.0097811,0.11459,0.0096956,-0.052473,0.00028809,0.083919,-0.024597,0.062696,0.0093421,0.019113,-0.026296,0.07947,-0.013871,0.015505,0.06667,0.0073931,0.037983,-0.0045394,0.0048045,0.0074125,0.027719,-0.052267,0.029925,-0.0406,-0.02134,0.019663,-0.063982,0.0017988,0.0013428,0.035387,0.070894,0.049572,0.017823,-0.029038,0.037511,0.039069,0.046769,-0.020844,0.087977,0.02769,0.059468,0.04726,0.058042,0.0043903,0.044679,0.0077473,-0.025048,0.11471,0.046491,0.011763,0.0047454,0.0035384,0.055934,0.025571,-0.0058516,-0.027986,0.0071413,0.057052,0.019425,0.0087744,0.037421,0.092179,0.051803,0.027724,0.036419,0.041488,0.048452,0.059347,0.022911,0.12678,-0.021106,-0.030327,-0.0026801,0.0050265,0.076258,0.12384,-0.040469,-0.039838,0.0016104,0.039326,0.029478,0.061631,0.041909,-0.059326,-0.0048043,0.031986,-0.02628,0.053398,-0.027669,0.045619,-0.069394,-0.0041717,-0.01634,0.029181,0.022652,0.063965,0.014399
0.037187,0.010106,0.00079097,0.0072894,-0.022519,0.063874,0.0051317,0.063495,-0.048769,0.086618,0.058913,0.076451,0.0062842,0.030849,0.024934,0.094481,0.020145,-0.020145,0.050405,0.033214,0.04113,0.032856,0.013489,-0.051147,0.038794,0.076264,0.03137,-0.056211,0.011187,0.034097,0.06696,0.0189,0.043551,0.043499,0.07809,0.061425,0.091396,0.0013229,0.081488,-3.3365e-05,0.014765,-0.012889,0.016894,0.10576,2.3374e-05,0.045641,0.047355,0.040621,0.029696,0.055667,0.011787,0.021559,0.042959,-0.037775,0.024673,0.023339,-0.016811,0.0077188,0.079932,0.06751,0.028905,0.014902,0.028431,-0.0070902,0.028288,-0.017748,0.018723,0.0060609,0.039059,-0.0010719,0.015012,0.0060966,0.031714,0.032456,0.063947,0.0026704,-0.065532,0.012109,0.01503,0.038402,0.040437,0.04573,-0.056267,-0.012903,0.0021642,0.0062134,-0.0183,0.069299,0.014063,0.018414,0.090513,0.026465,-0.063968,-0.017019,0.0073384,0.0014791,0.055632,-0.023102,0.019697,0.0086257
0.017584,0.024693,-0.0021986,0.049811,0.06691,0.12762,0.036433,0.016126,-0.035053,-0.018125,-0.084074,0.034785,0.13293,-0.047212,0.025282,0.026831,0.053226,0.033757,0.064672,0.011499,-0.069017,0.034517,-0.074481,0.050983,-0.0094635,0.029569,0.024267,0.0097674,0.057529,-0.007368,0.077728,0.075208,0.016573,-0.01616,0.017207,0.025538,0.040685,0.0052833,0.038673,0.023285,-0.023851,0.0031825,0.067423,0.014467,-0.0092703,0.061379,0.047726,0.061172,0.12124,0.014345,0.02671,0.041802,-0.0010185,0.035223,0.011354,-0.0035513,0.023153,-0.012385,-0.0066092,-0.038191,0.017049,0.02164,0.060958,-0.0017873,0.026444,0.021649,0.0079545,0.061016,-0.0098713,0.012709,0.049318,-0.011332,0.03699,0.032651,0.10991,-0.0072959,-0.0061952,0.096116,0.045041,-0.025882,0.019487,-0.068889,0.10072,-0.017989,0.041759,0.10518,0.011596,0.055164,-0.023247,0.069545,0.064348,-0.033631,0.078903,0.015214,0.060106,0.062389,0.026428,0.028893,-0.020998,0.02517
0.11264,0.034181,0.0024649,0.020946,-0.017144,0.020403,-0.020444,0.028972,0.065569,-0.0047539,0.042333,0.03068,0.07192,-0.034289,0.010305,0.035879,-0.055151,0.04739,0.019659,0.058442,-0.025972,0.0076041,0.10552,0.022309,0.051958,0.03459,0.046737,0.0099095,0.013577,0.039334,-0.040931,0.08088,-0.077678,0.10039,0.031582,0.00015621,-0.022985,-0.0035422,-0.015536,0.018258,-0.048516,-0.0037573,-0.0067918,0.039926,-0.018777,0.033899,0.039512,0.038559,0.026357,0.015176,0.019966,-0.0012503,0.045882,0.026476,0.0012732,-0.027082,0.036406,-0.013799,0.086927,0.030771,-0.027094,0.073939,0.074386,0.083164,0.046504,0.033082,-0.0048677,-0.056961,0.017485,0.047942,0.09815,0.064702,0.020769,0.035816,-0.023171,0.071033,-0.0076381,0.031969,0.0057802,-0.019274,0.023947,0.028241,0.0014447,0.060643,0.0052303,0.023168,0.030365,-0.011718,-0.009821,-0.0051891,0.045867,0.090259,-0.0099193,0.034545,0.039114,0.065489,0.0089927,0.040642,0.029518,-0.012087
0.067946,0.060602,-0.03213,-0.0085035,0.058081,-0.026419,-0.010457,0.0097267,0.018887,0.039079,0.038267,-0.038395,0.0013172,-0.050506,-0.014269,0.0056176,0.028856,0.06274,-0.011279,-0.030484,-0.033218,0.023329,0.0063074,0.0064078,0.010982,0.050344,-0.0286,0.040593,-0.02368,-0.024809,0.010703,0.048154,0.061396,0.0417,0.041542,0.053472,0.030148,0.0105,-0.012631,0.042084,-0.031893,0.015873,0.031545,-0.023274,0.015975,0.031512,-0.032911,-0.016673,0.073304,-0.0023715,0.016169,0.0079428,-0.0085159,0.021641,0.013807,0.024085,0.021266,0.015529,0.052924,0.0065607,0.047753,0.069783,0.071231,0.020929,0.027909,0.032912,-0.021766,0.092843,0.064406,-0.013193,0.0013649,0.028828,0.02852,-0.031805,-0.0097464,0.097136,0.0066653,0.031778,0.1027,0.0077152,-0.016126,-0.024477,0.089371,0.067738,0.03524,-0.018214,0.010373,0.035176,-0.043811,-0.017197,0.023398,0.0099986,-0.002152,0.039446,0.0017206,0.0087645,0.029184,0.037271,0.06987,0.051995
0.034087,-0.0095306,0.1014,0.037939,0.0041047,-0.040978,0.046846,0.011677,0.0032215,0.011597,-0.074321,0.035397,0.057051,0.016475,-0.024429,0.051041,-0.015791,0.060943,-0.025591,0.11185,-0.019151,0.055232,-0.038746,0.019968,0.021529,0.033018,0.091162,-0.024213,0.013022,0.042865,0.0078424,0.017388,0.0039978,0.083234,0.058847,0.11703,0.013642,0.027976,-0.079224,0.0011553,0.023273,0.0070155,0.016479,0.061537,0.0041037,0.0037695,0.015939,-0.049075,0.0028696,-0.017389,0.027188,0.011301,-0.039145,-0.056727,0.0065495,0.059368,0.0036434,0.040443,-0.028248,0.064837,0.011325,-0.0070518,0.022402,0.02582,0.0079244,-0.051673,0.029548,0.044047,-0.0030051,0.042662,-0.032905,0.018131,0.05942,0.048285,0.068689,0.0041811,0.020464,0.045694,-0.033272,0.027755,0.01638,0.020392,0.034117,0.023421,0.068298,0.065059,0.015048,0.099581,0.029236,0.021339,0.032481,-0.035062,0.01065,-0.04962,-0.042846,-0.0022447,0.028222,-0.082826,0.016191,0.005485
0.07572,-0.0024225,0.010463,0.021978,0.0083458,0.0087035,0.045693,0.037386,-0.079739,0.0085951,0.032666,0.025573,0.037899,-0.025468,0.063309,0.031804,-0.0044322,0.054672,0.0078159,-0.0061111,0.019182,0.012402,0.022024,0.030748,-0.0064138,0.022658,0.023638,0.054178,0.025061,0.024481,0.059207,0.058342,-0.043309,0.035612,0.034177,0.068787,0.059544,0.029092,0.050629,0.072272,0.069423,0.033097,0.069757,0.04183,0.032381,0.02356,0.044398,-0.010933,-0.017411,0.0975,-0.011694,0.059803,0.047316,0.028659,0.091995,-0.054342,-0.0036617,0.031162,0.0082826,-0.013945,0.058425,0.024345,-0.030926,-0.034842,0.039093,0.0058569,0.03258,0.051753,0.032832,0.023066,0.091392,0.038774,0.041413,0.0043759,-0.018109,0.013735,0.02323,0.033208,0.028702,0.076098,0.035933,0.029273,0.019214,0.039623,0.029085,0.084804,0.011306,0.1037,0.084193,0.090617,-0.0063325,0.078176,0.02039,0.054226,0.027244,0.017348,0.052733,0.050317,0.046961,0.023499
0.026101,0.027272,0.017242,0.053235,0.00050004,0.12345,0.091259,-0.047444,-0.019297,0.085276,-0.063846,0.019937,0.074733,0.0063669,0.023071,-0.060166,0.08466,0.0043584,-0.0051346,0.062757,0.013051,0.071884,0.024741,0.11684,0.049037,0.02427,0.00504,0.076302,-0.057988,-0.078034,0.036062,0.07065,-0.011272,0.0088118,0.030848,-0.024061,-0.02623,0.044405,0.042282,0.014176,0.0098624,0.0013154,0.083431,0.036537,-0.0015054,-0.043654,0.07316,0.018867,-0.019669,0.056804,-0.0043417,0.055804,0.0012294,0.051357,0.0054496,-0.037574,0.012186,-0.049149,0.048442,0.045137,0.011447,0.0054122,-0.0039787,-0.014399,-0.015233,-0.011126,-0.044574,-0.0059236,-0.019514,0.043194,-0.026369,0.039684,-0.018336,0.012129,0.015559,0.087792,0.039843,-0.0073087,0.066543,0.062289,-0.011351,-0.0045241,0.03744,0.039947,0.039273,0.044884,0.0021446,0.04558,0.07428,0.012963,0.014077,-0.026708,-0.022689,0.047265,-0.024651,0.083952,0.029246,-0.0089067,-0.0010535,0.031472
0.083889,0.0044348,0.023099,0.013452,-0.04046,0.064943,0.057534,0.015835,-0.028578,-0.032097,0.042549,-0.037153,-0.0054504,0.10032,-0.0099014,0.031323,0.065875,0.029611,-0.026218,0.019419,0.078391,-0.019837,-0.0065028,-0.017054,-0.0033151,0.054596,0.053804,0.0277,-0.00065168,-0.031677,-0.039548,0.065283,0.049211,0.014006,0.08774,0.016182,0.030489,0.01483,-0.011658,0.0091333,-0.049769,0.03149,-0.0079018,-0.022949,0.018693,0.023853,0.018451,0.0044046,0.032839,0.033571,0.03748,-0.023917,0.056097,0.061595,0.023275,-0.01712,-0.022578,0.027952,0.03534,-0.012198,0.010663,0.048436,0.0024335,0.02981,0.020918,-0.039259,0.087824,0.046462,0.013455,-0.002084,0.10724,0.038663,0.01628,-0.025505,0.062492,0.052804,-0.014384,-0.0056068,0.023741,0.040125,0.0036854,0.012703,0.037337,-0.011223,0.027523,-0.013587,0.079193,0.057636,0.0097771,-0.0023019,0.025969,-0.0031642,0.047742,0.047596,0.06589,0.03628,0.032845,0.02033,0.031038,-0.02017
0.032302,0.011464,-0.041625,-0.01472,0.043781,-0.011968,0.022862,0.046622,-0.034045,-0.0037317,0.059839,0.038674,0.015369,-0.023566,0.029842,0.055361,0.060064,-0.015562,-0.048931,0.029717,0.064043,0.010733,0.039748,0.0093615,0.014502,0.095962,-0.039958,0.063531,-0.10011,-0.03592,0.03895,0.02951,-0.032025,0.085516,0.031728,0.040719,0.016476,0.11241,0.070662,0.036159,0.037519,-0.010142,0.071534,0.012379,0.045981,-0.0025932,-0.013387,0.015354,-0.012469,0.015518,0.087441,0.065535,0.016575,0.031478,0.064273,0.027806,0.01453,0.071099,0.018156,0.037536,0.0072642,0.052752,-0.027153,0.019568,0.00033855,0.017828,0.049265,0.0075476,0.051251,0.004369,0.043901,0.030162,0.038862,0.009443,0.066737,0.02753,0.044289,-0.0029011,0.014281,-0.063495,0.019775,0.084069,0.0062463,0.072845,-0.032719,-0.04745,0.054499,0.12604,0.020623,-0.0034348,0.03965,0.042236,0.065114,0.036306,0.099628,0.013197,-0.020814,0.029688,-0.0016211,0.049697
