-0.1278,0.05968,0.3088,-0.041104,-0.0233,0.35277,-0.039784,0.30743,-0.30396,0.19384,0.097058,-0.16983,-0.022781,0.14645,-0.1909,-0.17723,0.10562,-0.012159,0.095644,0.069731,-0.14007,0.18719,0.35211,0.30427,-0.12951,0.035856,0.25657,0.43071,0.32008,-0.03803,0.022785,0.087871,-0.042375,-0.041545,0.101,0.098269,0.050159,-0.062402,0.12497,-0.16579,0.15063,0.15149,0.28037,-0.10671,0.012903,0.0064133,-0.28188,0.17539,0.11986,-0.046255,-0.078043,-0.092134,0.14119,-0.069675,0.50254,-0.10812,-0.15246,0.13901,-0.13424,-0.22282,-0.21334,0.035669,0.1808,0.14759,0.095341,0.13643,0.0079629,0.1932,0.15809,0.004411,-0.03251,0.28052,-0.061451,0.11341,-0.11449,0.10497,-0.34245,-0.043491,-0.0053019,-0.27854,0.14928,0.091731,-0.098316,-0.023447,0.21708,-0.12058,0.10224,-0.23886,-0.23596,0.029779,-0.019063,0.45409,0.20729,-0.098089,0.28629,-0.14588,-0.087735,-0.2737,-0.1173,-0.068908
-0.0091714,-0.16609,-0.13373,-0.12212,-0.39224,0.26361,0.25495,0.0087775,0.068077,-0.058645,0.064857,0.7387,0.080387,-0.049753,0.044762,-0.021049,0.041727,-0.17536,-0.10282,0.019169,0.086883,0.1907,0.265,0.13139,-0.067224,-0.094956,0.013712,0.25103,0.16762,-0.29505,-0.22373,-0.067061,-0.074938,0.0011189,0.11033,-0.18904,0.068639,-0.099286,-0.20405,0.27752,-0.14912,0.077859,0.033133,0.2941,-0.039723,-0.1807,-0.061795,-0.085792,0.17483,0.065996,0.21949,-0.10504,-0.091646,-0.049144,-0.10896,-0.053601,0.31409,0.013691,0.34402,-0.13834,0.19723,0.053762,-0.012934,-0.0089758,-0.17315,-0.18918,-0.2683,0.45116,0.26597,-0.086205,-0.19176,0.46779,0.073066,0.18135,-0.19468,-0.046012,0.16808,-0.11999,-0.25654,-0.10182,-0.051566,-0.12884,0.067679,0.1477,0.27379,-0.10622,0.0589,0.021476,0.07341,-0.24805,-0.024321,0.32097,-0.096104,-0.17491,0.29931,-0.061954,-0.27938,0.13439,0.32311,0.015576
-0.15192,-0.10491,-0.11093,0.11848,0.53953,-0.024257,0.093948,0.071575,0.13799,-0.36669,0.071536,-0.13782,0.22774,-0.032394,0.083064,-0.06155,-0.092243,-0.21456,0.048192,0.010584,-0.16337,-0.1769,-0.096148,0.032706,0.074465,0.21675,0.02103,0.0071636,0.050117,0.015506,0.38322,-0.078693,-0.14546,-0.11944,-0.1757,0.21954,-0.03594,0.10467,0.50015,0.51803,0.037965,-0.0077653,0.092146,-0.023973,-0.26303,-0.20434,0.56472,-0.082745,-0.060845,0.011507,-0.1701,0.27089,-0.055067,-0.01215,-0.15814,0.25493,-0.26041,-0.27108,-0.20103,0.042678,-0.14356,0.098952,0.055667,-0.12212,0.16267,-0.11117,0.0039029,-0.15021,0.21702,-0.15146,-0.046133,0.12984,-0.24731,0.11867,-0.10918,0.0028238,0.10418,0.13644,-0.015412,0.21687,-0.088448,0.031227,0.041017,-0.1824,0.14273,0.10423,-0.16608,0.065854,-0.17844,-0.18897,-0.31176,0.19029,-0.20356,0.63718,0.48272,-0.0031194,0.11883,-0.19739,0.014649,-0.075984
-0.16093,-0.18247,-0.19229,0.17904,-0.037031,0.053517,-0.031546,0.20509,0.074304,0.30102,0.26788,-0.13909,0.047722,0.06986,0.13933,-0.0075351,-0.046673,-0.15943,0.10536,0.19072,-0.04105,0.56064,-0.26533,0.27342,-0.014942,0.032437,-0.016065,0.019236,-0.14234,-0.23585,0.084094,0.039377,0.24908,-0.23073,-0.17536,-0.010074,-0.33519,0.19783,0.089848,0.012787,0.17876,0.013243,-0.12842,0.028344,-0.096601,-0.087888,0.0081071,-0.35874,0.34596,-0.24597,-0.016334,-0.15655,-0.050123,0.28176,0.11346,-0.038285,-0.23717,0.48859,-0.29987,-0.048981,0.22246,0.17871,0.012849,0.046201,-0.2192,-0.24564,0.33588,0.11538,0.34345,0.060778,0.079847,0.23368,-0.31843,0.15146,0.052196,-0.17549,0.10892,-0.057392,0.16364,0.094271,0.30472,-0.19225,0.0033524,0.18441,-0.094953,-0.10314,-0.35576,-0.005661,0.23224,0.0070009,0.22288,0.066433,-0.036214,-0.066389,0.070891,0.11819,0.34241,0.20862,-0.036642,-0.19548
0.020681,-0.20308,0.11738,-0.21235,-0.16196,-0.095012,-0.04149,0.31062,0.33816,0.19332,0.13162,0.15414,-0.078399,0.08033,0.023116,0.46748,0.082889,-0.17558,0.26186,-0.3679,0.019545,-0.25594,0.0056742,0.023539,-0.067207,-0.06433,-0.17046,0.057594,0.16673,-0.029675,-0.11519,-0.022358,-0.059193,-0.050598,0.32221,-0.048537,0.19937,-0.031774,0.23766,-0.050383,-0.034819,-0.037311,-0.1081,0.28903,-0.25923,0.043871,0.15628,0.057771,-0.16445,0.056101,0.022858,0.21486,-0.12384,0.17233,0.036922,-0.16567,0.24139,-0.3263,0.21935,0.12218,-0.18515,-0.098635,-0.2381,0.022874,0.031182,0.36467,-0.11391,-0.16836,0.29747,-0.11697,0.47329,-0.053304,0.090159,0.45523,0.079632,-0.012688,-0.11169,0.53191,-0.085773,0.046166,0.1852,0.30118,0.050635,-0.28692,0.060256,0.11269,0.51329,0.076437,0.33329,0.17091,-0.13389,-0.13239,-0.21647,-0.23733,-0.21778,0.097353,0.47884,-0.21507,-0.0023528,0.1024
0.55717,-0.071675,-0.32777,0.058324,0.065122,-0.019916,-0.045129,0.039651,0.32066,-0.082281,-0.14197,-0.17459,0.050353,-0.031758,0.076427,-0.13631,-0.11448,0.14289,0.0081956,-0.13604,0.028026,0.011934,0.1408,-0.11177,-0.25938,0.10422,0.35505,0.00052079,0.24655,-0.060711,-0.025422,0.081956,-0.14376,0.32621,-0.14954,-0.033287,0.48553,0.27281,0.27331,0.018099,0.16733,-0.12449,-0.31733,0.062568,-0.19204,0.12667,-0.14217,-0.024538,-0.26324,0.066341,0.13265,-0.10026,-0.033944,-0.10598,-0.01096,-0.14652,0.21005,0.21029,-0.23646,0.36274,0.25175,-0.13755,0.21318,-0.080571,-0.091684,0.19573,0.093775,0.0077067,0.11802,0.03242,-0.048515,-0.078964,0.17859,0.085371,0.2854,-0.099963,0.079858,0.095434,0.2341,0.27605,-0.13214,0.021876,0.19954,0.16176,-0.016414,-0.080023,0.19297,0.070748,-0.053995,0.0056055,0.036674,0.29895,0.352,-0.10045,-0.22103,0.035232,-0.0021452,-0.017962,-0.0012769,-0.0099241
0.15508,0.089535,0.12721,-0.23428,0.13666,0.032988,0.12565,0.13704,0.34,0.15413,-0.10023,0.26948,-0.21596,-0.039727,-0.045448,0.088202,0.034381,0.066427,-0.12345,-0.2865,-0.02945,0.026985,0.50751,0.19186,0.16039,-0.118,-0.17161,-0.19852,0.039366,0.088451,0.14485,0.20354,-0.19917,-0.19689,0.26942,0.086524,0.033265,0.16312,0.3913,0.076246,0.28182,0.025285,-0.23371,0.29589,-0.1169,0.19428,0.0029029,0.1926,0.085264,-0.20728,0.11067,0.035571,0.3762,0.029856,-0.18869,-0.094251,-0.072226,-0.10708,0.35533,0.28943,0.12267,-0.06277,-0.068937,0.023523,-0.11726,0.14406,0.1547,-0.079287,0.085759,0.086781,0.4809,0.12918,-0.041238,-0.091577,0.1787,0.179,0.13868,-0.25154,-0.052366,-0.16976,-0.26686,-0.12087,0.17524,0.095128,0.20471,-0.24035,0.15617,-0.075191,0.20488,0.096569,-0.17789,-0.15274,-0.30277,-0.11868,0.066417,-0.15303,0.11566,-0.22173,-0.065299,-0.22243
-0.18606,0.10647,0.043982,0.12771,-0.04166,0.23165,0.4809,0.14912,0.05446,0.05642,-0.28766,0.18356,0.29216,0.19095,-0.31002,-0.38246,-0.053753,-0.066438,0.15656,0.13431,0.38632,0.26878,-0.14649,-0.1906,-0.044629,-0.14329,0.17006,-0.20289,0.1208,-0.096688,0.061669,-0.18708,0.15959,0.038579,0.30123,0.015828,0.012036,0.04417,-0.14444,-0.10539,-0.21437,-0.19028,0.44577,-0.098235,-0.016119,0.11084,-0.031872,-0.25362,-0.2917,-0.25328,0.13555,0.19178,0.10006,0.050154,-0.02223,0.036791,-0.15606,-0.1635,0.56916,-0.15118,-0.058551,-0.18348,0.49511,-0.38748,0.71392,-0.039759,-0.10114,-0.19958,0.13318,0.0093261,0.24889,-0.077728,0.31249,0.066041,-0.27744,-0.12949,-0.082367,0.53576,-0.24237,0.30005,-0.14196,0.18523,-0.0091373,-0.1211,0.052082,0.12892,0.14934,0.37293,0.10162,-0.27329,0.043037,-0.070752,-0.22665,-0.12558,-0.14755,0.059913,0.13829,0.3332,-0.015932,0.19947
-0.19634,0.089619,-0.10399,0.15051,-0.11838,-0.022409,-0.047128,-0.052568,0.24515,-0.13738,0.15681,-0.060154,0.059264,0.042928,-0.14089,0.043445,0.066476,-0.099688,0.13721,0.24236,0.1491,0.037457,-0.17006,0.062626,0.01236,0.044056,-0.024519,-0.1021,-0.16434,-0.037922,0.30071,0.09439,-0.18094,0.086927,-0.047481,-0.009005,-0.092483,0.45449,0.24232,0.087757,0.14575,-0.16694,-0.051166,-0.19327,-0.064434,0.26662,0.12099,-0.22418,-0.082731,0.41642,0.31087,-0.17484,-0.10433,0.19169,-0.057994,0.29002,0.12852,0.15908,-0.18818,0.060197,-0.058643,0.02292,0.052084,0.088527,-0.063766,-0.12639,-0.056998,0.17033,-0.10565,0.21324,-0.14236,-0.11904,-0.049605,0.2223,0.052186,0.78438,0.47378,0.13388,0.08042,0.021303,-0.068837,0.1895,0.077138,0.013214,0.090841,-0.0097602,-0.17128,-0.2736,-0.033756,0.25401,0.18532,0.0081484,0.21035,0.013399,0.20175,-0.075588,-0.15931,0.051647,0.065288,0.076892
-0.076294,-0.0038916,0.089948,0.38914,-0.11189,-0.033272,0.226,0.30483,-0.067503,0.099325,-0.2342,-0.19911,-0.22423,0.14866,0.028932,0.084889,-0.069195,-0.022031,-0.12212,-0.090306,-0.23733,-0.090693,-0.15947,0.10438,0.084441,0.15326,0.096845,0.080824,0.030211,-0.21333,0.13205,-0.010963,-0.02781,0.038327,0.031906,0.49396,-0.058571,0.11426,-0.17594,-0.20935,0.012844,0.18865,-0.099784,0.029518,-0.053285,-0.31653,0.073724,-0.06806,0.024213,0.13313,-0.070404,0.25398,-0.055817,0.21174,0.43949,-0.26578,-0.085539,0.1183,0.18083,-0.22553,0.045515,-0.023822,-0.035814,0.35842,0.51932,0.077288,-0.24922,0.050697,-0.069035,-0.2543,0.069457,0.082345,0.11397,-0.082315,0.23543,0.032192,-0.23383,-0.059946,0.048596,0.36938,0.27073,0.21948,-0.083561,0.0082768,-0.08938,-0.1905,0.048474,0.30994,-0.14389,0.044478,-0.1349,0.23909,0.18435,-0.17114,0.33411,-0.06284,0.1743,0.20422,0.29776,0.21909
0.022179,-0.052667,0.25051,0.033404,0.22832,0.041419,-0.11528,-0.10452,0.079284,0.014723,0.27085,0.26363,-0.10492,-0.063392,0.13584,-0.038704,0.068807,0.0071873,-0.11753,-0.095743,0.14265,0.35516,0.0838,0.32553,0.32813,0.058023,-0.17838,0.02596,-0.01263,-0.12867,0.03716,-0.14776,-0.036284,0.089702,0.036342,-0.22699,0.25826,0.047947,-0.019729,-0.094926,-0.1679,-0.034708,-0.0094998,0.057313,-0.15266,0.29606,-0.086587,-0.12302,0.1855,-0.0061261,0.17833,0.081394,0.067858,0.25959,-0.035152,-0.33628,-0.17165,0.00027522,-0.22137,-0.067343,0.4396,-0.2604,0.32776,0.030796,-0.15824,-0.21512,-0.15717,-0.22581,0.028897,-0.13508,-0.031902,0.097865,0.076964,0.14279,0.026992,0.008826,0.0076946,0.089842,-0.22782,-0.071227,-0.072321,0.0641,-0.13517,0.019315,0.16229,0.041113,-0.010476,-0.10547,-0.073691,0.048548,-0.15075,0.12085,0.085254,-0.17042,0.21938,-0.058497,0.42021,-0.2556,0.27168,0.24825
-0.0017732,0.26179,-0.20112,0.35188,-0.024618,0.018787,0.21703,-0.15176,-0.32332,0.016562,-0.16034,-0.03398,0.00022334,-0.1765,-0.13828,0.21741,-0.019172,-0.035547,-0.13158,0.11738,-0.23027,0.035218,-0.12405,0.20049,0.32811,-0.11183,0.069675,-0.16142,-0.16036,0.20661,-0.2014,-0.11601,-0.14462,-0.046722,-0.18874,-0.13532,-0.19531,0.10594,0.22884,-0.070604,0.0042703,0.38136,0.19785,0.27469,0.0094556,0.010402,-0.069322,0.10391,-0.11306,-0.20185,0.17546,0.30465,0.040542,0.14316,-0.051264,-0.1537,0.14206,-0.14835,0.29895,0.037131,0.17184,0.0088265,0.3041,0.075362,0.055372,-0.043578,-0.010748,0.2986,-0.04203,-0.054971,-0.10723,-0.11027,0.048649,-0.11725,-0.14926,0.39258,0.15691,-0.10361,0.29127,0.0567,0.50078,-0.14978,-0.23094,-0.079496,-0.025961,-0.0099233,0.10056,0.10747,0.15953,-0.054667,0.14304,-0.021247,0.018832,0.0043311,0.68149,0.5561,0.1663,0.22119,-0.036969,0.36855
0.2227,-0.27023,-0.021589,0.18201,-0.21664,0.41486,-0.24542,0.18098,-0.0077776,0.2145,0.063677,0.075418,-0.10509,-0.049594,-0.17454,0.037935,-0.36361,-0.1754,0.11414,-0.089405,0.25358,-0.24312,0.15048,0.1339,0.15114,-0.13007,0.0078596,-0.11411,0.04912,0.0040117,0.20616,-0.14819,-0.14179,0.049269,0.21764,0.071578,0.39221,0.031503,-0.019698,0.1478,0.2016,0.059537,0.12283,-0.061166,0.087686,-0.05012,0.28959,-0.033022,0.12474,0.033901,0.14348,-0.13012,-0.065554,-0.25839,-0.044142,0.3228,0.28817,-0.066312,-0.18852,0.12583,0.060646,0.1568,0.23261,0.037947,0.13952,0.18651,-0.28942,-0.017078,0.044444,-0.093903,-0.020908,-0.070866,0.1778,0.15674,-0.12355,0.26927,0.28391,-0.048959,-0.061175,-0.0489,0.025463,-0.054032,0.2862,-0.021335,0.2961,0.065002,0.048365,0.31709,-0.062363,0.098692,0.14658,-0.13927,-0.0049223,-0.076498,0.15898,-0.14537,-0.036425,-0.22205,0.20018,0.12255
-0.075431,0.056588,0.25183,0.13867,0.083735,-0.0056392,-0.034647,0.11071,-0.03028,0.10757,-0.08005,-0.17514,0.036554,0.017081,0.16542,0.27611,0.56532,0.01551,0.0033468,0.051768,-0.19325,0.41166,0.47493,0.11972,-0.075492,-0.34538,0.018157,-0.095392,0.26761,-0.11115,-0.15841,-0.04818,-0.30616,0.0037066,-0.30974,-0.088467,-0.020191,0.2929,-0.23985,0.50742,0.20194,0.018571,-0.13729,0.10486,0.1079,-0.11858,0.33539,0.11541,-0.020096,-0.18816,-0.058057,-0.11037,-0.122,-0.084163,0.21475,-0.061853,0.16977,0.03656,-0.1778,0.1849,-0.07869,-0.16908,0.15074,0.039363,-0.15131,0.18945,0.1196,0.30212,-0.089796,0.029412,0.044218,0.034645,0.14524,-0.013968,-0.34941,-0.085469,0.28436,0.24867,-0.20765,0.18924,-0.12801,-0.0078556,0.21034,-0.06942,0.29528,0.017572,-0.040808,-0.27583,0.42731,-0.37347,0.24325,0.39361,-0.036651,0.14867,0.12407,0.073059,0.018771,-0.14704,0.12409,0.31643
0.18956,0.1437,0.11664,0.45649,-0.13265,0.0082511,0.30226,0.1528,0.052306,-0.0032451,0.17577,-0.12843,0.31706,-0.24091,-0.13548,0.18007,0.48564,-0.14759,-0.13491,-0.24175,0.43129,0.21244,0.27096,-0.34108,0.15017,-0.063517,0.24573,0.26501,-0.19543,0.021367,-0.12709,-0.062088,-0.095735,-0.18539,-0.1845,0.18265,0.37817,0.13739,-0.18853,-0.011607,0.21751,0.029317,0.065466,-0.24487,-0.12198,-0.19878,-0.0013818,0.0025673,0.1925,-0.23162,-0.019665,0.00060884,0.042473,-0.014854,0.42441,-0.28356,0.08802,-0.35683,0.0083481,0.04859,0.0038506,0.47032,0.11385,-0.1972,0.2107,-0.092168,0.10288,0.24095,0.22892,0.043268,-0.15229,0.25561,0.235,0.17588,-0.14032,-0.17955,0.051002,0.026904,0.16233,0.2343,-0.1687,-0.011702,0.7937,-0.14286,0.040332,-0.11957,-0.095156,-0.038204,0.12061,0.069817,0.19662,0.24909,0.074331,-0.17641,-0.14929,0.23733,-0.022588,-0.046259,0.27882,-0.019672
0.51905,-0.1159,-0.082547,0.054697,0.27714,0.13275,0.21134,-0.14952,0.16624,0.15613,-0.23548,-0.18837,0.22548,-0.0054597,0.29344,-0.088118,-0.26175,-0.042654,0.084022,-0.26723,0.017522,-0.16326,0.11485,0.15585,0.29435,0.032332,0.39675,0.22231,-0.1554,0.16962,0.21109,0.053303,-0.18543,-0.17818,0.12935,0.47784,-0.26351,0.25574,0.37853,-0.1274,0.26021,0.10198,-0.055871,0.15338,0.33733,0.032462,0.30811,0.0014427,0.019268,-0.2355,-0.011825,-0.12502,-0.20732,-0.22761,0.092858,0.22475,-0.080308,-0.05234,-0.048881,0.15693,0.0070051,0.17125,0.086118,-0.039685,-0.14553,-0.092493,-0.030862,-0.21965,0.23377,0.103,0.072827,0.059757,-0.010893,-0.10865,0.071316,0.10757,-0.040289,0.044553,0.31763,0.11373,0.040967,-0.16316,0.11101,0.014571,0.33358,0.18514,-0.1534,0.19353,-0.013467,0.083037,-0.22994,-0.14493,0.013494,-0.057196,0.13704,-0.12195,0.036262,-0.00026799,0.037716,-0.17283
-0.069613,-0.29684,-0.042863,0.047372,-0.070869,0.080831,0.10804,-0.11451,-0.020109,0.078833,-0.071917,0.22592,0.2229,-0.078331,0.13216,0.23442,0.068819,-0.003358,-0.1266,-0.083172,-0.040306,0.095424,0.2108,-0.062907,-0.16869,-0.14349,-0.046278,0.12842,0.27795,-0.012565,0.044183,-0.0014801,-0.25491,-0.10702,0.067089,-0.10643,-0.029772,-0.21587,-0.012915,0.038545,-0.00090825,0.33197,-0.0069313,-0.164,-0.0425,-0.093358,0.99133,0.077811,0.15076,0.10004,0.24124,0.16902,0.076214,0.40103,0.010235,0.15804,-0.054874,-0.10333,-0.0098011,0.067106,0.033466,0.24477,0.26747,0.25817,0.18249,-0.17071,0.36986,-0.070524,0.19478,0.43051,0.06933,0.076504,-0.034492,-0.31011,0.048003,0.21421,0.25263,-0.053422,-0.0028358,0.01676,0.018624,0.16012,-0.2166,0.15563,-0.0026267,0.30723,0.23804,-0.334,0.45399,-0.045751,-0.023212,0.42701,0.54278,0.097944,0.27645,-0.12821,-0.18581,0.41942,-0.036017,0.064501
-0.15688,0.056695,0.074798,-0.12544,0.079944,0.31009,-0.073183,-0.1302,0.29987,0.19501,0.029598,0.12824,0.10252,0.15097,0.013651,0.48379,-0.051851,-0.042727,0.12131,-0.089375,0.092489,0.21475,0.32316,0.08282,0.0037615,-0.04862,0.56471,0.32132,-0.010861,0.33664,-0.2052,-0.22334,-0.056185,-0.084343,-0.039145,0.10693,-0.062188,-0.095995,0.045402,0.043615,-0.044109,0.053971,-0.035946,0.14502,0.61361,0.24583,-0.29338,-0.11593,0.25287,0.0032332,0.13282,0.16903,-0.18776,0.029279,0.29353,-0.26092,0.22114,0.069244,0.15148,0.10137,-0.046871,-0.1384,-0.17018,0.043725,-0.34354,-0.042938,0.19719,0.10809,0.35298,0.0066753,0.31892,0.31795,0.072171,0.063899,0.23865,0.33075,0.2433,0.038814,-0.22944,0.071425,0.10096,-0.16542,-0.23204,0.03659,-0.014563,-0.0022176,0.019259,0.045711,0.072414,0.081066,0.094784,-0.1735,-0.052641,-0.079265,0.026462,0.16396,0.024572,-0.058469,-0.11941,-0.1838
0.25523,0.16928,0.11369,0.045108,0.097586,-0.020587,0.13572,-0.050225,0.48583,0.012861,-0.034646,0.23981,0.12834,0.2977,0.034971,-0.21308,0.28781,-0.051219,0.11714,0.4391,-0.094166,0.049423,0.088315,-0.1728,-0.15682,-0.13244,-0.043622,-0.10557,0.058711,0.035039,-0.098209,-0.00053204,0.2906,0.15618,0.10605,-0.21405,0.051291,0.23116,0.046849,0.15537,0.024269,-0.15047,-0.21614,-0.36075,0.12929,0.064533,0.32448,0.21262,-0.17307,-0.036493,-0.10197,-0.1725,-0.025882,0.17322,0.23979,-0.16961,0.09724,-0.017945,0.012378,-0.25507,0.016301,0.17402,-0.15321,0.10965,-0.087455,0.33083,-0.27775,0.018082,0.050814,0.020719,-0.20838,0.2606,0.25572,-0.19365,-0.15101,-0.065759,-0.10408,-0.049064,0.26879,0.53073,-0.11498,0.23362,0.23077,0.059869,-0.13209,-0.15919,0.16717,0.11303,0.093931,-0.14915,-0.06454,-0.23539,0.25577,0.016695,0.10525,0.41096,-0.18689,0.054662,-0.079311,0.29868
0.3837,-0.14172,0.10434,-0.032024,0.13935,-0.10287,0.064889,-0.026023,0.083348,0.07715,0.05719,0.1521,0.099164,0.13228,0.43121,0.062066,-0.26012,0.089943,-0.14597,-0.0097541,-0.10996,0.30447,0.024664,-0.034216,-0.10166,0.013693,0.37096,-0.17802,-0.11158,0.0563,0.067255,-0.061489,-0.11836,-0.071009,0.21598,0.10379,0.17524,-0.25485,0.12739,-0.25494,0.11941,-0.10219,-0.32142,-0.19468,0.046535,0.23152,0.0155,0.62605,-0.15404,0.03332,-0.04743,-0.30774,-0.031678,-0.007305,0.25024,0.10679,-0.073375,0.23323,0.14463,0.10923,0.0085797,0.21024,-0.19439,-0.0042313,0.010751,-0.066993,0.098769,0.10597,0.25752,-0.20351,0.13687,0.5324,-0.015226,-0.15663,-0.25377,0.17239,-0.088804,0.051481,0.11441,0.22288,-0.027749,-0.030379,0.23388,-0.37604,-0.11345,-0.0096121,0.17286,0.087224,-0.25725,-0.13389,0.25715,-0.040057,0.14444,-0.14685,0.077744,-0.03288,0.046181,0.19639,-0.13137,-0.10234
0.27997,-0.21375,-0.004659,-0.037611,-0.13147,-0.0084912,0.26658,-0.14205,-0.21506,0.077915,-0.10622,0.011458,-0.16427,-0.037406,-0.080807,0.19562,-0.10999,-0.12407,0.19039,-0.23387,0.028163,0.10015,0.15134,0.2274,0.21377,0.16912,0.022825,-0.37764,-0.15642,0.18876,-0.17863,0.1435,0.17938,-0.2191,-0.098903,-0.22967,-0.006928,0.45653,0.096547,0.2126,-0.2179,-0.022703,-0.3127,0.25963,-0.0064851,0.12388,-0.068688,0.1386,0.11397,-0.040521,-0.059388,0.050736,0.28023,0.22998,-0.044773,-0.077215,0.40566,-0.064477,-0.21734,0.25583,0.030847,0.022176,-0.20828,-0.00024371,0.34164,-0.13274,0.084597,0.25421,0.2162,-0.21975,-0.12176,0.19152,0.13926,0.27013,-0.31368,0.15628,0.05833,-0.10015,0.087531,0.088065,0.27306,0.11695,0.42352,0.26502,0.27807,-0.079174,0.20215,-0.10031,0.04894,-0.18529,-0.046477,0.18098,0.59846,0.11203,-0.17774,0.1346,0.007388,-0.060489,-0.027761,-0.10197
0.18546,-0.22154,0.060409,0.011556,-0.22238,-0.063414,0.13273,-0.23165,0.052182,0.061797,-0.0077667,-0.20847,-0.090604,0.13888,-0.30688,0.13175,-0.057132,0.58016,0.10074,0.22543,-0.074015,0.041366,0.20408,0.038498,-0.03939,0.36025,-0.1039,0.2382,0.087539,0.29375,0.042842,0.34482,-0.13504,0.070939,-0.080598,0.013879,-0.079395,-0.15309,-0.15415,-0.068051,-0.024089,-0.13198,0.043538,0.28804,0.26145,0.2569,-0.045326,0.10676,0.17123,-0.06486,-0.14282,0.047773,0.10455,-0.016735,-0.10101,0.11783,-0.33998,0.0053624,0.026255,0.23045,-0.18858,-0.11874,0.29849,0.26378,-0.20381,-0.015827,0.20908,0.06686,0.10016,0.1268,0.1544,0.03463,0.035586,0.21002,0.049289,0.087361,0.13208,0.16055,-0.11391,-0.07903,0.1277,0.25479,0.077972,0.25911,-0.18464,0.27397,0.053674,-0.011775,0.12493,-0.085603,0.0078167,-0.12738,0.1204,-0.00077807,0.043352,0.14617,0.033852,0.26129,0.21411,0.066105
0.13124,0.062242,-0.02836,0.29375,-0.062564,-0.023495,0.14953,-0.091868,0.11859,0.047051,-0.082343,0.023391,0.19899,0.27268,-0.042213,0.10386,0.22345,-0.2961,0.22643,-0.014255,0.16342,0.02128,-0.0099029,0.078855,0.68514,0.068067,-0.024976,0.071229,0.35189,0.37867,0.10779,0.23797,-0.030092,0.3532,0.026305,-0.066303,0.092651,-0.064912,-0.041865,0.046342,-0.20479,-0.096224,-0.021856,0.25734,0.18404,0.35466,-0.0084257,-0.0029027,0.021045,-0.076706,-0.1174,0.27379,-0.10364,-0.14474,0.49575,0.58889,-0.15143,0.37328,0.2399,-0.17196,-0.038506,0.1123,-0.097633,-0.064961,-0.019522,-0.015194,-0.063241,0.098605,-0.14343,0.058882,-0.030294,0.094207,0.31683,0.010112,-0.11553,0.23334,-0.1417,0.045851,-0.17495,-0.0060443,0.22298,-0.042598,-0.17524,0.19605,0.12204,0.33964,0.010605,-0.080807,0.017769,-0.04476,-0.074629,-0.17417,0.074119,-0.051841,0.37898,-0.17645,-0.049591,0.072002,-0.25243,-0.055091
-0.04116,-0.21265,-0.24466,0.19855,-0.033618,-0.095411,0.066599,0.16322,-0.021405,-0.0032971,0.2788,-0.060228,-0.083316,0.11638,-0.21579,-0.15057,0.067001,-0.122,0.071114,-0.21119,-0.022628,-0.080046,0.0011073,-0.30301,0.08616,0.30393,0.55887,-0.047642,0.0045197,0.059927,-0.28616,0.10612,0.05881,-0.20235,0.086507,0.31869,-0.0069424,0.0077111,-0.12196,0.15703,0.10594,-0.19203,0.39168,-0.18329,0.18126,0.28819,0.15505,0.40688,0.23274,-0.013664,0.087171,0.038574,-0.052582,0.058991,-0.10777,0.24104,0.12808,-0.068046,0.061871,0.21953,-0.031771,0.056906,0.17155,0.18987,0.0024337,-0.022175,0.05436,-0.047438,0.10707,0.086513,-0.21338,-0.089244,0.17493,0.032956,0.0049808,0.066122,-0.13331,0.265,-0.065075,-0.012734,0.052606,0.22845,0.10353,0.4745,-0.065055,-0.14201,0.033082,0.16848,-0.069923,-0.15767,0.13946,0.39985,0.12233,-0.0206,0.24297,0.039589,0.16129,-0.053037,0.23276,0.22837
-0.13429,0.34697,0.15053,-0.012253,0.096575,0.21127,0.18625,-0.040882,0.23941,-0.085855,0.049223,0.35191,0.43898,0.0015184,-0.05105,-0.20435,0.091742,-0.11732,0.15521,0.21522,0.11267,0.39764,-0.15942,0.056152,0.4029,-0.068453,-0.091902,0.15553,-0.2106,-0.20751,-0.26753,0.10431,0.12117,0.043691,0.10935,0.24801,0.02455,-0.21154,0.23003,-0.18167,0.027392,-0.065612,0.21953,-0.06307,-0.026079,-0.19391,-0.0056845,0.15196,0.057845,0.13824,-0.077804,-0.0028477,0.42289,0.24837,0.2252,0.10466,0.14499,0.015019,-0.24606,0.07953,0.020217,0.1395,-0.26177,0.014587,-0.062934,0.03887,0.14022,0.12781,-0.20797,0.20458,-0.13325,0.068226,0.11034,-0.14196,-0.1533,0.077808,0.18726,-0.23182,0.10764,-0.17781,-0.11415,0.43274,0.28598,-0.17761,0.058039,0.16397,-0.015392,-0.022121,0.58888,0.14462,0.26397,0.11263,0.21406,0.14864,0.0067552,-0.30281,-0.13074,-0.077226,-0.28608,0.33813
0.158,0.19251,-0.038054,0.024041,0.10187,-0.24058,-0.016967,0.43446,-0.062676,0.42292,-0.14544,0.19257,-0.094817,0.33159,0.060315,0.077876,0.15584,0.051722,0.23048,-0.31492,0.53331,0.041878,-0.10681,0.30537,-0.27008,-0.076656,-0.055274,-0.051707,-0.15077,-0.080367,0.27633,0.32185,0.34492,0.083679,0.22699,0.12326,0.047204,0.090672,0.46295,-0.10499,0.0087941,0.24008,0.04347,-0.34345,-0.08205,-0.038568,-0.11203,-0.13875,0.35506,0.14188,0.14041,-0.24515,0.14397,0.39075,0.0097767,0.15494,0.0046758,0.10185,0.13747,0.065093,-0.013825,-0.081029,-0.077134,0.0029903,0.33478,0.23708,0.19605,-0.3066,-0.059616,0.69475,-0.015569,0.22508,0.11541,-0.22753,-0.049543,-0.40728,-0.066837,-0.11532,-0.029469,-0.050591,0.18614,0.1178,0.098108,0.16276,-0.050629,-0.11504,-0.41222,0.075254,0.091184,0.4252,0.32555,0.035149,0.091651,0.082457,0.12599,0.2446,0.13148,-0.22767,-0.060561,0.032109
-0.25724,0.46169,-0.16425,0.094877,-0.1507,0.12882,0.015929,0.11847,0.17432,-0.12876,-0.11711,0.14053,-0.213,-0.19152,-0.012043,-0.09794,-0.11475,-0.069792,-0.13123,-0.066314,0.060354,-0.10052,-0.034859,-0.096854,-0.044399,0.15635,-0.094698,-0.050676,0.19168,0.78558,0.29038,0.39998,-0.2099,0.27794,0.05022,0.20782,-0.017384,-0.3095,0.22942,0.15977,0.1785,-0.18091,-0.15339,-0.11301,-0.079921,0.058172,-0.20035,-0.06468,0.13725,-0.11902,-0.11058,0.28428,0.13773,-0.24484,-0.16458,0.11959,-0.12658,0.076083,0.0036364,-0.1212,-0.23728,0.1869,0.12057,0.016666,-0.022179,0.024178,-0.0090019,-0.23921,-0.078875,-0.026132,-0.19121,0.28314,0.0247,0.29736,-0.080385,0.16967,-0.068069,0.1351,-0.18828,-0.22754,0.024524,0.090524,-0.040414,0.40954,-0.033661,0.022099,-0.088126,-0.041086,-0.0072672,0.48739,0.18464,-0.020825,0.082153,-0.089897,0.17537,0.067283,0.4226,0.43661,-0.11974,-0.046624
-0.0055597,-0.16888,-0.27958,-0.16411,0.21487,0.09958,0.25384,0.049151,0.17195,0.004091,-0.034095,-0.15361,0.23805,0.40398,0.13772,0.16977,0.35022,0.55509,-0.018224,-0.032167,0.19835,0.035936,-0.051469,-0.0051386,0.062073,-0.055197,-0.046179,0.017668,-0.25003,-0.085054,0.28355,-0.084856,-0.15292,0.31983,0.30353,0.19209,0.11691,-0.024935,0.063036,-0.051689,0.15075,-0.28045,0.28536,-0.11541,0.11091,-0.083802,-0.15892,-0.16501,0.16803,-0.014149,0.29805,0.097845,-0.11065,-0.091369,0.37494,0.34337,-0.22339,0.022632,-0.0092915,0.011183,0.25566,0.29174,-0.28624,0.11614,0.43381,0.033261,0.11522,0.3895,0.34133,0.14377,0.12947,-0.20036,-0.090826,0.42684,-0.037197,-0.21696,0.28275,-0.13735,0.3401,0.14625,-0.089088,-0.30209,-0.18327,-0.21514,0.11066,-0.17971,-0.14458,-0.048534,-0.0064237,0.27492,-0.061374,-0.10628,0.27357,-0.045051,-0.053075,-0.080269,-0.043464,0.22923,-0.046365,0.13318
-0.2066,0.012201,0.031447,-0.3108,0.27318,0.33363,0.21691,-0.056548,-0.023077,-0.12037,0.024683,-0.14929,0.16731,0.048564,0.16624,0.09966,0.12397,0.052892,0.089144,-0.11871,0.33967,0.36103,0.0048972,0.14269,0.0097094,-0.024309,0.064671,-0.063385,0.054901,-0.17834,0.19763,-0.24352,-0.063917,-0.064896,-0.052704,0.34274,-0.018355,0.20414,0.29045,0.090462,0.0032937,-0.062932,0.33431,0.18821,0.099233,-0.092053,-0.07961,-0.2374,0.065251,0.17926,-0.16438,1.4593e-05,0.26936,-0.11993,-0.097732,0.097865,0.11644,0.21431,0.31456,0.064466,-0.0016183,-0.047211,0.45401,0.060683,0.29273,0.18069,0.18446,-0.173,-0.10538,0.11984,0.0044196,0.11964,-0.058674,0.20273,0.07122,-0.16405,0.27575,-0.029044,0.07756,0.10847,0.01399,0.24275,0.036482,0.055767,0.082088,0.49021,0.043845,0.14963,-0.14479,0.023366,-0.011859,-0.22143,-0.097437,-0.056504,0.033689,0.18571,-0.0051017,0.36775,0.23529,-0.1047
0.28483,0.27269,0.050345,0.099113,-0.14395,-0.019928,-0.076924,-0.37173,0.43845,0.19544,-0.067804,0.14554,0.13943,0.20504,-0.078998,0.2894,0.086443,0.057831,0.15241,-0.025852,0.13592,-0.24749,0.2132,-0.21262,-0.19716,-0.04967,0.45262,0.44992,0.02064,0.083751,-0.29564,0.18357,-0.11564,-0.02465,0.10946,0.13654,-0.032865,0.055966,-0.097615,0.18664,-0.14745,-0.054276,-0.057539,0.224,0.074117,0.31627,-0.13181,-0.10937,0.10551,-0.19172,0.033291,-0.19779,0.12621,-0.11517,-0.14996,-0.089473,-0.090131,-0.066851,-0.052326,0.23496,0.04508,0.017869,0.31869,0.38501,-0.022981,0.23779,-0.058723,-0.028227,-0.16325,-0.050121,0.27611,-0.021131,0.24874,0.67979,-0.29892,0.50951,-0.12027,0.031194,-0.30356,0.13382,0.096194,0.16581,0.18475,-0.22373,0.30527,0.19372,-0.052288,0.039362,0.15745,0.11004,-0.082833,-0.21878,-0.0012088,-0.093917,0.038624,0.11158,0.32446,0.11825,0.24414,-0.25714
-0.25046,-0.20436,-0.14726,0.053778,0.20306,-0.067908,0.1307,-0.042634,-0.0083549,0.35352,0.13295,-0.28443,-0.17117,-0.19976,0.16854,0.38343,-0.2656,0.40061,0.35769,0.28193,0.28465,-0.12066,0.14822,0.052413,0.061093,0.070234,-0.074053,0.14896,0.25779,-0.13582,0.28206,0.057083,0.13179,-0.021941,0.12198,0.23949,-0.018384,0.062636,-0.048211,-0.0028556,0.03543,0.24963,-0.19629,-0.040645,0.04573,0.31133,0.3287,-0.023439,0.20397,-0.097149,-0.093787,0.02683,0.3549,-0.038415,-0.072097,-0.24061,0.32701,-0.064405,0.008299,-0.057966,0.2268,-0.0066836,0.19353,-0.18174,-0.028292,0.018905,-0.012004,-0.047943,0.010359,-0.12013,0.26979,0.19282,-0.32371,0.29969,0.12943,0.15886,0.15778,-0.070401,-0.048402,0.17313,0.041853,0.51021,0.076109,0.38575,-0.13281,0.19068,-0.10347,-0.049947,0.1627,0.048252,-0.11783,-0.14747,-0.151,0.034377,0.055888,0.29815,0.076192,-0.029145,0.031508,0.26532
-0.1558,0.41032,0.029318,-0.25692,0.318,0.15612,0.018375,0.072285,0.07612,-0.087366,-0.20089,-0.0030319,0.08973,-0.051176,-0.068428,0.60664,0.068903,-0.29871,-0.052078,0.06258,0.094136,0.10861,0.065092,0.17735,0.41219,-0.048492,-0.15303,0.13642,0.014474,0.096584,-0.047581,-0.13566,-0.07496,-0.20707,0.34859,-0.11519,-0.1105,0.353,0.18924,-0.066946,-0.081179,0.039026,0.20929,-0.017759,-0.047274,0.01437,0.052916,-0.11773,-0.10791,-0.16938,-0.075277,-0.0070303,-0.067232,0.099479,0.024129,-0.038679,0.43242,-0.0047692,-0.28751,0.36463,0.14978,0.056853,0.10211,-0.1202,0.17151,0.15613,0.28765,-0.11636,-0.097461,0.021057,0.1124,-0.04224,0.10395,0.27587,0.0058755,0.040259,0.089788,0.028056,-0.17391,0.078011,0.15012,0.16166,0.27458,0.10764,0.17969,0.48506,-0.058535,-0.072152,0.12852,-0.34467,0.15616,0.066707,-0.14324,0.02387,0.017044,0.24785,0.26061,0.21423,-0.16558,-0.10444
0.18784,0.14752,0.16099,0.30602,0.11405,0.056072,-0.0077476,0.28296,-0.033076,0.2524,0.215,0.024735,0.027898,-0.1327,0.053659,0.14828,0.18275,0.12513,0.19986,0.15901,0.055827,-0.057229,-0.14651,0.14109,-0.076889,0.097185,-0.064483,0.097689,0.11267,-0.19521,0.19614,-0.011545,-0.23152,0.48482,0.032238,-0.25715,0.075514,0.032865,-0.028468,0.036647,0.12077,0.17881,0.032054,0.38452,0.019776,0.085078,0.21252,0.079762,-0.089371,-0.11572,0.16415,0.1755,-0.24917,-0.19366,-0.012943,0.17628,0.066588,0.37824,-0.27537,0.094583,-0.094869,-0.0145,-0.12534,0.15826,-0.22838,-0.14122,0.21964,0.079806,-0.016668,-0.0067417,0.0030287,-0.19286,0.24106,0.35482,0.14333,-0.029708,-0.12938,-0.047439,0.17097,0.4328,-0.0048843,-0.042488,0.20936,-0.18263,0.0035756,-0.020501,-0.076908,-0.10198,0.32669,-0.050361,0.21654,-0.15814,-0.078869,0.030552,-0.19741,-0.0211,-0.14547,0.22857,-0.0095866,0.26879
0.10234,0.42226,0.55043,0.016938,0.049038,0.048518,0.34761,-0.11726,-0.069387,-0.010125,-0.059366,0.27115,-0.16651,-0.048114,-0.023941,0.14006,0.1477,0.45219,0.2599,0.75913,-0.13524,0.28553,-0.0090476,0.18593,-0.11347,0.29505,0.010176,0.43364,-0.0060323,-0.17157,-0.029624,0.30115,0.1759,0.022025,-0.17049,-0.070652,-0.11663,0.11022,-0.054226,0.064323,-0.14082,0.038252,0.11744,0.020684,-0.01663,-0.1812,0.20358,-0.22679,0.66107,0.44788,0.057996,-0.07177,-0.14745,-0.041734,0.27591,0.30457,0.18605,-0.15578,0.30623,-0.007578,0.058449,-0.11083,0.17308,0.21508,0.10629,0.26058,0.30895,-0.060529,0.099903,-0.011144,0.049932,0.09884,-0.23164,-0.17023,0.04692,-0.087281,0.35431,-0.083059,-0.13991,-0.033898,0.036712,0.048915,-0.023781,-0.0041255,0.26703,0.16201,-0.30232,0.12304,-0.037338,0.053496,0.030028,-0.11723,-0.070378,0.40301,-0.0049411,-0.27168,-0.17699,-0.19943,0.17085,-0.11168
0.16418,0.044189,-0.13502,0.059555,-0.012545,0.11326,0.01119,-0.016475,0.21981,-0.025664,-0.074404,-0.0093457,0.37921,0.28664,-0.05873,0.041534,0.095598,0.48106,0.052831,-0.050753,-0.015072,0.024041,0.11962,0.023197,0.13876,0.093787,0.21374,0.048765,0.26406,-0.13426,0.06508,0.038299,-0.1007,-0.027932,0.38829,-0.10452,-0.38604,0.13,-0.009161,0.381,0.013842,-0.1177,0.34531,-0.099153,-0.14299,0.16388,-0.037094,0.060035,0.04512,0.12127,-0.16259,0.28138,0.020024,-0.1115,0.043158,-0.22124,-0.097403,-0.017434,-0.30262,-0.082063,-0.17961,-0.05977,-0.22617,-0.19324,0.039866,0.075598,0.095443,0.44303,0.17213,0.11607,0.14753,0.34753,0.20357,-0.16234,0.33103,-0.048966,-0.057178,0.29681,-0.0045795,0.29283,0.22276,-0.20386,0.24553,-0.13617,0.18469,-0.098311,-0.056211,-0.13291,-0.003044,0.45509,-0.033577,-0.11395,0.001749,-0.047496,0.042054,-0.29872,-0.0099115,0.32139,0.11229,-0.18092
-0.14253,0.19109,-0.1025,-0.067079,0.29657,0.13544,0.29919,-0.13625,-0.060912,0.20766,0.1322,0.27955,0.46692,0.16987,-0.13483,-0.1075,0.040794,-0.16266,0.019387,0.32928,-0.030478,0.17497,-0.20545,0.25787,-0.014902,-0.02975,0.66894,-0.059032,0.30053,0.15937,0.35832,0.25021,0.35269,-0.028597,-0.19589,0.11561,0.40166,0.14301,-0.05731,-0.010481,-0.08322,-0.04346,-0.17435,-0.2085,-0.15872,0.083154,-0.27935,0.1047,0.17282,0.16341,0.14956,-0.017236,-0.11759,0.1228,0.18143,0.10429,0.11237,0.1707,0.3668,-0.21253,0.18345,-0.1372,0.17996,0.10717,-0.18608,0.23364,-0.11386,0.079117,-0.065172,0.43943,-0.038836,-0.059093,0.030596,0.0065549,0.16333,-0.016264,-0.003613,-0.042474,-0.076829,0.16237,0.03817,-0.27793,-0.058775,-0.22387,-0.18344,0.045865,0.026997,-0.11633,-0.21028,-0.14979,-0.011047,0.17622,0.05992,0.061886,0.20321,0.16973,-0.12456,0.19725,0.091148,0.40846
0.14477,-0.15411,0.32235,0.079067,-0.086515,0.14974,-0.071505,-0.17744,-0.26119,0.15772,0.019455,0.080612,-0.1389,-0.078211,0.0083164,-0.072803,-0.17852,-0.1708,0.22136,0.074734,-0.12331,0.16051,-0.21269,-0.021173,0.12254,-0.057318,0.47964,-0.23561,-0.12154,0.40453,-0.030952,0.39748,0.13335,-0.13725,0.065877,-0.16359,0.15758,0.26247,0.26659,-0.073943,0.083081,0.018761,-0.22597,0.32967,0.0096096,0.35709,0.10709,0.20754,-0.20697,0.002059,0.35912,-0.046456,-0.015114,-0.20129,-0.014372,0.26443,0.1254,-0.011767,-0.0040677,0.11663,-0.0017396,0.0037949,0.071256,0.021078,0.023502,0.22471,0.30239,0.14448,0.3101,-0.082755,-0.22672,0.19737,-0.020959,0.076081,0.11735,0.13319,0.040697,0.080485,0.16849,-0.023288,0.31924,0.072485,0.21343,-0.1438,-0.069911,0.38403,0.13077,0.014184,-0.044247,0.011518,0.03244,0.078503,-0.10482,0.31185,0.034753,0.19352,-0.11946,-0.10409,0.21564,-0.093252
0.25722,0.22898,0.031299,-0.13806,-0.13584,0.074543,0.3094,0.3057,0.2727,0.42717,-0.1094,-0.24756,0.19675,0.16888,0.072857,0.012966,0.68535,0.17379,0.019658,-0.16342,0.12593,0.0099488,0.044027,0.14837,0.19378,0.17479,-0.13671,0.0029772,-0.084524,0.093881,-0.084424,-0.1543,-0.12455,0.22696,0.27369,0.10546,0.091062,0.133,-0.054336,0.12638,-0.19754,-0.066768,-0.047068,0.056668,0.21254,-0.32797,-0.14482,0.22901,-0.13452,0.32072,0.20329,-0.12628,0.25679,0.30913,0.01817,0.092857,0.094613,-0.19699,0.076905,0.32941,0.18412,0.044993,0.12169,0.018021,0.095177,-0.10568,-0.022254,-0.057313,0.33253,-0.22582,-0.21645,0.49384,0.12154,-0.097023,0.068873,-0.084097,0.047499,0.25531,-0.059793,0.18814,0.067166,0.18074,-0.043745,0.055475,-0.13895,-0.0077588,-0.13856,0.35638,0.038105,0.063062,-0.17561,0.034249,-0.11896,0.39673,-0.055713,0.18319,-0.14205,0.47148,-0.14656,-0.21901
-0.032558,-0.076004,0.076667,0.1497,-0.064332,0.044269,0.10117,-0.13384,0.12329,-0.058298,0.22339,-0.010652,0.46938,0.12784,0.30902,0.23737,0.46874,0.54155,-0.23289,-0.013984,0.17111,0.1027,-0.022867,0.07917,0.22113,0.22725,0.14143,-0.16273,-0.067978,-0.054045,0.094803,0.27726,-0.15047,0.20677,0.14281,0.065476,0.010001,0.15452,-0.12909,-0.14565,0.0039922,-0.066424,-0.42263,0.0009892,0.20952,0.1815,0.24107,0.084863,0.12052,-0.053502,-0.4187,-0.31983,-0.18779,0.32292,0.027227,-0.009381,-0.067724,0.24239,-0.19986,-0.077137,-0.046262,0.2624,-0.14989,0.0095354,0.13563,-0.023814,0.18943,-0.059764,-0.18077,-0.29977,0.020168,-0.09508,0.075737,0.44451,-0.012769,0.38069,-0.17248,0.48897,0.072643,0.29247,0.061434,0.31442,0.22562,0.22992,0.14557,0.086642,-0.21138,-0.25498,0.13153,0.49944,-0.052164,0.26912,0.0035216,0.19768,-0.27567,0.072965,0.40125,0.10748,-0.096025,0.10509
-0.13632,0.087406,0.024014,0.14526,0.20342,0.035501,-0.15142,0.41441,0.149,0.45371,0.043205,0.16316,-0.15668,-0.054794,0.24099,-0.09837,-0.017581,0.42273,-0.033345,-0.15483,0.16313,-0.0034552,-0.048737,-0.006195,0.33004,0.19667,0.069775,0.1298,0.0048152,0.074038,-0.076733,0.043658,-0.16843,0.012362,0.010312,0.073354,0.021914,-0.089829,-0.098113,0.11043,0.046471,0.12477,-0.19483,-0.12654,0.07248,-0.06476,-0.21828,0.19479,0.11908,0.14005,0.19069,-0.10193,0.23147,-0.12926,-0.071534,0.22227,0.46784,-0.11231,0.11011,-0.32013,0.099266,0.21699,0.15888,-0.21132,0.033946,0.13473,0.32525,-0.2139,0.084486,-0.015419,-0.32963,-0.081363,0.2775,0.13931,0.13746,0.46298,0.043208,-0.04248,0.13482,-0.25012,0.18301,0.12451,-0.086092,0.051553,0.13214,0.023206,0.15444,0.098694,-0.047824,0.20856,0.080759,0.058117,0.11985,0.33332,0.009274,0.60445,-0.080692,-0.030406,0.14091,-0.30617
-0.037981,-0.1142,0.17708,0.26824,-0.17215,-0.048846,-0.056717,-0.22648,0.29048,0.36324,0.09544,0.34581,-0.075103,0.21241,0.51237,0.27522,0.47161,0.30843,0.071831,0.1158,-0.13674,-0.075247,-0.059583,-0.0053463,0.097116,-0.18662,0.29579,-0.0093517,0.3511,-0.023535,0.090099,0.211,-0.10674,0.11721,-0.26632,0.013844,-0.3039,0.16095,-0.29235,0.2062,0.049588,-0.20808,-0.091769,0.22456,0.10694,-0.14611,0.081284,0.11206,-0.00061377,-0.22555,0.2434,-0.21146,-0.083287,0.26569,0.24403,0.037721,-0.1057,0.25741,0.16344,0.035287,-0.12905,0.24872,0.25344,-0.15829,0.008028,-0.024359,-0.070965,-0.14613,0.14913,0.022622,-0.0994,-0.007351,0.13736,-0.14731,0.27713,0.071984,0.33688,0.12084,0.24769,-0.071018,-0.12111,0.079144,0.37916,0.19046,0.131,0.24475,-0.29452,0.085034,-0.14134,-0.094972,0.16226,-0.048236,-0.017297,-0.2158,0.077724,-0.17436,0.10086,-0.055324,0.14157,0.0057309
0.25009,0.46426,0.15016,-0.088476,0.24252,-0.035434,0.0051562,0.12734,-0.12525,-0.14968,-0.3443,0.38931,-0.10553,-0.018193,0.24874,0.17395,-0.17523,-0.22625,-0.12433,0.26134,0.024188,-0.032307,-0.17832,0.21833,-0.013642,0.14981,-0.16445,0.20535,-0.11451,0.064689,-0.064813,0.12326,0.068395,0.19373,0.067168,-0.26062,0.10294,0.16956,-0.043113,0.084184,-0.016328,0.063742,0.62546,0.05686,0.11735,-0.15124,-0.065027,-0.054868,-0.027715,0.11786,0.46597,-0.084619,-0.025937,-0.18735,0.23508,-0.022307,-0.13981,0.031172,-0.17856,-0.27248,-0.10908,0.049195,0.091005,0.026971,0.0805,0.10255,0.0036756,0.087811,-0.033154,-0.00089859,-0.019256,0.49031,0.068067,0.27533,-0.1238,-0.07014,-0.062208,-0.077751,-0.19611,0.16527,0.063436,0.17237,-0.034305,-0.19253,0.035112,0.003744,-0.023038,0.38064,-0.087986,0.057904,0.092699,0.14501,0.22227,-0.14653,-0.058492,0.086217,0.13814,0.108,0.0621,0.17092
0.19793,-0.14155,0.065202,-0.14326,0.022286,-0.087204,-0.35081,-0.14422,0.51778,0.38468,-0.17196,0.3543,-0.13009,-0.010324,0.28908,0.20431,-0.18776,-0.042807,0.29159,0.03282,-0.30631,0.1136,-0.015995,0.066146,-0.22914,-0.29091,0.17831,-0.19771,0.42961,0.18808,0.37247,-0.030485,-0.26471,-0.028055,0.061918,-0.20908,0.16125,-0.093506,-0.032538,0.38634,0.32325,0.44507,0.071561,-0.12478,-0.0078153,0.25615,-0.11664,0.08853,-0.13971,0.53492,-0.1103,0.41509,0.098393,-0.14254,-0.29756,0.15785,0.0094994,0.17059,0.25371,-0.072353,-0.10895,0.33209,-0.18321,0.14256,0.55849,-0.09536,0.12009,0.099663,-0.16572,-0.19863,-0.14463,-0.036524,0.33139,-0.43778,-0.06402,0.21489,0.2023,0.24534,0.12541,0.46203,0.15658,-0.21798,0.080559,-0.02883,0.22318,0.017021,-0.046,0.30067,0.6338,-0.028512,-0.043945,0.027965,0.22429,-0.041688,0.14343,0.31885,-0.084932,-0.075083,-0.0040223,-0.2146
-0.14318,0.21967,-0.073629,0.17179,0.19381,0.10806,-0.095882,0.34785,-0.15512,-0.049236,0.048391,0.36632,0.03405,0.30639,-0.12462,-0.089169,0.077474,0.37083,0.093616,-0.16821,0.1566,0.19793,-0.13396,-0.21206,0.22372,0.33272,-0.12615,0.074595,-0.039161,-0.12195,-0.10111,-0.087393,0.074425,-0.039633,0.30852,0.20493,-0.050353,0.031341,0.44615,-0.10722,0.79122,0.32918,0.17491,-0.18847,-0.067451,-0.096449,-0.02492,-0.22667,0.00090966,-0.15473,0.053331,0.29202,0.34451,0.24033,0.009895,0.0070511,-0.27745,0.090983,-0.34066,0.035547,0.017195,0.014406,-0.29582,0.29819,0.36057,-0.026981,0.30534,-0.025019,-0.18825,-0.17672,0.21863,-0.0007133,0.084888,-0.0076721,-0.040121,-0.33128,0.15475,0.17249,-0.03137,0.17452,-0.22694,0.014893,0.05448,0.053549,0.26052,-0.18234,0.13568,0.11347,-0.2304,0.039398,-0.26555,0.33517,0.15632,0.48622,0.26739,0.022635,-0.12997,0.30377,-0.064729,-0.19711
0.18447,0.063146,-0.049128,-0.10656,0.18969,0.065109,-0.027311,0.2726,0.31913,0.10324,-0.083001,-0.071533,0.043304,-0.12825,-0.011154,-0.017352,0.064796,-0.039783,0.21652,0.07803,0.4315,0.50802,0.10581,-0.20182,0.51471,0.21614,0.077105,0.17882,0.25485,0.12354,-0.01272,0.2175,0.14839,0.46254,-0.061021,0.051793,-0.11228,0.059371,0.24875,-0.12338,0.21606,-0.22161,0.17222,-0.1617,-0.17121,-0.046003,0.32043,-0.26491,-0.065296,-0.02036,0.3811,-0.19327,-0.053721,-0.21435,-0.17809,-0.029411,0.43573,0.015669,0.1712,-0.04773,0.33201,0.13381,-0.078713,0.21163,0.27092,-0.1365,0.076745,0.032229,-0.01483,-0.16037,0.00095477,0.0086739,0.0030524,-0.1942,0.014057,-0.18992,0.54157,0.11553,-0.020953,0.17221,0.23782,-0.14268,-0.11591,0.12561,-0.087684,0.073636,0.21554,-0.054152,0.17772,-0.0062483,-0.1188,-0.32687,-0.07999,0.19914,-0.082429,0.16992,0.60796,-0.13682,0.023947,0.52327
0.13119,0.23822,-0.1093,-0.060835,-0.1574,-0.168,0.047924,-0.047493,-0.037421,-0.25785,-0.27522,0.37055,0.56698,0.22421,0.00148,-0.20819,0.037012,-0.011112,0.12939,0.071722,-0.099745,0.016947,-0.11519,0.019457,-0.14848,0.28374,0.015349,-0.05835,-0.2074,0.0079607,-0.051114,0.074682,0.0049266,-0.17446,-0.029373,0.16346,0.37545,0.086945,0.00027826,-0.23055,-0.054213,-0.21785,0.021597,-0.16515,0.016863,0.020814,0.21272,0.6488,0.026949,0.16713,-0.35767,0.29629,0.086341,-0.055522,-0.19042,-0.13422,0.55378,0.21225,0.10785,-0.12248,-0.002085,-0.068133,0.10247,0.044042,0.09391,0.09682,0.14002,-0.010475,0.06349,-0.019895,0.49483,0.32601,0.0040872,-0.071243,-0.13707,0.0026455,-0.033263,0.3637,-0.016176,0.2122,0.10264,0.21047,-0.14777,0.19056,0.10176,0.44064,0.20683,0.1018,0.30511,0.056709,-0.11031,0.04364,-0.048431,-0.16622,0.40862,0.2268,-0.018646,-0.18474,0.25836,0.1846
-0.017093,0.032395,-0.055657,-0.21866,-0.13608,0.24766,-0.22077,0.12208,0.18714,0.089525,0.10212,0.19795,-0.034001,-0.073459,0.33331,-0.21945,0.38281,-0.07672,0.081935,0.38146,-0.10593,0.12046,0.12343,-0.23423,0.16527,0.05648,-0.20108,0.0017615,0.25412,0.016047,0.27127,0.090261,0.033852,0.284,-0.12659,0.22154,-0.094577,0.33633,-0.13249,0.21922,0.060947,0.26839,0.0029541,0.054013,0.1564,-0.27719,0.17946,0.13785,-0.20782,0.090308,0.42978,0.10271,0.099954,-0.12907,0.21667,-0.027431,0.22192,0.070516,0.094496,0.092534,-0.23072,-0.15259,0.1633,-0.19593,-0.26311,0.2856,-0.15485,0.49084,0.22687,0.012635,0.15538,-0.054505,0.24853,-0.13939,0.049787,-0.081364,0.15169,-0.024539,0.015077,0.11349,0.26297,0.27193,0.11731,0.098249,0.13269,0.30697,0.19431,0.069454,-0.29959,0.1154,-0.018046,-0.22776,-0.033748,0.22973,-0.10297,-0.17328,-0.10431,-0.035699,0.17423,0.22518
-0.31305,0.0065277,0.13942,-0.24347,0.12958,0.14909,0.28995,0.081969,0.10926,-0.043646,0.011286,-0.054666,-0.14081,0.13532,-0.19445,0.12058,0.039444,0.48732,-0.0087384,0.23489,-0.024654,-0.022664,-0.17268,-0.24576,0.25452,0.33299,0.30095,0.20301,-0.022457,-0.24339,-0.030202,0.37135,0.09806,-0.16856,-0.01425,0.172,0.14142,0.21881,-0.010716,0.32101,-0.22189,-0.086049,0.46969,-0.12341,-0.049798,0.083409,0.22703,-0.053962,0.44293,-0.11475,0.16329,0.028477,-0.035605,0.2269,-0.061286,-0.12596,0.13095,0.093286,-0.1216,-0.27197,0.11658,-0.14039,-0.0045633,-0.095876,-0.26339,-0.15605,-0.11456,0.46347,-0.01012,-0.10299,-0.11677,-0.26471,-0.12776,-0.033778,-0.070275,0.11305,-0.19987,0.5847,-0.038723,-0.054966,-0.06684,-0.050172,0.04193,0.44117,-0.028996,0.35519,0.15209,-0.0659,0.19755,-0.13719,-0.043337,0.091872,0.12515,-0.052418,-0.011208,0.10733,0.22952,0.10156,0.17131,-0.29549
-0.11065,-0.070977,0.043992,0.18683,-0.04657,0.025726,-0.0042103,0.052528,-0.089237,-0.079484,-0.20564,-0.049189,-0.095841,0.1816,0.11059,0.055423,-0.0057011,-0.11579,-0.23596,0.17808,0.12399,-0.16383,0.14953,0.30294,0.01422,0.064658,0.20444,0.082252,0.2908,0.1826,-0.010082,-0.070393,0.15771,0.0046658,0.077251,0.53095,-0.031797,-0.03369,0.07546,-0.0059938,0.14283,-0.0037929,0.023849,0.032732,0.1032,0.0025122,-0.15704,0.10154,0.074151,-0.084868,0.24787,0.1178,-0.043991,0.36113,0.15173,-0.08077,-0.022297,0.0086447,0.012775,-0.0026939,-0.0071069,-0.017626,0.15087,0.21354,0.03383,0.25118,-0.12083,-0.11013,0.17026,-0.16559,-0.16203,-0.019115,0.27109,0.51042,0.20596,-0.096605,-0.37978,0.46008,-0.26381,0.31626,0.023277,0.28159,0.22163,0.39304,0.032138,0.044064,0.15176,0.19001,0.021426,0.2506,0.10714,-0.1487,0.6709,0.10614,-0.19072,-0.19711,0.02416,-0.19389,0.044269,0.32006
-0.024956,-0.26292,-0.085829,0.090199,-0.25684,0.1479,0.31263,-0.10594,0.53789,0.010444,-0.03035,-0.079736,0.017161,0.14327,0.19437,-0.13616,0.35698,0.36124,-0.20939,0.019612,-0.024282,0.14957,-0.03536,0.54041,-0.036336,0.15705,0.092065,-0.036423,0.20475,-0.068014,0.40936,0.056198,0.40179,0.28566,0.35741,0.14151,-0.04647,-0.038675,-0.042666,0.27391,0.1764,0.15694,-0.13461,0.26617,0.25347,-0.07357,-0.011043,0.18065,-0.13652,-0.10621,-0.17985,-0.16006,0.22503,0.23936,0.17482,-0.077318,-0.18454,0.44832,0.21989,0.40352,0.14031,0.25642,0.015485,0.053809,-0.2123,-0.061111,0.24734,0.35789,-0.076022,0.39286,0.16321,-0.038895,0.084911,-0.13444,0.12204,-0.11208,0.00024553,0.21594,-0.30995,0.49266,0.32101,-0.018331,-0.0013238,-0.10145,0.49284,0.57306,-0.02478,0.020983,0.0053654,0.32603,-0.068086,0.18993,0.74849,0.10307,-0.045002,0.081365,0.033271,0.044477,0.10917,0.28504
-0.081294,-0.14523,-0.17818,0.28094,-0.033151,-0.12602,-0.18216,-0.00041781,-0.045998,-0.049892,-0.031965,-0.0041482,0.16734,0.10094,0.037377,0.041728,0.31384,-0.034242,-0.10781,0.10688,0.4422,-0.070496,0.23709,0.075121,-0.10967,0.1064,0.14435,0.4295,0.31079,0.19544,-0.10593,-0.11787,0.35665,0.05034,0.35411,0.34517,-0.059377,0.13813,-0.064367,0.31587,-0.020921,0.15761,0.27439,-0.021454,0.0982,-0.080127,0.090221,0.2994,0.085726,-0.010743,0.03709,-0.12334,-0.1612,0.16004,-0.031027,-0.057542,0.29923,0.1428,0.23568,0.1464,-0.14375,0.18754,0.21555,0.39183,0.25996,-0.19772,-0.26156,-0.19694,0.21677,-0.056602,0.079371,0.1825,-0.064207,-0.090286,-0.14108,0.28226,-0.10363,-0.10874,-0.060693,-0.063982,0.42278,-0.11184,0.13034,0.078324,-0.18598,-0.0999,-0.14787,0.18582,0.19513,0.2389,0.10738,-0.033517,-0.082298,0.20834,0.2056,0.050073,0.03722,-0.0053157,0.15906,-0.12913
-0.035847,0.18746,-0.053115,0.34475,0.14753,0.33131,-0.00026329,-0.0075369,0.25718,-0.21318,0.46428,0.36056,0.24378,0.0025351,-0.054506,-0.17634,0.045234,0.21028,0.0022354,0.023874,0.1331,0.076969,-0.057126,0.094199,0.011093,0.33054,0.29467,-0.091296,-0.093485,0.060371,0.072085,-0.059624,0.081899,-0.041668,-0.10435,0.022934,-0.21965,0.42033,-0.24036,0.059769,-0.17224,-0.24172,0.08223,0.20844,0.12932,0.31669,0.18255,0.233,-0.23006,0.16141,0.26951,-0.036431,0.2276,-0.1241,0.00832,0.071889,0.14084,-0.11415,0.20097,-0.15849,0.10994,0.093902,-0.034909,0.025971,-0.08054,-0.11501,0.0011692,-0.28599,-0.013567,-0.18017,-0.031563,0.33391,0.29486,0.027902,0.30051,0.31609,0.044934,0.33084,0.071507,0.22104,0.12884,0.10388,0.05176,0.027317,0.2839,-0.084789,0.086347,-0.1789,-0.21497,-0.22184,-0.023009,-0.039342,0.34868,0.27002,0.14013,0.17261,0.063852,-0.12742,0.031592,0.43213
0.013798,0.45374,-0.090038,0.17197,0.17328,0.1351,-0.21498,-0.036454,0.091652,0.15236,0.0082983,-0.025583,-0.18814,0.39325,-0.16978,-0.16462,0.11185,-0.036924,0.21713,0.088605,0.26166,0.25836,-0.054556,0.12676,-0.18046,-0.18179,-0.024462,0.016147,0.39256,-0.061628,0.42494,-0.11237,-0.069929,0.069805,0.12878,-0.025144,-0.048898,0.40393,0.090172,-0.098929,0.22112,0.47677,-0.098974,-0.30685,0.31357,0.069996,0.1054,-0.16126,-0.066868,0.11492,-0.096948,0.12632,0.38788,0.10831,0.053657,0.25691,0.33357,-0.11058,-0.24306,0.084237,0.20394,0.12257,0.32758,0.045316,0.13702,-0.098516,0.29053,-0.035887,-0.13197,0.20419,-0.10595,-0.3053,-0.10502,0.074052,0.043697,0.030719,-0.088409,-0.039914,-0.26833,0.098854,0.1182,0.11156,0.097998,0.53638,-0.012224,-0.16023,-0.22161,0.10165,0.13261,-0.11409,-0.076999,-0.11892,-0.019565,0.098419,0.059541,0.44226,0.32307,-0.02318,0.2848,-0.021805
-0.10274,0.10035,0.3609,-0.070671,0.021924,0.16989,-0.25395,0.063728,-0.068896,-0.084574,0.09718,-0.054244,0.040739,0.094005,-0.31903,0.40026,-0.12771,0.03602,-0.12973,0.19909,0.044959,0.4405,0.34706,0.24322,0.12921,0.33556,0.092152,0.032132,0.11241,0.11358,-0.014933,0.18507,0.19894,0.64057,0.043531,-0.1163,0.0051103,0.077283,-0.086874,0.052861,-0.35269,0.41205,0.067373,0.049133,0.1692,0.13588,0.1187,-0.15715,-0.1255,-0.13964,-0.21038,0.079793,-0.084126,-0.018117,0.21017,0.42317,0.43937,0.022468,0.028372,-0.061159,0.1644,-0.069467,-0.10201,0.075824,0.31394,-0.09282,0.15439,0.077601,0.24566,-0.086272,0.20471,0.042993,-0.017975,0.065892,0.199,0.28477,0.51396,0.39929,0.52603,-0.011725,-0.067058,0.35886,0.34351,-0.31862,-0.23807,-0.12103,0.13286,-0.014475,0.29496,0.19269,0.10151,-0.082337,-0.090754,0.19789,-0.11063,0.025064,0.17643,0.28459,0.0029458,0.017422
0.11965,0.081116,-0.022924,0.17755,0.33178,-0.074276,0.11737,0.10904,0.24443,-0.046789,-0.16546,0.28605,0.15837,0.23935,0.091035,-0.15833,0.29924,-0.0022727,0.085498,-0.041651,0.092916,-0.038373,0.096073,-0.028371,0.0017006,0.030365,0.079559,0.093682,0.47256,0.2088,0.28326,0.062476,0.17328,0.050245,-0.13281,0.13729,0.21248,-0.26175,0.24495,0.0037496,0.37522,0.15242,0.10803,0.39635,0.21551,0.54906,-0.26685,0.22806,-0.13188,-0.26659,-0.0040126,0.23093,0.08046,0.22626,-0.27258,0.29244,-0.091483,-0.034451,-0.0046915,0.10299,0.11339,-0.10495,-0.17765,0.19683,-0.22009,0.039995,-0.042474,0.018235,-0.053494,0.10952,0.16696,0.079677,-0.14998,0.12004,0.0080282,-0.28228,0.59377,0.079658,0.080201,0.18888,0.10767,0.13395,-0.047939,0.25291,-0.13787,0.15846,0.2727,-0.42976,-0.095766,0.078093,0.24425,-0.1724,0.29866,0.041724,-0.22509,0.18739,-0.096598,-0.093241,0.075432,-0.15375
0.27066,0.22056,-0.34784,0.24867,-0.19752,0.072049,-0.050728,-0.26783,-0.12952,0.26805,0.071907,0.18855,0.085333,0.062286,0.23591,0.12427,0.40754,-0.029937,0.060297,0.29634,0.2534,-0.054749,0.12341,0.2325,-0.054659,-0.040594,0.31511,0.18951,0.086332,0.098765,0.26351,0.077554,0.17051,0.097934,-0.24422,0.15833,0.091545,-0.26274,-0.0073329,-0.058162,-0.22994,0.090204,0.20807,-0.0087423,0.14752,-0.2361,0.061638,0.1881,0.22005,0.099596,-0.088043,0.11973,0.19192,-0.0094703,0.016517,-0.18615,0.2552,-0.19203,0.040253,-0.066192,0.52521,-0.068848,-0.084446,-0.01949,0.26081,-0.052976,-0.16107,-0.066559,-0.21514,0.60957,-0.093423,-0.033739,0.14684,0.29695,0.071999,-0.041067,0.15833,-0.24763,0.082518,0.038304,-0.07953,0.32642,-0.17025,-0.015793,0.1427,-0.015129,0.082806,0.16045,0.21527,0.15556,0.42107,-0.0082571,0.028729,-0.03366,0.10547,0.11455,-0.11032,0.16484,-0.10574,-0.0090738
0.12323,0.33887,0.037299,0.28302,0.11643,-0.27153,0.19456,-0.25318,-0.0034584,-0.18052,-0.060669,-0.18197,-0.010867,0.052622,-0.014201,-0.063549,-0.090506,-0.17927,0.14662,-0.09055,0.14283,0.24033,0.041235,0.052719,0.11415,0.92625,-0.054294,-0.082263,0.35732,0.15112,0.148,-0.13761,0.057482,0.29581,-0.027833,0.26874,-0.0284,-0.13428,0.22917,-0.18115,-0.10913,0.14465,0.37894,-0.025714,-0.25958,0.11962,-0.034393,0.095631,-0.093172,0.56009,-0.15631,0.16216,-0.057385,0.14709,0.1286,-0.070144,0.22348,0.28638,0.26558,0.30889,0.11386,0.21259,0.21432,0.2861,-0.042008,-0.16354,0.36164,0.11533,-0.16371,0.11122,-0.042815,-0.15049,-0.10885,0.28928,-0.062108,0.18119,0.30733,-0.18274,0.14676,-0.27877,-0.11462,0.21291,0.069533,0.17735,-0.043459,0.23699,-0.40656,-0.0028967,-0.07294,0.054457,0.14111,-0.10553,-0.050087,-0.045092,0.14172,0.044732,-0.21234,0.049806,0.0019513,0.19642
0.20468,0.12029,-0.10993,0.098588,-0.037712,-0.12493,0.42017,-0.27011,0.017873,-0.28583,-0.20414,0.13375,0.13119,0.2044,-0.20673,0.31231,-0.16518,0.18418,0.41211,0.38248,0.18109,-0.14312,0.026136,-0.0038174,0.21966,-0.29686,0.088997,0.18739,-0.26531,0.24765,-0.089359,-4.148e-05,0.52554,0.2887,0.025612,0.13792,-0.12213,0.17099,-0.13594,-0.26181,-0.23269,0.33494,-0.046057,-0.0023906,0.22743,0.017501,0.22262,-0.022795,-0.31434,-0.21819,0.20953,0.37537,0.25872,-0.33993,0.077679,0.32132,-0.13753,0.16044,0.41444,-0.23415,0.02692,0.16467,0.030724,0.6314,0.21404,-0.26145,-0.14979,0.23219,-0.2322,-0.13396,0.16127,0.0073047,0.18452,0.14329,0.032136,-0.087761,-0.40992,0.055196,0.21989,0.024183,0.090002,0.24893,-0.084732,0.08191,-0.11982,0.081577,-0.12545,0.086178,-0.2231,0.13688,0.12171,0.073535,-0.014854,0.11986,0.11457,0.40153,0.2201,0.0092367,0.0037672,0.05441
-0.00055753,0.4182,0.087685,-0.080328,-0.30431,-0.05445,0.23712,0.06525,0.26036,0.1868,-0.0196,-0.0028431,-0.19013,0.29526,0.040626,-0.12315,0.30344,-0.16765,0.12444,0.18255,-0.079012,0.11725,-0.042728,0.34202,0.072951,0.14697,0.51999,0.015962,0.11166,-0.25694,0.14503,0.20658,-0.010843,0.12163,-0.20668,-0.18525,0.22791,-0.30868,0.018383,0.4043,0.16687,0.42254,0.0769,0.1479,0.093492,-0.14088,-0.01688,-0.043389,0.16788,0.080113,0.52213,0.099877,0.15009,0.12429,-0.040467,0.26855,-0.015802,0.26124,0.087243,-0.031143,0.31408,-0.20878,-0.19084,0.17918,0.13444,-0.025367,-0.13497,-0.18944,0.016773,-0.15077,0.18246,-0.15627,0.057431,-0.17875,0.14843,-0.020741,0.012113,0.12465,0.12606,-0.131,0.16402,0.2295,0.099712,0.24865,0.26607,-0.19584,0.027465,0.045153,0.15829,-0.15459,-0.13248,-0.22594,-0.12671,0.014487,-0.15131,0.64839,-0.35128,0.3209,-0.051366,0.1552
-0.090305,0.09344,-0.057278,0.35867,-0.12837,0.00342,0.1224,0.42114,-0.18773,-0.092888,-0.0080201,0.061249,0.11387,-0.11658,0.06035,0.37408,-0.094728,0.21416,-0.095644,0.35767,0.052607,0.1023,0.31292,-0.025134,0.063913,0.036606,-0.078353,-0.054394,-0.16915,-0.090854,0.04417,0.059314,0.089222,0.040126,0.15633,0.35086,-0.025202,0.064786,-0.13868,-0.27173,0.44671,0.39158,0.12852,0.1941,0.0041159,0.23687,-0.22291,0.10285,0.22891,0.17799,0.0063187,0.12188,0.18116,0.15808,-0.19909,-0.27006,0.43927,0.1234,0.44502,0.0039774,0.080651,-0.1593,0.43927,0.17784,0.033677,0.42634,0.27219,-0.14531,0.11079,0.26857,-0.13503,-0.079577,0.48299,0.15919,0.24257,-0.21511,0.049954,0.21987,0.27773,0.21177,0.29249,-0.097506,0.28603,0.34587,-0.0050776,-0.3371,-0.10475,-0.076565,0.088208,-0.16359,-0.01807,0.45836,-0.062055,0.17905,0.20523,0.093736,-0.053036,0.064827,0.22609,-0.063314
0.05652,0.0073027,-0.18971,0.1077,0.05305,0.20285,0.12181,0.16667,0.034054,-0.13812,0.12448,0.44369,-0.19613,0.045015,0.15557,-0.13876,-0.038677,0.13499,-0.0018683,-0.098221,0.013678,0.2498,0.12406,-0.0719,-0.0074356,0.21781,-0.42398,0.08708,0.048931,0.024405,-0.28257,-0.18356,0.19367,0.5539,0.080442,0.32118,-0.086589,-0.053894,0.00042221,0.022875,0.25361,0.16675,-0.066988,-0.2838,0.068774,-0.022419,-0.074508,0.17478,0.15167,0.27203,0.1907,0.10655,0.0018183,-0.055358,0.5148,0.29813,0.098287,-0.28666,0.23472,-0.17002,0.13147,-0.043565,-0.1705,-0.27404,0.0080688,0.36818,0.087669,0.21408,-0.13878,-0.023915,0.051426,0.22615,-0.21914,0.058907,0.076602,0.39381,-0.13736,0.088426,0.49205,0.058233,0.015052,0.252,0.34271,0.20169,0.15535,0.3853,-0.053628,-0.10956,0.36037,0.035171,0.058181,0.60623,0.097519,0.036131,-0.068086,0.0068584,-0.062792,0.202,0.19645,0.062828
0.22353,-0.26727,0.42902,0.066002,0.26471,-0.043329,-0.21163,-0.18034,0.10322,0.13488,0.18332,0.48655,0.090528,0.37265,-0.015589,0.028953,0.078353,0.25415,0.017873,-0.019681,-0.12682,0.35566,0.034119,0.35923,0.0077226,0.10819,0.028774,-0.099324,0.40058,-0.012588,-0.3297,0.41943,0.22004,0.39063,-0.17211,0.025788,0.066726,-0.094779,-0.1934,-0.089935,0.18032,0.16002,0.35715,-0.069791,0.49479,-0.055334,0.0095399,0.00076686,-0.14838,0.19738,0.08316,-0.003445,-0.042744,-0.1024,-0.19279,-0.044362,0.32497,0.55955,-0.095436,0.19475,0.056106,0.10836,-0.088792,0.0126,-0.015116,-0.012392,0.02339,0.23089,-0.05612,0.18045,0.058646,0.068533,0.32032,0.42259,-0.09641,0.0092182,0.20841,-0.15985,0.22321,-0.055714,-0.24868,-0.068853,0.04086,-0.1303,0.15718,0.049466,-0.21873,-0.040864,-0.023844,0.22011,-0.16899,-0.10163,0.36517,-0.2111,-0.025203,-0.22031,0.077646,0.21748,-0.10725,0.28606
0.011055,-0.1178,0.30352,-0.080258,-0.12654,-0.060877,0.10993,0.081025,0.2772,-0.13756,-0.2257,-0.013291,0.13183,-0.13198,-0.12984,-0.092406,-0.15012,-0.04137,0.040121,-0.10626,-0.086973,-0.013749,-0.075714,0.042428,-0.16452,-0.096282,0.19827,0.3909,-0.071563,0.38076,0.30751,0.033843,0.28099,0.15081,-0.099409,0.24245,0.17317,-0.046257,0.34531,-0.039132,0.41371,0.25381,0.060447,-0.11553,0.073559,0.041607,0.069048,0.36542,0.65149,-0.208,0.21823,-0.077165,-0.082215,-0.27684,0.11344,0.074126,0.20751,0.23446,0.10002,0.044147,0.14554,0.089924,0.1455,0.47949,0.26244,0.31562,0.0030629,0.46919,-0.11235,0.37549,0.082344,0.00087613,0.11863,0.29246,0.44536,-0.026058,-0.028911,0.39307,-0.29912,0.16973,0.35051,-0.014328,-0.24539,0.056588,-0.15782,-0.20554,-0.010515,0.0094497,-0.15819,-0.052034,0.071752,0.04959,0.18169,-0.028039,-0.055507,-0.33377,-0.16645,0.25567,0.045355,-0.24537
0.1283,0.54428,0.42835,-0.158,0.13786,0.14707,0.10988,-0.23526,0.16321,0.28615,0.25907,0.18141,0.14959,0.092742,-0.16923,0.039243,-0.095238,0.17794,0.010055,0.20932,0.18996,0.39781,-0.11345,0.032324,-0.050222,-0.11094,0.24725,0.044157,-0.19648,0.12694,0.39961,0.18423,-0.044523,-0.08993,0.03802,0.30848,0.08437,-0.043185,0.022107,-0.15823,0.14498,-0.07303,-0.28908,0.16663,0.40871,-0.01759,0.55019,0.52476,0.072667,0.13602,0.19017,0.17039,-0.13147,0.41204,-0.063447,0.051357,0.11508,0.050072,0.003076,0.30518,0.20291,-0.21577,0.14383,0.028152,0.084592,0.036504,0.10603,-0.29415,-0.14211,-0.13861,0.02877,0.082527,-0.010258,0.0016374,0.2799,0.46909,-0.052477,-0.014256,0.11724,-0.057255,0.022832,-0.20616,0.11911,0.37394,0.19234,0.089469,-0.12501,-0.029103,0.14035,-0.021244,-0.13791,0.0019522,-0.19692,-0.22616,0.14489,-0.24236,0.053428,0.16688,0.19144,0.060591
0.011726,-0.13621,0.22102,-0.21242,-0.02541,-0.028387,0.17191,0.031005,0.48031,0.1504,-0.21938,0.50299,0.13528,-0.069159,0.28316,0.26694,0.31948,0.69926,0.21722,-0.023238,-0.35921,0.33792,0.33647,-0.26895,0.10315,0.31252,0.1821,0.11824,0.309,-0.213,-0.029071,0.20222,-0.093186,0.30319,-0.083042,-0.094229,0.19592,0.11285,-0.13855,-0.19377,-0.087387,0.23139,0.18961,-0.10149,0.010055,0.0395,0.093348,-0.084117,-0.11595,-0.021904,-0.00053657,0.12834,0.22674,-0.11958,-0.044111,-0.15892,0.12645,0.23854,-0.014265,0.16234,-0.041806,-0.13053,-0.15377,0.19653,-0.07245,-0.047569,0.036369,-0.24092,-0.036843,-0.25956,0.013528,-0.019055,0.16745,0.22155,-0.30404,0.44127,-0.026583,-0.18193,-0.099518,-0.18462,0.0065966,-0.024123,0.67142,0.018571,0.14395,0.027069,0.10638,0.089472,0.65627,0.011275,-0.01843,0.22459,0.076211,-0.088308,0.18895,-0.0088029,0.070447,0.087178,0.2323,0.15112
0.056784,0.41144,0.027739,0.30442,0.46985,0.084013,-0.0091807,0.068496,-0.09424,-0.045749,0.17858,-0.13499,0.085926,0.20565,0.35679,0.46531,-0.031756,0.025997,-0.020538,-0.031329,-0.10122,-0.056036,0.32955,-0.012266,-0.11519,-0.21547,-0.067785,0.072038,-0.20212,0.12862,-0.14623,0.16408,-0.067952,-0.05376,0.34393,0.5691,0.24238,-0.15472,-0.082131,0.18722,-0.078381,0.018641,0.20255,0.27618,0.085617,0.052137,0.03696,-0.015145,0.18168,0.062949,-0.058372,0.047662,0.34746,-0.1753,-0.11426,-0.0025811,-0.065409,0.067096,0.078324,0.18534,-0.011522,0.20663,0.095644,0.054997,0.20217,0.21591,0.26311,-0.16357,-0.12384,0.083467,0.1201,0.12809,-0.10546,-0.13852,-0.13018,0.0035154,0.48462,0.036739,-0.03949,0.34519,0.43541,0.07901,0.26786,0.14089,-0.027261,0.12824,-0.02938,-0.0090039,-0.11672,0.046427,-0.10875,0.035486,-0.052845,-0.18537,-0.37965,0.071642,-0.034238,0.17058,0.0083307,0.068881
0.19736,0.3121,-0.16676,0.1154,0.41386,0.06284,-0.071809,-0.094571,0.35062,0.25396,0.040085,-0.082103,0.14299,0.33272,-0.1729,0.028725,0.12499,-0.032248,0.074305,-0.11125,0.08592,0.047302,-0.10626,-0.17424,-0.1046,-0.051669,0.068115,0.19454,0.18597,0.12034,-0.064753,0.070688,0.082811,0.26616,0.096739,-0.0033849,-0.049069,-0.078373,-0.175,0.085313,0.35516,-0.051733,0.16315,0.40513,0.28819,0.42711,0.05467,0.17636,0.28461,-0.073023,-0.08763,0.23708,-0.26499,0.07492,0.053603,0.20259,0.079711,-0.17333,-0.043245,0.36306,0.12236,0.35379,-0.042552,0.23122,-0.11283,-0.22862,-0.05309,-0.056065,0.10679,0.24647,0.074801,-0.050618,-0.083308,-0.048405,0.15107,0.22303,-0.11371,0.19259,0.038429,-0.054962,0.099812,-0.013136,-0.066195,-0.00015366,0.10799,-0.10967,0.12002,0.19459,-0.025999,0.095365,-0.054606,0.1225,0.037632,0.33589,-0.10604,-0.15463,-0.20262,0.19849,0.31232,0.065878
0.093164,0.44477,0.068448,0.045925,0.22636,0.075251,0.0084465,0.014135,-0.098591,-0.084231,-0.27584,0.1089,-0.12583,0.29221,-0.024681,0.10083,0.046904,0.015695,-0.11491,0.060479,0.16289,0.17155,-0.047292,0.055987,-0.10949,0.31143,0.11203,-0.14164,0.20709,0.19153,0.13891,0.13325,0.012196,0.11331,-0.18537,0.31452,0.2838,-0.14423,0.0047826,0.4247,-0.091922,0.22229,0.44822,0.10398,0.028228,-0.071965,0.15255,0.18156,-0.15351,0.17577,0.42466,0.11324,0.076437,0.11307,-0.085863,0.17368,-0.094783,0.11839,0.11749,0.2765,0.2083,0.07754,0.02917,0.040996,0.29734,0.34183,-0.046993,0.35789,0.18451,-0.09633,0.46897,0.54427,-0.15381,-0.053912,-0.26047,-0.15607,0.37651,0.37126,0.22372,0.24871,-0.054857,0.24914,0.14806,-0.12489,-0.0071328,0.38523,-0.21028,-0.15096,0.17888,0.082866,-0.114,0.15053,0.12261,-0.021846,0.1855,0.0017189,0.23347,0.12655,-0.046168,0.056668
0.29927,-0.1992,0.1547,0.40623,0.010181,0.22183,-0.067383,-0.033432,0.16103,0.26954,-0.1089,-0.11474,0.31083,0.18951,0.2867,0.030495,-0.32045,0.078861,0.37471,-0.15078,-0.0032164,0.39886,-0.12081,0.017864,0.22289,0.48955,0.090582,-0.23677,-0.27306,0.35037,-0.090357,0.20775,0.13992,-0.034577,0.17624,-0.31342,-0.1696,-0.01779,0.10597,-0.15758,0.12208,0.39635,-0.063774,0.11501,0.50743,-0.13935,0.092856,0.18029,-0.10651,-0.14483,0.4694,-0.049896,-0.12547,0.35653,0.024896,-0.051389,0.41236,0.50499,0.30968,0.025071,0.14806,-0.14791,-0.084172,-0.029222,0.025134,0.32794,0.2198,-0.16862,0.22329,0.46957,0.24803,-0.29156,0.5478,0.013143,0.15229,0.028425,-0.020499,0.11969,0.26901,-0.016592,0.017043,0.072851,0.1278,0.33936,0.27524,-0.010047,0.44119,0.095298,0.029651,0.063902,-0.22276,0.10873,-0.003508,0.34455,0.28199,-0.074261,0.078716,-0.10179,-0.15585,0.20323
0.40282,0.20328,0.09548,0.10294,0.08877,-0.0594,0.019286,0.16025,0.11995,-0.039945,0.29073,0.074429,0.46772,0.11872,0.01646,-0.30596,-0.092299,-0.052106,0.17954,0.16251,-0.046607,0.20069,-0.046562,-0.049988,-0.08169,0.2688,-0.0093657,0.075537,-0.0551,0.30132,0.42458,-0.11881,0.34945,0.12313,-0.17726,-0.27174,0.049022,0.20496,0.31679,0.21197,0.21189,0.5262,-0.063894,0.20942,-0.11698,-0.13029,0.04935,0.013239,-0.1651,-0.18193,0.077883,0.070959,-0.078334,-0.051304,0.31479,-0.12721,-0.17684,0.080437,-0.1093,-0.078472,0.044665,0.25764,0.028129,0.031336,-0.15418,0.43424,-0.1826,0.37739,-0.1499,0.13885,-0.10433,0.079715,-0.19059,0.38438,0.25097,-0.17572,-0.069504,0.27588,0.23671,0.16354,0.078333,-0.055542,0.30608,-0.089284,-0.076505,0.073874,-0.046479,-0.080849,-0.10845,0.047293,0.049957,0.46163,-0.31369,-0.21758,-0.16269,0.011139,0.12901,0.29421,0.39245,-0.13216
-0.11781,-0.14537,0.46943,0.22279,-0.27913,-0.11847,0.17742,-0.0053275,0.23854,-0.09249,-0.096499,0.026925,-0.015852,0.27093,-0.10713,0.028542,0.39577,0.14971,0.14745,0.26704,0.11292,0.078011,0.20013,0.061657,-0.11752,-0.022963,0.47023,0.36449,0.073612,-0.21128,0.13099,0.1237,0.048363,0.37107,-0.3485,0.085073,-0.062063,0.24805,0.14392,-0.045486,-0.016852,0.13971,0.12654,0.16136,0.10428,0.19403,-0.053113,0.26709,-0.09943,-0.13095,-0.16876,0.24575,-0.091895,-0.17118,0.24869,0.2658,-0.18096,0.14192,0.1561,-0.14751,0.16767,-0.12561,0.39412,-0.065999,0.15696,-0.048222,-0.02078,0.11074,-0.137,0.1444,-0.10001,0.07021,0.022511,0.17765,-0.045438,0.44124,-0.054026,-0.015917,-0.14196,0.14879,0.15458,0.57949,-0.068935,-0.056732,0.13115,0.26047,0.18723,0.60571,-0.13862,0.054741,0.26604,0.012238,-0.027493,0.43778,-0.0026889,-0.085941,-0.095398,0.076992,-0.13065,-0.24685
0.20042,0.19735,0.30821,0.45864,-0.004324,0.06577,-0.047452,-0.053418,-0.12338,0.17318,0.2053,0.10673,0.0062324,0.11939,-0.0039864,0.10709,-0.12124,0.50523,0.31727,0.16496,0.43396,0.67888,0.11557,0.27408,0.16146,0.3793,-0.017047,-0.069861,-0.034206,0.093655,0.16715,0.13769,0.14514,-0.088507,0.031887,0.25439,0.3662,0.037058,-0.14527,0.13169,-0.13783,0.051294,0.013389,0.16496,-0.03746,0.17586,0.38671,0.41309,0.41735,0.083493,0.31378,-0.015371,-0.13817,0.013173,-0.16521,-0.30561,-0.19336,0.2317,-0.21598,0.33364,-0.035453,-0.049353,0.2795,-0.050798,0.076386,-0.063426,0.23865,-0.055628,0.1277,0.0080945,0.044448,0.059242,-0.0046496,0.026446,-0.24231,-0.079258,0.034314,0.34433,-0.22684,-0.11482,0.046252,0.016516,-0.035294,-0.048252,0.10758,0.12075,-0.15037,0.14439,0.08057,-0.052248,0.012249,0.051185,0.061897,-0.051598,0.16159,-0.10509,0.12918,-0.22019,-0.046383,0.017669
0.21672,0.060253,0.13662,0.36591,0.1311,0.41222,0.14696,0.10213,-0.033153,0.16708,-0.024049,0.026725,0.092571,0.072826,0.08909,-0.017614,-0.16296,-0.041078,0.032997,0.53801,0.078004,0.059986,0.16605,0.23129,0.21184,-0.19632,-0.24911,0.13685,0.060162,-0.01234,0.05345,-0.18164,0.069259,-0.17675,0.019973,-0.02448,0.042385,0.17716,-0.10107,0.22608,0.10196,-0.012031,0.13554,0.18274,0.12062,-0.068783,0.095509,0.21721,-0.23094,-0.12869,0.18577,0.32785,0.33046,0.31974,-0.11122,-0.064286,0.2252,0.21597,0.068386,-0.07717,0.36365,0.42122,0.012717,0.027828,0.32626,-0.07384,-0.0029579,-0.085181,-0.1503,-0.046971,-0.19518,-0.12397,-0.098201,0.10772,0.62069,-0.077259,0.25309,0.38504,-0.05629,-0.058707,0.21801,0.14303,0.18565,-0.11376,-0.21884,-0.10127,0.14779,-0.34284,0.18038,0.093599,-0.11211,0.33991,-0.0035528,0.11516,-0.11629,0.16127,-0.034101,0.18369,0.06435,-0.16808
0.14481,0.2385,0.044442,0.027363,-0.0071086,0.38037,0.029988,-0.19305,0.079473,0.046592,0.3056,0.18519,0.11626,-0.14477,0.21472,-0.0089593,-0.039189,0.1655,-0.1362,0.19702,0.13861,0.28667,0.048419,0.30134,-0.091266,-0.21758,0.41126,0.30118,0.030534,0.098015,0.018209,-0.047119,-0.22431,0.020579,-0.084161,-0.12489,-0.12094,-0.12281,-0.23078,0.0071691,0.2956,0.28849,-0.16439,0.17786,0.035468,0.21679,0.021407,-0.027835,0.047419,0.12081,0.19618,0.29785,0.016794,0.090047,-0.053888,0.47751,0.027762,0.13632,0.47011,-0.02413,-0.040549,-0.060146,-0.10101,0.037208,0.25984,0.073281,0.046658,0.4485,0.12461,-0.014459,0.15945,-0.21404,-0.037634,-0.17651,0.23369,-0.11536,-0.0043062,0.2284,0.035355,0.21092,-0.019999,-0.051286,0.38347,-0.012581,0.066884,0.26475,0.23967,-0.0089297,0.067607,0.8076,0.41644,0.28881,-0.092491,0.069873,-0.19718,-0.057183,-0.126,0.30828,-0.086505,0.094458
0.22277,0.053107,-0.08199,-0.1471,0.07761,-0.21037,-0.023387,0.076305,0.15282,0.50369,0.056482,-0.14357,0.090452,-0.26924,-0.11338,0.19275,0.35529,-0.031298,0.17108,-0.17557,0.18678,0.21058,0.39287,0.010385,0.23984,0.20264,0.32499,0.14348,-0.072239,0.026194,0.057349,0.07576,0.0049145,-0.22995,0.23793,0.37257,0.13579,0.20355,0.1481,-0.0097975,0.10099,0.21845,-0.003342,-0.21866,-0.2072,0.26557,0.16599,0.093599,-0.11408,-0.015087,-0.073347,-0.17294,0.17655,0.22461,-0.045332,0.071681,0.71977,-0.14505,-0.050825,-0.10266,0.10285,0.047269,0.3286,0.18572,0.54643,-0.056894,-0.16719,-0.26004,0.26877,-0.039536,-0.024217,0.0097771,-0.048724,0.034336,-0.11269,0.23945,0.25121,-0.16436,0.28306,0.18049,0.033845,0.71392,0.23029,-0.080854,0.27462,-0.023152,0.11951,0.1813,0.35774,-0.18565,0.20331,0.15204,-0.24827,0.29232,0.12836,0.015789,-0.0033532,0.25462,0.17911,-0.14423
0.09799,0.23545,-0.16364,0.41748,0.0010958,0.38899,-0.43499,0.13599,0.1789,0.16773,0.10091,-0.12837,-0.19134,0.0089786,0.2316,0.058399,0.077095,0.037328,-0.1781,0.31423,-0.0019896,-0.12267,0.1927,0.27991,0.47503,-0.15675,-0.065247,0.10714,-0.1332,-0.17817,0.40923,0.055104,0.15082,-0.23751,-0.24031,0.10448,0.017791,0.10265,-0.1197,0.10729,0.25676,0.21133,0.069091,0.43264,0.17004,0.0032959,-0.17025,0.25909,-0.054239,0.28118,0.13695,-0.18785,-0.19234,-0.10628,0.3753,0.17698,0.042528,-0.0045717,-0.18576,0.11268,0.32705,-0.27105,0.088434,0.058318,0.031746,-0.10121,0.15028,-0.029578,0.22775,0.5814,-0.0084275,-0.012076,-0.098797,-0.098372,0.19784,0.29408,0.2886,-0.011781,0.11995,0.2032,0.11068,0.1051,0.12125,-0.22745,-0.046259,0.060999,0.020912,-0.06488,0.033716,0.038458,0.1947,-0.21551,0.36793,0.1775,0.41104,0.0015317,0.4547,0.65691,0.55297,0.055305
0.11643,0.37108,-0.15136,0.52939,-0.10251,-0.13123,-0.076663,0.11531,0.20903,-0.13579,-0.041366,0.14527,-0.16339,0.66588,0.15436,0.24839,-0.23917,0.080216,-0.19721,0.11135,0.13265,0.40295,-0.1497,0.092283,0.14515,-0.034645,0.26908,0.36056,-0.038233,-0.11539,-0.26479,-0.10839,0.056534,0.35101,0.067295,0.26018,-0.038199,0.055654,-0.025446,0.076664,0.185,-0.051988,0.25799,0.18011,-0.16241,0.086162,0.14486,0.029998,-0.15573,0.027905,-0.12104,-0.075332,-0.077112,-0.091691,-0.087823,-0.091112,0.069721,-0.058092,0.051007,-0.1733,0.14148,-0.029958,-0.32822,0.0027562,0.19484,0.036181,-0.166,-0.147,0.031369,0.37387,0.09822,-0.10728,0.4256,0.080328,0.1953,0.14725,-0.15447,0.52373,0.72475,0.14731,0.14832,0.083715,-0.12307,-0.24532,0.055044,0.12188,0.4775,0.10092,-0.058013,-0.13187,0.14265,0.037344,0.26171,0.14258,0.081337,0.10291,0.11948,-0.072572,0.20227,-0.099673
-0.14532,0.47127,0.03761,0.0024757,-0.013166,0.35481,0.032652,0.30414,0.088095,-0.011646,0.17531,0.28672,0.4133,-0.061793,-0.092381,0.21621,0.018378,0.18584,-0.062741,0.0065078,-0.14327,0.087855,-0.10011,0.056527,0.11457,-0.071059,-0.11994,0.30804,0.15124,0.42817,0.1567,0.20773,-0.080888,-0.028642,0.3144,0.39568,0.048849,-0.11174,0.0326,-0.30493,0.0032008,0.35008,-0.11904,-0.13125,0.051875,0.21275,-0.001299,0.14681,0.047896,0.081502,0.22705,0.125,-0.10113,0.17497,-0.062138,0.010246,0.017705,0.32133,0.33151,0.29984,0.20215,0.072595,0.043675,0.11385,0.19819,-0.12938,0.1515,0.20121,0.056494,-0.16544,0.15456,0.0056784,0.015624,-0.069676,0.0088155,0.082933,0.033439,0.48671,0.2276,-0.083497,-0.19274,-0.083126,-0.019313,0.27279,-0.14375,-0.032263,0.016138,0.15338,-0.20427,-0.22055,0.20423,0.13804,-0.0097532,0.51154,0.22504,0.020471,-0.20934,0.029031,0.049299,0.27284
-0.14602,0.18734,0.12578,0.54039,0.0091576,0.13318,0.24217,0.049835,-0.11326,0.34752,0.11891,0.073503,0.27537,-0.062171,0.35021,0.079203,-0.24131,-0.1671,-0.13551,0.10375,-0.09991,-0.0086747,0.005809,0.1463,0.44473,-0.014048,0.25204,-0.30233,0.07369,0.0067033,0.22818,-0.11042,0.14735,0.31174,0.29534,-0.13276,-0.081925,0.001581,-0.24091,0.16052,0.50239,-0.047199,0.28551,0.13357,-0.22311,-0.069956,0.73544,0.11125,-0.16038,0.181,-0.029977,0.15655,-0.073949,-0.15454,-0.2748,0.2671,-0.0099887,-0.15046,-0.15522,0.1409,-0.21324,-0.051482,0.13645,-0.095292,0.040657,0.017859,-0.1033,0.059013,0.13717,0.1138,0.20021,-0.11091,-0.057206,0.13628,-0.16564,-0.022697,-0.009163,0.13779,-0.054316,0.2464,0.2364,-0.16106,0.027415,-0.01062,0.49673,0.24177,0.16867,0.022399,0.094955,0.14744,0.10847,-0.30171,0.29292,-0.065348,0.20459,0.010496,0.3088,-0.045872,-0.079166,0.07049
0.10774,-0.098358,0.023862,-0.26422,0.36442,-0.084799,0.2479,0.013308,0.40421,0.48804,-0.059134,0.27056,0.0081168,-0.080201,0.10993,-0.063995,0.062688,0.16819,0.056055,0.35746,0.024705,0.094938,0.055623,0.11327,-0.014307,0.037809,0.035813,-0.0877,0.12658,0.42877,-0.055819,0.39504,0.0025806,-0.27752,0.0313,0.22742,0.39238,0.25689,-0.20156,-0.061086,-0.10057,0.095192,-0.14258,0.20177,-0.094806,-0.019745,0.08133,0.28822,0.1682,0.020717,0.040493,0.36281,0.17707,0.1755,-0.054527,-0.032152,0.012607,0.033963,-0.036006,0.15164,0.059909,0.34514,0.17253,-0.19061,0.07566,0.14304,0.15159,-0.15512,0.34574,0.04875,0.23748,0.16178,-0.024248,0.016665,-0.028714,-0.036717,0.044713,0.0012726,0.25696,-0.055582,-0.025554,0.06463,0.10631,-0.12782,0.32363,0.05195,-0.1321,0.040804,0.088318,0.093971,-0.024963,-0.16159,0.077708,-0.16515,0.27252,0.33084,0.032202,-0.067926,-0.13362,0.27405
-0.11711,0.18327,0.30902,0.48632,-0.086953,-0.21954,0.043086,0.099731,0.20642,-0.2237,0.12882,0.3867,0.74979,0.25964,0.034941,0.39906,0.33906,-0.10103,-0.057898,-0.022583,0.36484,0.3158,0.033042,0.10416,0.29176,-0.017059,0.1828,0.10327,-0.049095,-0.11326,0.10911,-0.038939,0.031401,-0.15867,-0.15913,0.21894,0.017155,-0.028053,-0.054362,-0.056281,0.203,0.075777,-0.099434,-0.13272,-0.14912,0.17705,-0.17467,0.15847,-0.23303,0.30094,0.049503,0.04285,-0.0024215,0.11946,0.33044,0.12438,0.21226,0.097886,-0.16076,0.29751,0.060142,-0.020976,0.15374,0.35397,-0.095678,0.26597,-0.044412,0.21118,-0.15228,-0.11396,0.19278,0.3108,-0.22637,-0.043046,-0.19451,0.13073,-0.40326,-0.041899,0.11905,-0.075981,0.035219,0.20261,0.071979,0.22482,-0.011288,0.18688,0.25629,0.088278,-0.04812,0.025685,0.2758,-0.076963,0.081932,0.19462,-0.18589,-0.02609,-0.14143,0.10343,0.1276,0.24983
-0.13683,-0.12193,0.19769,0.15499,-0.067294,-0.010205,-0.022932,-0.04518,-0.02293,0.13336,-0.23255,0.014462,0.30201,0.1392,0.069459,0.067943,0.067385,0.23324,0.11966,-0.047328,0.1927,0.24503,0.23165,-0.056562,-0.10803,0.21682,0.38175,0.2277,0.15722,-0.14722,0.39513,-0.1449,-0.078677,0.058223,-0.049336,-0.27712,-0.046806,-0.003755,-0.13822,0.070358,0.3133,0.14136,0.0077734,0.10725,-0.02504,-0.030977,0.42695,0.049795,0.015166,0.29765,-0.00077265,0.18953,0.060156,-0.041435,-0.053329,-0.07983,0.040115,0.1795,0.06774,0.16434,-0.021006,0.22249,0.20907,0.2569,0.11426,-0.19766,-0.23092,-0.16375,-0.18861,-0.015471,-0.073277,-0.047794,0.13506,0.015401,0.36551,-0.068935,0.10256,0.2866,0.17693,-0.0036856,0.56981,-0.04087,-0.032022,0.10837,0.24171,0.073363,-0.13196,-0.065892,0.24638,0.15229,-0.1212,0.20543,0.38452,0.13742,-0.1507,0.090512,0.24695,0.37294,0.64101,0.0065319
0.57491,-0.18134,0.12897,-0.066342,0.037081,0.24084,-0.23569,-0.090626,0.19309,-0.17242,0.018231,0.096797,-0.05411,0.10155,0.047587,0.016144,0.12357,0.18612,0.044628,-0.13933,-0.042241,-0.075632,0.56468,0.22566,-0.055233,0.43491,0.16124,-0.18667,0.66204,0.14103,0.020481,0.038174,-0.010684,-0.19783,0.23614,0.36745,0.087872,0.088646,-0.1372,0.26576,0.023552,0.26274,0.1024,-0.0013899,0.067129,-0.066563,-0.2578,-0.10097,0.14869,0.18618,0.23267,0.38924,0.29359,-0.19719,0.041245,0.22703,0.31175,-0.04096,-0.18889,0.044854,0.10381,0.05032,-0.022485,-0.063728,0.016228,0.14882,0.10444,-0.17008,0.042897,0.11988,0.18173,0.25518,-0.013823,0.41182,0.11427,0.22565,0.46853,0.19587,-0.099314,0.20852,-0.0019321,-0.21251,-0.18416,0.089549,0.052748,0.0037989,0.37929,-0.080259,0.3916,-0.013861,-0.25458,-0.080351,0.0094298,0.0057928,-0.10747,0.24818,0.2563,0.16688,0.19316,0.38323
0.052367,0.16254,0.15093,0.15182,0.012143,0.40888,-0.0021361,-0.14676,-0.025096,0.23765,0.17395,-0.099402,0.097929,-0.040567,-0.02051,0.11785,0.15679,0.010348,0.043152,-0.14394,-0.048661,0.2584,0.30664,0.10662,0.60805,-0.14747,-0.20781,0.23276,0.32587,0.23734,0.039083,-0.02666,0.3254,0.047028,-0.024534,0.024334,0.22683,0.081819,0.24802,-0.25646,0.16668,-0.13337,0.027971,0.30018,0.28472,-0.34171,0.13282,-0.04204,-0.04518,0.058989,-0.020095,0.094118,0.16559,0.51952,-0.033607,0.11516,-0.10502,-0.046055,-0.15612,-0.39994,-0.033037,-0.015275,0.019764,0.028266,0.30258,0.067586,0.24327,-0.079435,0.032676,-0.13734,0.46863,-0.083998,0.085066,0.083919,0.28267,-0.004106,0.00059289,0.15009,0.06877,0.24075,-0.041197,-0.059069,0.18031,-0.022574,0.13063,0.017978,0.23714,-0.01046,0.18452,0.012437,-0.014857,0.39447,0.1883,-0.017125,-0.20673,0.030729,0.19591,0.21581,-0.11834,-0.065259
0.32788,0.068931,0.15336,0.38817,-0.11751,0.10381,-0.084257,-0.075011,-0.19707,0.059635,-0.0057823,0.083041,0.28,0.046581,-0.02601,0.041746,-0.32055,-0.019826,0.10471,0.10851,0.03973,0.46992,-0.073047,0.23087,0.41184,0.0042103,0.2249,0.16606,-0.14373,0.26648,0.011858,0.31732,-0.14894,-0.029404,-0.12216,0.029195,0.47268,-0.095032,0.10634,-0.030236,0.19921,0.069988,0.024858,0.13411,0.295,0.072476,0.0065371,0.078562,-0.23255,0.16751,0.38266,0.21219,0.037648,0.079388,-0.26199,0.35581,-0.0088826,0.29124,-0.27834,-0.023815,-0.062347,0.12817,0.083528,0.09059,0.1291,0.27615,0.42925,0.13812,-0.11285,-0.014884,0.1528,-0.094553,0.11886,0.11596,0.084224,0.0063436,-0.056149,-0.035677,-0.21389,-0.13792,-0.0063397,0.16548,0.016934,0.051958,0.18184,0.15903,-0.067588,0.40455,-0.13819,-0.053933,0.15525,0.1403,-0.00015817,0.086898,-0.065922,0.21192,-0.037479,-0.059576,-0.040144,0.13766
0.05217,0.14796,-0.15324,-0.072195,0.30461,0.43359,0.29316,-0.3004,-0.040908,-0.30146,-0.00096073,0.10256,-0.0292,0.16729,0.23033,0.025937,0.010259,0.40482,0.068078,0.13179,-0.07285,-0.033441,-0.085825,0.23508,0.16955,-0.10409,-0.27156,0.20027,0.36689,0.33754,-0.0090371,0.17423,-0.0054601,0.0014838,0.044149,-0.019517,-0.022461,-0.042498,-0.12953,0.13244,0.42989,-0.17483,0.13531,0.28544,0.12908,-0.1618,0.055199,0.034454,0.25454,0.22331,-0.10476,-0.0060283,0.19831,0.11192,0.11699,-0.15251,0.014828,-0.1198,0.044511,0.41031,-0.31363,-0.15496,0.028679,0.22141,-0.020269,-0.013198,-0.24237,-0.023285,0.3372,0.0435,-0.19895,0.098362,0.094927,-0.12968,0.15011,-0.017595,-0.15318,0.23829,0.035621,-0.090109,-0.16454,0.20395,0.17692,-0.025543,0.44471,0.23341,0.12728,-0.20561,0.069667,0.13445,0.27499,0.067678,-0.052192,-0.076129,0.052489,-0.10858,-0.10825,-0.27457,0.29349,-0.1176
-0.030107,-0.24077,-0.16811,0.18692,0.080153,0.14444,0.5606,-0.10088,-0.044745,-0.11998,0.17905,0.89243,0.30101,-0.22652,0.096775,0.20757,-0.04386,-0.099352,0.33137,-0.19664,0.28142,0.13599,0.084332,0.074486,0.14265,0.12966,0.39295,0.0409,0.1237,0.32659,-0.18701,-0.21913,0.59108,0.028949,-0.11375,0.15304,-0.14582,0.1346,0.21061,0.038785,-0.091357,0.053558,0.046869,0.058045,0.022116,-0.20794,-0.062173,0.23348,-0.035715,0.50325,0.18503,0.019943,0.059271,0.41911,-0.015146,0.015763,-0.11826,0.19126,-0.1892,0.12262,0.0078567,0.32701,0.25469,-0.0033463,0.40264,0.036412,-0.1255,-0.027742,0.18178,0.091187,0.059076,0.078937,0.20116,-0.066513,-0.1136,0.21973,0.12887,-0.044451,-0.095976,0.28636,0.029668,0.017021,0.037158,0.11844,0.055602,-0.10738,0.03428,0.0054712,0.054164,0.27812,0.13402,0.26441,0.023111,0.27268,-0.18453,0.092413,0.25036,-0.02923,0.19033,0.054905
-0.10454,0.043774,-0.033631,-0.084196,0.16232,-0.063495,-0.19588,0.086741,0.040063,0.41039,-0.015439,-0.02619,-0.14527,-0.1655,0.032526,-0.023435,0.056925,-0.073936,-0.11433,0.24968,0.054831,-0.12219,0.2891,0.21088,0.17134,-0.18637,0.2626,0.0007909,-0.097885,0.022111,0.11577,0.0038497,0.47449,-0.034292,0.10698,-0.032125,0.41583,-0.087394,0.41249,0.29568,0.051798,0.18265,-0.044545,0.22648,-0.10433,0.056924,-0.0033425,0.44499,0.029523,0.087416,0.41287,-0.068543,0.0064806,0.10211,0.51239,0.32104,0.0066536,-0.1548,0.11979,0.062003,-0.031927,0.0031676,-0.03162,-0.089974,0.081945,0.27481,0.40261,-0.15571,0.089233,0.41633,0.084965,0.070435,0.2247,-0.053284,0.035574,-0.17352,0.093361,-0.059191,0.20237,0.033139,0.29297,0.088952,0.18282,0.04337,0.27706,0.23585,-0.12374,0.39326,-0.034576,-0.015202,0.18199,0.18993,-0.12278,-0.13333,-0.19202,0.092649,0.093453,0.05805,0.035921,0.20692
0.18549,0.33625,0.25379,-0.067105,-0.099166,-0.25275,0.21814,0.061571,-0.25045,0.302,0.1066,0.016752,0.23018,0.18654,0.51837,0.3544,0.058009,-0.10379,0.11192,-0.10029,0.22533,-0.2485,0.11957,-0.14177,-0.052658,0.12788,0.13341,-0.2597,0.36952,-0.28321,0.28448,0.71259,0.050828,-0.14116,0.098014,0.16772,0.18831,-0.21275,0.051701,0.34962,0.37121,-0.12482,0.13159,0.13431,-0.2252,-0.15277,0.2175,-0.014457,-0.21677,-0.15098,0.32666,0.36322,-0.03678,0.01921,-0.043031,0.19615,0.32983,-0.016852,0.077058,0.13644,-0.066167,0.15128,-0.028595,-0.016546,0.22083,0.51531,0.032813,0.22509,-0.039082,0.038594,0.0013405,0.18375,0.33338,0.47379,-0.18418,0.026006,-0.0041596,-0.22395,0.40271,0.042082,0.034848,0.13374,0.11592,0.053854,0.2197,-0.066536,-0.11981,-0.0625,0.14928,0.36021,0.2183,0.4706,0.073959,0.064768,-0.12157,-0.025663,0.04599,0.01246,0.27607,0.1808
-0.017292,0.055068,-0.15542,0.37434,-0.18557,0.18643,-0.17008,-0.1309,0.15533,-0.16128,-0.064454,-0.048599,0.36667,0.020317,0.13957,0.41468,-0.14848,0.091307,0.033897,-0.36285,0.0094972,0.056765,-0.081023,0.14475,0.26837,-0.0034606,0.061777,0.63024,0.092251,-0.1172,0.35568,0.031315,0.44802,0.21928,-0.030321,0.24363,0.50817,0.33106,0.11394,0.17006,0.42278,-0.01769,0.19051,0.16496,-0.12016,-0.04846,0.70564,0.15834,0.76122,-0.015414,-0.10293,-0.22371,-0.24244,-0.04172,0.091393,0.43096,0.15889,0.36618,0.51679,0.074703,0.24742,0.027276,0.17182,-0.19064,0.19797,-0.26947,-0.15189,0.055349,0.0081076,-0.18029,0.015707,0.19387,0.057489,0.15288,0.19986,0.20611,-0.031888,0.14143,0.19964,0.42682,0.16237,0.10618,-0.17661,0.45321,-0.15112,0.26329,-0.19241,-0.029421,0.41534,0.1821,-0.13259,0.26709,-0.16595,0.080609,0.43387,-0.08476,-0.053484,0.077632,0.16928,0.41406
-0.068882,-0.16149,0.1354,0.27503,-0.072387,0.10898,-0.081789,0.084646,0.059115,0.16616,-0.13138,0.13353,0.18128,0.32624,0.11855,-0.071249,0.18244,-0.088818,-0.012799,-0.059269,0.12823,-0.12739,-0.088638,-0.00093703,0.021333,-0.084042,-0.27271,0.090477,0.081717,0.2059,-0.13568,-0.15176,0.17369,0.33477,0.52977,-0.065306,-0.007124,0.31551,0.43924,-0.026142,0.026295,0.48532,0.24947,0.17131,0.054174,-0.019052,0.11675,0.05139,0.47888,0.0018471,0.30483,-0.18481,-0.1948,0.15837,-0.11813,0.076555,0.085312,-0.0062991,0.12854,0.1095,0.20378,0.2085,0.277,0.050196,0.33243,0.043337,0.26694,-0.026686,-0.0016322,0.20747,0.13781,0.31229,0.08603,0.11669,-0.15392,-0.063407,0.053452,0.043366,0.088734,0.15244,-0.46303,-0.069603,0.13564,0.33664,0.34162,-0.15383,-0.1864,0.12198,0.53487,-0.28698,0.28645,-0.17949,0.01367,-0.032412,0.12534,-0.10525,-0.012441,-0.045596,0.40978,-0.053985
0.70451,-0.10993,0.010449,0.042266,0.21709,0.22425,0.046439,0.24498,-0.13435,0.34987,0.14073,-0.0849,0.072229,0.093265,0.12047,-0.028657,-0.066764,-0.056443,0.072755,0.08388,-0.072112,0.1397,-0.13923,-0.23813,0.6488,0.44165,0.40815,-0.050306,0.16529,-0.12528,0.085943,0.17964,-0.066948,-0.25842,-0.049407,0.071016,-0.18751,0.25751,0.078527,-0.097262,-0.15127,-0.054281,-0.1578,0.16856,0.17438,-0.0033005,0.30547,0.27977,0.21203,0.20182,0.058785,0.15998,-0.14661,-0.11005,-0.0080449,-0.12154,0.068329,0.069093,0.46562,0.18783,0.35318,0.12515,-0.017695,-0.14236,-0.095292,0.12525,0.68095,0.10278,-0.20991,-0.10859,0.0071506,-0.027146,0.044613,0.19655,-0.034865,0.039937,0.2351,-0.11754,-0.31279,0.080903,0.0082779,0.26029,0.056607,-0.27159,-0.0095887,0.37826,-0.214,-0.048892,0.18632,0.011135,0.37204,-0.030615,-0.12369,-0.035133,-0.15401,0.034193,-0.29317,0.0021865,0.056785,0.028339
0.1328,-0.1436,-0.068045,0.11312,-0.025205,0.51911,-0.088753,0.26839,0.19108,0.07374,-0.14433,0.2551,0.013912,-0.017209,0.22361,0.52085,-0.055168,-0.18655,0.13022,0.1429,-0.11048,-0.064685,-0.15259,0.21264,0.035456,0.15223,0.14333,0.11669,-0.03465,0.28871,0.031289,0.090856,-0.031722,0.20528,-0.049907,0.16579,0.11033,0.10183,0.25943,0.017415,0.03167,0.061677,0.1104,0.14924,0.33826,0.12547,0.3426,-0.10653,0.16858,0.3436,0.062678,-0.063305,0.096602,0.12761,-0.11254,0.051365,-0.27061,-0.0069661,0.024471,-0.11546,0.33621,0.13817,0.35801,-0.28549,-0.020606,-0.071106,0.23194,0.027246,0.035728,0.095625,-0.14614,0.081453,0.095123,0.12651,0.55429,-0.033629,-0.29534,-0.11392,0.25512,0.095583,0.26565,-0.15653,-0.2007,0.11631,0.71069,0.078324,0.094896,-0.25316,0.53664,0.3785,-0.13048,0.405,0.027663,-0.11718,-0.019027,0.093892,-0.07327,-0.031126,0.12635,-0.028158
0.26747,0.10139,0.26338,0.053247,-0.043223,0.18181,0.062348,0.29185,0.16988,0.13112,0.088538,0.22011,0.19805,0.43743,0.35707,-0.24796,-0.16521,0.37976,-0.011412,0.17962,-0.34167,-0.17782,0.38166,0.14716,-0.10076,-0.044687,0.24683,0.13663,-0.02905,-0.21204,0.064985,0.26718,-0.16477,0.47953,0.3491,-0.28417,-0.1217,0.28925,0.076227,0.2634,-0.062058,-0.11958,-0.021688,-0.086665,0.25642,0.19199,0.079853,-0.0022009,0.066537,0.16239,-0.1962,-0.16284,0.16728,0.59196,0.011079,-0.3729,0.18604,0.027247,-0.13821,0.13195,-0.065411,0.36929,0.39779,0.20522,0.12048,-0.011136,0.056234,0.13142,-0.19178,0.23474,0.25266,0.19571,0.24284,-0.052728,0.19547,-0.068164,-0.049556,0.14531,0.13062,0.051198,0.36514,0.043831,-0.023788,-0.13674,0.42856,0.20057,-0.15546,-0.11855,0.020288,0.03269,0.15001,-0.16794,0.4916,0.18779,-0.11853,-0.099849,-0.063769,0.41152,-0.2027,0.30086
0.016786,0.092976,-0.26257,0.37814,-0.26281,-0.15253,0.30955,-0.1029,0.30961,0.23219,0.31637,-0.11722,0.12695,-0.16117,0.015594,0.10813,0.12113,0.16983,0.14665,0.32261,0.21526,-0.14539,0.26791,0.039345,0.13266,-0.24706,-0.1348,-0.020213,0.35153,0.67253,0.49581,-0.17799,-0.004033,-0.087013,0.52776,0.19321,-0.10328,0.023529,-0.22553,-0.086324,0.01623,0.295,0.20107,0.22955,0.22524,-0.093999,0.019836,0.057475,0.41702,0.15865,-0.20711,0.12881,0.068622,-0.21473,0.37452,0.42916,0.2037,-0.07636,0.34253,0.0041505,0.04117,0.42443,0.24257,0.31519,0.40596,0.050184,0.017295,0.1373,-0.067722,-0.21736,0.5632,0.016174,-0.23582,0.30619,0.0042439,0.037079,-0.092458,-0.080744,0.082485,0.47979,-0.18217,0.1983,0.17054,-0.078098,-0.28252,-0.14962,0.079483,-0.21606,-0.06268,0.097125,0.03792,0.19177,0.10347,0.10492,-0.034013,0.021667,-0.07242,0.33396,0.14931,0.23125
-0.042359,-0.15486,-0.22091,0.1648,0.16726,0.010667,-0.13623,0.24874,0.14406,0.39523,0.086863,0.11892,-0.055321,0.11542,0.3902,-0.10115,-0.16678,0.12954,0.00058151,0.17561,0.20577,0.19117,-0.11557,0.11853,0.22911,-0.040975,0.14841,-0.23867,0.29387,-0.020857,-0.016791,-0.12463,0.4104,-0.054056,0.098796,0.056414,0.083187,-0.073182,-0.2108,0.47034,0.44241,0.24597,-0.031999,0.024929,0.012218,0.042985,0.12994,0.19433,0.49182,0.32228,0.1088,0.44074,0.0027379,0.22795,0.28686,0.050808,0.10946,-0.1498,0.21001,0.32947,-0.072697,-0.23454,0.14889,-0.010986,0.01257,0.032086,-0.023584,-0.14677,0.076059,0.077709,-0.13671,0.2731,0.34432,0.25644,0.18243,-0.1943,0.23263,0.20411,0.054243,0.52174,-0.11555,0.50761,0.23967,-0.058478,0.099107,0.4731,0.50012,-0.041636,0.10823,-0.016881,0.082077,-0.19863,0.32606,-0.1604,0.088295,0.04292,-0.070451,-0.19498,0.049203,0.056958
-0.08733,0.20391,0.094569,0.33661,-0.11362,-0.2121,0.48924,-0.092654,-0.18213,0.1598,0.23564,-0.16873,0.017292,-0.15564,-0.21483,-0.23205,-0.032623,0.056264,0.082409,0.69164,-0.024399,0.064001,0.10597,0.12383,0.4167,-0.14268,0.18403,0.23698,0.52712,0.24439,0.24948,0.16237,-0.10757,0.053621,-0.091242,0.47704,0.14748,0.47466,0.1429,-0.15178,0.0040291,0.087985,0.31942,0.19251,0.09417,0.45783,0.22653,-0.09642,-0.15826,0.25772,0.029719,0.27073,0.090029,0.20103,0.042539,0.60825,0.12543,-0.022166,-0.22824,0.097623,0.30365,0.1105,-0.16076,-0.18588,0.34476,-0.10415,-0.10591,-0.059951,0.43961,0.2009,-0.033706,0.17779,0.052452,-0.051203,0.019925,-0.18515,0.12921,0.030219,-0.066435,0.060204,0.14995,0.066247,0.08744,0.13092,0.18849,0.23549,-0.040876,0.34745,0.193,0.13853,0.013245,-0.11954,0.11379,0.081501,-0.16163,0.27728,0.3364,0.18853,0.48095,0.41275
-0.052808,0.18075,-0.24196,0.034809,0.19985,-0.12361,0.34985,0.139,0.22656,-0.1903,-0.10782,0.57742,0.25918,0.24752,-0.12027,-0.15701,0.027499,0.028367,0.026521,-0.19599,0.15418,-0.05375,0.31981,0.087913,0.67498,0.22678,0.10219,0.11459,0.20877,0.10622,-0.0054654,0.32068,-0.24064,-0.084249,-0.098972,0.48799,-0.041513,-0.078785,0.1124,-0.24732,0.35911,0.13161,0.22563,0.21219,0.057972,0.13729,0.28239,-0.1576,0.40108,0.29178,0.17939,0.25686,-0.053824,-0.10005,0.081886,0.26538,0.080709,-0.11311,0.40722,-0.19377,0.15517,0.001028,0.27106,0.14679,0.13395,-0.095554,-0.024427,-0.070455,0.16332,-0.203,0.33323,0.41126,-0.010135,-0.24305,0.0011676,0.28169,0.16063,0.3421,0.097056,-0.0083145,-0.36139,0.43472,0.2239,0.14259,0.021614,0.24021,0.094599,0.064388,0.1348,-0.16784,-0.13931,0.46041,-0.060098,-0.085452,-0.023073,0.29617,0.14585,0.38215,0.1529,0.22618
0.21459,0.42706,-0.033941,0.22158,-0.27955,0.11818,0.1581,0.020965,0.1774,0.39642,0.095649,0.034484,0.053931,0.16817,0.010016,0.15321,0.01254,0.0025999,0.068762,0.0022888,0.081844,-0.17323,0.059106,0.010662,-0.16837,0.018089,0.0033008,0.14288,0.21985,-0.10815,0.27578,0.23963,0.21225,0.026599,0.037133,0.040329,0.12858,0.044206,-0.097365,-0.071788,-0.013549,-0.0022088,0.067661,-0.020579,-0.1693,0.30053,0.48667,0.0067456,0.28058,0.10983,0.24077,0.17717,-0.10891,-0.025675,0.10823,0.20507,0.64505,0.10296,0.12381,-0.065748,0.34053,0.21923,-0.21465,0.3389,0.13269,-0.04765,0.55858,0.014384,0.21704,-0.021431,0.1974,6.1781e-05,-0.090392,0.14521,0.055704,-0.14766,-0.046276,0.11565,0.29459,0.050913,0.14528,-0.049033,0.29921,0.044934,0.097835,0.058828,-0.20473,0.28038,0.29586,0.11526,0.47595,-0.051132,-0.070382,0.31093,0.25323,0.17163,0.25145,0.047528,-0.090103,-0.051952
-0.027102,-0.019422,0.037939,-0.06116,0.082722,0.24687,0.66831,0.043334,0.1526,0.12085,0.35993,0.2016,-0.1479,0.21021,-0.197,0.15775,0.28733,-0.091958,-0.19167,0.11908,-0.0069098,0.25754,0.34882,0.078455,-0.15003,-0.024417,-0.032831,0.17944,-0.069279,0.67085,-0.11148,0.26379,0.12754,0.26826,-0.0023743,0.47846,0.079107,-0.14764,0.17831,0.050148,0.26825,-0.049245,-0.014684,0.025219,-0.047459,-0.089827,0.28903,0.087871,0.13469,0.052119,0.034404,0.046118,-0.16682,0.2075,-0.25045,0.11159,-0.0067748,0.21535,0.066951,0.22246,0.00015803,0.019448,-0.056737,0.37572,0.30609,0.17078,0.1226,0.28059,0.097192,0.029659,0.15491,0.017447,0.19082,0.26789,0.067512,-0.19512,0.25461,0.076484,0.30033,-0.030831,-0.089633,0.1034,0.19092,0.073825,-0.085125,0.10882,-0.072373,0.55665,-0.02125,-0.016712,0.31612,0.09841,-0.10797,-0.0014363,0.047885,0.15996,0.045219,0.073385,-0.088834,0.16782
