-0.17914,0.098996,-0.11729,0.015806,0.20812,0.35998,0.14146,0.047902,-0.22573,0.13388,-0.10105,-0.35944,-0.076302,-0.085196,0.071087,-0.065477,0.19193,-0.029085,-0.050838,0.016358,-0.04348,0.057701,0.55296,0.23828,0.052755,0.080378,0.072774,0.21709,0.22551,0.090258,-0.084676,0.058228,0.32716,0.20693,0.061723,-0.011144,0.23383,-0.071576,0.065077,-0.043748,0.14886,-0.08789,0.055352,-0.038325,0.0053587,-0.11685,-0.27284,-0.158,-0.041357,0.075794,0.13431,-0.1759,-0.12796,-0.1671,0.20961,-0.066007,-0.11839,-0.080211,-0.084349,-0.19402,-0.10314,-0.10598,-0.021467,0.15309,0.13844,-0.049703,-0.16011,0.026677,-0.056739,0.036064,0.035751,-0.25898,-0.12458,0.11501,-0.031692,0.00035493,-0.33756,0.014141,-0.2047,-0.22429,0.074267,0.15316,0.23505,0.15022,-0.036733,-0.18147,0.34312,-0.096232,-0.10139,0.40444,-0.1396,0.2103,0.29659,0.023089,0.25148,-0.038975,-0.11435,-0.12792,-0.0024044,0.55448
0.01088,-0.053245,-0.21365,0.018767,-0.37681,0.71298,-0.012408,0.027777,0.068195,0.13807,0.025167,0.10572,0.23896,0.13175,0.16726,-0.094535,-0.054818,-0.38989,0.12832,0.10101,0.004124,0.030509,0.35973,0.25287,0.076386,-0.061383,-0.046061,-0.0076313,0.31263,-0.14546,-0.1537,-0.037388,-0.074477,0.17624,0.28995,-0.29866,-0.14417,-0.13136,0.097585,0.20858,0.041635,0.40112,0.34971,0.092546,0.4549,-0.10377,-0.03536,-0.047193,0.23744,-0.076735,0.32611,0.10883,-0.011963,-0.048989,0.06325,-0.040908,0.37801,0.025246,0.074121,0.18985,0.059937,0.3761,-0.14137,-0.12598,-0.13327,-0.11846,-0.19614,0.51212,0.34966,-0.095474,-0.064907,0.77498,0.085424,-0.010109,-0.1933,0.074555,-0.038095,-0.225,-0.17343,0.10663,-0.088767,-0.10016,0.12624,-0.054655,0.26699,0.049723,-0.021151,-0.099199,-0.063784,-0.29739,-0.081057,0.085289,-0.11965,-0.27636,0.32243,-0.10259,-0.143,0.022546,0.1952,-0.1413
-0.18929,0.063778,0.13045,0.00074978,0.41395,-0.027776,0.11595,0.034192,0.27351,-0.19274,0.11653,-0.00045117,0.15025,0.23442,0.2093,0.041624,-0.37216,-0.1666,0.3172,-0.062465,-0.30835,-0.19038,0.15128,-0.0241,0.076375,0.26857,-0.026421,-0.019813,0.16666,0.056596,0.24001,-0.078756,-0.096684,0.23597,-0.2709,0.12247,-0.12303,0.10707,0.41895,0.4215,-0.10658,0.072436,-0.057093,0.043652,-0.18644,0.070051,0.37269,-0.18243,0.26041,-0.079505,-0.068509,0.29748,-0.015148,-0.079656,0.10899,0.41298,-0.38369,0.025429,-0.062984,0.09098,-0.011076,0.12322,0.031844,-0.017519,-0.0094204,-0.090535,0.014335,-0.061688,0.14332,-0.20217,0.089702,0.052891,-0.040201,-0.0016105,-0.17712,-0.16119,0.0195,0.12561,0.06497,0.24941,0.10808,-0.25614,0.19192,-0.10031,-0.03053,0.24688,0.012822,0.142,-0.34846,-0.12699,-0.29696,0.48872,-0.029261,0.2969,0.38098,0.12903,0.039396,-0.2154,-0.020581,-0.085633
-0.12506,-0.21528,0.096609,0.043121,-0.043368,0.10148,-0.16607,0.41755,-0.095508,0.12413,0.37069,-0.067593,0.16432,-0.086428,0.39302,-0.013686,0.18724,-0.13006,0.18574,-0.074503,-0.014302,0.29991,-0.19359,-0.16857,0.046367,-0.10721,0.10636,0.25103,-0.12738,0.10562,-0.081347,-0.35674,0.25334,-0.24644,0.043211,-0.088585,-0.24281,0.052059,0.062456,0.20618,0.11796,0.019925,-0.19035,-0.085668,-0.0042978,0.039761,0.5098,-0.21156,0.55982,-0.14486,-0.053586,-0.2218,-0.13376,0.18507,0.058357,-0.097627,-0.252,0.18373,-0.21007,-0.020511,0.41321,0.089052,-0.014911,0.05035,0.025471,-0.1914,0.1889,-0.013337,0.40334,0.062076,0.054399,0.18467,-0.2036,0.11884,-0.048192,-0.073938,0.030344,-0.17109,0.089714,0.0088461,0.31971,-0.22665,0.0012377,0.28951,-0.0065057,-0.036118,-0.38894,-0.14938,0.16521,0.083417,0.19519,0.02282,-0.086844,0.18934,-0.057385,0.39645,0.16859,-0.10279,0.25141,-0.20165
-0.036233,-0.16142,0.1284,-0.03265,-0.093233,-0.12393,-0.13283,0.24667,0.14193,0.29863,-0.019135,0.076412,-0.14404,0.067079,-0.09911,0.28496,0.25984,-0.081164,0.32986,-0.29482,-0.0029124,-0.26708,0.013399,0.1753,0.086525,-0.064206,0.019096,-0.21192,0.23299,0.031457,-0.015365,0.012811,-0.040194,0.16248,0.078359,0.10352,0.11534,-0.16499,0.018017,0.011017,0.12396,0.0002932,-0.12821,0.073529,0.15953,0.20969,0.20679,0.078401,0.037812,0.0014927,0.10861,0.058682,-0.30081,0.21606,0.11482,0.083858,0.01234,-0.23533,0.35527,0.44115,-0.13667,-0.0025697,-0.37935,0.01486,0.073803,0.51219,0.22424,-0.12007,0.13992,-0.107,0.39403,0.022451,0.088611,0.33768,0.26995,-0.029987,0.231,0.36377,-0.21967,-0.016773,0.13666,0.6122,0.095691,-0.20314,0.0782,0.24306,0.31853,0.032827,0.61072,0.45358,0.010561,0.18117,-0.050043,-0.25943,-0.20898,0.013472,0.39939,-0.16503,-0.21388,0.22106
0.22103,0.093903,-0.37262,0.14171,-0.08653,0.023373,-0.18783,0.25161,0.013269,0.023405,-0.10658,0.14303,0.016522,-0.10721,0.1769,0.15279,0.005818,0.24943,0.08242,-0.25105,0.080038,0.047649,0.06597,-0.24776,-0.196,0.16823,0.12476,-0.074987,0.061597,0.029117,0.079194,-0.13448,-0.16005,0.28954,0.085386,-0.0021037,0.35496,0.34297,0.30951,-0.064418,0.15888,-0.01964,-0.21901,-0.10216,-0.14624,0.34718,-0.04103,-0.26294,-0.15038,0.17052,0.061949,0.033608,0.026208,-0.14945,-0.050711,-0.26672,0.10071,0.29065,-0.42643,0.40743,0.23388,-0.067108,0.0073104,-0.17601,-0.12478,0.16725,-0.16933,0.065951,0.020032,0.079218,-0.17891,-0.14616,0.052703,0.028527,0.24245,-0.23407,-0.0074269,0.33675,0.056099,0.4031,-0.039184,0.022807,0.10658,0.35481,-0.1251,-0.02163,-0.11583,0.24274,-0.10524,0.16861,0.15649,0.27832,0.22954,-0.081508,-0.11194,0.097013,0.11326,-0.037075,-0.15628,-0.14681
-0.0053305,0.10299,0.045819,-0.14168,0.21204,0.21144,-0.057392,0.5694,0.15012,0.23682,0.018512,0.38762,-0.084557,0.21904,0.035343,0.13034,0.23358,-0.042872,-0.002325,-0.21874,-0.00019167,-0.092496,0.30273,0.097831,0.064367,-0.042679,-0.17609,-0.21802,0.19045,0.142,0.45399,0.35631,0.030812,-0.25376,0.088589,0.25411,0.010285,0.022741,0.29454,-0.13456,0.27142,-0.11864,-0.15851,0.2936,-0.21234,0.19585,0.060694,0.076589,0.15076,0.0043144,0.025225,-0.048265,0.32888,-0.18913,-0.17241,-0.1479,0.10038,-0.072557,0.14554,0.24355,0.15073,-0.053084,-0.071691,0.10811,-0.14431,0.1098,0.18261,0.072105,0.1232,0.30263,0.29218,0.10421,-0.10303,-0.21112,0.068834,0.041013,-0.012653,-0.12465,-0.11782,0.13966,0.067622,-0.057785,0.056358,0.13927,0.12617,-0.21883,0.17787,-0.12148,-0.020488,0.26266,0.0429,-0.15385,-0.080298,-0.1635,-0.064575,-0.19365,0.17127,-0.3292,-0.045622,-0.21158
-0.18199,-0.031759,-0.068861,0.20247,0.046129,0.39661,0.26189,0.096584,0.24779,0.038827,-0.13778,0.10401,0.28965,-0.0186,-0.39504,-0.1427,-0.14797,-0.037267,-0.095189,0.12792,0.35065,0.21277,-0.062301,-0.098446,0.22476,0.062682,0.2835,-0.15736,0.22466,-0.086566,0.052961,-0.17217,0.019856,-0.13525,0.15076,0.13666,0.029275,0.19256,-0.097005,0.037364,-0.083633,-0.11597,0.68468,0.059335,-0.094528,0.015146,-0.026196,-0.077427,-0.016481,-0.19375,0.26725,0.20879,-0.0015501,0.6585,-0.22476,-0.054253,-0.25948,-0.078561,0.41067,-0.27664,-0.272,0.044048,0.45064,-0.037042,0.59155,-0.0309,0.060684,-0.23358,0.25022,0.1941,-0.15205,0.013989,0.16663,0.10484,-0.22916,-0.07601,-0.033789,0.13351,-0.23834,0.22847,-0.141,0.11996,-0.046899,-0.11373,-0.062932,0.16774,0.060309,0.45231,0.042165,0.040246,0.22412,-0.23986,-0.26929,-0.14293,-0.025214,-0.19865,0.27655,0.095359,-0.021187,0.017608
-0.31499,0.41957,-0.072763,0.13411,-0.20478,-0.060823,0.3191,0.13682,0.26647,-0.16394,0.20104,-0.16488,0.13425,-0.0123,0.19238,0.25712,0.23682,-0.056985,0.01717,0.076168,0.28151,0.08569,-0.16442,-0.072092,0.2485,0.059581,-0.055211,-0.090431,-0.050876,0.20083,0.33041,-0.026125,-0.14666,0.14377,-0.24339,-0.060422,-0.33404,0.47402,0.2678,0.11168,0.33864,-0.0045342,0.019571,-0.039038,0.013501,0.39937,-0.079789,-0.40102,-0.017259,0.41077,0.016625,-0.20467,0.11719,-0.01579,-0.22526,-0.093092,0.35716,0.15475,-0.05954,-0.11161,-0.088625,0.066347,0.090323,-0.088685,-0.037762,-0.049132,0.14427,-0.061991,-0.17907,0.26512,-0.26443,-0.16737,-0.09153,0.28726,0.16899,0.65262,0.47558,0.23504,-0.16533,0.31031,-0.20661,0.10521,-0.16933,-0.00012304,0.19125,0.17012,0.049924,-0.35,0.29767,0.49593,0.026536,0.1751,0.090335,-0.0089513,0.081809,-0.12383,-0.24898,-0.14729,-0.086736,0.27615
-0.10434,-0.050679,-0.02591,-0.00050958,0.14162,-0.017294,0.2771,0.22073,-0.13593,-0.028993,-0.27215,-0.04201,-0.17447,0.19553,0.21294,0.16857,-0.21607,0.071912,-0.12494,-0.18216,0.009132,-0.15418,-0.22813,0.63437,0.22225,0.32892,-0.089975,-0.0091678,0.0017037,-0.35186,0.42436,-0.064909,-0.015109,0.10105,-0.019269,0.24615,0.03659,-0.1099,-0.025546,-0.094781,-0.21344,0.22973,0.079522,0.15768,0.18617,-0.38825,0.14464,-0.092065,0.047969,0.052696,0.098129,-0.12864,0.039903,0.05711,0.34312,-0.27144,0.084245,0.21086,0.023848,-0.22233,0.3342,0.1314,0.10767,0.24609,0.42862,0.065598,-0.14152,-0.026029,0.22038,-0.2076,-0.063284,-0.043914,-0.0091417,-0.11672,0.079228,-0.10725,-0.11562,-0.026547,0.031959,0.31211,0.28171,0.37258,-0.0074484,-0.088221,0.097691,0.088976,0.072715,0.1883,-0.0027645,-0.074242,-0.011471,0.4629,0.23144,-0.2213,0.14796,-0.16544,0.015025,0.31756,0.11354,-0.1096
0.27394,-0.15953,0.10815,0.014907,0.51836,0.23432,-0.17059,-0.00074971,0.017037,-0.23691,0.12391,0.61488,-0.14979,-0.040584,0.29284,0.20123,0.057739,0.31379,0.38416,0.32462,0.2291,0.25017,0.23063,0.44894,0.3517,-0.026051,-0.27021,0.3314,-0.053788,-0.088568,0.38918,-0.18027,-0.097831,-0.082855,0.16519,-0.19122,0.45752,-0.011277,0.25872,-0.067402,0.014336,-0.062917,-0.055107,0.031676,0.22012,0.28979,-0.29712,-0.17881,0.26351,0.18922,-0.012616,-0.18727,-0.058971,0.20821,0.020653,-0.27439,-0.2966,0.035229,-0.15322,-0.063561,-0.014233,-0.32584,0.11037,0.028954,0.025754,0.0029545,-0.16058,-0.2534,-0.062304,-0.20257,-0.075181,0.21341,0.2055,0.1832,0.13869,-0.23742,0.4288,0.36856,-0.21755,-0.099951,0.25247,0.34248,-0.17515,0.055465,0.66174,0.083725,0.24242,0.13853,-0.058074,-0.14588,-0.11001,0.1306,-0.028924,-0.018425,0.14826,0.0018579,0.49295,-0.064373,0.24682,0.42714
-0.15252,0.0928,-0.13146,0.11465,-0.25628,0.13845,0.56459,0.0050887,-0.17167,-0.065217,-0.18437,0.078308,0.040322,-0.021964,-0.2243,0.50295,-0.1188,-0.13418,-0.0049579,0.01514,-0.25421,0.16657,0.081385,0.338,0.26175,0.012383,-0.021108,0.20714,-0.02215,0.11032,-0.10608,0.16872,-0.13647,0.21873,-0.202,-0.16969,0.072125,0.066592,0.167,-0.29004,-0.14789,0.23894,0.10234,0.22939,0.036778,0.088867,-0.16625,-0.014087,0.16416,-0.34049,0.31802,0.094295,0.30346,0.42382,-0.20743,-0.20167,0.21771,-0.13709,0.27245,-0.28633,0.30328,0.03741,0.090755,0.12869,-0.0053402,-0.12115,-0.022049,0.02491,-0.20734,-0.07819,-0.17291,-0.026906,-0.0055488,0.011303,-0.25353,0.324,0.44628,-0.19858,-0.00053032,0.093032,0.46123,-0.1085,-0.13968,-0.11402,-0.00074095,-0.091324,0.051478,0.20838,-0.14301,-0.13462,-0.0052037,-0.25445,0.25541,0.16807,0.66571,0.35955,-0.012212,0.22478,0.10606,0.095446
-0.0085359,-0.32319,-0.0188,-0.062332,-0.25382,0.64558,-0.084512,0.25884,0.36476,0.034096,0.36514,0.36321,0.11789,-0.14203,-0.13055,0.0021742,-0.15194,0.04627,-0.11375,-0.1714,0.58617,0.19769,0.1737,0.029521,0.048212,-0.21201,-0.055525,0.14416,0.30716,0.047626,0.12996,-0.20332,-0.14533,-0.13806,0.19346,0.13978,0.3124,0.45669,-0.0083786,0.21263,0.26562,0.31207,0.047825,0.023256,0.16083,0.076686,0.50311,0.036073,0.093209,-0.028597,0.013903,-0.034457,0.014685,-0.14456,-0.057885,0.18901,0.040954,0.03975,-0.066795,-0.0093038,-0.11262,0.12282,0.23312,-0.078693,0.15717,0.059586,-0.41785,0.17751,-0.035194,0.096934,-0.1687,-0.042831,0.17931,0.15855,0.017361,0.086012,0.51,-0.23186,-0.17904,-0.04155,0.29264,0.030073,-0.079049,-0.22229,0.22929,0.062614,0.24098,0.013907,-0.18817,0.32011,-0.11495,-0.14229,0.29445,-0.029137,0.051231,-0.19885,-0.019529,-0.2452,0.0054117,0.2138
0.087237,-0.046085,0.76333,-0.12,-0.014576,0.088845,-0.019254,0.40277,0.21274,-0.066364,0.25875,-0.22353,-0.019313,-0.032797,0.069717,0.22482,0.84675,-0.047617,-0.02501,0.21065,-0.11108,0.33748,0.45419,-0.030541,0.056045,-0.019897,-0.21222,-0.06017,0.20595,-0.088775,-0.16339,0.018892,-0.15062,-0.00079675,-0.21287,-0.10682,0.24307,0.07593,-0.20869,0.21656,0.022452,0.33152,-0.17507,0.11098,0.19816,0.067655,0.22666,0.14833,-0.15908,-0.18229,0.073604,-0.028864,-0.11095,-0.20665,0.37957,0.11446,0.18122,0.018466,-0.12357,-0.013464,0.14583,-0.12019,0.38706,-0.077399,0.02045,0.29813,0.2305,0.095053,0.11916,0.09622,-0.15671,0.121,-0.06756,0.17501,-0.092792,0.28359,0.22076,0.21047,-0.27533,-0.10015,-0.19357,0.31704,0.096962,-0.25105,0.28316,-0.093995,-0.34119,-0.35417,0.25766,-0.27721,0.18412,0.36834,-0.087516,0.20238,0.019502,0.16173,0.25384,-0.18884,-0.047076,0.045125
-0.10308,0.068508,0.25364,0.36435,-0.039927,0.15081,0.13478,-0.0022948,0.24744,-0.15294,-0.086621,-0.002663,0.85917,-0.30877,0.12361,0.096821,0.23631,0.042948,-0.26287,-0.22177,0.090812,0.14978,0.36223,-0.10081,-0.20139,-0.067662,0.20876,0.14371,-0.071571,0.027844,-0.1414,-0.13832,0.13465,-0.24214,-0.14827,0.3485,0.67243,0.036072,-0.30198,-0.1903,0.095214,0.0079099,0.23255,-0.28298,-0.19008,-0.024535,0.032065,0.14991,0.16116,-0.14716,-0.014536,-0.19418,-0.24475,-0.1332,0.4843,-0.18128,0.32503,-0.18409,0.074233,0.081667,0.097766,0.2046,0.24788,-0.076866,0.26954,-0.05855,0.022603,0.012845,0.063072,0.14078,-0.31567,0.50536,-0.0058715,0.1986,0.01021,-0.048341,0.25624,0.26618,0.079333,0.29802,0.074321,-0.15711,0.24444,-0.3181,0.42983,-0.23262,-0.015911,0.17479,0.14949,0.059834,0.071598,0.51992,-0.1588,-0.22482,-0.36672,-0.12615,0.10997,0.059979,0.023182,0.1765
0.28405,-0.24195,-0.11812,0.18409,0.038431,0.0023183,0.022117,-0.033812,0.15218,0.2224,0.20767,-0.072455,0.11252,0.013599,0.2905,-0.034105,0.024227,-0.15323,0.097095,-0.15573,0.25948,-0.21667,0.13503,0.23493,0.14655,0.19169,0.2758,0.17574,-0.18406,0.18671,0.6898,0.062009,-0.15482,-0.26615,-0.12252,0.16749,-0.19511,-0.067845,0.50128,-0.020661,0.45356,0.087367,-0.11391,-0.013133,0.30142,-0.037952,0.15758,0.034061,0.10385,-0.087864,0.080825,-0.093779,0.043173,-0.063369,0.1208,0.18598,-0.36261,-0.094238,0.093617,-0.096228,0.045055,-0.017149,0.035729,-0.012883,0.040047,-0.20365,-0.065526,0.035273,-0.017482,0.011305,0.0037072,-0.0097149,-0.096397,-0.0082405,0.18362,0.064471,0.17684,-0.080942,0.39129,0.018752,0.018854,-0.020304,0.1185,-0.059107,0.31387,-0.083907,0.015822,0.19051,0.091362,-0.069703,-0.16805,-0.077932,0.067224,-0.28244,0.19988,0.0076916,-0.021183,-0.033859,-0.10579,-0.24452
-0.041015,-0.16317,-0.1042,0.15718,-0.083291,0.54561,0.068079,-0.18775,-0.093968,-0.0093989,0.046751,0.13722,0.33699,-0.0085851,0.034931,0.25887,0.085507,0.011471,-0.093944,-0.13081,-0.073378,0.36527,0.34765,-0.081816,-0.03945,-0.057608,-0.32952,0.16259,0.42989,-0.14722,-0.085927,-0.092109,-0.11744,-0.047057,0.011666,-0.062053,-0.093779,-0.12261,-0.22444,-0.025204,0.20365,0.40127,0.1377,-0.22446,0.14912,-0.16116,1.0803,0.040222,0.32945,0.10889,0.077226,0.29014,0.088952,0.74667,0.12084,0.064229,-0.15923,-0.075324,0.058488,0.062177,0.13691,0.028846,0.34999,0.0053073,0.14884,-0.24789,0.18012,-0.089949,0.14284,0.29494,0.20232,-0.049997,-0.044182,-0.24389,-0.15113,0.087932,0.0013632,-0.16695,-0.24899,-0.048582,-0.049698,0.27862,-0.10925,0.11969,-0.026164,0.4684,0.017824,0.014123,-0.062861,0.09655,0.013656,0.42402,0.75299,0.20835,0.59671,-0.19713,0.021233,-0.19677,-0.085466,0.13066
-0.17354,-0.023184,0.2375,-0.14953,-0.010716,0.090597,-0.015034,-0.22565,0.23922,0.16394,-0.077615,0.037099,0.2055,-0.27435,0.057181,0.24705,-0.0028615,0.15103,0.54386,-0.078187,0.036081,0.41845,0.1371,-0.089132,-0.054294,0.33884,0.27612,0.25798,0.009828,0.41875,-0.087014,-0.35459,0.099893,-0.057988,0.028341,-0.027808,0.090677,-0.19349,-0.13751,0.11813,0.0014896,0.13676,-0.2554,-0.10352,0.40922,0.11358,-0.2777,-0.068122,0.24072,-0.039261,0.21229,0.20375,-0.28892,-0.037314,-0.0096059,-0.041952,0.12856,0.19081,0.32162,0.36149,-0.0083908,-0.073556,-0.10242,-0.084635,-0.2296,-0.12494,0.084875,-0.10839,0.29057,-0.11976,0.25153,0.32707,-0.24197,0.25601,0.35439,0.39116,0.58127,0.00096477,-0.30974,-0.21978,0.36257,0.13888,-0.064314,0.13108,-0.073935,0.19565,-0.13918,-0.051811,-0.19391,0.36814,0.24089,0.0015287,-0.049407,0.020115,-0.089915,0.24394,0.45228,-0.19919,-0.15516,-0.15734
0.44047,0.081101,0.082417,0.14572,0.073975,-0.035294,0.26368,-0.15511,0.19544,0.057118,0.12358,0.51571,0.070753,0.35823,-0.34653,-0.23232,0.072135,0.026882,0.03379,0.44234,0.0032733,0.1564,0.50255,-0.10267,-0.18527,-0.054572,0.12065,-0.23115,0.27107,0.20141,-0.11242,0.15976,0.062786,0.31555,0.13797,-0.060742,-0.062195,0.59025,0.092502,-0.050939,0.11441,0.03408,-0.096275,-0.4111,0.34626,-0.13129,0.16772,0.35361,-0.08803,-0.024517,0.18124,-0.049612,0.12097,0.57084,0.12559,0.058405,0.076178,0.089163,-0.038438,-0.25447,0.22178,0.27548,0.00058155,0.46816,0.11146,0.18444,-0.25625,-0.17137,0.026494,-0.025605,-0.33558,0.32944,-0.054821,-0.059446,-0.39452,-0.23532,-0.15751,0.034007,0.20584,0.075648,0.16888,0.14623,-0.029119,0.0211,-0.039177,-0.17277,-0.16431,0.0034872,0.18959,0.031484,0.079061,-0.12534,-0.056429,0.3096,0.39886,0.41886,-0.28192,-0.090994,0.10172,0.080232
0.31718,-0.10625,0.12312,0.023589,-0.059047,-0.13582,0.27753,-0.04284,0.3659,-0.095379,0.14486,0.093693,0.4416,0.02434,0.15783,0.41391,-0.11353,0.21496,-0.13442,0.32663,-0.23842,0.059126,0.047575,-0.092364,0.064748,-0.099065,0.71074,-0.20586,-0.046692,-0.025447,0.12084,-0.077182,0.37001,-0.028728,0.28275,0.00041057,0.09926,-0.35082,0.051103,-0.10754,0.16941,0.15973,-0.26714,-0.13971,-0.063624,0.58637,0.030894,0.34716,0.015047,-0.039786,0.23855,-0.28486,0.076144,0.065522,0.098616,0.027748,0.017709,0.10775,0.30231,0.28052,-0.049553,0.1558,-0.02933,-0.14452,0.14642,0.066503,0.24816,0.096927,-0.2252,-0.01106,0.25812,0.28365,0.0082678,-0.11139,-0.17976,-0.027729,-0.18831,0.043355,0.1318,0.17072,-0.016773,0.11228,-0.023441,0.18871,-0.19083,0.47567,-0.01607,0.021347,-0.2742,-0.065748,-0.042035,-0.062315,-0.031775,-0.10006,0.077089,0.2383,-0.18169,0.17431,-0.075374,-0.007596
-0.040908,-0.017586,0.026922,-0.30541,-0.13067,-0.12223,0.28091,-0.13474,-0.37813,-0.052485,-0.29668,0.18383,0.15114,0.18648,0.12614,0.40904,-0.048634,0.02828,0.18688,-0.33617,0.32956,-0.052618,0.036034,0.17275,0.18225,0.50763,0.24991,-0.3117,-0.22006,0.16185,0.30524,0.2237,0.018241,-0.18915,-0.077431,-0.15256,-0.21203,0.73048,-0.1963,0.33061,-0.25281,0.10315,-0.18468,-0.099638,-0.13169,0.44483,-0.04797,0.32157,0.13206,-0.2315,-0.25561,0.16746,0.09852,-0.065234,0.030766,0.074982,0.3803,-0.10641,-0.038819,0.2172,-0.21158,0.05776,-0.087304,-0.22755,0.27086,-0.073501,-0.1023,0.27893,0.10386,-0.2289,0.18783,0.042351,0.043804,-0.0013698,-0.30875,0.023568,0.082144,-0.0625,0.2952,0.078239,0.24457,0.33581,0.30686,0.21223,0.25635,-0.039027,0.3628,-0.032759,0.1294,-0.1721,0.0045486,-0.041255,0.64973,0.32172,-0.24378,0.03958,-0.09593,0.07571,-0.0060663,0.25178
0.42525,-0.17192,0.040655,0.15141,-0.039203,-0.017451,-0.2478,-0.14335,0.012378,0.12859,-0.053081,-0.23501,-0.12362,0.38394,-0.31236,0.14606,0.079487,0.10657,-0.040328,0.23555,-0.23598,0.099207,0.094894,0.041961,0.051091,0.45333,-0.024519,0.41239,0.085568,0.37587,-0.19108,0.15611,0.26864,-0.14788,-0.11115,-0.10393,-0.0049748,-0.076964,-0.11656,0.074199,0.25408,0.11312,0.13618,0.18956,0.12225,0.020429,-0.20298,0.32039,0.15063,-0.0098329,0.0014075,0.015128,0.20527,0.27869,-0.05859,-0.23463,-0.23547,0.084383,-0.093996,0.12019,-0.063673,-0.18507,0.33205,-0.0032805,-0.26941,0.28257,0.24346,0.16561,-0.18813,0.3065,0.53599,-0.042924,0.11297,0.28582,-0.14527,-0.099237,-0.056835,0.33916,-0.032825,0.1957,-0.039013,0.27718,0.05101,-0.021142,0.080368,0.36573,0.026725,-0.26939,0.039915,-0.17216,0.23185,-0.19935,0.014532,-0.042525,0.059997,-0.19228,-0.0088148,0.18012,0.068711,0.25436
0.14601,0.067277,-0.11043,0.36741,0.15919,0.12352,0.25764,-0.14493,0.19353,0.16336,-0.19836,0.092857,0.49319,0.46155,-0.10862,-0.11719,0.16496,-0.29649,0.45278,-0.11143,0.10629,-0.033996,-0.090762,0.00034729,0.86306,0.035412,-0.053781,-0.004105,0.40924,0.19297,0.43737,0.20636,-0.11532,0.45106,0.11088,0.0028469,0.40772,0.057422,-0.13381,0.2822,-0.24063,0.22535,0.20079,0.22354,0.3818,0.26345,-0.016327,-0.055265,-0.0019898,-0.11511,-0.087203,-0.013563,-0.20003,-0.11147,0.61158,0.36314,-0.10587,0.33937,-0.13245,0.13775,0.14013,-0.12316,-0.085535,0.073698,-0.018613,0.19255,-0.17672,-0.046906,-0.21892,-5.8136e-05,-0.071575,0.042884,0.12873,-0.010253,-0.061901,0.27279,-0.26073,-0.060873,-0.16934,0.14086,0.081423,0.072611,-0.14681,0.23259,0.050294,0.26714,0.3302,-0.033794,0.13238,-0.18963,-0.029129,-0.30315,0.20182,-0.17576,0.27709,-0.15675,0.087143,0.35768,-0.070922,-0.21503
0.13081,0.007949,0.085744,0.099604,-0.039239,-0.049662,0.24976,0.21719,-0.1452,0.18587,-0.15966,0.32924,-0.047089,0.37923,-0.1168,-0.12618,0.025962,0.020176,0.078919,0.079628,-0.21163,0.12446,-0.10616,-0.34148,-0.052781,0.27172,0.59644,-0.040477,-0.12295,-0.098869,-0.025912,0.1242,0.1065,-0.17658,-0.07137,0.02122,-0.16156,0.14197,0.082478,-0.050258,0.022864,-0.050036,0.23181,-0.20674,0.18131,0.089734,0.012496,0.055586,0.34203,0.00086408,0.45625,-0.1024,0.16269,-0.021515,0.20294,0.38381,-0.0044896,-0.13687,-0.015845,0.14191,0.12969,-0.0035827,0.055169,0.2866,0.070841,0.074735,0.21307,0.086728,0.20453,0.026255,-0.087335,0.054003,0.040062,-0.087124,-0.078521,0.16772,-0.022011,0.38579,-0.14622,-0.0743,0.04007,0.079939,0.40098,0.33283,0.16461,0.019595,-0.11688,-0.064047,0.0081596,-0.18176,0.10393,0.11162,0.084439,-0.012599,0.080626,0.28472,0.032254,-0.068692,0.10056,0.42007
-0.072371,0.31252,0.25589,-0.14004,-0.10172,0.11524,0.37868,0.0023584,0.32089,0.23379,0.28621,0.27551,-0.014077,-0.02536,0.031838,-0.27344,-0.0089583,-0.10431,-0.033489,-0.091749,0.091861,0.15049,-0.23515,0.20445,0.18978,-0.094826,-0.20105,0.16731,-0.33626,-0.17413,-0.20278,-0.1096,0.0912,-0.11658,0.15204,0.028048,0.018557,0.081254,0.4519,0.036117,-0.13746,-0.18759,0.61746,-0.078678,0.11383,-0.065391,-0.14965,0.29297,-0.014084,0.043505,0.02413,-0.11596,0.26126,-0.043323,0.38163,0.11721,-0.13413,0.09871,-0.30463,0.068087,0.28456,0.59124,-0.32916,-0.076268,0.079152,0.43878,0.30443,-0.044203,0.073691,0.1387,-0.1378,-0.15087,0.15249,-0.17925,-0.056099,-0.1393,-0.034331,-0.018671,0.1873,-0.013611,0.084247,0.4391,0.33765,-0.23376,-0.0047547,0.25859,-0.11075,-0.082017,0.30611,0.15413,0.34789,0.32051,-0.073207,0.22838,-0.1713,-0.15424,-0.18298,-0.18621,-0.29265,0.27624
0.14564,0.28355,-0.018616,0.094054,-0.054904,-0.076236,0.036998,0.55439,0.015239,0.061005,-0.010034,0.17012,0.052775,0.087269,0.11338,0.049961,0.19826,0.11991,0.33719,-0.30383,0.39871,0.22329,-0.20374,0.043995,-0.11862,0.076782,0.15738,-0.026097,-0.12937,-0.23835,0.26305,0.30541,0.053329,0.035977,0.1287,0.011445,-0.17288,0.14972,0.61157,0.046936,0.13513,0.14266,0.0097864,-0.15505,-0.18759,-0.020146,0.04506,-0.15315,0.26746,0.037707,-0.14222,-0.21559,0.19325,0.28196,0.20749,0.30428,0.1944,-0.024694,0.20519,0.19441,0.055903,0.056291,-0.040623,0.088216,0.030973,-0.059308,0.31763,-0.12159,-0.037194,0.72379,0.16547,0.13967,-0.1341,0.21285,-0.14912,-0.27201,-0.19969,0.037049,-0.089231,-0.036155,0.28499,0.2872,0.09579,0.37902,-0.22788,-0.11754,-0.3872,-0.06953,0.15384,0.26476,0.49442,-0.0011452,0.025291,0.013361,0.21283,0.41378,-0.07893,-0.19261,-0.1055,0.02914
-0.23225,0.44127,0.017067,0.24904,-0.18101,-0.032159,0.031458,-0.27602,0.055448,0.057909,-0.027326,0.23982,-0.16763,-0.056234,-0.017718,-0.14398,-0.26288,-0.072929,-0.17526,-0.12993,-0.051316,-0.19499,-0.13363,0.18184,-0.058224,0.21409,-0.24534,-0.19078,-0.049024,0.87144,0.57262,0.38529,0.071436,0.26919,0.086205,0.41941,0.12053,-0.10846,0.16529,0.23104,0.10173,-0.040303,-0.16319,-0.032089,-0.19581,0.15509,-0.10185,0.0099033,0.35548,-0.15815,-0.16369,0.24573,-0.10909,-0.1106,-0.07817,0.058076,0.020707,-0.1926,-0.13027,-0.24708,0.045539,0.21698,0.16001,-0.093363,0.037393,0.16182,0.18931,-0.15963,-0.067014,-0.098871,-0.35169,0.3268,0.01826,0.26481,-0.047575,-0.0030265,0.027623,0.14965,-0.18893,0.021177,-0.1894,0.010271,0.2513,0.1105,-0.064359,-0.097365,-0.22462,-0.00044009,0.057317,0.38141,0.10593,0.1892,0.12769,-0.17713,0.20844,0.19361,0.38529,0.33671,-0.23101,-0.23315
0.13129,-0.17598,-0.2975,-0.046513,-0.058886,-0.11274,-0.040807,0.34924,0.025091,-0.12666,-0.12589,-0.055422,0.010615,0.23588,-0.11634,0.17014,0.15573,0.50981,0.19033,0.093382,0.21079,0.066362,-0.17167,0.18827,0.35422,-0.12687,-0.071255,0.14708,-0.1141,-0.1163,0.28271,0.0063703,0.28413,0.23467,0.41507,-0.042954,0.064858,-0.035287,0.12108,-0.0050432,0.017254,-0.29269,0.030804,-0.00094102,0.24722,-0.13439,-0.091806,0.01974,-0.085878,0.17546,0.3686,0.08479,-0.09576,-0.27224,0.34896,0.14495,-0.19751,-0.095515,0.089615,0.11635,0.35724,0.32428,-0.27176,0.028412,0.6503,0.019775,0.11605,0.31331,0.3754,0.051226,-0.061757,-0.24154,-0.1639,0.22346,0.032671,0.10115,0.31419,-0.015254,0.24956,-0.015121,-0.055784,-0.07993,-0.25887,-0.03711,0.11348,-0.0016049,-0.011362,-0.23407,0.24642,0.066307,0.34776,-0.13346,0.46366,-0.077728,0.018731,-0.10857,0.0044396,0.14637,0.088343,0.09568
-0.21624,0.021576,0.256,-0.26503,0.034267,0.34187,0.023325,-0.12302,0.14299,-0.067431,-0.0095592,0.030127,0.23608,-0.030676,0.071284,-0.078303,0.060168,-0.27027,0.078251,-0.050687,0.10965,0.23378,-0.013031,-0.034626,-0.10621,0.038582,-0.17562,-0.14829,0.15431,-0.047141,0.58697,0.038553,-0.12786,-0.080346,0.071224,0.39169,0.15553,0.073397,0.27849,0.2731,-0.19581,-0.21032,0.11406,0.35675,-0.20329,0.061765,-0.18632,0.079884,0.22763,0.40817,-0.037978,0.059396,0.31181,-0.083892,0.010912,0.13633,0.063548,0.36619,0.459,0.048995,-0.15221,-0.16778,0.71856,-0.074325,0.32433,-0.030361,-0.046299,-0.10614,-0.2489,0.10682,-0.0055453,-0.01495,-0.12682,0.33216,0.071156,-0.23072,0.24022,0.049229,0.42806,-0.31479,0.17921,0.21913,-0.038922,0.051105,0.10207,0.25419,0.16604,0.17143,0.068898,0.029148,-0.041581,-0.040979,-0.12417,-0.04842,0.01165,0.11213,-0.14991,0.38332,0.5127,-0.14785
0.78195,0.35416,0.16422,0.21745,0.063387,-0.10496,-0.26844,-0.23314,0.65845,0.2823,0.12204,0.24937,-0.055583,-0.030314,-0.10515,0.033772,0.024622,0.013521,0.27553,-0.19604,0.14328,-0.1918,0.31073,-0.2132,-0.30583,-0.22757,0.24878,0.43347,-0.0034388,-0.13166,-0.34505,-0.023182,-0.10805,0.040786,0.25541,0.28874,0.062661,-0.060982,0.2145,0.33011,-0.052041,-0.10673,0.079961,0.077732,0.12227,0.25844,0.17273,-0.084886,-0.01566,-0.10101,0.029612,-0.15,-0.079501,0.011315,-0.015102,-0.17292,-0.02966,-0.033426,-0.1189,0.027538,-0.30309,-0.15193,0.41836,0.11877,-0.13141,-0.085218,0.084585,0.036921,-0.029767,0.1593,0.065962,-0.065373,0.14522,0.46915,-0.3108,0.27161,-0.23812,0.13748,-0.047835,0.057204,0.075049,0.26982,0.49492,0.0033014,0.2649,-0.25879,0.37948,-0.18457,0.0081966,0.13691,-0.28644,-0.32912,0.064308,0.011058,0.20833,0.16579,0.5278,0.055146,0.28801,-0.10136
-0.2777,-0.20156,-0.19487,0.051034,0.50284,-0.073242,-0.075508,-0.16637,0.11348,0.13898,0.11271,-0.15309,-0.30004,-0.29146,0.17956,-0.038434,-0.072187,0.36861,0.39972,0.2703,0.094889,0.14251,0.084506,0.049793,0.28597,-0.089412,-0.082043,-0.022877,0.084964,-0.043705,0.12136,-0.11552,-0.067157,0.13296,0.46017,0.0016551,0.21166,-0.070732,-0.26636,0.21534,0.2246,-0.012289,-0.20039,-0.29432,0.24382,0.53579,0.028221,0.053556,0.038053,0.11563,-0.1051,-0.10842,0.35127,0.038261,-0.13416,-0.16634,0.28091,-0.078925,0.13187,-0.12989,-0.014165,-0.17896,-0.038316,0.12597,-0.1753,-0.046568,-0.05667,-0.15875,0.026662,0.053081,0.0094559,0.21853,-0.093704,0.01845,-0.01575,0.15459,0.36411,0.084558,-0.029564,0.056264,-0.0070579,0.27414,0.092161,0.31884,-0.19131,-0.039867,0.10436,-0.10604,0.17635,0.10279,0.17939,-0.090016,-0.17014,0.26305,0.33633,-0.090415,0.11649,0.013456,0.016378,0.066379
-0.13522,0.24754,0.12353,-0.30248,0.32289,-0.02839,0.0081388,0.14763,0.41022,-0.15041,0.003295,0.0093984,0.08203,0.02339,0.038817,0.46546,0.1193,0.13817,-0.20498,0.074228,-0.037385,0.32201,-0.011282,0.15839,0.31024,0.0019115,-0.090104,0.2747,0.16678,0.084733,-0.033538,-0.10731,0.13909,-0.22986,0.4011,-0.16191,0.16796,0.22018,0.13712,0.12825,0.17997,-0.12302,0.53812,-0.12791,0.24808,0.20305,0.25328,0.21734,-0.072896,-0.036206,-0.1642,0.063253,-0.0057046,0.29752,0.27612,-0.12462,0.49797,0.30499,-0.22755,0.0032764,0.25321,0.17573,-0.036615,-0.06902,0.33975,0.066765,0.40776,-0.25618,-0.39268,0.10423,-0.035064,0.15589,0.22189,0.040426,-0.24788,0.27429,-0.098572,-0.072838,-0.024727,0.017545,0.30072,0.20761,0.35649,0.23326,0.090202,0.41571,-0.024238,0.17961,0.16527,-0.2423,0.19662,0.052699,-0.0018189,-0.12803,0.57102,0.08058,0.35763,0.094961,0.066801,-0.16114
0.20695,0.17889,-0.1321,0.29073,0.30957,0.18846,0.06167,0.07575,0.14777,0.43063,0.15955,0.15622,-0.047693,0.019805,0.062792,0.025913,-0.034122,0.00021732,0.35995,0.3161,0.20829,0.039884,-0.1464,0.0098302,-0.22973,-0.12221,-0.25893,-0.024101,0.017038,-0.13684,0.099168,-0.30858,-0.11041,0.58192,-0.12459,-0.19688,0.079201,0.21495,0.15687,-0.16124,0.091158,0.28413,0.39043,0.33412,-0.15915,0.37746,0.13288,0.23608,-0.13468,-0.11995,0.15079,0.24606,-0.17744,-0.099997,-0.11263,0.048239,-0.02149,0.33614,0.011146,0.011184,-0.15826,0.21843,-0.2248,0.037327,-0.20753,0.014281,0.29569,0.17955,0.28267,-0.068443,0.08042,-0.14886,0.82849,0.38643,0.00034513,-0.10192,-0.049041,-0.089969,-0.03591,0.55768,0.22765,-0.10362,0.5781,0.019344,0.081435,0.135,0.031598,0.13276,0.38781,-0.026111,0.46448,-0.1118,-0.13999,0.16179,-0.14225,-0.1006,-0.12147,0.21547,0.019777,0.018524
0.19857,0.20427,0.64118,0.021706,-0.023667,0.10243,0.37254,-0.11447,0.13248,-0.0021479,-0.030882,0.1824,0.083437,-0.24436,-0.03872,-0.13271,0.16851,0.27114,0.022758,0.60079,0.10841,0.3922,-0.10963,0.10239,-0.056611,0.19158,0.013605,0.034364,-0.071622,-0.16081,0.10699,0.28962,0.086818,0.036563,-0.26468,0.030936,-0.22443,-0.019986,-0.13457,-0.059056,-0.12325,-0.23144,0.23332,-0.030161,-0.04864,-0.25096,-0.065336,0.006496,0.45773,0.27137,0.18408,-0.24476,-0.1715,0.20566,0.12912,0.41966,0.022623,0.019681,0.67593,-0.046203,0.10776,-0.10273,0.083398,0.19936,0.098572,0.21723,0.32896,-0.084406,-0.11442,-0.12877,-0.089352,-0.21313,-0.099753,-0.21539,0.19754,0.031157,-0.024758,-0.16747,-0.0015073,-0.11317,0.29861,-0.10495,0.21149,0.082127,0.46275,0.22804,0.067037,0.22245,-0.063647,-0.053475,-0.13234,-0.16994,-0.0042418,0.27984,0.13603,-0.243,0.044869,0.26632,0.13473,0.075445
-0.094203,-0.090015,-0.091967,-0.010524,-0.10246,0.43409,-0.019228,-0.30264,0.28182,0.03738,-0.02891,-0.014448,0.32303,0.10722,-0.14801,-0.14724,0.18428,0.20811,0.075807,-0.032811,0.026916,0.13015,0.19308,-0.15007,0.24552,0.012164,0.44309,0.21555,0.23951,-0.31882,0.34697,0.02903,-0.042341,-0.17983,0.41179,-0.037964,-0.1465,0.17614,-0.020967,0.1121,-0.074232,-0.1323,0.31658,0.036125,-0.078847,-0.0086991,-0.0036405,-0.088317,-0.15363,0.14969,-0.19037,0.21206,0.18737,-0.19883,-0.012457,-0.22505,0.062931,0.13649,-0.21863,-0.15063,-0.20541,-0.17687,-0.15049,-0.15767,0.132,0.56086,0.12721,0.36393,0.059151,-0.030771,-0.10017,0.40482,0.26898,-0.15004,0.14768,-0.056172,0.1429,0.42128,0.40594,0.098193,0.38337,-0.047283,0.55096,-0.23158,0.089443,-0.079449,0.046301,0.01783,0.30691,0.31306,0.16894,-0.061432,0.15748,0.25449,0.035175,-0.10289,-0.12623,0.096762,0.092869,0.093223
-0.089174,0.098607,-0.17442,0.0039618,0.40489,0.027145,0.41415,-0.072827,0.031282,0.26471,0.19299,-0.12002,0.48132,-0.1213,-0.026937,-0.086518,-0.075054,-0.21162,-0.075384,0.37063,-0.10507,0.50091,-0.19377,0.19362,0.12453,-0.1046,0.51391,-0.21201,-0.060515,0.082996,-0.0024614,0.20859,0.072674,-0.12911,0.0027027,0.20413,0.50134,0.11408,0.091915,-0.026774,-0.039974,-0.068988,-0.1727,-0.27317,-0.16188,0.2826,-0.16424,-0.31168,0.24321,0.20697,-0.013884,-0.060063,-0.080882,-0.13644,0.10197,0.28336,0.072016,-0.057777,0.51843,-0.16259,0.24456,0.05469,-0.019849,0.32331,-0.14427,0.12908,-0.099624,0.27587,-0.090202,0.17022,-0.14824,-0.10124,0.24578,0.18089,0.11552,-0.1177,-0.14327,0.10467,0.25077,0.42254,0.34728,-0.087576,0.54752,-0.19917,-0.21848,0.085063,0.14394,-0.070275,-0.23348,-0.11208,0.13317,-0.062311,0.18815,-0.21825,0.072868,0.38107,0.21486,0.12035,0.38501,0.51465
0.46025,-0.086972,0.29986,0.28602,-0.12181,-0.16269,-0.079735,-0.22229,-0.12983,0.093852,-0.0051618,-0.021087,0.0098805,-0.044541,-0.064905,-0.069065,0.060318,-0.28951,0.068861,0.074341,-0.17466,0.20131,-0.25309,-0.23021,-0.021821,-0.12945,-0.12978,-0.19145,-0.10384,0.043603,-0.054469,0.16355,0.41154,0.059912,0.24171,-0.36471,0.1482,0.11098,0.30378,-0.067432,0.016544,-0.090061,-0.0061534,0.12825,0.2313,0.034526,0.33325,0.48689,-0.16888,-0.10045,0.51238,-0.12098,-0.077611,0.038123,0.042018,0.13381,-0.078251,0.23832,0.14029,0.22865,-0.0062052,0.14492,0.13537,0.021713,-0.20017,-0.085176,-0.3152,0.1378,0.1131,-0.265,-0.21499,0.20677,-0.21822,0.38666,-0.07001,-0.036011,0.10976,0.5592,0.37106,0.23743,-0.00025454,-0.057584,0.45658,0.18473,-0.15689,0.28384,0.36854,0.0023596,-0.099228,0.0051305,0.44747,0.27707,-0.11218,0.23766,0.17768,0.57688,-0.086797,-0.10457,0.17818,-0.26327
0.28573,0.13145,0.13988,0.0084979,-0.11772,0.43428,0.10933,0.35405,0.12423,0.023161,-0.1345,-0.31984,0.032776,-0.047885,0.13318,0.077632,0.4295,0.34656,0.029885,-0.087507,0.12838,0.0062006,0.039545,0.19926,0.032717,-0.0069359,0.051803,-0.13607,0.047687,0.04879,0.16175,-0.016559,-0.077276,0.16806,0.39063,0.038236,0.2459,0.13176,-0.037325,-0.045556,-0.13513,-0.02703,-0.15068,0.11484,0.3148,-0.14733,0.035546,0.036685,-0.028462,0.17234,0.33498,-0.11106,0.2561,0.36935,0.13273,0.38658,-0.036898,0.04634,0.084827,-0.17365,-0.047334,-0.0061075,0.05421,-0.13044,0.071093,0.049782,-0.039889,-0.2027,0.041437,-0.24823,0.095288,0.40339,0.013634,-0.20409,-0.11916,-0.087789,0.17067,0.38177,-0.0098046,0.30777,0.10734,0.18973,-0.31589,-0.087102,0.037864,0.25559,-0.20365,0.078823,0.082577,0.13914,0.059464,-0.1658,-0.11242,0.28798,0.046675,0.26016,-0.30621,0.14599,0.035998,0.14312
-0.025941,-0.09241,0.075246,0.37488,-0.16011,-0.18632,0.077079,0.068118,0.32552,-0.071657,0.058089,-0.072093,0.40255,0.24966,0.28511,0.21298,0.40359,0.4208,-0.34166,0.04303,0.20072,0.31524,-0.31551,0.38558,0.54187,-0.047261,-0.0012772,-0.16318,0.020657,-0.29355,-0.060633,0.28891,0.20563,0.64447,0.012228,0.06364,-0.09334,0.15002,-0.28232,0.033825,0.27527,-0.024494,-0.20126,0.096663,0.064766,0.020826,-0.097491,0.073223,0.15471,0.057869,-0.30231,-0.21828,-0.1258,0.36513,0.16141,0.1772,-0.12471,0.049199,-0.20272,-0.13112,-0.14834,0.35645,0.046409,0.29856,0.026528,0.090729,0.12292,-0.091239,-0.072546,-0.1403,0.29092,0.17823,0.16478,0.36032,-0.027823,0.53033,-0.12856,0.3409,0.084898,0.1402,0.37539,0.17049,0.35261,-0.00072387,-0.19131,0.11911,-0.055766,-0.17351,0.38507,-0.013644,0.019542,0.21533,0.19218,0.028894,-0.089468,0.15268,0.63286,-0.18826,-0.12304,0.43506
-0.41448,0.097033,-0.38462,0.21367,0.084423,-0.13171,0.14283,0.22614,0.091368,0.37963,-0.092606,0.28268,-0.34112,-0.21949,0.27676,-0.055126,-0.10032,0.3219,-0.12711,-0.13973,0.15127,0.19171,0.26047,-0.026434,0.019706,0.27122,-0.14076,0.3464,-0.22349,0.07154,0.15933,-0.10445,-0.25481,0.015976,-0.23747,-0.035135,-0.18529,0.145,-0.17849,0.33532,0.10243,0.0616,-0.1282,-0.074857,0.017249,0.00091792,0.031351,0.18893,0.092203,0.086248,0.11852,0.064169,0.23062,-0.28669,0.46219,0.39644,0.39727,-0.10134,0.12458,-0.27528,0.3406,0.3003,0.12437,-0.18786,0.07556,-0.041218,-0.12398,-0.20855,0.25835,-0.20767,-0.41128,-0.035977,0.47213,0.34322,0.17605,0.24121,-0.002778,-0.15277,0.3579,-0.19539,0.16976,0.42156,0.034901,0.033664,0.083278,0.34594,-0.086111,-0.081425,-0.10229,-0.015714,0.12607,0.094641,0.26675,0.3496,-0.048181,0.3445,0.47841,-0.067327,0.28379,-0.30742
-0.014373,0.08742,0.5109,0.31349,0.23223,-0.090859,0.017995,-0.10295,0.32937,0.63123,0.0031584,0.068759,0.25573,0.024472,0.59816,0.26445,0.016777,0.028633,-0.12531,0.16419,-0.17516,0.1637,-0.070364,-0.052482,0.055867,-0.27523,0.061659,0.3613,0.074534,0.18706,0.022636,0.058303,-0.11661,-0.22913,-0.13361,-0.038683,-0.34618,0.30719,-0.24604,0.0051671,0.0015399,-0.29071,-0.084235,0.70485,0.15886,-0.061896,0.074063,-0.090564,-0.054899,0.11864,0.35364,0.0015379,-0.26308,0.30224,0.39351,0.1158,0.44239,0.017778,0.10513,0.28899,0.039908,0.057709,0.30478,0.033917,-0.087125,-0.074979,-0.11509,-0.1669,0.50783,-0.068012,-0.17503,-0.083031,0.1733,-0.1902,0.31613,0.024179,0.41574,0.023,0.39937,0.010009,0.12041,0.12529,-0.030987,0.43885,-0.053734,0.24669,0.043204,0.24628,-0.091016,0.012332,0.073656,0.091451,-0.064044,-0.32716,-0.21872,-0.12345,0.049681,0.35366,0.047621,0.53993
0.068416,0.22608,0.28992,-0.002069,0.018377,-0.04075,0.011823,0.096909,-0.24926,0.15758,-0.11129,0.14328,-0.098064,-0.11498,0.16986,-0.042343,-0.18473,-0.076291,0.1564,0.18253,0.36536,0.22787,-0.33767,0.19389,-0.019235,0.24506,-0.1769,0.099165,-0.064898,0.31598,0.089425,0.14253,0.057975,0.26828,0.070174,-0.066557,0.15665,0.19247,-0.17534,0.28842,0.06703,0.067435,-0.0092555,0.052997,0.19314,-0.21817,-0.18701,0.21331,-0.25288,-0.0048016,0.22013,0.13247,-0.17079,0.12117,-0.039036,0.11822,0.060405,-0.1496,0.026787,-0.16207,-0.083233,-0.052404,0.53786,0.12073,0.13966,0.2572,-0.055398,0.3071,-0.018165,0.25375,-0.10738,0.009777,0.13707,0.33787,-0.0077088,-0.0519,0.012992,-0.10936,-0.088258,0.29458,0.18889,0.26977,0.030975,-0.094828,-0.067854,0.11454,-0.10367,0.20563,-0.10233,-0.09458,-0.031013,0.12503,0.19858,-0.14484,0.018229,0.31948,0.22309,0.20179,0.28464,0.45046
0.4436,-0.23266,-0.058173,-0.2474,0.13357,0.11826,-0.14874,-0.24028,0.49563,0.34601,-0.079748,0.070331,0.25441,0.16773,0.23396,-0.027451,-0.27329,0.048692,0.25164,-0.0088392,-0.10947,0.19076,0.07778,0.047559,-0.11583,-0.30783,0.38151,-0.29461,0.40911,-0.0006889,0.433,0.087622,-0.3188,0.010594,0.12783,-0.21392,0.026978,0.14805,0.13662,0.18755,0.37667,0.30348,0.21761,0.042264,0.061362,0.10365,-0.076541,0.070019,-0.10064,0.38844,0.027934,0.1739,-0.21457,-0.10166,0.2303,-0.20053,0.036062,0.3891,0.5414,-0.00064803,-0.11995,0.5492,-0.23111,0.24785,0.70565,-0.0070652,0.11699,-0.008851,0.014567,-0.046317,0.23341,0.24976,0.42959,-0.44042,0.15496,0.31737,0.22865,-0.021106,0.13656,0.2935,-0.035658,-0.14611,0.10325,-6.2333e-05,0.27081,0.063244,-0.24868,0.30304,0.40976,-0.06152,-0.10543,-0.16713,0.019094,-0.12791,-0.063629,0.50523,-0.26566,-0.14796,0.43119,-0.16417
-0.028309,0.093723,-0.12225,0.30398,0.10896,-0.10701,-0.12062,0.5132,0.012505,-0.013104,0.39809,0.50651,-0.15518,-0.012224,-0.17356,-0.20318,0.22203,0.46499,0.1522,-0.14089,0.3985,-0.001601,-0.24485,0.068537,0.5852,0.29337,-0.033284,0.19644,-0.036858,-0.145,0.069071,-0.18167,0.36956,0.16166,-0.040201,0.10079,-0.2699,0.077387,0.58935,-0.084345,0.33392,0.045617,0.19049,-0.34812,-0.2789,-0.070086,-0.14073,-0.17733,-0.15385,-0.14574,0.19423,0.64921,0.35615,0.24017,0.38307,0.12271,-0.17608,0.093944,-0.28014,0.27005,0.068173,0.16709,-0.20491,0.020896,0.11977,-0.1709,0.096058,-0.2563,-0.035668,-0.016198,0.1043,0.017623,-0.077892,0.030473,-0.11353,-0.31615,-0.096808,0.053446,0.43865,0.24911,-0.17051,0.34843,0.1979,-0.13051,0.36693,-0.083754,0.17605,0.11694,0.098422,0.18355,-0.069403,0.033005,0.15849,0.3909,0.24594,0.12771,-0.016536,0.37199,-0.15796,-0.28946
0.13381,0.36386,-0.15366,-0.038288,0.19103,-0.070784,0.07561,0.25196,0.17113,0.16097,-0.027279,-0.082303,0.041299,-0.24037,0.033516,-0.13574,0.076203,-0.17162,0.16016,0.32323,0.49286,0.26041,0.21843,-0.16694,0.5124,0.35494,-0.07433,0.059641,0.35395,0.067448,-0.11919,0.15669,0.15941,0.67349,0.015951,-0.046882,-0.25982,0.077242,-0.040699,-0.091427,0.085828,-0.14861,0.30915,-0.2889,-0.042024,-0.17119,0.27498,-0.2841,0.10638,-0.02422,0.49071,-0.19059,-0.052086,0.15092,0.04338,-0.16005,0.065892,0.060631,0.0081094,0.082162,0.16207,0.070825,-0.22281,0.38584,0.090892,-0.1412,0.026136,0.015579,0.24503,-0.033663,0.20207,0.018129,0.020186,-0.21159,-0.019636,-0.11941,0.2598,0.18027,-0.27629,-0.077902,0.46657,-0.0051567,-0.20473,0.21723,-0.013347,0.060247,0.41787,-0.12575,0.28802,0.055271,-0.048351,-0.39197,-0.033955,0.2147,-0.17368,0.20307,0.49898,-0.077166,-0.018234,0.54078
0.095021,0.19825,-0.051615,-0.14575,-0.095243,0.13404,-0.16934,-0.015184,-0.12692,-0.24992,-0.21827,0.38785,0.50494,0.44209,0.17513,0.051759,0.072168,-0.28705,0.13718,0.092312,0.4206,0.16869,0.25484,0.3579,-0.19487,0.15564,0.36902,0.01014,-0.13875,-0.1625,0.13999,0.1648,-0.01451,-0.085967,-0.17982,-0.010874,-0.034932,0.57094,0.19993,-0.25162,0.070099,-0.20046,-0.042672,-0.14997,0.20399,0.12343,0.20599,0.70672,-0.022944,0.11404,-0.27457,0.089512,-0.22938,0.050532,-0.15079,0.12228,0.21309,0.49222,0.42589,-0.10752,-0.013976,0.0093123,0.19945,0.17376,0.42258,-0.09322,-0.0092019,-0.015515,-0.20991,-0.058877,0.30625,0.17605,0.013168,-0.20181,-0.23017,0.1069,-0.089762,0.19685,-0.077369,0.030634,0.14752,0.14451,-0.08991,0.17406,0.12355,0.60512,0.23256,0.28263,0.42506,0.12944,-0.2121,-0.22182,0.22792,-0.23152,0.49973,0.15717,-0.13948,-0.25615,0.22034,0.28224
-0.075974,-0.0069986,-0.20024,-0.18712,0.24612,0.28432,-0.17718,0.28035,0.20021,0.024242,-0.041755,0.14526,-0.13533,0.02251,0.16239,-0.18229,0.10714,-0.12954,0.0326,0.25692,-0.050672,-0.14795,0.22586,-0.39021,0.047715,0.030386,-0.21341,0.052034,0.0017979,0.15217,0.041538,-0.12416,-0.086417,0.020298,-0.07066,0.32399,-0.24336,0.26175,-0.36053,0.18498,0.32444,-0.05976,-0.11152,-0.036528,0.013954,-0.07031,-0.18853,-0.026993,-0.116,0.16314,0.23485,0.1952,-0.092113,-0.034481,0.2596,-0.14858,0.1663,-0.0063384,0.1488,0.031947,-0.17252,-0.17604,0.27094,0.069494,-0.17861,0.24886,-0.19423,0.36152,-0.024394,0.10728,0.12202,-0.046687,0.095439,-0.031146,0.12532,-0.28903,0.0040774,0.17678,0.00221,0.20481,0.32737,0.27312,0.13851,-0.21785,0.1479,0.50748,0.133,-0.042493,-0.23177,0.086491,-0.10589,-0.23853,-0.14083,0.05783,-0.051228,0.051478,-0.098711,0.019426,0.63656,0.11387
-0.07351,-0.20175,0.15144,-0.1517,-0.025833,0.17565,0.44597,0.23847,0.32763,0.049214,0.27408,0.20561,0.26572,-0.056378,-0.023684,-0.30672,-0.13804,0.34516,0.10033,-0.049771,0.26139,-0.18773,0.041787,-0.076698,0.053348,0.052601,0.16466,-0.030028,-0.047076,-0.16778,-0.11233,0.60377,-0.061439,-0.14648,-0.11492,0.3374,-0.029754,0.081281,0.1383,0.15651,-0.035695,-0.2871,0.18033,-0.21085,-0.026198,-0.068265,0.33862,0.042732,0.19096,-0.078767,0.33648,0.17958,0.02803,0.2947,0.14018,0.060348,0.19732,0.12492,0.0068711,-0.075247,0.26083,-0.15973,-0.14322,0.0718,-0.30461,-0.089821,0.078976,0.27782,0.010015,-0.045204,-0.072466,-0.20416,0.16413,-0.065394,0.034615,0.37735,-0.10001,0.62362,-0.13374,0.11007,-0.065764,-0.015727,-0.064205,0.51611,-0.035505,0.36244,0.18382,0.064593,-0.050593,0.0049141,0.20432,0.32267,0.13375,-0.019679,0.14433,-0.057223,0.42524,-0.061837,0.097038,-0.145
-0.087969,-0.087638,0.10199,-0.010994,-0.19835,-0.069017,0.14281,0.0083339,-0.2282,-0.045849,-0.048195,0.033244,-0.047957,0.49228,0.060866,0.32895,0.088966,0.18374,-0.30562,-0.13747,-0.099662,0.032891,0.12175,0.42495,0.096623,0.42819,0.20798,0.030723,0.39241,0.03738,0.023265,-0.14652,0.1694,-0.1533,0.055241,1.0134,-0.21767,-0.054997,0.25769,0.11073,0.090807,0.098658,0.0145,0.21989,0.50785,0.31975,-0.12317,0.04008,0.10655,0.10608,0.22141,0.097679,0.30243,0.20718,0.11827,-0.034699,0.22597,-0.16653,0.14592,0.19086,0.083772,0.15466,0.019643,0.049656,-0.01438,0.14536,-0.0090803,-0.10142,-0.13944,-0.11665,-0.25476,0.02009,0.32112,0.33895,0.09471,-0.025181,-0.15159,0.43922,-0.30935,0.27133,0.001677,0.21658,0.045018,0.25448,0.15059,0.17107,0.079454,0.032676,-0.23765,0.16082,0.095591,-0.15805,0.65776,-0.010725,0.09203,-0.25877,0.091627,-0.22432,0.24743,0.23559
-0.1354,-0.13467,-0.050155,-0.15879,-0.21016,-0.15688,0.5244,0.068888,0.45625,-0.17175,-0.20931,-0.14035,-0.074592,0.13004,0.019883,-0.044279,0.41476,0.16427,-0.27658,-0.1087,-0.059977,0.29961,0.21282,0.41479,-0.24333,0.20913,-0.051056,0.080841,0.27554,-0.047708,0.4081,0.53446,0.68881,0.089824,0.17975,0.097213,-0.092116,0.0068797,-0.28118,0.15176,0.090963,-0.033747,-0.18766,0.36344,-0.039541,-0.24812,-0.040074,0.15744,-0.26498,-0.16283,-0.15815,-0.20838,0.48738,0.36683,-0.03907,0.15555,-0.15078,0.4047,0.27781,0.57329,0.059878,-0.070386,-0.18412,0.04016,-0.21689,-0.19581,0.10712,0.24679,-0.20056,0.091214,-0.11857,-0.091368,0.13255,-0.10178,0.109,-0.12752,-0.069236,0.24155,-0.090081,0.31793,0.16274,-0.16731,-0.1497,0.09375,0.099847,0.26317,0.0076468,-0.17232,0.12335,0.43498,0.019198,0.27253,0.52246,0.0277,0.090744,-0.0092297,0.21088,0.0020584,0.050513,0.12987
-0.086913,-0.050697,0.026568,0.49425,-0.2022,-0.071343,-0.25195,-0.037442,0.074876,0.21666,0.23763,0.062191,0.51054,0.12321,0.11205,-0.097329,0.54559,0.019355,-0.16427,0.28031,0.56415,0.31763,0.10893,0.11263,-0.06216,0.059074,0.213,-0.026532,0.44986,-0.11406,-0.3116,-0.10124,0.37238,0.079972,0.11958,0.087943,0.12914,0.2401,-0.23621,0.19889,0.098156,0.19977,0.059629,0.054465,-0.024825,0.022744,0.15666,0.53551,0.047535,0.059329,-0.30195,-0.091667,0.11775,0.069468,0.12397,-0.048799,0.17098,0.62978,-0.099522,0.25874,-0.052966,0.19576,0.14375,0.45791,0.041175,-0.049254,-0.25584,-0.13046,0.20394,-0.17756,0.065597,0.048779,-0.04737,-0.13332,0.10086,0.0078289,-0.15263,0.0014289,-0.1104,0.15187,0.21033,-0.21008,0.20643,-0.037967,-0.16075,-0.043727,-0.025177,0.36994,0.030992,0.36211,-0.12047,-0.0031812,-0.083305,0.12374,0.1133,-0.21423,0.075032,-0.063736,0.13306,-0.042349
0.010086,0.44958,-0.10104,0.63341,0.087758,0.13259,0.029447,0.070717,0.31769,-0.20717,0.26131,0.48823,0.15053,-0.23502,0.044139,-0.08483,-0.10723,-0.17111,-0.068579,-0.1127,0.036667,0.30444,-0.095585,0.34355,-0.013837,0.054087,-0.17801,0.074928,0.26081,-0.026166,0.4177,-0.0057207,0.085521,-0.16229,-0.22114,0.21448,-0.25509,0.35367,-0.01798,-0.029426,-0.18857,-0.30747,0.098391,0.15738,0.047578,0.3632,0.14044,0.21502,-0.026159,0.24595,0.3872,-0.05923,0.42707,0.043639,0.18899,0.22684,0.024739,-0.16606,0.31727,0.0094987,-0.0037328,0.29488,0.06593,0.056098,0.13121,0.26156,0.020874,-0.14621,-0.047578,-0.092605,0.022268,0.35921,0.37413,-0.078251,0.094903,0.07136,-0.19706,0.11755,0.064748,0.12455,0.002357,0.12208,0.064847,0.13033,0.089229,-0.077824,0.13197,-0.16778,-0.19017,-0.23764,-0.19905,0.0039303,0.34454,0.40655,-0.016616,0.069991,-0.060574,-0.18339,-0.14139,0.44204
0.27285,0.56042,-0.19221,0.26925,0.36517,0.13989,-0.049697,0.10012,0.09105,0.34682,0.065597,-0.035538,0.14141,0.19314,-0.1201,0.007449,-0.0025196,0.063168,-0.0033344,0.060384,-0.090133,0.0015527,-0.00032499,0.0056683,-0.14842,-0.13995,0.1174,-0.15683,0.39279,0.29074,0.43918,-0.056897,-0.10897,0.059242,0.35832,0.072885,-0.11841,0.22729,0.26345,-0.20512,0.15779,0.17408,-0.12649,-0.11147,0.2393,0.35276,-0.11235,-0.19051,-0.14149,0.14055,-0.14345,-0.026122,0.068205,0.081418,-0.19944,0.40333,0.094664,0.14547,-0.19052,-0.16417,0.070778,0.21275,-0.0080294,-0.019838,-0.0073024,-0.056479,0.2212,0.1535,-0.022175,0.44056,-0.12539,-0.34123,0.12436,0.34516,0.17188,0.11691,-0.09883,-0.19358,-0.2348,0.04468,-0.036498,0.023801,-0.016114,0.28387,0.059331,-0.11463,-0.12753,-0.25921,0.15486,-0.021389,-0.10425,-0.1257,-0.29654,-0.13369,0.043379,0.41078,0.68273,-0.057291,0.36319,0.09556
0.18501,-0.038268,0.20726,-0.072958,0.17461,0.19485,-0.28874,0.061122,0.0075295,-0.21332,0.0045754,0.0072881,-0.078022,0.22791,-0.31759,0.36329,-0.078038,0.035854,-0.15865,0.058435,0.084839,0.51105,0.25383,0.16296,0.076794,0.13783,0.054218,0.17643,0.031794,0.08768,0.046986,0.23337,0.42681,0.1759,-0.093198,-0.027862,0.38977,0.082993,-0.1147,-0.010854,-0.096249,0.55209,-0.12232,-0.043223,0.0014504,0.17068,0.13889,-0.062165,-0.079436,-0.27223,-0.10776,0.13189,-0.18371,-0.044135,-0.12035,0.073458,0.12014,0.019853,0.0084372,-0.13657,0.22414,-0.25402,-0.10863,0.29112,0.050023,-0.089006,-0.084066,0.27697,0.14731,-0.060456,0.24108,-0.19087,-0.059209,0.15456,0.079427,-0.10051,0.16735,0.21129,0.46132,-0.24541,-0.24452,0.3103,0.31052,-0.25842,-0.012679,0.10435,-0.01937,0.060436,0.078925,0.22935,0.025183,-0.058545,-0.1674,0.33525,-0.08196,0.10247,0.23555,0.41927,0.059434,0.087403
0.30269,0.032988,0.011329,-0.026679,0.22509,-0.015305,-0.075956,-0.079266,0.22472,0.12149,-0.17154,0.10802,0.1538,-0.047713,-0.14998,-0.013781,0.40133,-0.17561,0.17657,-0.076091,0.41296,0.065652,0.045193,0.038899,-0.029708,-0.066219,0.26311,-0.061631,0.095166,0.04384,0.16931,-0.23273,0.041129,0.15169,-0.057669,0.16314,0.056367,-0.2852,0.063127,0.20495,0.49321,0.030262,-0.096757,0.079284,0.13305,0.22604,-0.22882,-0.064341,0.47819,-0.10987,-0.20839,0.029665,0.35894,0.014442,-0.26743,0.42269,-0.056397,0.11733,0.16045,-0.0078178,0.25619,0.35138,-0.097499,0.23698,-0.2095,0.054011,-0.019636,-0.061236,0.046985,-0.16312,0.16415,0.071295,-0.078201,0.14187,0.16244,-0.30048,0.15888,-0.12595,-0.119,0.36987,-0.065595,-0.020334,0.039821,0.1649,-0.051013,0.35093,0.39371,-0.35938,0.2146,0.079497,0.34716,0.033797,0.14736,0.037437,-0.26951,0.11169,0.059259,-0.051028,0.35021,-0.18596
0.10195,0.35196,-0.31548,0.13257,-0.069692,0.20652,0.011066,-0.25946,0.11349,0.1025,-0.055416,0.113,0.16844,0.016245,0.36249,0.39201,0.76297,0.22584,-0.0037238,0.4127,0.20888,-0.16561,-0.074369,-0.042077,0.053444,0.0013869,0.11293,0.34761,0.058138,0.18518,0.070197,-0.26193,0.21157,0.091352,-0.24787,0.14236,-0.1332,-0.1603,0.21239,0.14555,-0.20092,0.33206,-0.040298,0.02407,0.17147,-0.30993,0.015221,0.22166,0.14334,-0.076561,-0.17666,0.37146,0.21089,-0.092002,-0.16022,-0.21629,0.45509,-0.2695,0.089632,0.21267,0.19537,-0.071871,0.16086,0.33361,0.11975,0.052257,0.10267,0.18585,-0.25981,0.31673,-0.071083,-0.30118,0.16169,0.2513,0.34451,-0.085587,0.069519,-0.20715,-0.034001,-0.0054678,-0.11015,0.27167,-0.04248,0.19227,0.045775,-0.16506,0.154,0.046639,0.060606,-0.12627,0.17479,0.080532,0.36314,0.029217,0.02543,0.087495,-0.25726,0.16732,0.027497,-0.039804
0.16925,0.28633,0.29075,0.26366,-0.039915,-0.26934,0.46135,0.16355,-0.046141,0.20149,0.12545,-0.25346,-0.0041613,0.096253,0.11981,-0.21151,-0.14672,-0.12692,0.17668,-0.21122,0.078882,-0.10818,0.032202,0.11683,0.16668,0.63637,0.055099,-0.06826,0.30643,0.14795,0.051669,0.15957,0.065639,0.31793,0.086662,0.16906,0.15083,-0.17524,0.25084,0.08202,-0.21532,0.2381,0.56341,-0.17468,-0.23101,0.039745,0.17132,-0.031075,-0.041181,0.33529,-0.13992,0.34545,0.40922,0.23083,-0.14507,-0.081606,0.27838,-0.20598,0.49637,0.42815,0.099626,0.23341,0.20547,0.46652,0.0065861,-0.29592,0.020645,-0.07284,-0.092415,-0.26288,0.13405,-0.038665,-0.11417,0.21576,0.08992,0.032611,0.060845,-0.027321,-0.060586,0.26339,0.20064,-0.16259,0.712,0.49226,0.25951,0.16326,-0.024174,0.13679,0.074657,0.1704,0.042765,0.031201,0.11532,0.069059,0.43836,0.078841,-0.0040743,0.12915,0.19462,0.30376
-0.032019,-0.0091032,-0.12302,0.26483,0.24489,-0.047439,0.47147,-0.27276,-0.10876,-0.2427,-0.19889,0.017995,-0.09518,0.19578,0.11703,0.35052,-0.16779,0.27169,0.50618,0.40776,0.34949,-0.27454,0.12735,-0.04562,0.24054,-0.067524,-0.047954,0.2416,-0.089763,0.19962,-0.033596,-0.0023694,0.36292,0.76196,0.11962,0.1575,-0.22571,0.19772,-0.018598,-0.19018,-0.070429,0.38032,0.027759,-0.22645,0.24819,-0.14944,0.35839,0.23837,-0.1721,0.18024,0.18008,0.23111,0.091265,-0.086476,0.17641,0.14606,-0.077187,0.072453,0.57664,-0.070743,-0.019801,0.13439,0.021243,0.57067,0.46065,-0.12201,-0.042073,0.2295,-0.23386,0.15085,-0.23983,0.092898,-0.025544,0.10185,0.27278,0.20681,-0.16473,0.21262,-0.10077,-0.089698,-0.17305,0.23302,-0.03339,0.38624,-0.10531,0.030725,0.016838,-0.13612,-0.2436,-0.16885,0.044846,0.20325,0.1304,-0.11512,0.14392,0.5972,0.1185,-0.051941,0.32076,0.16357
0.007496,0.41816,0.019562,-0.231,-0.18282,-0.17859,0.62036,0.002757,0.25203,0.19078,-0.12005,-0.0095145,-0.17744,-0.01446,0.048036,-0.24771,0.48324,-0.039255,0.14724,0.09494,-0.38677,0.16117,-0.0040744,0.46019,0.15819,0.53564,0.3986,-0.14058,0.10248,-0.38815,0.23808,0.045994,0.089661,0.031856,0.04611,0.087334,0.39592,-0.16714,0.076381,0.55238,0.1824,0.36002,0.19016,0.48301,0.36282,-0.25964,0.0093132,0.32425,-0.02999,0.10341,0.3717,0.043018,0.032595,0.32372,-0.077296,0.3052,-0.090308,0.16408,-0.13855,-0.15773,0.0040715,-0.23161,-0.14361,0.026152,0.20749,-0.060464,-0.010263,-0.15719,0.048661,-0.27372,0.19503,-0.25741,0.0099527,-0.16692,0.011736,0.081903,-0.083086,0.28513,0.44297,0.10499,0.00060128,-0.04785,-0.06282,0.026833,0.14241,-0.19599,0.42599,-0.026917,0.1128,-0.048742,-0.13093,-0.27596,-0.11844,0.04654,-0.032164,0.45564,-0.39634,0.14346,0.29965,-0.10701
-0.21722,0.065877,-0.008043,0.38012,0.020329,-0.1192,0.012738,0.37035,-0.24094,-0.043662,-0.1658,0.18793,0.031826,-0.057188,-0.11313,0.4708,-0.16713,0.31122,0.2633,0.83245,0.26071,-0.014453,0.38184,0.036488,0.12947,0.053237,-0.016955,-0.067139,-0.13227,-0.052821,0.10225,0.16705,-0.014996,-0.027589,0.36105,0.29951,0.18997,0.43148,-0.067919,-0.32411,0.2439,0.69426,0.1146,0.22819,0.062718,0.096858,-0.19449,-0.082842,-0.070711,0.12679,0.47629,0.043094,0.084652,0.052311,-0.19083,0.0016924,0.45292,0.2084,0.094147,-0.097893,-0.054113,-0.18669,0.10089,0.35614,0.10096,0.45145,0.10865,0.15054,0.11141,0.1161,-0.092438,-0.0055148,0.30589,0.19251,0.002297,-0.23905,0.18648,0.31363,0.04191,0.26185,0.21504,-0.088281,0.10936,-0.082908,-0.056135,-0.035088,0.19389,-0.25398,-0.10449,-0.19705,-0.13907,0.21828,0.40683,0.11967,0.0024548,0.36044,0.019502,0.18062,0.054891,0.13735
0.096523,0.18691,-0.14289,0.48105,0.29726,-0.0019272,-0.086851,0.17592,0.11198,-0.048303,0.34155,0.35886,0.043474,-0.27981,0.055267,-0.070447,-0.056027,0.060938,-0.10429,0.00030845,-0.29061,0.25716,0.16001,-0.2023,0.043783,0.073975,-0.21942,0.25653,0.034714,0.08727,0.04763,0.073296,0.38887,0.42328,0.10783,0.55774,-0.23284,-0.16209,0.1013,0.086106,0.074004,0.44262,0.10228,-0.40783,0.43217,0.0044087,-0.11376,0.077266,0.14092,0.21311,0.13808,0.56527,-0.1355,-0.014155,0.30014,0.13733,0.10857,-0.21939,0.0069122,-0.19806,-0.043209,0.10308,-0.09136,-0.19902,0.20488,0.21511,-0.094078,0.31838,-0.27347,0.021194,0.065863,-0.065249,-0.019022,-0.028608,0.26493,0.0025822,0.054193,0.30391,0.3936,0.15104,0.14589,0.53596,0.35393,0.14232,-0.0069979,0.36167,-0.060315,-0.19837,-0.089238,0.017209,-0.049296,0.21424,0.10969,0.10497,0.0096346,-0.2037,-0.069887,-0.0070063,0.12133,0.23687
0.43488,-0.12784,0.42267,-0.027083,0.20328,0.18196,0.0003328,-0.22014,0.28065,0.17615,0.16176,0.26495,-0.027624,0.091589,0.031866,0.050426,0.090695,0.2108,0.015419,-0.051747,-0.044961,0.14776,-0.031774,0.14697,-0.08856,0.053331,0.097614,-0.15684,0.34036,0.18002,-0.41567,0.31138,0.18332,0.21982,-0.0061596,0.20589,0.43951,-0.17764,-0.21368,0.081365,0.26023,0.15687,0.18113,-0.25193,0.45097,-0.15684,-0.096702,-0.15633,-0.13409,0.32792,0.14326,-0.0027863,-0.020296,0.032837,-0.10452,-0.11182,0.43135,0.18869,-0.11083,0.19302,0.042534,0.20508,0.021692,0.032864,0.13999,-0.024481,0.080769,0.33369,0.075394,0.11658,-0.062694,0.1642,0.27762,0.31384,-0.1431,-0.036005,0.35592,0.10545,0.34368,-0.0071203,-0.15911,0.10315,0.1898,0.027051,-0.035335,0.0028518,-0.031358,-0.30628,0.19682,0.065782,-0.11753,-0.23761,0.3238,-0.192,0.13778,-0.16278,0.03159,0.029957,-0.22717,0.49175
0.049945,0.090469,0.29928,0.0044315,0.092929,0.11868,0.37598,0.084435,0.2434,-0.35144,-0.17277,0.11175,0.27406,-0.19446,-0.044044,-0.18518,-0.10388,-0.14996,-0.083554,0.025739,-0.040453,0.074013,-0.17981,-0.0067303,-0.021101,-0.12985,0.3326,0.32664,-0.083884,0.63476,-0.0038656,-0.086374,0.1066,0.23792,-0.063988,0.32349,-0.10409,0.0079213,-0.010296,-0.031481,0.48221,-0.10647,0.17702,0.18618,0.05961,0.097266,0.13365,-0.026501,0.465,-0.23088,0.067984,-0.038732,-0.064198,-0.11555,-0.13524,0.13901,0.53234,0.24445,0.44042,0.098599,0.27438,0.11316,0.22087,0.61829,0.12909,0.36257,-0.12881,0.23195,0.0097806,0.12199,-0.18266,0.23539,-0.21021,0.14935,0.28329,0.065373,-0.1026,0.41114,-0.24408,0.2124,0.33887,0.17254,-0.14792,0.31231,-0.12461,-0.3316,0.11122,0.12792,-0.11509,-0.15475,0.12904,0.14946,0.03226,-0.093628,-0.066222,-0.34025,0.16973,0.28458,0.26907,0.13625
0.11671,0.15818,0.45033,-0.15957,-0.062647,0.19079,0.30869,-0.06356,-0.028356,0.15793,0.28138,-0.13333,0.15594,0.19728,-0.05819,0.2265,-0.33179,0.32554,0.28319,0.25528,-0.026511,0.55991,-0.21665,0.11378,0.19999,-0.13906,0.11892,0.29826,0.0026988,0.038535,0.32965,0.055664,-0.19976,-0.046574,-0.067005,0.23678,-0.17144,0.082442,0.045202,0.35487,0.1649,0.018314,-0.28748,0.20683,0.22631,0.14187,0.68241,0.269,-0.13824,0.02284,0.22178,-0.0095216,-0.27543,0.25869,-0.12138,0.039226,-0.15892,0.084781,-0.062388,0.21821,-0.10018,-0.23434,0.33427,0.031344,0.39597,-0.01777,0.062141,-0.15246,-0.091053,0.0231,0.042732,0.053984,-0.056016,-0.15895,0.33735,0.25892,0.11489,0.082195,-0.19681,-0.34035,-0.16493,-0.23282,-0.058552,0.41058,0.34853,-0.017417,-0.1882,-0.089941,0.45719,-0.059012,-0.13587,0.1711,-0.033012,-0.27352,0.10383,-0.28528,0.11698,0.1205,0.22089,-0.058803
-0.0060434,-0.10039,0.31805,-0.071072,-0.010961,-0.16753,0.40309,0.034599,0.17404,0.26248,0.12364,0.10001,0.0082545,0.16235,0.32636,-0.21071,-0.011868,0.051044,0.19048,-0.10394,-0.22552,0.50284,0.40704,0.08334,0.33215,0.0070036,0.35401,0.22731,0.24669,-0.16477,0.01886,0.074195,-0.0053004,0.038132,-0.16095,-0.092364,0.20724,-0.085446,0.063917,-0.073949,-0.0019127,0.46248,-0.067966,0.19858,0.2651,-0.020164,0.15363,-0.099236,-0.023422,0.053401,-0.15136,0.2573,0.2843,-0.10582,0.11845,-0.12061,0.14047,-0.031393,0.028979,0.40899,0.050378,0.086679,-0.11294,0.17534,0.046893,0.38346,0.19864,-0.075133,0.19507,-0.32163,0.12549,0.2089,0.3291,0.26308,-0.31147,0.0056863,0.056408,-0.12122,0.019938,-0.21107,0.21651,-0.10149,0.49876,-0.0030208,-0.017609,0.33536,0.17953,-0.0088051,0.53785,-0.006052,0.10434,-0.0017077,-0.14127,-0.13673,0.30276,-0.05402,0.14484,0.070408,0.14656,-0.1469
-0.061343,0.10511,0.095051,0.30886,0.12011,-0.040693,0.01592,0.16709,0.060685,-0.0265,0.10518,-0.17946,-0.051661,0.22018,0.41359,0.35394,-0.062766,-0.03863,-0.18405,-0.32171,0.17228,-0.11832,0.25888,0.27909,0.0081491,0.12364,0.072357,0.17739,-0.10149,0.39933,-0.26112,0.34425,-0.11114,-0.17005,0.33437,0.41644,0.10212,-0.073515,0.034044,0.09077,0.056069,0.040067,0.21489,0.43777,0.051187,-0.23084,0.15828,-0.090874,0.41719,0.044336,0.11704,0.031739,-0.074646,-0.10458,-0.15851,0.022861,-0.027714,-0.12194,0.44486,0.038932,0.11914,0.12008,0.23305,0.064222,0.27909,0.41784,0.021742,-0.10465,0.27891,-0.011052,0.27127,0.31404,-0.20341,0.25787,-0.037625,0.094919,0.24033,-0.041437,-0.1222,0.44627,0.24842,0.089571,0.62777,-0.018056,-0.024631,0.11859,0.13981,0.19843,0.22978,-0.068037,-0.09117,-0.14579,-0.02587,-0.11949,-0.34344,-0.071592,-0.092143,0.088188,0.034356,0.055345
0.31709,0.17785,-0.16843,0.15347,0.42828,0.042034,-0.07629,-0.13801,0.092515,0.35586,0.18498,-0.19379,0.11604,0.49634,-0.10803,0.13936,0.036711,0.068819,0.27765,-0.15097,0.18669,-0.032482,-0.085853,0.034753,0.028213,0.14808,0.044679,0.15967,0.18435,0.050617,-0.023773,0.4798,0.21655,0.22303,-0.025093,-0.025154,0.081518,-0.0094232,-0.16209,-0.082613,0.21355,-0.035938,0.18068,0.37629,-0.0698,0.3554,0.2589,0.16305,-0.0030602,-0.076705,-0.17133,0.11978,-0.14145,0.035144,0.047167,-0.17876,0.0058087,-0.074709,-0.16776,0.46864,0.15447,0.30697,0.24248,-0.02635,-0.15224,-0.024633,-0.23312,-0.0093531,-0.017903,-0.10545,0.13911,-0.21096,0.27978,0.13822,0.15984,0.33293,-0.21188,0.081064,0.39301,-0.3245,0.023452,-0.046111,-0.037706,-0.086796,0.12504,-0.012664,0.32456,-0.082009,0.11328,-0.1328,-0.20795,0.091442,-0.15235,0.50988,-0.009135,0.069016,-0.1089,0.027513,0.13503,0.3035
-0.0040241,0.10613,0.082893,0.060408,0.1542,0.022372,-0.17465,0.017545,-0.032036,0.24389,-0.19343,0.20165,-0.002959,0.13831,-0.20173,0.40552,0.096366,0.019614,-0.13563,-0.061656,0.19974,0.26815,-0.088765,0.20797,-0.23138,0.53291,-0.025175,-0.050908,-0.0089064,0.19499,0.39081,-0.25844,-0.011117,-0.078317,-0.25263,0.42038,0.30489,-0.17294,-0.077706,0.12515,0.21527,0.31987,0.38355,-0.016138,0.097387,-0.20099,-0.29786,0.30514,-0.20697,0.17256,0.050042,-0.046197,0.1682,0.011716,0.080804,0.18166,0.047127,-0.053729,0.112,0.63661,0.041974,0.054834,-0.016806,-0.019826,0.18535,0.32792,-0.12952,0.41492,0.048196,-0.086551,0.24743,0.26484,-0.14064,0.028555,-0.19947,-0.29871,0.29084,0.072352,0.028054,0.35133,-0.040186,-0.055077,0.0065757,-0.12358,0.050229,0.27442,-0.23528,-0.21271,0.02049,0.14279,-0.14923,0.13953,0.11657,-0.054184,0.1535,0.063027,0.15826,0.093139,0.10316,0.12807
0.12832,0.0612,0.60452,0.29259,-0.07795,0.64912,-0.1979,-0.059203,0.15607,0.11407,-0.096413,-0.080955,0.2056,0.39329,0.38797,-0.12592,-0.40238,0.00088979,0.25908,-0.044958,-0.23099,0.49446,-0.040156,-0.05345,0.23275,0.053653,0.046432,-0.2096,-0.21311,0.60177,-0.024019,0.17456,0.11838,-0.016615,0.14468,-0.16228,-0.07416,-0.030074,0.23751,-0.15803,0.6092,0.077958,-0.15303,0.38929,0.66458,-0.22647,-0.040832,0.076782,0.19841,-0.246,0.75046,0.071988,-0.1462,0.31191,-0.07181,-0.071054,0.54973,0.45087,0.12136,0.10127,0.086655,-0.20558,-0.23269,-0.23941,0.13124,0.1862,0.27497,-0.25334,0.30707,0.21968,0.11439,-0.097134,0.26694,-0.021799,-0.017074,-0.098029,-0.1188,0.10815,0.18047,0.16667,0.15517,0.081233,0.21692,0.041111,0.20332,-0.12316,0.14899,-0.16081,0.12928,0.21357,-0.050958,0.057802,0.30818,0.2139,0.15517,-0.13271,0.12518,-0.060348,-0.15919,0.068603
0.29473,-0.041961,-0.35117,-0.036303,0.082186,-0.063102,0.17276,0.35142,-0.010204,0.030876,0.15763,0.10644,0.53576,0.0045014,0.15794,-0.032131,-0.070684,-0.16287,0.44257,0.14279,-0.082662,0.24434,-0.048766,0.19547,-0.17488,0.37078,-0.073091,0.30991,-0.0094937,0.30217,0.2572,-0.18995,0.20541,0.21747,0.036915,0.086648,0.23355,0.19383,0.15021,0.26197,0.57662,0.44036,-0.070126,0.27755,-0.16609,-0.15367,-0.098446,0.12263,-0.027975,-0.067007,0.042496,0.24374,-0.18642,-0.014138,0.24786,-0.29631,0.067064,0.14832,0.093111,-0.21225,-0.063106,0.030337,0.17543,-0.0431,-0.11738,0.69305,-0.43964,0.22503,-0.14012,-0.076805,-0.21848,0.20273,0.19508,0.57809,0.27132,-0.15741,-0.12441,0.37965,0.02439,0.072128,0.21915,0.068929,-0.063682,-0.16868,0.14365,-0.047508,0.12573,0.12144,-0.056665,0.049147,-0.046397,0.16426,0.025035,-0.03085,0.04024,0.22233,0.52576,0.24369,0.20181,-0.057641
-0.092508,0.057225,0.14696,0.29749,-0.22941,-0.26589,0.21374,-0.25884,0.16247,-0.20515,-0.1581,-0.05854,-0.10161,0.092657,0.012306,0.19233,0.22868,-0.031761,0.059409,0.36357,0.21843,0.22912,0.33963,-0.15039,-0.18174,0.026347,0.22842,0.44722,-0.058235,-0.095081,0.18304,0.2382,-0.099721,0.88963,-0.38182,0.02211,0.16621,0.14577,0.20531,-0.055087,-0.0059947,0.0033239,0.21345,0.11476,0.10671,0.096432,-0.037554,0.10426,0.033204,-0.052315,-0.25974,0.23905,-0.1836,-0.26898,0.041127,0.17901,-0.12762,0.3014,0.16804,-0.24492,0.279,-0.14014,0.1872,0.0028211,0.10889,0.025308,0.021524,0.1294,0.05034,-0.021501,-0.024367,0.16251,-0.016831,0.32747,0.13614,0.20967,-0.048809,0.082812,-0.15165,0.1013,0.022301,1.013,0.070437,-0.033065,0.16538,0.15729,0.086143,0.30518,-0.1398,0.33909,0.027902,-0.16562,0.18113,0.4367,-0.15618,-0.11438,-0.0094259,0.31444,0.0040228,0.27686
0.18805,0.13921,0.58168,0.55098,0.12772,0.16567,-0.091357,-0.20712,-0.22846,0.003241,-0.164,0.1383,0.2459,0.030297,0.091644,-0.089533,0.041647,0.28206,0.55782,0.35397,0.23121,0.37746,0.17591,0.15809,0.086122,0.4752,-0.067712,-0.02325,0.0050622,-0.19448,0.03749,0.22966,0.46312,0.0091068,0.18565,0.20175,0.0093617,0.095389,-0.090635,0.026049,0.024998,0.014842,-0.10514,-0.13798,-0.094942,-0.15634,0.50019,0.0096973,0.11097,0.038634,0.10275,0.0079341,0.11536,-0.10874,-0.18997,-0.27956,0.060025,0.35095,-0.15114,0.025458,0.19489,-0.076746,0.17349,-0.20193,0.39875,-0.23758,0.58998,0.31721,0.15364,-0.12995,0.2412,0.090877,0.12263,0.16842,-0.26232,-0.20664,-0.097062,0.023594,-0.25796,-0.10927,0.16167,0.02658,0.18184,-0.089594,-0.18152,0.23312,-0.21516,-0.077997,0.078344,-0.044069,0.058914,-0.075493,0.065125,-0.11543,0.32704,-0.015106,-0.02203,0.00054226,-0.14153,-0.15062
0.46806,0.12737,0.34627,0.27079,0.24989,0.70569,0.045222,0.45128,-0.071014,0.20877,-0.12241,-0.0041294,0.094587,0.011738,0.036643,0.10877,-0.26251,0.10557,0.077726,0.58085,0.18569,-0.060296,0.14364,0.28085,0.086868,-0.24828,-0.090784,0.18285,0.1197,0.34363,-0.048386,-0.20428,-0.072329,-0.00035914,0.021641,-0.086922,-0.10854,0.0081681,-0.22482,0.22331,0.11107,0.01993,0.14578,0.11853,0.27461,-0.028955,0.027776,0.047049,-0.15147,-0.15582,0.25903,0.074873,0.41053,0.15522,-0.015295,-0.12449,0.17416,0.23494,0.33691,-0.0084096,0.21715,0.23446,-0.059162,0.33216,0.065969,0.01188,0.4841,0.38023,-0.20571,0.052733,-0.020798,-0.059126,-0.2422,0.19187,0.42786,-0.044381,0.13817,0.36648,0.077552,0.099526,0.29095,-0.038754,0.010347,0.21945,-0.19889,-0.12252,0.27874,-0.35303,0.36177,-0.12481,0.053646,0.081452,-0.010997,0.098191,-0.16322,0.24207,-0.0050354,0.32397,-0.036204,-0.27119
0.045804,0.16133,-0.003157,0.15074,-0.075531,0.47522,-0.01062,0.053389,-0.017712,0.13488,0.24393,0.20221,0.23418,0.27755,0.31383,-0.076915,0.28721,0.14216,-0.088246,-0.02471,0.37367,0.39886,0.37554,0.38071,-0.0091266,-0.3067,0.23258,0.072517,-0.054924,-0.05417,-0.19789,-0.039134,-0.31899,0.11931,0.11499,-0.0371,0.15501,-0.11327,-0.1109,-0.091452,0.22996,0.64754,0.12087,0.17566,-0.042505,0.50591,0.077189,0.22653,0.012963,-0.13376,0.050867,0.41984,-0.0047099,0.16434,-0.10612,0.46917,0.075886,-0.13658,0.35026,-0.0073482,0.028598,0.19395,-0.22233,0.11784,-0.1496,-0.15815,-0.080383,0.026623,0.13121,0.080301,-0.20373,-0.2589,-0.071695,-0.067004,-0.028528,-0.099733,0.13511,0.17601,-0.015431,0.45552,0.12612,0.050855,0.28974,-0.10401,0.12124,-0.027,0.058673,-0.14979,0.14524,0.46251,-0.14715,-0.013553,0.097912,0.069505,-0.26288,-0.0044001,-0.24523,0.3459,0.053694,0.01219
0.039522,0.18114,-0.067039,-0.30788,-0.046551,0.036802,0.21623,0.041439,0.13076,0.26592,-0.009649,0.076844,-0.07913,-0.41089,-0.0073623,0.16206,0.39642,-0.084356,0.20189,-0.2832,0.29791,0.21144,0.23145,-0.011613,0.036544,-0.10821,0.10804,0.022058,-0.053181,-0.052404,-0.12522,-0.16698,0.088541,-0.20121,0.41499,0.24793,0.059651,0.13624,0.12114,0.051148,-0.13291,0.34232,-0.074404,-0.1392,-0.065884,0.21176,0.32603,0.13217,-0.10021,0.31139,-0.067879,-0.057776,0.042112,0.18157,-0.05293,0.015797,0.59856,-0.018929,-0.20733,-0.011444,0.17005,0.19574,0.12381,0.16275,0.2628,0.13445,-0.1404,-0.21486,0.025398,-0.082814,0.37384,-0.21108,0.2242,0.1606,-0.13368,0.083702,0.13501,0.13215,0.33853,0.17456,0.29745,0.58451,0.13343,-0.054371,0.099424,0.25443,0.53901,0.13325,0.36742,-0.23896,0.20649,0.31322,-0.32019,-0.021138,-0.042649,0.27092,-0.12569,0.024425,0.022519,-0.17166
0.21027,0.36023,0.010678,0.20625,0.015086,0.028838,-0.3298,0.091361,0.40031,-0.059541,-0.094771,0.017831,-0.10679,-0.15901,0.21389,0.16875,0.20282,-0.030674,-0.19677,0.21979,-0.028927,-0.019098,0.41818,-0.081012,0.3649,-0.29962,-0.023874,0.15036,-0.1249,-0.069402,0.22211,-0.039427,0.25652,0.17553,-0.21911,0.016236,-0.21667,-0.078523,-0.17991,0.16997,0.2092,0.18107,0.13659,0.38611,0.22828,0.0016911,-0.075117,0.079797,0.032821,0.19839,0.53407,-0.13583,-0.1544,0.073268,0.50938,0.015488,-0.007719,-0.03505,-0.26825,-0.053913,0.4274,-0.060657,-0.17864,0.244,-0.16638,-0.068683,0.21506,0.20093,0.17412,0.3677,0.2207,-0.012034,0.061524,0.007369,0.21904,0.18438,0.42299,-0.21924,0.28709,0.0071085,0.1132,-0.047306,0.24201,-0.094872,0.023406,0.32348,0.04154,-0.26366,-0.065402,0.072855,-0.054817,-0.021437,0.21832,0.52422,0.37814,0.18305,0.68142,0.52967,0.26072,0.08984
-0.058433,-0.035322,-0.06772,0.53263,-0.29316,-0.1503,0.10597,0.016337,0.43129,-0.17881,-0.11316,0.15224,-0.24194,0.40379,0.4682,0.15775,-0.14381,0.39191,-0.02235,0.33029,0.18129,0.24938,0.057758,0.26833,0.32808,-0.018644,-0.033526,-0.16177,0.095358,0.090397,-0.012606,0.16756,0.18229,0.50962,-0.013488,0.039832,0.18893,0.38168,-0.014573,0.0168,0.31384,0.02808,0.0027404,0.63428,0.18321,0.17219,-0.023021,0.06456,0.032262,-0.16643,-0.2633,0.071446,-0.22048,0.12409,-0.15172,0.17791,0.20998,-0.061513,0.29448,-0.11302,0.25326,-0.097968,-0.30188,0.11618,0.23509,-0.13401,-0.19505,0.048016,0.025154,0.36562,0.098575,0.17124,0.32413,0.16884,0.16059,0.20343,0.13655,0.38858,0.45584,0.074248,0.26507,0.29911,-0.12139,-0.25772,-0.064095,0.12054,0.31967,-0.007143,-0.030453,-0.12756,0.020068,0.24533,0.52458,0.14033,0.23616,0.12394,0.21321,-0.15516,0.4336,-0.0063973
0.13754,0.37562,0.18193,0.055141,0.40693,0.22195,0.061906,0.4967,-0.22571,-0.088945,0.19137,-0.19766,0.71009,-0.28419,-0.0041438,0.22715,0.081036,0.129,-0.3045,0.14408,-0.050936,-0.036042,0.1394,0.18388,0.032774,-0.054397,0.13933,0.05333,0.14816,0.41096,0.012352,-0.028604,-0.2352,-0.00062288,0.12297,0.41857,0.024019,-0.15777,-0.10644,-0.20298,0.30737,0.39486,-0.073375,0.0087331,-0.056689,0.17238,-0.019258,0.1932,-0.094878,0.2551,0.098858,0.38732,-0.15003,0.21374,-0.089525,0.087629,-0.12287,-0.099213,0.19894,0.67347,0.15516,0.18251,0.35966,0.071368,0.36261,0.008738,0.062496,0.4206,0.042042,0.11708,-0.18506,-0.14028,0.26946,-0.010976,0.10395,-0.2015,-0.0064746,0.31898,0.17168,0.016271,-0.078046,0.065562,-0.082863,0.33238,-0.21624,-0.033406,-0.0035936,0.12639,-0.22059,-0.12515,-0.0042204,0.19743,0.10547,0.43551,0.14767,0.11882,-0.27873,0.20958,-0.046557,-0.16934
-0.20063,0.19836,0.14264,0.34259,0.15134,0.155,0.18574,-0.075498,0.15783,0.14476,0.18104,0.17814,0.28375,0.42912,0.92522,0.0026383,-0.2036,0.0065972,0.25481,0.019418,-0.27652,-0.0027543,0.24041,0.21019,-0.0042126,0.11152,0.27504,-0.19627,0.13419,-0.079466,0.17281,-0.051547,0.25191,0.11947,0.23834,-0.025873,-0.12489,-0.11033,-0.31264,0.24893,0.44105,-0.12149,0.20176,0.47744,0.047488,-0.14311,0.55764,0.2257,-0.24217,0.15563,0.0057898,0.16752,0.25275,-0.13927,-0.016132,0.16789,-0.11504,-0.15479,0.05829,0.24188,-0.0681,0.12839,0.070771,0.039788,0.35891,-0.082309,-0.13097,0.19688,-0.012066,-0.0082768,0.26617,-0.084708,-0.1603,0.040686,-0.010126,-0.053822,0.1493,0.23405,0.018315,-0.016437,-0.19247,-0.23628,-0.17973,0.10378,0.28025,0.18157,0.23748,0.10746,-0.026929,0.029357,0.038121,-0.35809,0.26582,-0.12341,0.12828,-0.11629,0.011632,-0.21997,0.17033,-0.0033599
0.085683,0.10285,0.037154,-0.29034,0.22967,-0.11367,0.2708,-0.010811,0.29624,0.41111,-0.072092,0.24334,-0.015459,-0.10462,-0.079293,0.028609,-0.018688,0.080519,-0.30309,0.4262,-0.08111,0.0079145,-0.20024,0.03481,0.096613,0.19597,-0.11398,0.18973,0.0081578,0.21955,-0.037792,0.53598,-0.014004,-0.22782,0.30833,0.17655,0.33265,0.25239,-0.068462,-0.044482,-0.19057,0.14408,0.041555,0.27205,0.32208,-0.097102,0.32478,0.143,-0.10457,0.38713,0.16332,0.19126,0.47091,-0.15289,-0.020156,0.21786,-0.033984,0.020848,-0.36132,0.1655,0.10265,0.23192,-0.072384,-0.22984,-0.089697,0.19211,-0.052755,-0.13586,0.18614,0.2178,0.36936,0.24518,0.034563,-0.01156,0.076181,0.0047601,0.34044,0.066172,0.43214,0.20463,-0.21541,-0.039858,0.2219,-0.19277,0.46596,0.18455,-0.19979,0.13968,-0.01979,-0.12043,0.087753,-0.0035993,-0.11399,-0.17854,0.17872,0.38815,0.18439,0.0016007,-0.3577,0.16187
-0.042319,0.058698,0.10153,0.48746,-0.093941,-0.15448,-0.043138,0.26552,0.23194,-0.18905,0.041408,-0.026068,0.38923,0.27627,0.0011323,0.52134,-0.047442,-0.02316,-0.23728,0.20655,0.41843,-0.10317,-0.03313,-0.20803,0.15511,0.14404,-0.071886,0.17614,-0.0637,-0.077777,-0.14402,-0.20116,0.097136,0.023309,-0.05992,0.36388,0.19694,0.078064,0.39046,-0.0025387,0.32961,0.23409,0.072652,-0.024963,0.17431,-0.10843,0.21804,0.24744,0.13226,-0.086908,0.024088,0.030677,0.29843,0.052664,0.42169,-0.084472,0.30102,-0.076356,-0.094374,0.39514,0.040632,-0.33524,0.45311,0.455,-0.2257,0.032234,0.14185,0.39038,0.073225,0.1157,0.15458,0.4605,-0.084596,-0.27292,-0.028235,0.14478,-0.17496,0.066329,0.03996,0.38165,-0.015729,0.12551,0.29167,-0.029855,0.060497,0.015904,0.0095109,-0.0057504,0.1295,0.090834,0.37948,0.4356,0.091187,0.086298,-0.16179,0.10078,-0.27687,0.049426,0.033608,0.17807
-0.082796,-0.19085,-0.01234,0.040842,0.24387,0.12713,0.011872,-0.048812,-0.013954,0.010867,-0.20147,0.068783,0.39053,-0.050657,0.5286,0.17296,0.10764,0.36863,-0.23354,-0.050923,0.089907,0.14702,0.027041,-0.028126,0.10329,0.17466,-0.014101,0.19615,0.15552,-0.13262,0.27324,0.040121,-0.0074783,-0.30195,-0.073089,-0.1684,-0.045298,-0.23894,-0.006205,0.049375,0.46259,0.22812,0.01233,0.23391,-0.10051,-0.1824,0.074533,-0.12095,-0.21805,0.1591,0.17154,0.045992,-0.14436,-0.064598,0.054783,-0.056755,0.0023768,0.05176,0.32646,-0.051504,-0.1387,0.16387,-0.086847,0.30371,0.12899,0.045235,-0.032282,0.048958,-0.20453,-0.075695,0.26829,0.15511,0.13222,0.17653,0.21376,0.1729,-0.10353,0.062313,0.23985,0.087385,0.7373,0.29978,0.0089166,0.20906,0.13209,0.0035072,-0.090318,0.31246,0.56738,0.0057983,-0.086665,0.22014,0.12002,-0.022717,-0.20024,-0.015358,0.13899,0.43873,0.42039,0.44161
0.39029,-0.34226,0.064733,-0.0040779,-0.20454,0.31947,0.10572,0.052709,0.30066,0.060891,0.085522,0.14209,0.061424,0.024188,0.18741,-0.2304,-0.039699,0.33384,-0.18185,-0.09195,0.36745,-0.19534,0.27718,0.10314,-0.10605,0.44033,0.28247,-0.065939,0.25512,0.55611,0.067171,0.47219,-0.12036,-0.1792,0.32397,0.15659,0.01912,0.084308,-0.27978,0.26204,-0.20884,0.21719,0.43567,-0.040613,0.23592,-0.020371,-0.30535,-0.22856,-0.021979,0.32933,0.1163,0.40337,0.25408,-0.24991,0.18627,0.26572,0.33605,-0.040732,0.030527,-0.060324,0.10963,0.28752,-0.010744,-0.22676,-0.12478,-0.040843,-0.11619,-0.01951,-0.11442,0.24269,0.055625,0.32297,-0.18013,0.57194,0.088531,0.033013,0.40271,0.3336,0.049486,-0.048626,0.26805,-0.22687,-0.24813,0.0062137,0.0063408,-0.28044,0.93615,-0.068776,-0.035493,-0.13563,-0.096339,0.19356,-0.10499,-0.097384,-0.058691,0.2576,0.11719,0.01168,0.38724,0.13724
-0.11923,0.049892,0.21562,0.20428,0.1202,0.60925,0.0029611,-0.10645,0.16518,0.21464,0.26486,-0.069367,0.25901,0.11192,-0.11423,0.17778,0.064341,0.047029,0.086664,-0.0043012,-0.35456,0.09265,0.3754,0.18807,0.55797,-0.12339,-0.061582,-0.04964,0.45555,0.22685,0.075313,0.29022,0.49692,-0.038024,-0.21416,0.0022995,0.31025,0.36389,-0.015553,-0.28314,0.0077166,-0.25515,-0.14338,-0.24238,0.20327,-0.18326,0.059768,0.19895,-0.057823,0.021631,-0.072422,-0.090716,0.24267,0.53225,-0.081802,0.22278,-0.061678,-0.2538,-0.0045249,-0.35986,0.20739,-0.11335,0.25498,-0.014437,0.24351,-0.052781,0.089539,-0.0097899,0.020689,-0.08352,0.38815,-0.11805,0.19222,0.21917,0.10567,-0.15057,0.13302,0.27333,-0.039743,-0.1051,0.028682,-0.088959,0.28814,0.20196,0.0022973,-0.18139,0.28188,0.022316,-0.11374,0.22532,0.18721,0.29931,-0.058905,0.15103,-0.22039,-0.090205,-0.031218,0.25214,0.18731,-0.03616
0.22992,-0.15856,0.055725,0.33908,0.0069544,-0.11436,-0.093637,-0.043972,-0.061182,0.018823,0.021566,0.034946,0.34675,-0.058008,-0.050719,-0.067638,-0.48787,0.17507,0.083296,-0.015982,-0.016911,0.31656,0.27152,-0.078526,0.30911,-0.086075,0.23966,0.22585,-0.25798,0.35089,-0.13717,0.31718,-0.23738,-0.12869,-0.19891,0.10949,0.35038,-0.25054,-0.038827,0.0093603,-0.057934,0.16859,0.024075,0.063221,0.11809,0.22051,0.12634,-0.015603,0.039631,0.094296,0.2064,0.22899,-0.030018,0.18372,-0.16181,0.50009,0.081578,0.28698,-0.16799,0.38738,0.29639,0.17833,-0.21522,0.12325,0.31202,0.14567,0.36686,0.060016,-0.077313,0.17587,-0.21561,-0.15525,0.19868,0.11862,-0.20539,-0.098261,-0.01906,-0.18823,-0.01752,0.012093,-0.020532,0.089382,0.33472,0.21646,0.282,-0.075563,-0.068865,0.27703,-0.061832,-0.057206,0.10841,-0.052037,0.18184,0.23768,-0.013693,0.0030908,0.22119,-0.069957,-0.023814,0.23936
0.24856,0.27774,-0.1933,0.018466,0.37511,0.43738,0.51937,-0.22025,0.096207,-0.24293,0.14212,0.093615,0.15433,0.39387,-0.087184,0.13813,0.028529,0.12426,-0.11869,0.038314,0.042655,-0.065207,-0.0059543,0.18225,0.53542,0.036762,-0.18359,0.07894,0.53561,-0.041352,0.19574,0.11494,-0.036102,0.12845,0.10315,0.07041,0.035019,-0.0059659,-0.031285,0.096086,0.41661,-0.17785,0.012467,0.038205,0.20811,-0.16576,0.55833,0.14117,-0.0016063,0.030053,-0.067007,0.067141,0.20562,-0.032926,0.22226,0.076975,0.11607,-0.030403,0.0802,0.14192,-0.29502,0.20234,-0.088029,0.2571,-0.091341,0.19824,0.024393,-0.18541,0.37776,0.23343,0.17296,-0.065938,0.088797,-0.087576,0.0067016,0.082926,0.091463,-0.13133,0.094166,0.22195,-0.29367,0.021697,0.073716,0.010001,0.6091,-0.037865,0.028761,-0.033819,0.3436,0.076247,0.33511,-0.072049,-0.14711,-0.0024983,0.098707,0.19638,-0.022408,-0.28274,0.36141,-0.076394
-0.10382,-0.11263,-0.19252,0.19121,0.10799,-0.0039337,0.56387,-0.27271,-0.19436,-0.21748,-0.10712,0.7538,0.097489,0.080349,0.0022257,-0.085669,0.26132,0.11647,0.13843,-0.20966,0.14372,0.096972,0.077343,0.24312,0.12345,0.43277,0.19226,0.4168,0.14501,0.2259,0.07829,-0.075225,0.23567,0.039728,0.029584,0.22635,0.046657,0.12219,0.089448,-0.075597,-0.046322,0.23357,0.078334,-0.031857,-0.067451,-0.12822,0.15742,0.21544,0.17107,0.73417,-0.21487,0.056282,0.15735,0.40141,-0.13638,-0.0091889,0.3404,0.52505,-0.26064,0.28226,0.16739,0.56162,0.60554,-0.14124,0.34256,-0.05266,-0.33971,-0.090315,0.29159,-0.0090946,-0.056732,0.34321,0.05201,0.05057,-0.12293,0.10504,-0.11758,-0.0070887,-0.19511,0.029795,-0.0028157,-0.017487,0.15518,0.46329,0.44169,-0.20855,-0.02316,-0.04066,0.10542,0.4852,0.15445,0.30075,0.26794,0.2438,0.066082,0.27767,0.077564,-0.054013,0.15567,-0.1639
0.13627,0.51191,0.54671,0.036333,0.055666,0.044483,-0.11726,0.13976,0.14151,0.20985,-0.061182,0.02198,-0.18373,-0.29249,0.25345,0.1823,0.2286,-0.094573,-0.034583,0.17811,-0.058497,-0.090049,0.18094,0.094276,0.12424,-0.10667,0.37451,0.28101,0.067166,0.086546,0.010188,-0.070402,0.22039,-0.10285,0.40657,0.16093,0.41385,-0.20724,0.48127,0.37589,-0.01512,0.24926,-0.057037,0.13269,-0.19794,0.085313,-0.1337,0.35642,0.080297,0.26912,0.37504,0.088798,0.15222,0.24988,0.144,0.30168,-0.14265,-0.011865,-0.13267,-0.1006,0.059093,0.20514,0.092111,-0.097012,-0.082628,0.40374,0.40105,-0.17906,-0.040873,0.16043,0.27391,0.21442,0.035275,0.045647,0.33016,-0.097383,0.10459,0.04659,-0.11798,0.10435,0.19471,0.26691,0.11221,-0.054382,-0.016743,0.051806,-0.19877,0.52097,0.043466,0.11076,-0.044458,-0.0071045,-0.06363,-0.15401,-0.15455,0.068085,0.34901,-0.032477,-0.11544,0.21449
0.40941,0.12726,0.12879,0.078522,0.010978,-0.13588,-0.0073682,-0.092596,-0.20193,0.35886,-0.16331,0.11999,0.50672,-0.096809,0.40481,0.75656,0.11383,-0.30557,0.016104,0.12663,0.36004,0.064558,0.058193,-0.11501,-0.0020809,0.19858,-0.020777,-0.20945,0.28343,-0.21936,0.36566,0.67105,0.26314,0.024091,-0.058731,0.24917,0.15568,-0.13285,-0.10534,0.44311,0.099662,-0.21324,0.16922,-0.12919,-0.0851,0.049995,-0.0048265,0.11488,-0.29907,0.038454,0.10455,0.53602,-0.21311,0.21858,0.21804,0.38407,0.16687,-0.058356,0.28576,-0.1791,-0.18234,-0.18183,0.012818,0.023145,0.25906,0.28746,0.14317,0.043296,0.22127,-0.1891,-0.15082,0.15838,0.23271,0.33245,0.12483,0.18107,0.012719,-0.029248,0.41659,-0.14225,0.061586,0.13091,0.26379,0.25913,0.22215,0.16577,-0.1473,0.056838,0.18103,0.12899,0.13897,0.11813,0.20087,-0.20098,0.051091,-0.0070471,-0.097183,-0.086688,0.43555,0.091274
0.16125,-0.16496,-0.27953,0.64927,-0.10418,0.17547,-0.065575,-0.15255,0.02172,-0.21868,0.034844,-0.2064,0.54518,0.19762,0.23914,0.53807,-0.2883,-0.0080628,0.15645,-0.31208,0.17686,-0.070074,0.12806,-0.092577,0.29418,0.17334,-0.082392,0.72276,0.16401,0.0084479,0.21842,0.17678,0.34263,0.25142,-0.16972,0.16413,0.41537,0.19365,0.014271,0.27948,0.54165,-0.15747,0.31751,0.14712,-0.031926,-0.046999,0.62655,0.36414,0.342,0.14034,-0.050412,-0.2712,-0.042501,-0.036717,-0.2359,0.44118,-0.13668,0.16489,0.27256,-0.073399,0.33698,-0.058686,0.12796,-0.070177,0.15894,-0.23395,0.082991,0.29899,-0.098713,-0.15001,-0.20624,0.6032,0.018182,0.21557,0.15351,0.26877,-0.11135,-0.095179,0.25634,0.18929,0.28592,-0.053754,-0.12972,0.32522,-0.13217,0.2235,-0.30269,0.10107,0.30784,-0.04886,-0.15944,-0.16564,-0.1149,0.12858,0.24922,-0.14385,-0.090181,0.44902,0.28385,0.17375
0.058973,-0.046542,0.08467,0.26268,-0.21201,-0.0078518,0.14776,0.27197,-0.085941,0.16671,-0.06629,-0.026703,0.067239,0.33051,0.124,0.085082,0.26388,-0.0079982,-0.044886,-0.2066,0.29532,0.074447,-0.01699,0.08218,0.26109,-0.27257,-0.24951,0.22314,0.060181,0.26256,-0.027976,-0.19038,0.24953,0.21917,0.88631,-0.072326,0.1488,0.45859,-0.041853,-0.039362,0.12862,0.060229,0.16093,0.014567,-0.010633,-0.10032,-0.092408,0.050146,0.16146,-0.057619,0.24405,-0.14277,-0.13504,0.13909,-0.056774,0.36915,-0.12771,0.036847,0.32349,0.14535,0.10332,0.27391,0.24288,0.090967,0.21175,-0.051906,0.057719,-0.16428,-0.076824,-0.039764,0.015073,0.28115,-0.20524,0.01518,0.055636,0.055967,-0.039393,0.06441,0.088478,0.29812,-0.30103,-0.038368,0.17509,0.33614,-0.022432,-0.085401,-0.12673,0.10534,0.41337,0.052414,0.42599,0.1859,0.013689,0.063307,0.18517,0.12721,-0.039387,0.027495,0.092362,-0.063495
0.42315,-0.096162,-0.095525,0.10859,0.23098,-0.20158,0.28799,0.27847,-0.086385,0.35622,-0.018118,-0.096444,-0.18149,0.20322,0.12914,-0.20704,0.07506,0.016842,-0.10884,0.024385,0.15046,0.17659,-0.12589,0.023185,0.41861,0.57616,0.34122,-0.051654,0.353,-0.12198,-0.097009,0.10098,0.023162,-0.27295,-0.053596,0.15897,-0.34149,0.14527,-0.1323,-0.014332,-0.14721,0.057313,-0.095335,0.16966,0.14165,0.030699,-0.016796,0.24637,0.32507,0.14609,0.1768,0.35299,-0.10555,0.079453,0.24514,0.080317,0.52465,0.15695,0.40902,0.5362,0.025511,0.062879,0.055944,-0.15249,-0.036064,0.14227,0.47146,0.030938,-0.02172,0.18024,0.22969,0.18832,0.24309,0.49243,-0.12863,0.23446,0.66694,-0.1668,-0.077053,0.044693,0.0084587,0.17971,0.35145,-0.077193,0.22139,0.40703,0.17091,-0.077259,0.21895,-0.11893,0.34625,0.039701,0.32844,0.083477,-0.046945,0.27613,-0.32879,0.059726,0.033068,0.13541
0.41992,-0.10279,0.1241,-0.091504,0.028001,0.24698,-0.040568,0.34293,0.20942,0.33957,0.29854,0.24716,-0.11408,0.16938,-0.091232,0.41903,-0.12914,-0.080376,-0.13686,0.13569,0.31814,0.0011454,0.31228,0.2303,0.11269,0.30867,0.091101,0.019392,-0.036457,0.46383,0.28845,-0.0051747,-0.079823,0.23229,0.044197,0.027746,-0.11476,0.019542,0.30885,0.010121,0.069764,0.13553,-0.041916,0.135,0.4614,-0.021197,0.17391,-0.095361,-0.0032537,0.26955,-0.014305,-0.23316,-0.1007,0.19512,-0.10422,0.21743,-0.054056,0.12971,-0.0022305,0.076128,0.43935,-0.11571,0.46182,-0.27465,0.04754,0.26604,0.23123,-0.095711,0.50866,-0.0075713,-0.0033297,0.14958,0.20283,0.08916,0.12452,0.29771,-0.097297,-0.13169,0.015015,0.28008,0.072624,0.096914,-0.38355,0.1769,0.55629,-0.24333,0.20489,-0.028333,0.28699,0.087856,-0.136,0.35455,-0.11129,0.20142,0.12949,-0.1902,-0.18186,-0.046999,0.29103,0.059061
0.22869,0.22525,0.30118,0.31108,0.38584,0.16034,-0.0072843,0.16394,0.26594,0.24545,0.11684,-0.01925,-0.00095808,0.63505,0.18406,-0.18876,0.066343,0.41758,0.19223,0.15691,-0.20967,0.06931,-0.16878,-0.040647,-0.17128,0.079042,0.26693,0.27149,0.18511,-0.23934,-0.075832,0.2356,-0.16466,0.28007,0.37575,-0.12566,0.16694,0.19044,0.10886,0.28121,0.22285,-0.072146,-0.10785,0.12996,0.27849,0.022294,-0.023322,-0.053263,0.02274,0.58169,-0.16978,-0.1726,-0.062958,0.40973,0.027445,-0.28318,0.37177,0.27546,-0.16503,0.26835,0.25655,0.44381,0.21402,0.026262,0.099951,-0.0039608,0.13924,0.26343,-0.11749,-0.038239,0.12924,0.022607,0.13966,-0.13291,0.22521,-0.15715,0.023358,0.1951,0.20672,-0.1244,0.31555,0.11505,-0.069976,0.16282,0.43462,0.1619,0.013689,-0.2603,0.14381,-0.0070471,0.049106,-0.24138,0.46433,0.14604,0.081771,-0.18988,-0.15516,0.25964,-0.27637,0.37254
-0.034666,-0.095198,-0.021913,0.56278,-0.24464,-0.25119,0.46688,-0.096569,0.24058,0.39903,0.32175,-0.055439,0.26912,-0.00086316,0.18844,0.65775,0.046413,-0.0073271,-0.12246,0.11767,0.37928,-0.14225,0.39958,-0.010571,-0.1471,-0.25013,-0.073361,0.16254,0.46395,0.29991,0.64746,-0.1308,-0.11317,-0.2798,0.22189,0.22836,-0.030317,-0.099829,-0.18488,-0.17711,0.20784,0.34958,-0.030703,0.22784,0.28772,-0.21609,0.43778,0.091822,0.59831,0.16203,-0.10075,0.28674,0.020892,-0.059408,0.58873,0.65165,0.12596,-0.058485,0.18339,0.11344,0.064029,0.31575,-0.054978,0.0635,0.25409,0.21327,0.19385,-0.10721,-0.15229,0.068422,0.57498,0.039702,-0.27388,0.4848,0.16601,0.042229,0.060321,-0.068549,-0.042802,0.70343,-0.18656,0.25015,0.052144,-0.11137,-0.074928,0.060234,0.23836,-0.2359,-0.10969,0.40966,-0.043729,0.42437,0.10228,0.31421,-0.10651,-0.15402,0.061466,0.31634,-0.025318,0.017894
0.07662,-0.093244,-0.20639,0.06261,0.31261,0.10911,-0.2653,0.43917,0.2734,0.20131,-0.0082725,0.018874,-0.092687,0.31832,0.57811,-0.064825,0.077793,0.28438,-0.13929,-0.13901,0.51302,-0.089195,0.16483,0.68076,0.082919,0.16919,0.024386,-0.16727,0.27558,-0.013131,-0.20455,-0.18929,0.38467,0.26678,0.1198,-0.14067,0.48627,-0.17356,-0.10012,0.36113,0.26678,0.22404,-0.024107,-0.32145,0.053749,-0.075191,0.059533,0.23231,0.43429,0.1644,0.041913,0.33016,-0.18019,0.133,0.34158,-0.11736,0.17475,-0.14282,0.038342,0.1663,-0.12609,0.0010691,0.2167,-0.26636,-0.082909,-0.066533,0.10058,-0.11603,0.030659,0.062419,0.037494,0.57958,0.36106,0.1282,0.11251,-0.12631,0.21894,0.25113,0.32212,0.31443,-0.02171,0.45225,0.20132,0.31408,-0.031118,0.36026,0.3367,-0.17571,0.24001,-0.15654,0.23504,-0.14522,0.24065,0.32544,0.20237,0.31725,-0.063721,-0.12742,0.12073,0.30536
-0.074559,0.43304,0.09565,0.56605,-0.090992,-0.05053,0.37242,0.1455,0.31654,0.32834,0.0083893,-0.09625,0.07489,0.073424,-0.15752,-0.12163,-0.070339,0.1358,0.23976,0.3579,-0.21955,-0.0044223,0.078372,-0.20836,0.69758,-0.081865,0.10999,0.067303,0.76305,0.379,0.059503,0.074467,-0.12883,0.0068277,-0.17306,0.4823,0.26224,0.16841,0.0090628,-0.2128,-0.04156,0.3326,0.16503,0.16732,-0.040291,0.40888,0.30203,0.12107,0.69941,0.16765,0.031294,0.33149,0.1632,-0.15131,-0.010871,1.0141,0.090233,0.14218,-0.17995,0.39297,0.27471,0.08493,-0.15542,-0.19344,0.19157,-0.00096076,0.097248,-0.073124,0.24235,0.35084,-0.25192,0.20443,0.056832,-0.064327,-0.015081,-0.28131,0.28148,-0.11269,-0.069424,0.049854,0.33246,0.0681,-0.14571,-0.12134,-0.13957,0.077222,-0.067045,0.10252,-0.15074,-0.030022,-0.14635,-0.11784,0.24859,0.025488,-0.1513,0.016935,-0.091886,0.11497,0.23037,0.33835
-0.21622,0.095805,-0.22556,-0.022385,0.063014,-0.36893,0.44686,0.15611,0.42986,-0.30892,0.17616,0.44151,0.29001,0.1969,0.14528,0.19408,0.40623,-0.0092577,0.088368,-0.15086,-0.015258,-0.14628,0.67101,-0.0018831,0.35444,0.11267,0.17399,0.010287,0.38924,0.30422,0.07237,-0.12854,-0.15071,-0.023939,-0.035923,0.68926,0.023201,-0.22393,-0.051885,-0.20116,0.19688,0.40166,0.12824,0.42293,-0.045115,0.46993,0.32007,-0.018713,0.20104,0.11826,0.33051,0.60812,0.091863,-0.23019,0.33134,0.44884,0.063023,-0.031856,0.23838,0.033804,0.056281,0.35562,0.34122,0.049041,0.33722,-0.034368,0.022884,-0.16695,0.16213,0.0034754,0.26613,0.45152,0.11738,-0.27974,-0.019318,-0.0065191,0.42824,0.1284,-0.086883,-0.055388,-0.24763,0.55922,0.06867,-0.096012,0.073166,0.55043,-0.00021932,-0.023811,-0.013146,-0.085152,-0.029878,0.4877,0.098728,-0.17101,0.11881,0.1157,0.086552,0.3504,0.6857,0.15358
-0.1126,0.60591,0.25529,0.22622,0.16345,0.014186,-0.012082,0.16295,0.85501,0.28268,-0.27513,0.1321,-0.15159,0.11229,0.25441,0.075043,0.18381,0.13599,-0.099534,-0.19062,0.070192,-0.12513,0.13947,0.2402,0.047881,-0.036726,0.19913,0.15733,0.46884,-0.13918,0.15254,-0.04379,0.045589,0.14731,-0.19806,0.25243,-0.12292,0.18805,0.28706,-0.010353,0.10569,0.15532,-0.010499,-0.24762,-0.12278,0.33204,0.28342,0.14542,0.23819,0.3989,0.21392,0.4684,0.24912,-0.35916,0.39793,0.086482,0.69055,0.13759,0.30006,0.11613,0.45349,0.20512,-0.20161,0.2273,0.12844,0.39092,0.01588,0.049403,0.14189,-0.046656,-0.10784,0.15247,-0.19356,0.38375,0.14133,-0.28538,0.055667,0.29463,0.38887,0.030814,0.09666,-0.1344,0.17253,0.27503,-0.021059,-0.11602,-0.44057,0.20392,0.32862,0.15446,0.094923,0.13071,-0.062489,0.1868,0.094097,-0.1033,0.13785,-0.0526,-0.036209,0.17779
-0.13849,0.16729,0.25563,-0.05688,-0.077311,0.49298,0.46993,0.35566,0.65065,0.62605,0.26303,0.18915,-0.081192,0.37722,-0.1818,0.04067,0.22662,-0.2039,0.19873,0.21678,0.035986,-0.096447,0.10155,0.064007,-0.021419,0.15336,0.24008,-0.079197,0.4414,1.062,0.12257,0.038943,0.35652,0.20496,-0.13519,0.22843,-0.0543,-0.25917,0.015332,0.16004,0.064832,0.049092,0.14675,0.14094,-0.027657,0.1231,0.4012,0.14816,0.35236,0.091318,-0.18301,-0.01777,-0.11596,0.17524,-0.23198,0.012846,-0.12077,0.10841,0.11757,0.28877,-0.040199,-0.053439,0.098858,0.34956,0.066289,0.37942,0.10656,0.21085,-0.048453,0.055364,0.067791,-0.062464,0.51469,0.39321,-0.23934,-0.026544,0.13537,0.40785,0.15491,0.19469,-0.17165,0.27423,0.079044,-0.002571,-0.0024933,0.22621,-0.044887,0.27409,-0.2212,0.19896,0.2154,0.064917,-0.22383,-0.13427,0.031296,0.29335,0.38738,-0.077432,0.034213,0.43313
