-0.16007,0.16895,-0.14183,0.091126,0.22704,0.27641,0.088102,0.10818,-0.25475,0.12317,-0.11296,-0.35487,-0.11069,0.098906,0.018376,-0.019326,0.052512,-0.024048,0.0067642,-0.042459,-0.091436,0.05779,0.50723,0.3498,0.0086678,0.084684,0.33917,0.32602,0.31765,0.039087,0.059922,0.054037,0.089906,0.11707,0.137,-0.025177,0.20936,0.033493,0.065416,-0.14385,0.11254,0.03802,0.16063,-0.019324,0.073393,-0.14075,-0.22299,-0.17494,0.006002,0.030919,0.031046,-0.12107,-0.049479,-0.17178,0.27612,-0.12976,-0.17244,-0.049026,-0.047072,-0.099163,-0.15546,-0.081565,-0.073387,0.14272,0.16498,0.10813,-0.11268,0.14703,0.021046,-0.020431,0.0374,-0.11457,-0.12967,0.21536,-0.10062,-0.017719,-0.35339,-0.080146,-0.12887,-0.28708,0.11295,0.1416,0.23922,0.0363,-0.075375,-0.1395,0.27838,-0.072619,-0.11972,0.29162,-0.11356,0.25223,0.29113,-0.075685,0.35144,-0.00090894,0.0093964,-0.18191,0.022973,0.42485
0.042696,-0.071667,-0.22866,-0.041697,-0.40418,0.57251,0.017912,0.0044814,0.16152,0.058981,0.087318,0.28269,0.22157,0.15411,0.16733,-0.11226,-0.047791,-0.45936,0.20994,0.077609,-0.0088037,-0.027468,0.41695,0.25916,0.088428,0.13734,0.028304,0.049199,0.16912,-0.29278,-0.12037,-0.048679,-0.08999,0.26412,0.12443,-0.36214,-0.11187,-0.082035,0.0011066,0.31237,-0.17964,0.16278,0.23178,0.18231,0.21014,-0.087032,0.00051178,-0.086631,0.32949,-0.071683,0.22157,0.1027,-0.003252,-0.022299,0.039353,-0.085286,0.18617,0.037328,0.1181,0.14479,0.07281,0.26525,-0.064615,-0.13051,-0.15773,-0.15365,-0.1918,0.32971,0.31873,-0.11519,-0.10745,0.69346,0.04274,0.11126,-0.22437,0.038798,0.077228,-0.16848,-0.15091,0.1041,-0.019619,-0.13248,0.25213,-0.042878,0.32435,0.0862,0.0038577,-0.073772,-0.078308,-0.2535,-0.10552,0.092597,-0.026636,-0.2637,0.22896,-0.092924,-0.26062,0.045426,0.046028,-0.103
-0.16614,0.050796,0.12103,0.0087402,0.51844,-0.051164,0.27757,-0.051442,0.14742,-0.28569,0.10905,-0.021217,0.1204,0.21423,0.13948,0.044964,-0.36504,-0.2099,0.25687,-0.0027514,-0.22709,-0.17824,0.053025,-0.014187,0.064586,0.31768,0.033432,0.047274,0.22967,0.047693,0.16106,-0.10557,-0.17162,0.19772,-0.27497,0.18012,-0.13328,0.012487,0.47625,0.50379,-0.14807,0.0048647,0.037254,0.025435,-0.21548,-0.040026,0.32463,-0.27571,0.07783,-0.010198,-0.015458,0.23424,-0.03965,0.012096,0.039959,0.21386,-0.35188,-0.10705,-0.10512,-0.023266,-0.034572,0.12643,0.0067057,0.026226,0.016648,-0.13275,0.0052513,-0.10386,0.14124,-0.099799,0.14764,0.14826,-0.092001,0.099521,-0.2761,-0.030888,-0.06069,0.085701,-0.099627,0.46051,-0.056976,-0.18841,0.20818,-0.16153,0.010129,0.30953,0.0795,0.15343,-0.30615,-0.1727,-0.34558,0.43585,0.0093827,0.33477,0.38688,0.088267,0.075465,-0.21775,0.039833,-0.12721
-0.01079,-0.22776,-0.033927,0.089493,-0.042527,0.13691,-0.11042,0.2586,-0.0061472,0.18674,0.35637,-0.096549,0.12837,-0.042861,0.23721,-0.0033555,0.00012076,-0.12181,0.25136,0.0011216,0.0046364,0.34927,-0.23886,-0.15057,0.13661,-0.070674,0.11121,0.15086,-0.1775,0.042913,-0.11866,-0.30317,0.21957,-0.20347,0.097314,-0.037536,-0.31298,0.15522,0.044154,0.099297,0.16626,0.012207,-0.16553,-0.051196,-0.051599,0.017127,0.39033,-0.20164,0.40558,-0.23512,-0.05365,-0.14132,-0.11137,0.25382,0.1929,-0.099813,-0.24109,0.18368,-0.29016,-0.048671,0.31363,0.069806,0.00016099,0.041483,-0.055869,-0.21337,0.17896,-0.029944,0.41068,0.12725,0.08429,0.26233,-0.24083,0.059606,0.0053773,-0.1597,-0.0028661,-0.081647,0.18569,0.006076,0.31064,-0.26227,-0.048972,0.29605,-0.024151,-0.02388,-0.3448,-0.061158,0.1068,0.040982,0.05937,0.08053,-0.077472,0.026925,0.018484,0.30702,0.21451,-0.14112,0.12993,-0.23511
-0.019227,-0.16013,0.078045,-0.068163,-0.21351,-0.098202,-0.061896,0.31019,0.24439,0.29483,0.15289,0.03028,-0.094005,-0.016191,0.068386,0.31674,0.23186,-0.10461,0.33988,-0.34526,0.084353,-0.24956,-0.072633,0.15724,0.10268,-0.11591,0.0079972,-0.16592,0.29402,0.026763,0.023712,-0.028532,-0.027816,0.15852,0.12053,0.074352,0.0070234,-0.18336,0.015385,0.050038,0.1251,0.037575,-0.1749,0.092702,-0.022105,0.23197,0.29804,0.085678,-0.018231,0.12198,0.087307,0.062873,-0.24715,0.039765,0.055183,0.068922,0.17747,-0.27119,0.33831,0.38674,-0.11491,-0.054487,-0.33702,0.0026221,0.11758,0.64862,0.090778,-0.15054,0.37337,-0.070462,0.42868,-0.10244,0.075246,0.39014,0.33599,0.0057163,0.080237,0.34113,-0.18272,0.055529,0.21921,0.50943,0.14818,-0.32556,0.11908,0.28328,0.29115,0.031814,0.38341,0.49143,0.0066202,0.25333,-0.030273,-0.33496,-0.2857,0.0021269,0.34165,-0.13326,-0.17773,0.18108
0.27823,0.0029033,-0.39166,0.21497,-0.060453,-0.07967,-0.18976,0.17608,0.082927,0.014861,-0.16253,0.046127,0.041872,-0.21401,0.19811,-0.016839,0.062452,0.18488,0.009605,-0.34013,0.026076,-0.067595,0.0058461,-0.097719,-0.17265,0.13943,0.17454,-0.047706,0.047556,-0.046065,0.043521,-0.014314,-0.11119,0.29393,0.023486,-0.016541,0.4243,0.29813,0.33203,0.028158,0.18689,0.0062741,-0.27223,-0.099527,-0.022406,0.28306,-0.011363,-0.24545,-0.20922,0.28345,0.067082,0.042799,0.079623,-0.066423,-0.044974,-0.23125,0.1307,0.18505,-0.46201,0.40015,0.20162,-0.06432,0.10231,-0.12498,-0.095979,0.26737,-0.066495,-0.01142,0.16449,0.07005,-0.20169,-0.14297,0.13933,-0.077495,0.45955,-0.1856,-0.0028113,0.24027,0.056618,0.50608,0.0044576,0.11352,0.11621,0.31015,-0.080827,-0.076676,-0.0094709,0.10216,-0.091892,0.18577,0.10062,0.2808,0.28345,-0.10717,-0.16724,0.12502,0.1309,0.011169,-0.13492,-0.098948
0.072147,0.092581,0.011758,-0.18536,0.20378,0.1698,-0.085972,0.44231,0.20371,0.28927,-0.052631,0.39541,-0.13629,0.17269,0.053646,0.082017,0.18898,-0.024178,-0.078772,-0.26048,-0.03341,-0.079799,0.34807,0.19045,0.13554,-0.044826,-0.28992,-0.23711,0.24096,0.085534,0.26837,0.41018,0.024565,-0.329,0.055428,0.30674,0.031029,0.15812,0.34384,-0.19493,0.30754,-0.14912,-0.13544,0.27569,-0.1994,0.22264,0.039099,0.00019698,0.10359,-0.019643,-0.016997,-0.022534,0.35357,-0.17171,-0.18615,-0.094302,0.029034,0.0041369,0.082535,0.23337,0.19803,-0.058071,-0.00063229,0.0050297,-0.14996,0.10673,0.037212,-0.011693,0.11156,0.20947,0.32584,0.14454,-0.18089,-0.17281,0.093624,0.15785,0.046779,-0.20204,-0.067727,0.075482,0.12486,-0.10056,0.15696,0.083301,0.23357,-0.25975,0.091553,-0.11184,0.056047,0.31188,-0.02023,-0.16868,-0.26349,-0.14541,-0.028596,-0.073838,0.17234,-0.21752,-0.06446,-0.24114
-0.15054,0.058548,-0.012302,0.2597,-0.021919,0.33727,0.28649,0.076446,0.1905,0.12931,-0.24367,0.075411,0.21538,-0.072682,-0.32082,-0.11131,-0.15806,-0.097418,-0.043869,0.20345,0.20064,0.39581,-0.049722,-0.13694,0.033225,0.0023501,0.26395,-0.16082,0.16347,0.052817,0.077852,-0.14447,0.004248,-0.1511,0.21207,0.04963,0.014903,0.21703,-0.11393,0.087984,-0.13177,-0.16955,0.6324,-0.0041235,0.050164,0.23339,0.076799,-8.2467e-05,-0.22797,-0.19096,0.1707,0.26855,0.037265,0.53025,-0.26315,0.040023,-0.22658,-0.030823,0.46078,-0.25434,-0.20982,-0.030335,0.39094,-0.094404,0.70713,-0.048727,0.077601,-0.16253,0.12135,0.26308,-0.1339,-0.11863,0.36428,0.10772,-0.15549,-0.04353,-0.086669,0.24093,-0.22408,0.31758,-0.12351,0.086877,0.048218,-0.075614,0.031802,0.24687,0.16631,0.4738,0.11508,-0.080611,0.29445,-0.22938,-0.27753,-0.12067,-0.046245,-0.051007,0.2191,0.14254,-0.067693,0.041737
-0.27547,0.44822,-0.076024,0.17384,-0.15781,-0.11983,0.16484,0.06304,0.42283,-0.14037,0.14526,-0.1208,0.21688,-0.12381,0.13724,0.22568,0.26288,-0.17905,0.16315,0.12379,0.25521,0.11059,-0.18121,-0.13262,0.16356,0.019655,-0.058445,-0.077013,-0.13791,0.025915,0.53357,0.0042234,-0.19219,0.13693,-0.23887,0.0084999,-0.29548,0.46276,0.2568,0.20539,0.16161,-0.13728,0.14904,-0.040332,0.066132,0.46308,0.039917,-0.33552,0.014843,0.3863,-0.0036725,-0.26009,0.14777,0.15043,-0.0739,-0.13741,0.36439,0.15803,-0.0092339,-0.046714,-0.17132,0.072619,0.043348,-0.062459,-0.10507,-0.17549,0.1796,0.038326,-0.16289,0.17717,-0.24634,-0.14117,-0.0030194,0.3889,0.16592,0.62654,0.47818,0.2185,-0.10412,0.39568,-0.2673,0.02095,-0.050708,0.059651,0.24432,0.17205,-0.018427,-0.34749,0.23464,0.45541,0.01934,0.0089069,0.13468,0.013393,0.11374,-0.10237,-0.21037,-0.13867,-0.14268,0.32337
-0.15567,-0.10735,-0.062062,-0.0067157,0.1669,-0.057436,0.37413,0.22372,-0.11276,0.012334,-0.2268,-0.13161,-0.21824,0.23157,0.17944,0.13066,-0.23831,-0.041371,-0.18284,-0.15008,0.09807,-0.047328,-0.20791,0.59696,0.26107,0.31215,-0.13396,0.027611,0.076658,-0.31642,0.23986,-0.081784,-0.037042,0.035068,-0.10174,0.1798,-0.01329,-0.1173,-0.078384,-0.13246,-0.16739,0.29085,0.031648,0.12228,0.12697,-0.36385,0.22782,-0.11832,0.13547,-0.017015,-0.071805,-0.018536,-0.033636,0.036202,0.50941,-0.36515,0.0489,0.15332,0.041962,-0.23354,0.42152,0.14473,0.1095,0.21228,0.55552,0.12205,-0.078963,0.031549,0.21683,-0.22529,0.080732,-0.11864,-0.01768,-0.090674,0.18693,-0.079293,-0.16913,0.042105,0.054928,0.35294,0.29729,0.26909,-0.061553,-0.015082,0.1291,0.16837,0.12208,0.17507,0.050255,-0.027359,-0.12415,0.58373,0.26326,-0.31693,0.21993,-0.25552,0.030497,0.14951,0.081199,-0.038446
0.177,-0.090962,0.263,0.091084,0.59192,0.24515,-0.1574,0.060839,-0.014332,-0.11503,0.14167,0.47237,-0.22011,-0.028572,0.24332,0.1565,0.16291,0.12449,0.2169,0.12374,0.10788,0.25426,0.25791,0.43773,0.43795,-0.0090948,-0.24993,0.32821,-0.12893,0.026476,0.34186,-0.10333,-0.10511,-0.031398,0.1144,-0.26402,0.38601,0.021539,0.29053,0.019094,-0.019616,-0.034715,-0.028009,0.0030233,0.096379,0.20997,-0.25044,-0.25712,0.20435,0.27323,0.027186,-0.075405,-0.0083696,0.26635,0.019581,-0.34882,-0.26965,0.0078466,-0.16701,-0.10658,0.033582,-0.29209,0.26192,0.046467,0.033774,-0.026753,-0.26241,-0.24509,0.036673,-0.17749,0.039119,0.2749,0.152,0.13545,0.1857,-0.021087,0.38224,0.30603,-0.20499,-0.088151,0.084838,0.30433,-0.21285,0.023238,0.52786,0.087665,0.23678,0.070718,-0.10373,-0.16928,-0.17077,0.081835,-0.0192,-0.0015855,0.1171,0.059921,0.54046,-0.14156,0.37551,0.60299
-0.16052,0.07064,-0.24277,0.09743,-0.14263,0.043028,0.65656,0.0034552,-0.1813,-0.08954,-0.1423,0.10185,0.073743,-0.092595,-0.21232,0.4876,-0.023887,0.0062426,-0.13687,0.12472,-0.37027,0.04646,0.068222,0.33915,0.21286,0.065131,-0.13199,0.1058,-0.048484,0.10939,-0.12176,0.07232,-0.094265,0.099417,-0.20449,-0.074228,-0.034257,0.055404,0.18855,-0.25863,-0.051827,0.26576,0.17803,0.24169,-0.053173,0.06859,-0.17712,-0.0090557,0.10984,-0.31355,0.3793,0.027757,0.15054,0.4075,-0.16851,-0.2295,0.34275,-0.15597,0.26099,-0.24271,0.20664,0.07132,0.10448,0.10315,0.016702,-0.09584,-0.063935,0.12405,-0.23035,-0.075663,-0.15299,-0.040632,0.0096417,0.018707,-0.25733,0.43,0.35162,-0.24561,0.046556,0.061079,0.29014,-0.22014,-0.1236,-0.079827,-0.0096654,-0.057015,0.092933,0.24856,-0.082894,-0.14914,0.15188,-0.2353,0.2853,0.17496,0.73742,0.4375,0.029065,0.099315,0.059435,0.3359
0.13162,-0.39582,0.08307,0.0387,-0.27103,0.57007,-0.16319,0.18823,0.23531,0.10308,0.17815,0.26828,0.039778,-0.20581,-0.20346,0.0083655,-0.28495,-0.039814,-0.062455,-0.12153,0.52832,0.085548,0.17941,0.060316,0.11376,-0.12937,0.012751,0.011146,0.23173,0.050614,-0.0014396,-0.20558,-0.10695,-0.091249,0.28025,0.10513,0.42666,0.33625,-0.094077,0.24836,0.40641,0.1862,0.12499,-0.050128,0.20728,0.030138,0.37847,-0.021758,0.077669,-0.021314,0.10696,-0.050127,-0.043475,-0.2302,-0.099356,0.12714,0.13656,0.12076,-0.13293,-0.015911,-0.14134,0.2448,0.17977,-0.042175,0.33726,0.043088,-0.3795,0.1883,-0.020094,0.017877,-0.10812,-0.10729,0.21589,0.19312,0.01582,0.17555,0.4334,-0.20332,-0.22839,-0.071607,0.23452,0.048716,0.039096,-0.13172,0.3471,0.12982,0.24995,0.13433,-0.062616,0.26216,-0.082204,-0.15329,0.077397,-0.028607,0.092067,-0.21125,0.014557,-0.24208,0.16085,0.13865
-0.030082,-0.058627,0.67778,-0.066307,0.027461,0.0038116,0.045694,0.48185,0.22373,-0.059311,0.24149,-0.22945,0.050113,-0.083786,0.0528,0.27899,0.75903,-0.031282,0.0046868,0.15789,9.3286e-05,0.40089,0.58555,0.049939,0.025032,-0.12868,-0.15981,-0.011072,0.12614,-0.071706,-0.10321,0.10453,-0.14214,-0.018508,-0.26531,-0.044158,0.20882,0.13462,-0.18437,0.28736,0.035745,0.18322,-0.15831,-0.0022946,0.14152,0.034911,0.28726,0.09405,-0.1305,-0.17248,-0.045866,-0.14073,-0.091572,-0.18834,0.40838,0.079267,0.1335,0.012121,-0.11511,-0.0053808,0.069378,-0.18231,0.21406,-0.024072,-0.14906,0.16982,0.22389,0.19809,-0.008937,0.092009,-0.097906,0.24981,0.008318,0.17335,-0.17568,0.15809,0.17663,0.1785,-0.33861,0.016398,-0.1776,0.27985,0.16398,-0.15025,0.24847,-0.041937,-0.25376,-0.31268,0.35759,-0.30134,0.31765,0.24423,-0.092428,0.16186,0.10439,0.14019,0.078874,-0.16775,0.014487,0.14688
0.012671,0.18269,0.10718,0.41058,-0.11498,0.25339,0.21063,0.1551,0.20658,-0.079182,0.012193,-0.041895,0.55855,-0.26471,0.010131,0.092605,0.32586,0.058228,-0.17967,-0.24346,0.12995,0.10891,0.44067,-0.2586,0.0058661,-0.14227,0.29797,0.25387,-0.20493,0.043898,-0.12227,-0.14035,0.064155,-0.27914,-0.14357,0.30582,0.62967,0.022581,-0.29916,-0.17817,0.075272,-0.0024357,0.21266,-0.24439,-0.16662,-0.042099,-0.0044067,0.13561,0.21612,-0.23291,0.00094727,-0.13297,-0.21491,-0.062795,0.46046,-0.16926,0.28288,-0.24727,0.10631,0.056592,0.15607,0.28232,0.10642,-0.062284,0.27788,0.054392,0.027706,0.027526,0.18147,0.11944,-0.33665,0.44312,-0.072296,0.25043,0.085231,-0.11257,0.27375,0.33119,0.12381,0.22947,0.0045936,-0.15586,0.30505,-0.26369,0.31011,-0.17397,-0.021901,0.098264,0.13161,0.15321,0.088532,0.46956,-0.15395,-0.2102,-0.28317,0.10929,0.092102,0.045395,0.08418,0.11972
0.34847,-0.24322,-0.09653,0.24245,0.047059,-0.013321,0.0047558,-0.052168,0.038512,0.24176,0.19414,-0.11389,0.19048,0.02022,0.41778,0.037455,0.006838,-0.10896,0.074227,-0.17213,0.20067,-0.26962,0.19401,0.27225,0.12706,0.14063,0.29127,0.22507,-0.17323,0.13514,0.71601,0.1645,-0.22381,-0.32909,-0.079739,0.17145,-0.24265,-0.040017,0.60811,0.0030804,0.36978,0.092041,-0.058825,0.0097485,0.25276,-0.0013575,0.11616,-0.038225,0.030762,-0.11742,0.020607,-0.10581,-0.0037404,-0.23306,0.15845,0.20378,-0.25325,-0.065559,0.0039846,0.040049,0.00098716,-0.0012781,-0.0091048,-0.06107,-0.00089409,-0.23467,0.044063,-0.089935,0.1008,0.093226,-0.062711,0.050179,-0.027056,0.087763,0.133,0.048319,0.088515,-0.052108,0.29756,-0.089124,0.081846,-0.11881,0.16855,-0.054721,0.39451,0.048811,-0.035986,0.32097,0.29644,0.059965,-0.11365,-0.090156,0.13379,-0.17181,0.16159,-0.055215,-0.064111,-0.10169,-0.086778,-0.22355
-0.025476,-0.11373,-0.1205,0.17181,-0.030467,0.35511,0.19428,-0.14234,-0.11628,0.016654,-0.029459,0.087803,0.34853,-0.11851,0.18071,0.2963,0.089159,0.10022,0.0039799,-0.14941,0.025797,0.38471,0.32721,-0.062849,-0.024374,0.027794,-0.24444,0.095425,0.42143,-0.072927,-0.10882,-0.029999,-0.094273,-0.0017099,0.030874,-0.049597,-0.067015,-0.17204,-0.15269,-0.045334,0.10357,0.27976,0.049359,-0.18152,0.085885,-0.14831,1.0016,0.063636,0.27855,0.088156,0.1056,0.34956,0.0026382,0.67956,0.082866,0.076881,-0.21131,-0.1201,0.025153,-0.0041626,0.17786,0.12355,0.26337,0.097488,0.10813,-0.28687,0.26644,-0.038942,0.17072,0.32551,0.13302,0.013295,-0.043563,-0.225,-0.1202,0.081207,0.10169,-0.20589,-0.24205,-0.13631,-0.047857,0.23766,-0.12535,0.1093,0.066802,0.29985,0.24783,-0.044701,0.021954,-0.035738,0.0069156,0.38089,0.7307,0.29082,0.46839,-0.15818,-0.092789,-0.016044,-0.016847,0.066137
-0.1797,-0.0066637,0.1303,-0.17914,0.012027,0.2879,-0.015442,-0.26912,0.31375,0.17242,-0.00092567,0.05581,0.1049,-0.25157,-0.020525,0.41132,-0.15572,0.039392,0.51736,0.031616,0.017222,0.23173,0.39399,-0.032448,0.022676,0.16087,0.58785,0.18251,0.056884,0.39311,-0.097815,-0.24922,0.056723,-0.078613,-0.041348,-0.018075,0.058401,-0.19342,-0.076926,0.045116,0.03785,0.12811,-0.14901,-0.11124,0.56136,0.19213,-0.29116,0.043134,0.22253,0.12977,0.019028,0.1831,-0.31981,-0.04365,0.021397,-0.12328,0.12956,0.23607,0.38892,0.17969,0.037081,-0.16826,-0.10455,-0.026161,-0.23862,-0.018007,0.28941,-0.062705,0.29824,-0.13939,0.45409,0.40285,-0.18555,0.27836,0.34586,0.24288,0.46292,0.083135,-0.33206,-0.15507,0.39553,0.097889,-0.029113,0.1847,0.076947,0.06158,-0.13629,-0.096903,-0.16977,0.37872,0.19418,-0.16081,0.0059809,-0.015262,-0.11025,0.24036,0.31934,-0.19395,-0.14318,-0.19318
0.42487,0.18289,0.08535,0.2786,0.15292,0.14172,0.29125,-0.0092635,0.231,0.1543,0.20412,0.41853,0.08019,0.24205,-0.25523,-0.18679,0.092117,0.055284,0.047656,0.39455,0.051808,0.15078,0.27598,-0.13184,-0.19276,-0.11443,0.08115,-0.20466,0.18557,0.21406,-0.13225,0.1456,0.12537,0.43913,0.064107,-0.11938,0.12474,0.4992,0.14634,0.030733,0.054178,-0.07157,-0.15435,-0.40623,0.29901,-0.12579,0.18552,0.41039,-0.070534,-0.049689,0.13442,-0.18335,0.08841,0.62238,0.15927,-0.0032501,-0.012346,0.098471,0.035494,-0.30231,0.1797,0.27537,-0.040373,0.33422,0.12064,0.21296,-0.29684,-0.033427,0.048877,-0.08378,-0.19245,0.22166,-0.079792,-0.085525,-0.36404,-0.30555,-0.20234,-0.052191,0.14937,0.2014,0.08131,0.17682,0.024136,0.22043,-0.0097155,-0.20312,-0.14607,0.051219,0.048873,-0.054974,0.066066,-0.27843,0.035814,0.23693,0.35016,0.41894,-0.21696,-0.01422,0.074726,0.09277
0.49914,-0.15222,0.26626,0.016172,-0.0024509,-0.068999,0.17827,0.013172,0.2194,-0.002617,0.013854,0.1538,0.24679,0.1561,0.25794,0.38616,-0.23869,0.21602,-0.13062,0.1803,-0.18957,0.23164,0.028262,0.00040862,0.10138,-0.06292,0.44618,-0.17325,-0.026962,0.0046137,0.22398,-0.077487,0.1185,-0.079863,0.24424,0.036182,0.11466,-0.41802,0.19974,-0.18129,0.23017,0.12231,-0.21639,-0.11656,0.022821,0.58208,0.0090516,0.27105,-0.055037,-0.040269,0.141,-0.38771,0.086083,0.105,0.13917,0.14244,0.011785,0.11532,0.23668,0.32761,-0.040223,0.1371,-0.13182,-0.03925,0.15546,-0.019849,0.14561,0.11502,-0.13477,-0.026417,0.17984,0.35137,0.0083457,-0.14735,-0.20884,0.080517,-0.096769,0.083999,0.17667,0.24145,-0.029488,0.00067925,-0.081154,0.045447,-0.1878,0.29165,0.0066402,0.15774,-0.33374,-0.11959,0.043547,-0.04424,0.077337,-0.15339,0.079083,0.21895,-0.12116,0.26977,-0.085339,-0.043983
0.0053514,-0.06695,0.05926,-0.21195,-0.065414,-0.083493,0.18943,-0.15576,-0.40062,0.018004,-0.29706,0.070592,0.064917,0.10097,0.016382,0.32097,-0.0069087,0.041583,0.21295,-0.26964,0.22989,0.094384,0.11421,0.21218,0.16784,0.39833,0.13127,-0.37993,-0.17956,0.15864,0.18364,0.17501,0.11028,-0.14204,0.041848,-0.23991,-0.15541,0.69702,-0.15625,0.36393,-0.31406,0.10594,-0.2429,0.043187,-0.081462,0.31393,-0.10813,0.21825,0.14912,-0.083645,-0.19635,0.15735,0.21838,-0.014463,0.0099383,0.068776,0.36201,-0.12652,0.025117,0.1849,-0.14811,0.10293,-0.10284,-0.23787,0.27172,-0.02779,-0.12352,0.35257,0.032523,-0.27199,0.028926,0.1725,0.0023057,-0.01344,-0.30592,0.054375,0.0015836,-0.069502,0.27404,0.022081,0.15937,0.18439,0.3372,0.30588,0.18418,-0.079047,0.26751,0.026888,0.06868,-0.25671,0.016711,0.013022,0.61084,0.36292,-0.20382,0.023241,0.02105,0.12877,0.0035352,0.08563
0.24179,-0.18059,-0.028183,0.076904,0.0014761,-0.079021,-0.15212,-0.22092,-0.019725,0.21597,-0.05531,-0.23714,-0.16286,0.21674,-0.34903,0.21356,-0.068485,0.11114,-0.005472,0.13522,-0.12709,0.031936,0.15353,-0.084197,-0.072139,0.38535,-0.0019951,0.42044,0.10394,0.37161,-0.1303,0.19873,0.22465,-0.070387,-0.1075,-0.096307,-0.087752,-0.12405,-0.12697,0.08505,0.15738,0.067507,0.21063,0.23548,0.14743,0.020784,-0.19635,0.2512,0.052486,-0.023474,-0.079326,-0.0046521,0.093456,0.38715,-0.15026,-0.070854,-0.31642,0.092086,-0.069209,0.27212,-0.1349,-0.21403,0.19984,0.075689,-0.23453,0.25008,0.18289,0.20033,-0.12275,0.275,0.44246,-0.050067,0.093195,0.33036,-0.10845,-0.033602,0.026658,0.18764,-0.076302,0.095182,0.07,0.28521,-0.050755,0.03145,0.074988,0.39295,0.018311,-0.2588,0.08287,-0.15822,0.093213,-0.207,0.090319,0.032214,0.050148,-0.26962,-0.018403,0.22443,0.02611,0.25519
0.17918,0.048164,-0.070005,0.31887,0.1028,0.17718,0.29807,-0.16981,0.23639,0.01084,-0.1707,0.10736,0.41424,0.2322,-0.17382,-0.044717,0.26981,-0.34191,0.36326,-0.071925,0.097102,-0.0025633,-0.061577,-0.088768,0.84738,0.14649,-0.1232,-0.022505,0.30117,0.23386,0.3827,0.18279,-0.073247,0.42841,0.12932,-0.047384,0.34585,-0.0529,-0.099766,0.29558,-0.25225,0.14621,0.056428,0.41976,0.28626,0.26115,-0.071153,0.045406,0.021621,-0.11204,-0.092723,-0.081203,-0.17731,-0.12056,0.51907,0.36756,-0.15367,0.35626,0.053373,-0.04814,0.19554,-0.028066,-0.087714,-0.047233,0.091524,0.025121,-0.23614,0.074915,-0.21554,-0.025649,0.0047306,-0.068532,0.20959,-0.12002,0.043677,0.27689,-0.22371,-0.10993,-0.17658,0.12377,0.15904,0.04187,-0.082821,0.23028,0.0017009,0.35766,0.19535,-0.071428,0.029575,-0.12265,-0.014096,-0.31745,0.29253,-0.19281,0.19777,-0.10951,0.10852,0.26157,-0.064752,-0.1594
0.0081618,-0.025592,0.058619,0.10182,-0.010391,-0.11699,0.26876,0.21603,-0.12266,0.18128,-0.068741,0.20146,-0.091007,0.34037,-0.17304,-0.10368,0.057393,0.18283,0.10108,0.08248,-0.11647,0.097147,-0.011557,-0.33049,-0.058487,0.2635,0.78598,0.0034469,-0.073951,0.075047,0.018481,-0.028464,0.13679,-0.2303,-0.039039,0.16845,-0.04089,0.23128,-0.0040253,-0.010619,0.042785,-0.060037,0.31833,-0.099318,0.20338,0.15202,0.10829,0.098241,0.4377,-0.052282,0.25612,-0.11374,0.12594,0.091351,0.21531,0.27973,0.010097,-0.13064,-0.074407,0.076483,0.092141,-0.011742,0.13885,0.11037,0.12027,0.078719,0.072716,0.20746,0.26762,0.066485,-0.13186,-0.10827,0.025926,-0.003131,-0.064251,0.15693,0.039883,0.5933,-0.22452,0.030746,0.071273,0.10379,0.24969,0.4438,0.14211,-0.00095899,-0.02801,0.094091,0.0026378,-0.13066,0.099084,0.18639,0.085242,-0.054024,-0.022166,0.23695,0.19179,-0.070432,0.079669,0.41356
-0.13819,0.38787,0.18603,-0.14518,0.00055217,0.1297,0.414,0.0083474,0.37983,0.22123,0.30645,0.24034,0.090192,0.027166,-0.0071583,-0.20868,0.018359,-0.28064,0.085099,-0.040581,0.14551,0.20441,-0.24861,0.061217,0.45606,-0.093725,-0.13761,0.32175,-0.31986,-0.18244,-0.20429,-0.011718,0.11081,-0.063724,0.14075,0.089182,-0.031273,5.5248e-05,0.40838,-0.0664,-0.021664,-0.19342,0.4342,0.093053,-0.056442,-0.11248,-0.17538,0.20493,-0.10744,0.050686,0.012852,-0.061025,0.36089,0.069838,0.43168,0.068436,-0.034216,0.088147,-0.3455,0.11494,0.19116,0.42995,-0.30244,-0.019373,-0.0099764,0.35549,0.25733,-0.035541,0.043835,0.19999,-0.099174,0.052669,0.28259,-0.20643,-0.10803,-0.050316,0.060715,-0.16508,0.136,0.063637,0.030221,0.39391,0.32462,-0.22872,0.057997,0.26204,-0.060889,-0.050765,0.33233,0.18599,0.38356,0.18488,-0.027535,0.20946,-0.19286,-0.21415,-0.22752,-0.26001,-0.36895,0.27502
0.15095,0.25153,-0.055425,0.12468,0.0096318,-0.20058,0.098187,0.39419,0.10469,0.18553,-0.021197,0.23147,-0.003899,0.13976,0.060127,-0.0040332,0.15059,0.11988,0.3551,-0.35726,0.49816,0.16296,-0.104,0.042352,-0.34067,0.05201,0.028678,0.028816,-0.24756,-0.193,0.38357,0.33102,0.16315,0.058665,0.026247,0.14271,-0.18871,0.23463,0.47123,-0.032948,0.15768,-0.030172,0.035113,-0.19727,-0.16849,-0.11583,0.10384,-0.069899,0.22688,0.088943,-0.05385,-0.14718,0.023945,0.24791,0.13912,0.20405,0.1132,0.1157,0.23761,0.11658,-0.019026,-0.079154,0.12118,-0.030389,0.060179,0.013945,0.30019,-0.18169,0.002628,0.51448,0.27565,0.087148,-0.037081,0.11161,-0.20695,-0.21307,-0.18345,0.036932,-0.079266,-0.059178,0.29213,0.32255,0.04323,0.38231,-0.29751,-0.16752,-0.40739,0.046593,0.23846,0.21933,0.36278,0.14103,-0.015542,0.11326,0.16402,0.30975,0.12516,-0.12751,-0.10135,0.043956
-0.34104,0.60453,0.024018,0.10713,-0.14021,-0.030436,0.014557,-0.2051,0.13637,0.012465,0.010489,0.23679,-0.15442,-0.18109,0.020182,-0.15635,-0.32372,-0.074177,-0.21145,-0.047482,0.050359,-0.217,-0.124,0.094092,-0.058527,0.2213,-0.18788,-0.134,0.088425,0.81894,0.54955,0.42089,-0.045713,0.19617,0.080592,0.11034,0.10927,-0.18538,0.071694,0.064625,0.12265,-0.058807,-0.18761,-0.045121,-0.12279,0.11789,-0.11791,-0.023881,0.36032,-0.18729,-0.16745,0.28322,-0.054759,-0.19367,-0.01887,0.31485,-0.055297,-0.13484,-0.1565,-0.27411,-0.062371,0.19657,0.12839,-0.004319,0.048446,0.11293,0.16984,-0.19845,-0.11642,0.019518,-0.29138,0.38862,-0.001271,0.37047,0.069687,0.047087,0.098228,0.23248,-0.234,-0.08308,-0.15143,-0.00137,0.30523,0.11231,0.00010564,-0.11318,-0.12183,-0.067824,0.062721,0.36433,0.17747,0.18494,0.10002,-0.17275,0.16715,0.15232,0.55668,0.29222,-0.0655,-0.22221
0.10682,-0.14443,-0.34925,-0.034361,0.0065529,-0.11671,0.052207,0.28455,0.074008,-0.06882,-0.10094,-0.11432,0.054222,0.21504,-0.14639,0.18939,0.39699,0.43786,0.17013,-0.00083475,0.3287,0.057849,-0.14436,0.091886,0.31134,-0.071106,0.034793,0.21447,-0.19217,-0.11836,0.34794,-0.04317,0.11742,0.36421,0.17537,-0.090083,0.036374,-0.12475,0.080162,-0.079412,-0.070581,-0.3694,0.1246,0.016471,0.10888,-0.074246,-0.14343,0.14106,0.014817,-0.032775,0.18306,0.13632,-0.014843,-0.19815,0.39816,0.21993,-0.20569,-0.053945,0.13902,0.080916,0.43475,0.52224,-0.27636,0.14366,0.5672,0.011324,0.12304,0.42759,0.4883,0.16248,-0.073181,-0.24317,-0.15404,0.29646,0.058025,-0.003577,0.17102,-0.030935,0.23541,0.042073,-0.079992,-0.14031,-0.26234,-0.087844,0.13901,-0.053255,-0.047811,-0.23782,0.18356,0.14642,0.28665,-0.037605,0.37825,-0.051385,-0.0088871,-0.076616,-0.009856,0.27239,0.016704,0.061476
-0.16391,-0.015778,0.18401,-0.2495,0.10148,0.33568,-0.11006,-0.07263,0.0281,-0.18239,0.12109,-0.076955,0.21141,0.063677,0.096935,0.02752,0.19209,-0.22758,0.0014068,-0.053797,0.080936,0.31989,0.031378,0.078847,-0.029282,0.091733,-0.071485,-0.10677,0.1432,-0.092522,0.4513,-0.00049499,-0.065749,-0.15024,0.16927,0.45108,0.20591,0.026416,0.23958,0.23415,-0.10238,-0.16065,0.18342,0.43933,-0.048689,0.037448,-0.1463,0.031159,0.1285,0.40368,-0.060494,-0.072045,0.33765,-0.094576,-0.11679,0.23773,0.046752,0.29137,0.50872,0.15378,-0.13789,-0.1245,0.80959,-0.034381,0.29199,0.018109,0.026489,-0.22451,-0.19711,0.23806,-0.048509,0.0016046,-0.20215,0.25085,0.13106,-0.14491,0.19684,0.053588,0.3211,-0.37856,0.195,0.35919,-0.00057772,0.1055,0.18502,0.42196,0.31613,0.13444,0.039332,0.055603,-0.036008,-0.017295,-0.099559,-0.063071,0.014642,0.31225,-0.16906,0.38958,0.46153,-0.13804
0.68551,0.36734,0.22976,0.26838,-0.09696,-0.059737,-0.15945,-0.24288,0.51887,0.2266,0.11201,0.23671,0.059566,0.12815,-0.19856,-0.050901,0.036858,-0.0010323,0.12184,-0.12798,0.17051,-0.26752,0.31592,-0.28229,-0.32554,-0.15699,0.38064,0.39634,-0.064398,-0.063128,-0.33507,0.045547,-0.2042,0.084558,0.2132,0.34774,0.071088,-0.042898,0.075872,0.18629,-0.093601,-0.015292,0.022464,0.085386,0.15683,0.24998,0.10165,-0.040628,-0.012472,0.062556,-0.0057384,-0.17194,-0.08942,0.022696,-0.077583,-0.15275,-0.07823,-0.0054917,-0.15569,-0.045287,-0.27305,-0.12267,0.31294,0.035647,-0.18029,-0.065095,0.058657,0.018767,-0.0048659,0.17481,0.10792,-0.0048139,0.1464,0.64509,-0.33187,0.43497,-0.19205,0.075494,-0.12133,0.048031,-0.012523,0.19445,0.44542,-0.18434,0.3905,-0.12843,0.20601,-0.057867,-0.026243,0.19197,-0.23935,-0.31612,0.052735,0.050124,0.21635,0.14502,0.52478,0.16997,0.38825,-0.20006
-0.28335,-0.21234,-0.18297,0.0072464,0.40807,-0.085211,0.028321,-0.1469,0.19255,0.22009,0.11072,-0.14431,-0.28249,-0.36159,0.1393,0.082851,-0.10906,0.51015,0.38686,0.26711,0.062187,0.00036987,0.13466,-0.0057483,0.24551,-0.089032,0.0063797,0.17477,0.14467,-0.065308,0.20437,0.0098299,0.041588,0.047387,0.4668,0.025978,0.23731,0.051034,-0.19545,0.18715,0.1018,0.12497,-0.19463,-0.21004,0.22293,0.61506,0.054736,0.061871,0.23211,0.071688,0.016788,-0.048385,0.40881,0.13899,-0.041793,-0.22345,0.20168,0.0099963,0.0030865,-0.13948,0.07632,-0.13197,-0.017993,0.021403,-0.18598,-0.043511,-0.096804,-0.19034,-0.027086,-0.10765,0.046825,0.14867,-0.20535,0.039774,-0.059562,0.20516,0.11082,-0.030612,0.035438,0.0038576,0.10029,0.38004,0.099429,0.29428,-0.17244,-0.03008,0.051238,-0.047914,0.22333,0.14305,0.16326,-0.078751,-0.1876,0.18078,0.35679,-0.0074873,-0.062301,-0.041266,0.052086,0.089974
-0.17647,0.33958,0.10392,-0.28035,0.45557,0.061234,-0.01912,0.084524,0.23845,-0.18914,-0.076221,0.017087,0.033829,0.10527,-0.056735,0.46375,0.1804,-0.030974,-0.12584,0.019772,0.021101,0.22481,0.014252,0.14977,0.42405,0.089661,0.011861,0.23576,0.17401,0.099843,-0.015844,-0.054179,0.082008,-0.2187,0.44426,-0.084827,-0.10631,0.25476,0.11536,0.11385,-0.043334,-0.10823,0.43303,-0.12999,0.1208,0.15877,0.21329,0.08449,0.022117,0.0022759,-0.14475,0.073205,-0.048773,0.30675,0.28392,-0.095457,0.58131,0.24566,-0.26514,0.13138,0.29078,0.27879,0.012271,-0.025833,0.24588,0.11984,0.35091,-0.25231,-0.3227,0.058442,-0.080139,0.047814,0.13458,0.065767,-0.15371,0.14698,-0.0076512,0.0099233,0.028007,0.06712,0.24701,0.22787,0.32632,0.21651,0.1583,0.60527,0.074114,0.099149,0.19375,-0.24128,0.14749,0.025419,0.053099,-0.1456,0.36292,0.092106,0.34202,0.13707,0.091713,-0.20984
0.16701,0.16181,-0.12631,0.37545,0.33206,0.071938,0.001591,0.20193,0.0099375,0.58581,0.1212,0.12619,-0.078438,-0.041276,0.19899,0.13688,-0.02389,0.015014,0.19312,0.25084,0.14178,-0.0038775,-0.12502,0.12005,-0.26739,-0.046451,-0.22776,-0.024672,-0.093282,-0.15921,0.10644,-0.24356,-0.14867,0.53986,-0.084796,-0.21032,0.20381,0.19659,0.0968,-0.11254,0.087711,0.17087,0.23439,0.15377,-0.19292,0.26969,0.14315,0.1404,-0.15507,-0.1429,0.18321,0.1755,-0.18557,-0.14395,-0.089502,0.040129,0.10546,0.3511,0.017204,0.021591,-0.14529,0.14949,-0.12067,0.17492,-0.18248,-0.031311,0.22935,0.15494,0.21216,-0.060196,0.064064,-0.18313,0.53904,0.42418,0.10166,-0.021998,-0.010198,-0.069267,0.0063166,0.52336,0.2888,-0.078896,0.49438,0.031567,0.039261,0.15776,0.047068,0.062378,0.44414,-0.10657,0.4955,-0.031333,-0.14635,0.16831,-0.10278,-0.10534,-0.054979,0.23115,0.012944,0.09729
0.2069,0.33667,0.73395,0.0019167,-0.027469,0.059666,0.28265,-0.11681,0.18449,-0.063384,0.11946,0.27477,0.098547,-0.24973,0.017157,-0.038045,0.24472,0.48469,0.009882,0.63995,0.11748,0.53542,-0.12285,0.10405,0.068409,0.36839,-0.032977,0.18429,-0.004103,-0.16086,0.0036473,0.21134,0.039478,-0.020941,-0.2396,0.025262,-0.20274,-0.0041452,-0.14875,-0.11256,-0.17695,-0.12458,0.16879,-0.086523,0.0087198,-0.23005,0.15155,-0.087567,0.54723,0.37364,0.18551,-0.18935,-0.095703,0.14566,0.16163,0.48831,0.10235,0.020775,0.6733,-0.085441,0.05453,-0.032111,0.063086,0.21404,0.22104,0.2606,0.2605,-0.13101,-0.062685,-0.11376,0.012534,-0.10337,-0.14828,-0.13642,0.12604,0.067895,0.055325,-0.22537,-0.027453,-0.060734,0.19012,-0.071701,0.15188,-0.097645,0.36342,0.34467,-0.047041,0.16012,-0.16309,-0.033105,-0.14076,-0.11849,-0.036331,0.57253,-0.030248,-0.22858,-0.030026,0.18873,0.30299,-0.027688
-0.027254,-0.14884,-0.04101,0.064007,-0.086018,0.32788,-0.031922,-0.28923,0.38437,0.045682,0.042663,-0.068542,0.29885,0.27008,-0.14318,-0.049996,0.19243,0.33738,0.047125,-0.019242,0.014187,0.1724,0.12501,-0.23615,0.2105,-0.00077847,0.36424,0.16033,0.42491,-0.29761,0.35525,0.06026,-0.070911,-0.21162,0.38262,0.10035,-0.22072,0.2971,-0.02369,0.1193,0.037192,-0.19486,0.18959,0.1609,-0.080073,0.060918,-0.02223,-0.057884,-0.10333,0.32132,-0.084869,0.15628,0.14599,-0.11353,0.14674,-0.1454,0.10408,0.14212,-0.31177,-0.15606,-0.2577,-0.13676,-0.20766,-0.098931,0.083715,0.33953,0.062884,0.29318,0.09213,0.066498,0.020873,0.32571,0.37068,-0.17184,0.3098,-0.059756,0.083617,0.37411,0.37458,0.09902,0.41766,-0.013087,0.66767,-0.12562,0.13755,-0.11142,0.070878,-0.14796,0.22431,0.26705,0.13739,-0.12964,0.17952,0.089476,0.16351,-0.18684,0.011184,0.22692,0.047697,0.041318
-0.093243,0.078923,-0.20399,-0.084899,0.38427,0.080172,0.35012,-0.1208,0.099024,0.22232,0.22662,-0.063013,0.49371,-0.025671,-0.05572,-0.12253,-0.129,-0.18813,-0.068534,0.41011,-0.12598,0.27804,-0.20727,0.17836,0.059701,0.053895,0.55308,-0.13332,0.051168,0.023232,0.12299,0.22975,0.14241,-0.018571,-0.1093,0.11073,0.53241,0.072388,0.13665,-0.036524,-0.070728,-0.064218,-0.10437,-0.21327,-0.22171,0.18374,-0.19869,-0.15058,0.2288,0.2381,-0.012833,-0.057879,-0.078469,-0.046636,0.080703,0.26406,0.10454,-0.029022,0.45459,-0.15704,0.16321,-0.0041572,0.11219,0.32992,-0.1214,0.17626,-0.045228,0.30171,-0.10921,0.20564,-0.13067,-0.15388,0.16136,0.081117,0.16854,-0.17634,-0.092281,0.10966,0.1406,0.48793,0.22954,-0.20578,0.33438,-0.18728,-0.24464,0.11355,0.18964,-0.070366,-0.19171,-0.14397,0.041836,0.0046656,0.16275,-0.1098,0.19403,0.46378,0.0943,0.14654,0.36059,0.58893
0.35042,-0.10401,0.3072,0.1654,-0.17779,-0.058325,-0.028594,-0.23092,-0.15505,0.055139,0.0017928,-0.018374,-0.062951,-0.048723,-0.058443,-0.031761,0.041641,-0.24549,0.013398,0.03504,-0.21514,0.15027,-0.23898,-0.18259,-0.044461,-0.20735,-0.0083973,-0.17812,-0.014411,0.13762,0.059803,0.27806,0.3504,-0.019006,0.2079,-0.34518,0.14655,0.19627,0.28885,-0.058483,0.094236,-0.072207,-0.1284,0.21543,0.2812,0.16578,0.23235,0.50609,-0.19776,-0.1248,0.33413,-0.12334,-0.20492,-0.11066,0.11235,0.20865,-0.036143,0.052802,0.10616,0.22908,0.057976,0.14466,0.11927,0.015811,-0.080918,-0.10341,-0.25868,0.18118,0.14148,-0.30909,-0.24143,0.18133,-0.17431,0.29529,0.01514,0.018186,0.24659,0.42047,0.2748,0.26032,0.042857,-0.10382,0.42018,0.10917,-0.22378,0.39584,0.25036,0.058163,-0.065911,0.04596,0.50133,0.4041,-0.13079,0.261,0.13252,0.35631,-0.14598,-0.18376,0.26325,-0.28872
0.28702,0.13105,0.067309,0.020296,-0.19182,0.25172,0.30644,0.3058,0.15525,0.08229,-0.14981,-0.32677,-0.050451,-0.076109,0.11349,0.10193,0.44237,0.27714,0.010615,-0.11655,0.14406,-0.016974,0.073405,0.20833,0.082947,0.10683,0.013468,-0.099711,0.081673,0.1392,0.19117,-0.029369,-0.16475,0.14907,0.32211,0.011508,0.24449,0.14714,0.10671,-0.048588,-0.20827,-0.065433,-0.15122,0.17703,0.29461,-0.16978,-0.10589,0.20422,0.03675,0.23522,0.22461,-0.1497,0.25791,0.31698,0.1045,0.33276,-0.0072203,0.0065943,0.11127,-0.053921,0.033251,0.023279,0.17302,-0.08684,0.064039,-0.072802,-0.13445,-0.059872,0.17934,-0.25998,0.12927,0.50904,0.0072818,-0.20426,-0.12394,-0.084861,0.18735,0.29677,0.024972,0.25658,0.12765,0.15232,-0.19488,-0.069981,0.068839,0.22114,-0.17194,0.11792,0.056033,0.13766,0.091218,-0.19277,-0.089585,0.35547,-0.0497,0.28207,-0.24679,0.18325,0.057988,0.10219
0.02075,-0.14898,0.193,0.34829,-0.14804,-0.14338,0.14778,0.084021,0.35859,-0.056063,0.16623,-0.11263,0.43272,0.12985,0.22993,0.22668,0.54321,0.44444,-0.37793,0.017209,0.2161,0.28804,-0.22193,0.23806,0.47869,0.026533,0.040733,-0.12416,-0.030224,-0.27541,-0.044146,0.31349,0.15824,0.50142,0.014752,0.057623,-0.081307,0.18286,-0.16019,0.021154,0.16529,0.013786,-0.26537,0.1103,0.089144,0.093326,-0.053723,0.1062,0.18634,0.028478,-0.27729,-0.26577,-0.11379,0.36801,0.18247,0.25868,-0.14491,0.23837,-0.21869,-0.1091,-0.090816,0.28645,0.067521,0.13061,-0.0023875,0.05764,0.17628,-0.013374,-0.1593,-0.23804,0.1897,0.017375,0.15553,0.42305,-0.0037552,0.61533,-0.17299,0.3224,0.097926,0.24455,0.26577,0.17515,0.32642,0.045313,-0.14508,0.13599,-0.095718,-0.10587,0.36964,-0.02564,-0.045293,0.20656,0.15908,0.12107,-0.17447,0.05472,0.52865,-0.10066,-0.091818,0.30097
-0.40193,0.20389,-0.35581,0.23322,0.16391,-0.12077,0.082276,0.24608,0.12872,0.4349,0.014857,0.19991,-0.23125,-0.21152,0.15007,0.0010454,-0.086738,0.23669,-0.013375,-0.1928,0.12273,0.22383,0.16165,-0.0227,0.10414,0.18595,-0.28195,0.29322,-0.15363,0.17233,0.058667,-0.14415,-0.19278,0.048243,-0.15534,0.038693,-0.21205,0.094472,-0.19798,0.2785,0.18312,0.11743,-0.080634,-0.032903,0.013262,0.069099,-0.040344,0.09612,0.16086,0.11857,0.2389,0.075253,0.35248,-0.21006,0.38546,0.26051,0.35101,-0.13907,0.0032358,-0.30736,0.32391,0.43043,0.043373,-0.14765,-0.010316,-0.043465,-0.031408,-0.22253,0.23248,-0.15191,-0.44791,-0.038956,0.43449,0.45996,0.22515,0.24437,-0.10765,-0.12867,0.36405,-0.23553,0.095313,0.34973,0.072857,0.060166,0.0054272,0.2071,0.0011031,-0.0090365,-0.12618,-0.061223,0.21576,0.057267,0.30914,0.37241,0.020814,0.32609,0.38108,0.014224,0.23286,-0.31292
-0.055786,0.046975,0.50933,0.31957,0.063812,-0.13611,0.014506,-0.026668,0.25597,0.63876,-0.080333,0.21947,0.19603,0.10348,0.41605,0.39399,0.13115,0.082783,-0.15679,0.24091,-0.26668,0.080745,0.062022,0.055951,0.084725,-0.33752,0.10193,0.27837,0.17609,0.21019,-0.068945,-0.12612,-0.074343,-0.21346,-0.20458,-0.00011428,-0.32294,0.32097,-0.27761,0.10533,0.067794,-0.24551,-0.036688,0.58147,0.15863,-0.061281,0.17089,0.035549,0.035538,0.016766,0.32165,-0.079884,-0.3006,0.35497,0.33881,0.16443,0.15893,0.024928,0.17344,0.27951,0.060855,0.12385,0.22636,-0.091102,-0.10036,0.020445,0.012165,-0.15777,0.33874,-0.061233,-0.081922,0.012828,0.29888,-0.15214,0.24141,-0.046603,0.44286,0.060353,0.22974,0.00016107,0.096417,0.2237,0.15029,0.26534,-0.10497,0.40931,-0.061168,0.38469,-0.080958,0.012844,0.03747,-0.012982,-0.07681,-0.2848,-0.055343,-0.1201,-0.005228,0.23294,-0.041252,0.25717
0.14515,0.29068,0.39512,-0.089434,0.0070694,0.027778,0.034763,0.16456,-0.1618,0.19564,-0.10376,0.1823,-0.077848,-0.20962,0.1678,-0.0019783,-0.21482,-0.15125,-0.031292,0.29256,0.23938,0.17335,-0.33399,0.15846,0.014427,0.19636,-0.097309,0.21255,-0.13547,0.2026,0.13407,0.18629,0.040523,0.22665,-0.043937,-0.12062,0.13453,0.22371,-0.20256,0.20333,0.11697,0.073813,0.1007,0.17758,0.29727,-0.26675,-0.13015,0.12543,-0.32747,-0.064431,0.23928,0.11664,-0.13556,-0.022447,0.077409,0.03634,0.081176,-0.0049795,0.0017778,-0.15643,-0.16458,-0.10195,0.50164,0.14897,0.29899,0.33441,-0.028498,0.23537,0.032472,0.18394,-0.094178,0.19128,0.12412,0.24136,0.016242,-0.077463,0.06912,-0.063897,-0.14909,0.40483,0.26842,0.21646,-0.017845,-0.13558,0.011244,0.05097,-0.11292,0.25269,-0.16452,-0.025184,-0.0091408,0.11213,0.17234,-0.10583,0.061158,0.15839,0.14476,0.14539,0.17859,0.28083
0.36017,-0.22119,0.014869,-0.28446,0.11067,0.043079,-0.24872,-0.15819,0.53855,0.41659,-0.11888,0.2084,0.14809,0.19414,0.19215,0.012245,-0.2545,0.035807,0.39069,-0.041744,-0.23378,0.19984,0.060872,0.076378,-0.22616,-0.38676,0.21718,-0.28774,0.43571,0.0011519,0.37568,-0.022001,-0.40342,-0.10317,0.11905,-0.15682,0.17469,0.12908,0.17045,0.27915,0.38377,0.35523,0.33343,-0.057701,-0.02451,0.10648,-0.057065,0.056626,-0.088317,0.58732,-0.019373,0.35121,-0.13665,-0.098535,0.059031,-0.14293,-0.040589,0.24977,0.44612,0.027849,-0.12008,0.53781,-0.2735,0.22134,0.70277,-0.048108,0.063312,0.035607,-0.0081794,-0.13943,0.12358,0.20224,0.30202,-0.38233,0.23246,0.27341,0.19991,0.038719,0.15233,0.47415,0.0069789,-0.19682,0.064376,-0.043163,0.25489,0.089201,-0.093402,0.29103,0.48785,-0.14077,-0.050322,-0.08644,0.0592,-0.13439,-0.031687,0.58811,-0.21678,-0.13298,0.44339,-0.12726
0.011235,0.089002,-0.17022,0.32171,0.16429,-0.047404,-0.13831,0.38827,-0.090849,-0.034696,0.35083,0.47664,-0.12104,0.15042,-0.16108,-0.21229,0.20506,0.44517,0.17049,-0.15648,0.24076,0.1174,-0.17586,0.10926,0.46294,0.31412,-0.01749,0.11772,-0.013855,-0.14337,-0.056574,-0.13849,0.37463,0.0594,0.0065174,0.08186,-0.22812,-0.017078,0.53002,-0.02588,0.59954,0.19402,0.18376,-0.32251,-0.19065,-0.20731,-0.15223,-0.17751,-0.10001,-0.16781,0.11129,0.65185,0.27133,0.3041,0.28715,0.15499,-0.23287,0.23334,-0.33777,-0.013087,-0.010025,0.17103,-0.2582,0.1128,0.13463,-0.17466,0.11607,-0.25079,-0.023716,-0.12343,0.1004,-0.099677,0.13105,0.073443,0.039131,-0.35216,-0.12211,0.10105,0.26144,0.32056,-0.19481,0.070803,0.27732,-0.099793,0.39803,-0.070245,0.054048,0.22218,0.044614,0.14932,-0.12491,0.14564,0.034502,0.44803,0.12556,0.087554,-0.085203,0.35389,-0.13214,-0.20974
0.16781,0.24527,-0.14005,-0.03368,0.20553,-0.011717,0.15,0.30641,0.16958,0.13315,-0.044218,-0.085705,0.075236,-0.22254,0.065601,-0.17559,0.050779,-0.078977,0.092131,0.1839,0.42056,0.34626,0.064128,-0.10866,0.64323,0.26002,-0.12499,-0.036775,0.21535,0.044143,-0.1358,0.1422,0.18928,0.7692,0.023889,-0.031781,-0.29484,0.093958,-0.042774,-0.11551,0.014452,-0.24969,0.33823,-0.29619,-0.0041005,-0.13162,0.26048,-0.29717,-0.018655,-0.016059,0.404,-0.1895,0.045807,0.030333,0.029175,-0.17,0.2274,0.037858,0.074946,0.15733,0.15857,0.022406,-0.12686,0.46943,0.27413,-0.18648,0.10487,0.10172,0.19548,-0.0015596,0.15471,0.08047,-0.0051392,-0.24805,0.055718,-0.15062,0.29589,0.097764,-0.25273,0.0347,0.36921,-0.094004,-0.25136,0.23845,0.020676,0.020369,0.39176,-0.15653,0.31623,-0.0077247,-0.028653,-0.43212,-0.019472,0.1963,-0.22856,0.14898,0.60953,-0.13906,0.041163,0.71107
0.099695,0.28117,-0.033897,-0.2834,-0.1174,0.029594,-0.08256,0.049205,-0.11166,-0.27238,-0.23585,0.43215,0.50537,0.43431,0.047617,-0.022789,0.084338,-0.13209,0.0078475,0.072806,0.15119,0.020989,0.11917,0.3314,-0.10634,0.20166,0.18611,-0.055996,-0.14833,-0.10109,0.061742,0.28633,-0.076172,-0.14587,-0.17847,0.098581,0.16239,0.44708,0.18069,-0.21022,0.11245,-0.12074,-0.12193,-0.1007,0.1754,0.14888,0.19624,0.76184,-0.063137,0.12992,-0.23517,0.21077,-0.17427,-0.0069306,-0.24244,0.056523,0.32455,0.49527,0.29674,-0.073619,-0.012306,0.034149,0.094349,0.084192,0.29463,-0.12324,-0.0041064,0.004598,-0.18255,-0.044478,0.36223,0.22281,-0.046105,-0.1693,-0.15886,0.11988,-0.077917,0.23346,-0.065096,0.10523,0.14802,0.18193,-0.095655,0.22607,0.046884,0.56323,0.19691,0.20991,0.58096,0.015392,-0.17954,-0.20492,0.15954,-0.20046,0.55556,0.063694,-0.15245,-0.3418,0.3011,0.19055
-0.039693,0.03747,-0.14997,-0.24027,0.26051,0.42834,-0.20897,0.11823,0.15825,0.095723,-0.063859,0.09181,-0.06817,-0.084586,0.29805,-0.14026,0.13709,-0.15471,0.064592,0.42538,-0.081244,-0.11063,0.14961,-0.37336,0.033179,0.10995,-0.23294,0.046304,-0.042588,-0.00042486,0.082999,-0.07384,-0.043084,0.11305,-0.0053662,0.30139,-0.18412,0.17093,-0.2751,0.32554,0.20783,0.021952,-0.024516,-0.0058896,-0.0070849,-0.16406,-0.15032,-0.12795,-0.12346,0.12478,0.22494,0.22077,-0.040874,0.044588,0.28102,-0.077821,0.21319,0.092003,0.022044,0.06884,-0.19548,-0.21588,0.307,0.0055837,-0.17731,0.36442,-0.17162,0.39198,-0.047565,0.119,0.034397,0.044535,0.14946,0.016705,0.061518,-0.26006,0.064668,-0.038049,0.025825,0.10544,0.45791,0.22159,0.058327,-0.056819,0.15192,0.35381,0.051635,0.027284,-0.2391,0.20664,0.018299,-0.21365,-0.10162,0.108,0.018762,0.012735,-0.073155,0.03936,0.54968,0.27245
-0.10717,-0.10709,0.19753,-0.07852,0.016098,0.39154,0.55843,0.2988,0.29912,0.083598,0.10854,0.1274,0.1457,-0.06233,-0.027057,-0.24847,-0.091824,0.32988,0.066849,0.021428,0.26143,-0.14101,-0.036103,-0.18482,0.025742,0.17036,0.28014,0.10835,-0.046247,-0.23456,-0.070503,0.77105,-0.022004,-0.17325,-0.043274,0.26811,0.052956,0.17138,0.22118,0.11621,-0.030372,-0.35657,0.3049,-0.17777,-0.042004,-0.0068845,0.30676,0.050031,0.38045,-0.077036,0.24391,0.13449,-0.048458,0.30384,0.27885,0.034217,0.21764,0.058353,-0.098184,-0.13127,0.20228,-0.053936,-0.11253,0.026907,-0.32525,-0.14242,0.033662,0.27772,0.074992,-0.1142,-0.069761,-0.24074,0.094772,-0.0034891,-0.019539,0.13678,-0.13207,0.55134,-0.11227,0.13454,-0.075098,-6.7271e-05,-0.075724,0.4799,-0.036681,0.33171,0.12023,-0.019273,-0.096749,-0.158,0.13846,0.14615,0.21925,-0.051069,0.17684,0.23267,0.47799,-0.12776,0.08201,-0.20019
-0.01261,0.069258,0.023979,0.041488,-0.21424,-0.012497,0.068724,0.049592,-0.21438,0.018665,-0.079827,0.14831,0.0023082,0.35771,0.10171,0.2384,0.040048,-0.012906,-0.26843,-0.043702,-0.01908,0.022792,0.17863,0.31904,0.031833,0.26797,0.2084,0.10498,0.33129,0.046957,0.10571,-0.10058,0.24958,-0.11808,-0.10329,0.66786,-0.12464,-0.061682,0.29236,0.096064,0.15534,0.0541,0.071342,0.098956,0.53856,0.29511,-0.17583,0.058626,0.10598,0.048788,0.29127,0.011606,0.13021,0.20878,0.2629,-0.060104,0.14537,-0.16751,0.26883,0.11664,0.11429,0.097591,-0.041628,0.10723,0.0052739,0.16703,0.012714,-0.070161,-0.087851,-0.042059,-0.25964,0.063821,0.128,0.31684,0.04269,-0.042469,-0.18903,0.38973,-0.22822,0.21386,-0.025343,0.29958,-0.043014,0.13424,0.12501,0.16671,0.065405,0.074086,-0.12981,0.20408,0.097253,-0.11582,0.67111,0.052191,-0.012856,-0.25089,0.11211,-0.36254,0.27186,0.25107
-0.19028,-0.12987,-0.11865,-0.1326,-0.21339,-0.085482,0.38271,-0.017342,0.35815,-0.030028,-0.20544,-0.16731,-0.12704,0.2437,0.081586,-0.12191,0.33416,0.40918,-0.28166,-0.05511,-0.097472,0.3424,0.12872,0.42139,-0.17524,0.19415,0.038216,0.044698,0.34927,-0.016466,0.35619,0.44336,0.72042,0.12218,0.32404,0.064622,-0.098444,0.056194,-0.29418,0.21905,0.071204,0.034638,-0.18248,0.29802,-0.03597,-0.30798,-0.064762,0.087197,-0.17512,-0.12884,-0.15493,-0.1979,0.38529,0.44152,0.016547,0.024669,-0.17731,0.31182,0.32596,0.59185,0.0013704,0.06765,-0.13808,-0.046269,-0.27202,-0.12399,0.11111,0.16703,-0.19146,0.22078,-0.031609,-0.0086589,0.1396,-0.10022,0.075954,-0.1697,-0.050946,0.15794,-0.11784,0.2244,0.19419,-0.20549,-0.10059,0.010919,0.093758,0.27694,-0.037137,-0.061282,-0.030969,0.59214,-0.041838,0.17154,0.7199,0.055171,0.05775,0.034362,0.22767,0.05257,0.086961,0.23818
-0.11537,0.043741,0.00070023,0.59452,-0.21992,-0.098953,-0.25992,-0.071561,-0.057615,0.09093,0.16949,0.11149,0.4348,0.15472,0.2088,-0.030114,0.55827,0.038797,-0.11166,0.24484,0.42204,0.09007,0.18918,0.15341,-0.08233,0.073989,0.1661,0.19009,0.38994,0.05099,-0.31782,-0.15301,0.38448,-0.036293,0.21032,0.129,0.084667,0.20967,-0.24393,0.2959,0.11404,0.087395,0.023235,0.054684,0.097761,-0.038843,0.0060668,0.55583,0.016516,0.020712,-0.040564,-0.061145,0.047423,0.12222,0.19398,-0.15277,0.31235,0.54091,-0.091803,0.36758,-0.057442,0.3092,0.19339,0.35972,0.26206,-0.10271,-0.17099,-0.24441,0.1394,-0.15425,0.1941,-0.015845,0.064127,-0.096013,0.061204,0.12875,-0.12113,-0.027957,-0.0083357,0.14645,0.28972,-0.063771,0.13323,0.056536,-0.15057,-0.055206,-0.058452,0.3791,0.020879,0.29696,-0.060238,0.053318,-0.041344,0.17961,0.047241,-0.073394,0.05361,-0.12291,0.16489,-0.15233
0.035771,0.33134,-0.0061564,0.51878,0.13453,0.24475,0.079904,-0.0032271,0.1821,-0.24196,0.30142,0.38213,0.32063,-0.18821,-0.03183,-0.10829,-0.0094107,-0.063745,-0.091338,-0.084128,0.041985,0.31844,-0.019681,0.15728,0.035794,0.16931,-0.094344,-0.024841,0.22871,-0.0018334,0.16103,0.07083,-0.056645,-0.063387,-0.17238,0.26261,-0.23644,0.40832,-0.0043672,0.2135,-0.22853,-0.32923,0.045166,0.17399,0.069669,0.30241,0.15576,0.25284,-0.010147,0.2834,0.24655,-0.037928,0.29481,0.046753,0.21885,0.17953,0.0022251,-0.13815,0.25763,-0.036546,-0.022019,0.17572,0.045737,0.17114,0.078597,0.25675,-0.12498,-0.25882,-0.10595,-0.16599,0.035301,0.4379,0.30927,0.0030468,0.12355,0.11997,-0.1849,0.27182,0.021887,0.17799,0.097306,0.093001,0.020226,0.2009,0.05485,-0.14385,0.11327,-0.26795,-0.19187,-0.30061,-0.19109,0.028992,0.31146,0.22473,0.0042664,0.10403,-0.076352,-0.23689,-0.1202,0.40514
0.28092,0.60554,-0.13143,0.30708,0.37359,0.038962,-0.099097,0.14273,0.093378,0.2754,-0.025919,-0.053274,-0.040265,0.2251,-0.10752,0.073164,0.078201,0.024039,0.037581,0.17328,0.0010929,0.034399,-0.02027,0.17696,-0.16486,-0.17553,0.054083,-0.10223,0.24319,0.18338,0.34841,-0.081414,-0.076057,0.0082229,0.23921,0.073841,-0.096663,0.23556,0.22939,-0.19586,0.093183,0.16461,-0.031187,-0.094617,0.29168,0.38364,-0.018877,-0.24184,-0.012962,-0.0043308,-0.11866,0.092292,0.18351,0.17134,-0.16266,0.29034,0.30069,-0.015532,-0.16983,-0.15164,0.10847,0.18617,0.12727,-0.051362,0.09756,-0.06925,0.51163,0.026763,-0.11435,0.55273,-0.060056,-0.31167,0.044405,0.23888,0.10538,0.09753,-0.074869,-0.097016,-0.19694,-0.020949,-0.050548,0.02436,0.064369,0.35965,-0.038509,-0.17995,-0.15181,-0.046094,0.15329,-0.029101,-0.055612,-0.091606,-0.16174,0.023979,0.10018,0.44169,0.79931,0.034279,0.37575,0.077934
0.12147,-0.031047,0.22431,-0.079245,0.10248,0.091702,-0.35954,0.054962,0.04202,-0.16295,0.12278,0.082933,-0.06257,0.32053,-0.2219,0.41702,-0.13056,0.019806,-0.22084,0.065244,0.0138,0.54732,0.32358,0.19909,0.074446,0.23093,0.16317,0.17112,0.027139,0.10604,-0.084449,0.21375,0.37704,0.36914,0.061705,-0.051878,0.34231,0.10822,-0.11696,0.09948,-0.20976,0.51119,-0.1578,-0.056911,0.10142,0.22098,0.082485,-0.064497,-0.1134,-0.2681,-0.17321,0.086118,-0.070002,-0.079013,-0.077257,0.2381,0.29976,0.069669,0.097566,-0.07076,0.21221,-0.20622,-0.17316,0.26855,0.14061,-0.035581,-0.039058,0.26233,0.22506,-0.059593,0.2384,-0.19191,-0.0073537,0.10078,0.041637,-0.014028,0.3894,0.21008,0.39097,-0.15968,-0.201,0.27389,0.24465,-0.22895,-0.12169,0.088655,0.10406,0.0489,0.096221,0.24419,0.070282,-0.044776,-0.11284,0.32947,-0.055171,0.14132,0.13378,0.49974,0.20605,-0.0052805
0.18467,-0.0071458,-0.019244,-0.074078,0.27523,-0.052712,-0.035438,-0.083377,0.32431,0.072488,-0.10792,0.070331,0.18115,0.10525,-0.13723,-0.018285,0.24928,-0.092136,0.19793,-0.16294,0.37254,-0.0091074,0.091808,0.012013,-0.08277,-0.097543,0.34234,0.01793,0.2908,0.072622,0.25243,-0.19708,-0.01767,0.26931,-0.037463,0.20435,0.048354,-0.25944,0.1715,0.13727,0.44848,-0.035727,-0.024937,0.18823,0.18378,0.21022,-0.24188,-0.07874,0.30451,-0.084005,-0.075865,0.20838,0.34632,-0.02318,-0.30659,0.28107,-0.033675,0.026509,0.083898,-0.058497,0.18043,0.21551,-0.17013,0.10149,-0.17782,0.2895,0.047185,0.075284,0.07462,-0.14561,0.25985,0.16018,-0.21165,0.23614,0.14282,-0.32347,0.25553,-0.070218,0.051426,0.4737,-0.030266,0.086023,0.035773,0.19798,-0.081973,0.23117,0.41441,-0.36297,0.29251,0.10836,0.32724,0.024656,0.18766,0.15622,-0.18546,0.1385,-0.060404,-0.2034,0.13828,-0.22427
0.15574,0.49663,-0.32558,0.27969,-0.13308,0.092049,-0.063994,-0.32864,0.030171,0.21867,-0.063212,0.11493,0.16211,0.10511,0.33885,0.31405,0.58222,0.13484,0.0012151,0.49061,0.29972,-0.23579,-0.10096,-0.049191,-0.02991,0.13396,0.14246,0.21453,0.078285,0.16964,0.1442,-0.15883,0.048149,0.1267,-0.18266,0.12797,-0.14009,-0.20753,0.22395,0.14635,-0.24199,0.27734,0.1032,0.02528,0.20218,-0.30286,0.017832,0.28012,0.11182,-0.056691,-0.19424,0.39832,0.22418,-0.030091,-0.14304,-0.18788,0.37637,-0.33496,-0.0031541,0.2652,0.28723,0.034272,0.051685,0.22427,0.18795,-0.017871,0.046354,0.19047,-0.20767,0.36337,-0.085539,-0.29767,0.090039,0.35826,0.23735,-0.07792,0.10561,-0.23801,0.092996,0.0058477,-0.11746,0.33024,-0.027126,0.16403,0.077445,-0.18324,0.10943,0.035116,0.0096504,-0.12867,0.12968,0.12376,0.32363,0.0014193,0.027843,0.22647,-0.27681,0.20138,-0.066774,-0.0083275
0.1065,0.2649,0.42665,0.22479,-0.044935,-0.19337,0.39887,-0.015573,0.019461,0.12304,0.16477,-0.25613,-0.13528,0.11336,0.072284,-0.16381,-0.093136,-0.20396,0.12677,-0.14738,0.016172,0.069741,0.23903,0.13216,0.23905,0.88111,0.061763,-0.12984,0.39259,0.16451,0.060114,-0.02197,0.13698,0.28665,0.1225,0.049347,0.073197,-0.23852,0.22906,-0.012012,-0.16844,0.16729,0.57665,-0.16322,-0.22027,0.10694,0.1815,0.010084,-0.0098022,0.34545,-0.16418,0.40994,0.15886,0.36285,-0.10993,-0.10423,0.31371,-0.050402,0.43528,0.41164,0.035149,0.38899,0.12572,0.46658,0.00020979,-0.32367,0.1142,-0.051938,-0.10692,-0.20015,0.16005,-0.093118,-0.061554,0.20815,0.040998,0.081813,-0.022163,-0.044617,0.028271,0.061959,0.13355,-0.15187,0.62437,0.42097,0.084134,0.17428,-0.11519,-0.021932,0.11048,0.090056,0.069601,-0.060803,0.10751,0.1942,0.40695,-0.012896,0.035356,0.07338,0.16644,0.24276
-0.054239,0.11644,-0.2182,0.28118,0.15607,-0.011426,0.53228,-0.28246,-0.08268,-0.25953,-0.2516,-0.069067,-0.054898,0.17313,-0.014552,0.30991,-0.16807,0.17035,0.40714,0.37417,0.23119,-0.27744,0.17536,0.015324,0.28515,-0.11632,-0.17886,0.16306,-0.21226,0.19579,-0.051602,0.044187,0.28151,0.49142,0.23732,0.10944,-0.21241,0.25898,-0.034561,-0.18291,-0.23206,0.40798,-0.094992,-0.1227,0.11568,-0.12411,0.44681,0.17532,-0.18499,0.13602,0.24691,0.24096,0.10687,-0.25643,0.1903,0.28419,-0.074044,0.15003,0.47734,-0.088012,-0.05307,-0.00065117,0.12566,0.49862,0.40252,-0.16925,-0.17958,0.16734,-0.19749,0.10677,-0.13874,0.066418,0.13256,0.086275,0.23387,0.094395,-0.117,0.24995,-0.019233,-0.011723,-0.071443,0.28226,-0.10934,0.35075,-0.22863,0.026572,-0.061286,-0.15048,-0.27869,-0.093323,0.080982,0.1722,0.049435,-0.079984,0.044876,0.65642,0.21948,-0.014329,0.23863,0.15558
-0.18921,0.3879,0.15711,-0.23768,-0.18197,-0.1362,0.46077,0.018159,0.35569,0.062922,-0.12091,-0.011225,-0.11064,0.049473,0.097175,-0.27844,0.53923,-0.0068806,0.044548,0.071196,-0.307,0.20848,0.0091046,0.3807,0.1252,0.49846,0.51827,-0.066074,0.066098,-0.3317,0.28764,0.070509,0.15468,0.075736,0.054902,0.053141,0.42953,-0.17996,0.19646,0.46988,0.13284,0.40611,0.25461,0.46927,0.22634,-0.18963,0.069625,0.27633,-0.0080797,0.19146,0.46676,0.098288,0.17585,0.32431,-0.029992,0.25889,-0.06958,0.15435,-0.1445,-0.10337,0.020394,-0.15833,-0.10517,0.13534,0.15807,-0.025866,-0.01112,-0.18183,0.10459,-0.24648,0.16425,-0.25278,-0.059331,-0.11376,-0.02477,0.10787,-0.098301,0.50168,0.44037,0.14996,0.05773,0.057888,-0.031989,0.20788,0.189,-0.16595,0.36793,-0.056046,0.22151,-0.04824,-0.16567,-0.34824,-0.086746,0.064297,-0.0059691,0.44701,-0.3699,0.15581,0.25611,-0.042024
-0.20499,0.075996,0.057796,0.33826,-0.06284,-0.18521,0.066505,0.45478,-0.27526,-0.067883,-0.12242,0.19065,9.1633e-05,-0.11964,-0.086791,0.39274,-0.11658,0.24245,0.3701,0.66451,0.25978,0.033564,0.31207,-0.0007956,0.20097,-0.059006,-0.13337,-0.096781,-0.1728,-0.074403,0.044075,0.18039,-0.0071324,-0.041024,0.29834,0.3425,0.13568,0.41184,-0.075403,-0.31623,0.19174,0.6425,0.13314,0.11946,0.2091,0.036751,-0.21254,0.025728,0.051004,0.11105,0.19214,0.17724,0.041926,0.13049,-0.15751,-0.064259,0.42211,0.049653,0.1663,-0.09128,-0.099544,-0.22514,0.16072,0.28831,-0.018802,0.49928,0.11617,0.037496,0.15078,0.18992,-0.081273,-0.052166,0.38501,0.32482,0.12141,-0.26111,0.13635,0.33408,0.14756,0.23431,0.23945,-0.051792,0.12528,0.019449,0.047281,-0.024398,0.11275,-0.14963,-0.070134,-0.27871,-0.057518,0.33857,0.23139,-0.0022995,-0.027361,0.43897,0.012921,0.153,0.040482,0.070256
0.14243,0.13721,-0.21407,0.36665,0.11767,0.062091,-0.05691,0.23751,0.072976,-0.052208,0.32197,0.44309,-0.10574,-0.25449,0.014772,-0.05462,0.097952,0.12215,-0.059978,0.018193,-0.2654,0.25344,0.072124,-0.085253,0.14089,0.015216,-0.32543,0.20723,0.12835,0.21687,0.003916,0.17121,0.25645,0.54064,-0.044477,0.43091,-0.24761,-0.19683,0.042772,0.084557,0.052224,0.45953,0.0023946,-0.39027,0.29973,0.032948,-0.063882,0.096971,0.16231,0.36232,0.089716,0.51815,-0.033799,-0.12803,0.39395,0.21389,0.17638,-0.2844,0.080455,-0.10965,-0.02285,0.088048,-0.16206,-0.17383,0.1325,0.154,-0.014426,0.16791,-0.21818,0.083705,0.042647,0.073726,0.037546,0.0088275,0.27239,0.12651,-0.077762,0.2629,0.48968,0.12858,0.14093,0.53244,0.32622,0.19335,0.10984,0.1942,-0.024374,-0.16688,0.046739,-0.05098,-0.1326,0.24898,0.11426,0.11156,-0.0082121,-0.19582,-0.14666,0.11745,0.12698,0.11712
0.35639,-0.15043,0.32982,-0.039527,0.13254,0.16609,-0.025288,-0.13863,0.33286,0.096511,0.18647,0.2969,-0.052093,0.16192,-0.019961,0.051529,0.031813,0.22105,0.024337,-0.0098975,-0.028276,0.16175,-0.11898,0.16529,-0.1305,0.053838,0.18197,-0.18314,0.17013,0.19421,-0.40245,0.33976,0.16972,0.23298,0.045814,0.26762,0.38845,-0.099269,-0.21443,0.0024319,0.15674,0.099344,0.51649,-0.090837,0.48945,-0.16262,-0.16598,-0.19429,-0.26585,0.3179,0.16883,0.0020345,-0.029614,0.0094256,-0.16422,-0.1006,0.36331,0.25527,-0.14015,0.21952,0.093401,0.32293,0.026279,0.02197,0.1457,-0.14855,0.13189,0.26721,0.1483,0.11157,-0.047852,0.11222,0.24588,0.29318,-0.078983,-0.050354,0.19645,0.12947,0.30363,-0.075411,-0.22171,0.067462,0.15748,-0.02929,-0.02072,0.042002,-0.10925,-0.19155,0.11957,0.20741,-0.17259,-0.24027,0.32128,-0.23143,-0.065458,-0.18755,0.14489,0.13679,-0.16842,0.308
0.10809,0.055485,0.40508,0.015303,-0.013722,0.13841,0.34368,0.091196,0.24755,-0.36032,-0.20783,0.13601,0.2204,-0.15903,-0.12327,-0.11848,-0.079372,-0.14096,-0.051893,0.052984,-0.052443,0.10038,-0.21802,-0.040096,-0.016771,-0.1458,0.28691,0.36238,-0.18801,0.59959,0.0045506,-0.12951,0.18979,0.2657,-0.038573,0.26089,-0.080733,-0.031763,0.22994,-0.062591,0.49074,0.02049,0.16238,0.17614,0.067162,0.051195,0.17105,-0.0017913,0.54089,-0.23684,0.14049,-0.078754,-0.071429,-0.086259,-0.21436,0.10016,0.34741,0.28691,0.31059,0.17549,0.25177,0.080176,0.1376,0.51061,0.24404,0.22998,-0.11398,0.47079,-0.053905,0.25614,-0.13168,0.19651,-0.055199,0.22116,0.41009,-0.049999,-0.10259,0.45715,-0.26256,0.14909,0.30844,0.088714,-0.20407,0.24884,-0.14011,-0.24562,-0.0033094,0.1646,-0.12037,-0.080006,0.15044,0.12437,0.044214,-0.027676,0.018214,-0.416,0.09525,0.18806,0.18679,0.17768
0.10863,0.33515,0.51002,-0.22091,0.035801,0.26258,0.29573,-0.10781,0.021805,0.19433,0.35593,-0.13685,0.060428,0.19624,-0.13196,0.24382,-0.34803,0.34063,0.21682,0.30046,0.10424,0.41054,-0.18789,0.063682,0.10478,-0.14013,0.2017,0.22881,-0.082829,-0.02603,0.25792,0.1541,-0.13383,0.0031579,-0.039093,0.34265,-0.19503,0.099268,0.040333,0.24008,0.11978,-0.038505,-0.2877,0.25596,0.23228,0.16664,0.61814,0.26933,-0.056446,0.083385,0.10436,0.0037534,-0.18779,0.34759,-0.11019,-0.023551,-0.059479,0.0087603,-0.047107,0.28576,0.00142,-0.32662,0.29689,0.14004,0.36949,0.047904,0.047605,-0.24666,-0.10111,-0.034596,-0.057923,0.038195,-0.035946,-0.11433,0.3495,0.25333,0.053593,0.12142,-0.10271,-0.28709,-0.088656,-0.21992,0.045817,0.39906,0.36352,-0.078916,-0.065879,-0.048413,0.21815,-0.023603,-0.16094,0.094336,-0.081123,-0.14668,0.07025,-0.28306,0.036659,0.21416,0.31015,-0.021393
-0.074643,-0.097621,0.26293,-0.19778,0.050291,-0.090465,0.40389,-0.011106,0.24473,0.26249,-0.068816,0.24317,0.021481,0.056034,0.3599,-0.13367,0.058713,0.18013,0.17497,-0.018881,-0.28849,0.53347,0.4529,-0.10792,0.28668,0.19052,0.38702,0.25951,0.29979,-0.15784,0.042318,0.15267,-0.083436,0.14524,-0.15732,-0.10166,0.23645,0.024157,0.0023212,-0.21653,-0.037851,0.45624,0.03404,0.094666,0.30666,-0.12221,0.17159,-0.15755,-0.095878,0.032655,-0.14915,0.30495,0.30996,0.00048649,0.24449,-0.089205,0.16357,-0.021683,-0.020435,0.24968,0.010763,-0.031387,-0.16847,0.1676,0.03748,0.2237,0.063761,-0.16783,0.20417,-0.31482,0.09973,0.15405,0.2611,0.20744,-0.294,0.1079,-0.051801,-0.14622,-0.033763,-0.24615,0.21832,-0.074765,0.52326,0.046693,0.13475,0.34918,0.2852,-0.024207,0.68106,0.022812,0.183,0.13004,-0.03525,-0.15669,0.11414,-0.031023,0.053889,0.068776,0.067395,-0.104
-0.0028781,0.16669,0.09933,0.39499,0.18092,-0.0089381,-0.062611,0.0055771,0.024475,-0.11403,0.15623,-0.29704,0.064689,0.25934,0.39004,0.38525,-0.015753,0.11951,-0.1723,-0.28997,0.12899,-0.11403,0.31396,0.20667,0.05622,0.087476,0.027745,0.067549,-0.16049,0.21207,-0.24783,0.3817,-0.11615,-0.11995,0.33928,0.3512,0.087142,-0.053123,-0.084207,0.095347,0.087168,0.044158,0.22403,0.34936,0.087459,-0.032659,0.26938,-0.020896,0.29361,0.07001,0.15112,0.041307,0.033182,-0.16741,-0.11591,0.13505,-0.1067,-0.10843,0.24105,0.097222,0.063158,0.24546,0.17156,-0.037778,0.29106,0.37541,0.11406,-0.06272,0.13277,-0.0015738,0.18421,0.29474,-0.17873,0.19385,-0.018009,0.14066,0.28623,0.063089,-0.14405,0.42528,0.23473,0.1327,0.41453,-0.011336,0.099813,0.10497,0.080447,0.24876,0.25022,0.014605,-0.068682,-0.13436,-0.048469,-0.080894,-0.36386,0.050222,-0.023865,0.026824,0.038724,0.20874
0.20697,0.14342,-0.22208,0.17824,0.50153,-0.015983,-0.02881,-0.05532,0.083655,0.23036,0.17535,-0.16681,0.023984,0.53645,-0.10199,0.084918,-0.011155,-0.079351,0.1769,-0.096529,0.061793,0.014578,-0.051788,-0.043103,-0.047563,0.062022,0.082182,0.17588,0.21557,0.096485,-0.067305,0.3745,0.31079,0.2316,0.074244,0.04709,0.038762,-0.095427,-0.24783,0.031515,0.27188,0.12416,0.053062,0.29974,0.072759,0.26603,0.39283,0.11093,-0.03613,-0.014442,-0.19403,0.17857,-0.14957,0.053074,0.095733,-0.11633,-0.076579,-0.077959,-0.179,0.42185,0.1447,0.15421,0.1672,0.034119,-0.17757,-0.11259,-0.081219,-0.013771,0.023132,-0.099517,0.1321,-0.22386,0.26573,0.094595,0.14328,0.28876,-0.2156,0.13605,0.3891,-0.23804,0.093016,-0.067248,-0.07359,-0.045986,0.085783,-0.1489,0.13074,-0.0017449,0.19511,-0.082364,-0.27251,0.091222,-0.098582,0.5501,-0.086122,0.044573,-0.14458,-0.0065566,0.22045,0.34818
0.021012,0.23793,-0.00034792,0.10796,0.25545,0.033772,-0.25713,-0.029525,0.024275,0.18971,-0.17827,0.12987,-0.14486,0.22832,-0.12936,0.48144,0.063387,-0.076933,-0.11214,0.049692,0.19786,0.24095,-0.14743,0.033812,-0.18565,0.48589,-0.0072136,0.012665,0.071836,0.078464,0.28778,-0.18454,0.048983,-0.08589,-0.2532,0.37369,0.32438,-0.18256,-0.038109,0.13419,0.12227,0.3982,0.31184,-0.029163,0.14178,-0.16379,-0.23324,0.29778,-0.095135,0.29486,0.097268,-0.10017,0.11142,0.12673,-0.062395,0.22947,-0.0356,-0.02578,0.15222,0.4887,0.33488,-0.015439,0.036543,0.083719,0.34027,0.26641,-0.1314,0.32509,0.166,-0.116,0.33744,0.29217,-0.19639,0.034464,-0.23794,-0.25648,0.3025,0.10692,0.18449,0.30443,0.097907,0.065439,0.027977,-0.16953,-0.097614,0.40722,-0.22058,-0.097,-0.010316,0.12733,-0.25888,0.19763,0.088725,-0.010721,0.14716,0.15079,0.14276,0.22052,0.17496,0.16385
0.17209,-0.077273,0.36053,0.24921,-0.072898,0.57529,-0.2704,-0.077741,-0.015322,0.25462,-0.18258,-0.10559,0.30311,0.4825,0.34277,-0.052281,-0.32882,0.0039958,0.24757,-0.073215,-0.14129,0.45473,-0.037948,-0.093886,0.22565,0.1682,0.12278,-0.17243,-0.26466,0.56679,-0.096014,0.16236,0.038393,-0.022674,0.24615,-0.21148,-0.1458,0.13075,0.20706,-0.13769,0.58868,0.096041,-0.17072,0.26942,0.76491,-0.23222,0.081485,0.11128,0.10738,-0.18497,0.74335,-0.035633,-0.14145,0.25698,-0.01168,0.050889,0.48698,0.49903,0.074019,0.11853,0.012001,-0.23378,-0.2169,-0.18021,0.04384,0.31364,0.37644,-0.22422,0.2767,0.30954,0.22567,-0.097241,0.49038,-0.014405,-0.071108,-0.0047107,0.031892,0.12274,0.13461,0.081768,0.04417,0.1193,0.14385,0.042097,0.40957,-0.051498,0.32787,-0.058168,0.018551,0.14708,-0.065868,-0.020678,0.13859,0.23004,0.1779,-0.16821,0.13382,-0.051945,-0.19365,0.043367
0.29364,0.098737,-0.19812,-0.018645,0.10657,-0.10139,0.20633,0.28259,0.01413,0.019893,0.21621,0.15736,0.39113,0.053172,0.20116,-0.011372,-0.035166,-0.21426,0.25865,0.095197,-0.10462,0.2143,-0.059713,0.20953,-0.19409,0.5227,-0.035959,0.20748,-0.0074031,0.40262,0.37585,-0.1351,0.31345,0.17834,-0.041984,0.12071,0.21883,0.12861,-0.052989,0.20703,0.4515,0.41231,-0.046819,0.19577,-0.19704,-0.17038,0.00085929,0.078176,-0.033328,-0.00036664,0.082384,0.15593,-0.13463,-0.077076,0.14874,-0.26199,0.008411,0.13236,0.13304,-0.07257,-0.10398,0.043586,0.14926,0.023282,-0.17143,0.63048,-0.41609,0.29982,-0.16444,-0.094343,-0.22145,0.050249,0.06648,0.59262,0.35781,-0.21356,-0.080101,0.34573,0.0038429,0.069754,0.15636,0.051234,0.18746,-0.23418,0.1125,-0.046107,0.13497,0.019641,-0.10872,-0.031717,-0.011336,0.12954,-0.15736,-0.055788,-0.10226,0.1187,0.48699,0.23896,0.27724,-0.11681
-0.11789,-0.066784,0.19379,0.28791,-0.17387,-0.211,0.14901,-0.15233,0.10663,-0.24323,-0.16318,-0.091509,-0.10264,0.12834,0.014418,0.1448,0.22036,0.074284,0.17879,0.45722,0.19019,0.11801,0.3798,-0.024548,-0.21512,-0.039681,0.24118,0.51023,-0.0082193,-0.097742,0.23644,0.18161,-0.14068,0.77327,-0.33101,0.017504,0.19538,0.17928,0.21759,-0.057586,-0.011438,0.025204,0.17358,0.031938,0.082752,0.097301,-0.0092579,0.070599,-0.0093494,-0.082245,-0.13504,0.20087,-0.090681,-0.22609,0.21757,0.33348,-0.19798,0.2396,0.25467,-0.24914,0.1571,-0.13482,0.25171,-0.026834,0.1414,-0.14064,0.15433,0.14161,-0.069374,0.079613,-0.064763,0.28936,-0.016825,0.25963,0.0010924,0.30983,0.010416,0.034457,-0.14682,0.15496,0.10689,0.96732,-0.0010078,-0.027846,0.24681,0.16502,0.11026,0.40075,0.029236,0.24425,0.17438,-0.10019,0.026803,0.58169,-0.19723,-0.093492,-0.094824,0.31082,0.088962,0.046493
0.2286,0.1434,0.32003,0.52472,0.10217,0.058984,-0.18598,-0.20512,-0.19541,-0.0048029,-0.075578,0.026057,0.13254,-0.026424,0.0063457,-0.070387,-0.041159,0.37101,0.39894,0.18559,0.31953,0.41394,0.13438,0.2515,0.16725,0.40316,-0.070259,0.0016189,0.054089,-0.24022,0.0064911,0.15447,0.31077,0.026512,0.2596,0.35783,0.077444,0.1475,-0.24096,0.06297,0.0064464,0.050402,-0.043674,-0.096259,0.00044509,-0.097941,0.41785,0.10865,0.20187,0.085212,0.13309,-0.016439,0.15729,-0.031492,-0.18031,-0.18604,0.052492,0.27144,-0.16217,0.12372,0.13271,0.063708,0.28033,-0.16656,0.4324,-0.17463,0.54388,0.17465,0.21271,-0.097819,0.24457,0.1122,0.20902,0.20923,-0.26799,-0.20707,0.037519,0.19694,-0.27445,-0.10745,0.22938,0.050819,0.13288,-0.11291,-0.10665,0.23858,-0.15736,-0.03185,0.13155,-0.03582,0.098953,-0.08647,0.017973,-0.03062,0.18114,-0.021668,0.079384,-0.13015,-0.068725,-0.11547
0.29369,0.19156,0.3705,0.30335,0.13244,0.6121,0.099048,0.33591,0.0089076,0.16138,0.066001,-0.055074,0.11243,-0.10623,-0.099384,0.080986,-0.18947,0.023845,0.10687,0.59397,0.27797,0.14449,0.0031939,0.24324,0.17888,-0.32853,-0.05885,0.13734,0.046184,0.10777,-0.057196,-0.1341,-0.064524,-0.092687,0.034275,-0.12705,-0.07938,0.07482,-0.19503,0.22198,0.13601,-0.010067,0.060514,0.2358,0.1691,-0.001571,0.038334,0.0019847,-0.070596,-0.21349,0.24762,0.14909,0.39623,0.2097,0.014176,-0.11105,0.1846,0.18201,0.23767,-0.062168,0.26537,0.37971,-0.093082,0.25688,0.098583,0.069587,0.29671,0.22313,-0.05945,0.055254,-0.13771,-0.13427,-0.083014,0.14161,0.73028,0.0030767,0.12357,0.27041,0.028286,0.19569,0.24276,0.11526,-0.028201,-0.088299,-0.20875,-0.053334,0.22855,-0.428,0.22185,-0.043071,0.033734,0.10976,0.070855,0.090013,-0.17386,0.10171,-0.0077712,0.32514,-0.011035,-0.34641
-0.0048084,0.26627,0.045343,0.089185,-0.11132,0.46539,-0.070206,0.0326,-0.01519,0.083625,0.16641,0.36889,0.20076,0.062922,0.29492,-0.10716,0.2242,0.16517,-0.083985,0.08125,0.29726,0.30894,0.28243,0.21949,0.1109,-0.28054,0.21012,0.17814,0.0039689,-0.13154,-0.14743,-0.13046,-0.25384,0.1696,0.030289,-0.090746,0.18997,-0.077276,-0.131,-0.15336,0.24984,0.4722,0.010327,0.22539,-0.13495,0.2127,0.21181,0.26912,0.011939,-0.035014,0.2087,0.47021,-0.044755,0.13299,-0.17833,0.47119,0.031896,-0.11627,0.45281,0.05406,0.038559,0.16426,-0.050579,0.06525,-0.082232,-0.14844,-0.09764,0.029868,0.20309,0.064943,-0.13813,-0.23446,-0.10726,-0.15341,0.11347,-0.076271,0.045598,0.24914,0.050035,0.60908,0.026783,0.055882,0.437,-0.052999,0.11892,0.015495,0.055204,-0.20696,0.11224,0.45841,-0.14141,0.0078282,-0.014815,0.09924,-0.2809,-0.048519,-0.20758,0.32206,-0.010661,0.072162
0.22355,0.16681,-0.12338,-0.26279,-0.015533,-0.079229,0.24271,0.098127,0.098116,0.27876,-0.063454,0.084847,-0.073552,-0.43133,0.087135,0.21851,0.36608,-0.058933,0.14559,-0.21756,0.30638,0.31541,0.30056,0.036329,0.10097,-0.018554,0.14307,0.13522,-0.14194,-0.053162,0.043394,-0.047415,0.0046484,-0.16899,0.3376,0.28766,0.20385,0.15716,0.1945,0.08342,-0.079382,0.504,-0.086422,-0.093356,-0.012786,0.16582,0.20131,0.076104,-0.071525,0.13508,-0.14963,-0.025281,0.070961,0.27246,-0.07194,0.066573,0.65194,-0.10076,-0.17095,-0.063114,0.10849,0.25901,0.15842,0.13331,0.21862,0.091007,-0.11287,-0.24014,-0.015039,-0.088858,0.29909,-0.14243,0.2156,0.067961,-0.098835,0.28643,0.20837,0.10455,0.41498,0.0094517,0.27742,0.56581,0.34832,-0.025422,0.20478,0.23607,0.53236,0.24068,0.40633,-0.19856,0.33156,0.29409,-0.35383,0.09848,0.0807,0.21129,0.010965,0.035248,0.12326,-0.18388
0.093723,0.31102,-0.12144,0.39804,0.10531,0.22826,-0.31913,0.11643,0.42636,-0.12865,-0.11938,0.0051244,-0.20488,-0.14227,0.18927,0.20051,0.11388,-0.078974,-0.29475,0.22749,-0.049216,-0.12269,0.2626,0.030994,0.39606,-0.2322,-0.076845,0.13592,-0.15524,-0.16685,0.3228,0.011225,0.25626,-0.0073488,-0.22478,-0.047303,-0.21413,-0.042718,-0.11381,0.12432,0.25867,0.38568,0.17186,0.24369,0.28878,0.024407,-0.16276,0.10486,0.032387,0.25357,0.4216,-0.13717,-0.18366,0.021004,0.55955,0.045873,-0.045312,-0.034543,-0.30495,-0.011141,0.34835,-0.10859,-0.096594,0.051242,-0.11675,-0.08309,0.27755,0.20164,0.26331,0.38631,0.097118,-0.065789,0.08626,0.069893,0.18204,0.2726,0.3816,-0.2445,0.25122,0.028988,0.17783,-0.12801,0.18304,-0.14599,0.0071257,0.22807,0.19964,-0.22712,-0.074087,0.055199,-0.036226,-0.15081,0.19269,0.48738,0.46108,0.18893,0.7255,0.53558,0.33064,0.084277
-0.09041,0.034558,0.010935,0.55419,-0.26414,-0.092254,0.022383,0.02698,0.3666,-0.12639,-0.024592,0.12562,-0.2517,0.41521,0.36697,0.18494,-0.10157,0.39618,-0.015189,0.24006,0.14519,0.22982,-0.036196,0.23941,0.29548,-0.078639,-0.0040597,0.010792,-0.0074402,0.061361,-0.063153,0.016594,0.091691,0.22982,0.015295,0.15502,0.031077,0.21543,0.052386,0.068843,0.3038,-0.0013644,0.09285,0.60059,0.15908,0.079882,0.024853,0.084823,-0.07175,-0.17946,-0.2463,0.10109,-0.19902,0.07529,-0.21627,0.16657,0.18791,-0.099097,0.25548,-0.14017,0.34717,-0.08534,-0.31283,-0.0012945,0.1607,0.029638,-0.10971,-0.047204,8.6386e-05,0.38409,0.12466,0.21664,0.25453,0.2274,0.13672,0.17654,0.1007,0.33341,0.53517,0.11243,0.18811,0.36344,-0.13311,-0.26662,0.025085,0.25906,0.32692,-0.010188,0.0043465,-0.1185,0.10811,0.17385,0.54936,0.19943,0.086217,0.17054,0.13028,-0.14417,0.31634,-0.10103
-0.033436,0.35969,0.24392,0.08864,0.299,0.25939,0.023596,0.38076,-0.24114,-0.029681,0.15226,-0.039196,0.52719,-0.24617,-0.06146,0.26419,0.019354,0.17038,-0.25166,0.19049,-0.031043,0.0070517,0.083954,0.28097,0.030745,-0.059585,0.098092,0.15425,0.22797,0.26484,0.06617,0.09881,-0.10149,0.065146,0.20892,0.35777,-0.056904,-0.17352,-0.10799,-0.020223,0.22515,0.35334,-0.19718,-0.12735,-0.044706,0.3052,-0.0037749,0.16571,-0.076669,0.11233,0.12488,0.30061,-0.14958,0.22896,-0.082583,0.10685,0.10638,0.052131,0.26474,0.588,0.22197,0.20351,0.28431,0.21886,0.16694,-0.046896,0.12041,0.42653,0.10056,-0.051909,-0.085705,-0.16122,0.26515,-0.14231,0.016274,-0.081853,0.0025142,0.34785,0.163,-0.07471,-0.13253,-0.0047585,-0.073471,0.5534,-0.23108,-0.069925,-0.02451,0.19269,-0.30838,-0.15784,0.032797,0.16264,0.10933,0.50882,0.10163,0.040669,-0.25249,0.19608,-0.096734,-0.023651
-0.25599,0.27349,0.18675,0.33512,0.24324,0.21086,0.22775,-0.031033,-0.03671,0.25445,0.18139,0.29223,0.36773,0.40065,0.78479,0.0541,-0.20408,-0.0081851,0.1753,0.032614,-0.23651,0.16301,0.24643,0.17982,0.15231,0.14275,0.37192,-0.21577,0.2353,-0.070705,0.13781,-0.023226,0.20211,0.073981,0.24813,-0.083453,-0.0019738,-0.11401,-0.29923,0.32301,0.34242,-0.14206,0.21241,0.29968,-0.019242,-0.12517,0.65913,0.2201,-0.2238,0.12989,0.025843,0.20893,0.26922,-0.11755,-0.1142,0.13381,-0.075327,-0.2341,-0.041281,0.23809,-0.1443,0.20705,-0.00046176,0.012099,0.20313,-0.008009,-0.074637,0.13535,-0.068809,0.015305,0.22954,-0.10467,-0.22808,-0.039422,-0.081438,-0.089263,0.035635,0.26408,0.19064,0.089199,-0.028049,-0.23526,-0.11092,0.0062976,0.3117,0.14092,0.25952,0.18114,0.16981,0.045077,0.079499,-0.4034,0.33546,-0.091353,0.14605,-0.030941,0.17427,-0.18157,0.10816,0.086655
0.048943,0.16164,0.1288,-0.32892,0.28751,-0.13565,0.37835,0.0081869,0.45162,0.40875,0.036108,0.2687,0.077535,0.011846,0.14529,-0.0043217,0.005877,0.015343,-0.22863,0.46707,-0.056782,-0.08597,-0.1223,0.12224,0.10891,0.11584,-0.032145,0.20383,0.039092,0.32321,-0.0059367,0.3887,-0.055731,-0.20478,0.22016,0.19944,0.34669,0.24332,-0.086774,-0.037027,-0.16764,0.12227,-0.007033,0.26282,0.084338,-0.10247,0.25993,0.24352,0.17311,0.23063,0.08311,0.33195,0.22072,-0.038634,-0.0026999,0.11141,-0.035557,0.045253,-0.3068,0.022122,0.042367,0.4173,-0.024637,-0.23587,-0.030016,0.32948,0.059139,-0.17103,0.057613,0.29891,0.30908,0.19771,0.034897,-0.057356,0.10256,0.025823,0.1303,0.060532,0.46518,0.10103,-0.21518,0.0038687,0.27755,-0.30361,0.4981,0.20123,-0.18643,0.21118,-0.016435,-0.080689,-0.0039499,0.018421,-0.096122,-0.23668,0.26472,0.37427,0.08905,-0.017537,-0.32939,0.31996
0.062797,0.13645,0.053296,0.59912,-0.13673,-0.09475,-0.011626,0.24734,0.26424,-0.17503,0.035259,-0.0073438,0.46587,0.19397,0.088654,0.53245,0.058353,-0.038597,-0.19947,0.16075,0.60391,0.1311,-0.0089138,-0.17416,0.20982,0.19325,0.0071725,0.15458,-0.16429,-0.061434,-0.053504,-0.1805,0.074106,-0.0594,-0.17837,0.26282,-0.027478,0.098604,0.25131,-0.082109,0.22772,0.33049,0.087686,-0.045755,0.065834,-0.065129,0.065934,0.21563,-0.052714,0.087684,-0.020389,-0.079195,0.29648,0.14324,0.54271,-0.054924,0.31199,-0.067468,-0.0011608,0.51709,-0.0034707,-0.29445,0.38209,0.3813,-0.18803,-0.046505,0.12842,0.20444,0.032166,-0.030981,0.36445,0.38536,-0.098306,-0.18376,-0.18246,0.18562,-0.31332,-0.018043,0.15848,0.34207,-0.045747,0.12349,0.21421,0.026854,0.09748,0.08696,0.15046,0.13426,0.064004,0.20691,0.39719,0.2998,0.10586,0.17355,-0.13621,0.027113,-0.23938,0.090093,0.055488,0.16655
-0.0878,-0.17587,0.083602,0.080415,0.17928,0.049425,-0.041029,-0.062984,0.064149,0.039626,-0.15159,0.037654,0.4075,-0.072246,0.52318,0.22291,0.060205,0.24126,-0.27212,-0.076874,0.15077,0.16151,0.075065,-0.05692,0.13324,0.22519,0.12273,0.12238,0.18985,-0.1196,0.26571,-0.052764,-0.037707,-0.27896,-0.038637,-0.21257,-0.17524,-0.2334,-0.024997,0.029812,0.46091,0.18918,0.009036,0.14799,-0.058081,-0.12941,0.18416,-0.097954,-0.23163,0.096763,0.06696,0.072944,-0.090499,0.0033777,0.01192,-0.058711,0.0089395,-0.083143,0.26599,0.050809,-0.073524,0.10422,-0.050433,0.33021,-0.027616,0.092056,-0.030298,-0.10572,-0.22105,-0.093369,0.23235,0.13647,0.15108,0.081455,0.27283,0.1715,0.00047549,0.14867,0.083523,0.08936,0.82047,0.18992,-0.083794,0.28079,0.17468,0.062143,-0.13071,0.29861,0.67904,-0.080579,-0.043554,0.017955,0.17042,0.011405,-0.19475,0.072433,0.067755,0.51302,0.49948,0.35672
0.36253,-0.34649,0.049456,0.074184,-0.23353,0.22033,-0.032506,0.10359,0.32264,-0.10034,0.10155,0.18141,0.062731,0.035645,0.0066039,-0.1983,0.089582,0.31229,-0.089883,-0.11076,0.35859,-0.17137,0.25267,0.26961,-0.052033,0.41496,0.19824,-0.023146,0.44142,0.46689,0.0097203,0.3515,-0.015105,-0.19531,0.29455,0.27433,0.016402,0.13379,-0.28319,0.12749,-0.175,0.26422,0.2861,0.068839,0.080195,0.05964,-0.35788,-0.26801,0.052642,0.28647,0.10513,0.50492,0.39924,-0.26364,0.11677,0.25841,0.43953,-0.053918,-0.093223,-0.0050016,0.091038,0.30067,0.021403,-0.18341,-0.098761,-0.014873,0.063318,-0.050542,-0.04947,0.28271,0.15818,0.24104,-0.1241,0.44707,0.16378,0.037403,0.53182,0.27227,-0.046624,0.018161,0.17477,-0.21527,-0.24875,0.047507,0.067161,-0.22046,0.70265,-0.076414,-0.067747,-0.15861,-0.11242,0.24374,-0.19175,-0.056855,-0.054438,0.26252,0.15192,0.11306,0.25066,0.08602
-0.18065,0.15676,0.26285,0.1813,0.10894,0.4677,0.0398,-0.062483,0.13162,0.11032,0.30031,0.040391,0.11375,0.031875,-0.10719,0.069689,0.0029138,0.027757,-0.070121,-0.010841,-0.33175,0.16425,0.40625,0.19267,0.4905,-0.082203,-0.16686,-0.046111,0.51821,0.17648,0.07073,0.16719,0.47777,0.0092099,-0.27138,0.0039788,0.23596,0.33939,0.016671,-0.31436,0.0036695,-0.23348,-0.10656,-0.21631,0.15804,-0.21302,0.11995,0.1636,0.0078159,0.12924,-0.12514,-0.084694,0.21905,0.43809,-0.097291,0.16726,-0.093088,-0.18434,-0.019404,-0.38625,0.16037,-0.064334,0.25369,0.010914,0.20657,-0.073694,0.049816,-0.063224,-0.018152,-0.13186,0.35532,-0.058821,0.092472,0.089633,0.24977,-0.046959,0.11049,0.24196,-0.089719,-0.051794,0.10928,-0.069793,0.35175,0.19888,-0.040967,-0.12494,0.35333,0.068731,-0.057862,0.28992,0.16915,0.28506,-0.10722,0.14517,-0.21144,-0.025629,0.056357,0.25784,0.041807,-0.053906
0.30226,-0.075455,0.060835,0.51663,0.0051905,-0.0073007,-0.051275,-0.021706,-0.1729,0.096583,0.022013,0.12858,0.37439,-0.00041617,-0.11885,-0.027673,-0.50453,0.17455,0.10662,-0.034697,-0.014941,0.15956,0.16668,-0.088241,0.38198,-0.033164,0.32982,0.22893,-0.28115,0.30487,-0.1588,0.33546,-0.23177,-0.1329,-0.18041,0.10996,0.32901,-0.27923,0.044679,0.015801,0.045579,0.17061,0.053527,0.11602,0.16791,0.18691,0.27418,0.017291,0.076705,0.07326,0.29636,0.17592,-0.022392,0.18152,-0.13713,0.54559,0.1382,0.26486,-0.15603,0.24769,0.40324,0.066506,-0.15446,0.017316,0.49926,0.19122,0.2178,0.11029,-0.085269,0.0071999,-0.12913,-0.16837,0.27326,-0.0050407,-0.15116,-0.011729,-0.024492,-0.21526,-0.042376,0.01315,-0.015187,0.099617,0.37187,0.19879,0.15802,-0.039703,-0.0052015,0.32884,-0.053143,-0.03015,0.088064,0.002965,0.10341,0.15742,-0.052191,0.06672,0.18832,-0.046475,-0.031666,0.24535
0.41243,0.17895,-0.17736,-0.034782,0.26651,0.52829,0.47699,-0.25144,0.15748,-0.29237,0.066044,0.094959,0.20547,0.39497,-0.080081,0.16399,-0.037703,0.20101,-0.033144,0.13039,0.03967,0.06051,-0.00095178,0.20539,0.43427,0.07735,-0.17754,0.14683,0.61098,0.10749,0.14624,0.15441,-0.089829,0.11702,0.029176,0.11284,0.060767,0.0081907,-0.14621,0.084331,0.379,-0.15275,0.098285,0.14679,0.18119,-0.13105,0.38775,0.14112,-0.019283,0.10204,-0.12497,0.029271,0.30294,0.050859,0.16035,-0.01162,0.15878,-0.043595,0.036477,0.17447,-0.28532,0.081098,-0.19843,0.26139,-0.10002,0.17949,-0.074563,-0.16009,0.40343,0.123,0.055584,-0.045208,0.1341,-0.079813,0.021941,0.11916,0.10196,0.024837,0.08842,-0.0010071,-0.24654,-0.017658,0.21525,0.04484,0.56719,-0.070584,-0.02779,0.013493,0.36419,0.1693,0.54135,-0.072548,-0.10172,-0.028677,-0.035402,0.090649,-0.037177,-0.35529,0.24419,-0.084561
-0.11857,-0.26304,-0.28658,0.30518,0.12447,0.042801,0.56765,-0.24904,-0.14065,-0.23168,-0.092458,0.8906,0.18289,0.0097386,0.0875,-0.027713,0.16634,0.054367,0.26062,-0.30136,0.23124,-0.016822,0.09914,0.15551,0.1602,0.53139,0.20166,0.28471,0.11033,0.2375,0.001256,0.018731,0.3036,0.11584,0.20741,0.12412,-0.054382,0.082962,0.1413,-0.044668,-0.088639,0.18327,0.13511,0.0018302,-0.084523,-0.13352,0.050406,0.13051,0.1617,0.73543,-0.15398,0.012811,0.071573,0.37417,-0.2016,-0.081255,0.20493,0.50976,-0.22739,0.20769,0.12099,0.52677,0.53998,-0.097773,0.47714,-0.0024408,-0.22708,-0.13606,0.19388,0.079265,-0.062645,0.19848,0.03673,0.10989,-0.24859,0.052339,-0.042486,-0.0088966,-0.14889,0.12539,0.013429,-0.045038,0.066907,0.4059,0.35821,-0.22788,0.03002,-0.081695,0.053271,0.50592,0.26069,0.22768,-0.040875,0.36833,-0.033364,0.14124,0.13932,-0.11583,0.14826,-0.12777
0.086644,0.32095,0.35361,0.021187,-0.03762,0.07825,-0.15334,0.08887,0.10109,0.11527,-0.0097781,0.14078,-0.10239,-0.24656,0.13933,0.14491,0.12959,0.06062,0.04628,0.25104,-0.0015272,0.055791,0.11199,0.16899,0.19677,-0.078919,0.29764,0.23322,0.1265,0.10159,0.037377,-0.056532,0.19585,-0.09,0.28339,0.17215,0.40247,-0.22309,0.47041,0.35664,0.12732,0.18325,-0.086751,0.16818,-0.13262,0.090024,-0.13318,0.29565,0.14487,0.17544,0.353,0.066431,0.12765,0.22166,0.21396,0.3395,-0.16405,-0.0062883,-0.061838,-0.011597,0.054875,0.0609,-0.0065566,-0.038979,-0.11758,0.38567,0.32714,-0.098028,-0.072608,0.12652,0.19713,0.26456,0.050121,-0.11818,0.23957,-0.090578,0.10303,-0.030747,-0.019479,0.11485,0.26023,0.31283,0.16301,-0.045521,0.1009,0.054084,-0.22602,0.49277,-0.006526,-0.025901,-0.062565,-0.13085,0.02387,-0.12762,-0.14716,0.016685,0.35693,0.042803,0.00072847,0.098374
0.41677,0.24197,0.23684,0.025441,0.065658,-0.20347,0.13762,0.038975,-0.16798,0.47613,-0.19534,0.11132,0.45877,0.010986,0.46945,0.54967,0.1468,-0.17117,0.063654,-0.0065646,0.27167,-0.048634,0.075647,-0.081414,0.022433,0.15309,-0.018783,-0.28519,0.28737,-0.24635,0.43211,0.67334,0.23185,0.04886,0.13642,0.17892,0.14232,-0.13638,-0.080988,0.36865,0.049242,-0.20522,0.16925,-0.11602,-0.076042,0.096478,0.091843,-0.015971,-0.30812,-0.022504,0.18329,0.45534,-0.20265,0.12292,0.15087,0.32992,0.25344,0.030757,0.19881,-0.12719,-0.1958,-0.13924,0.070442,-0.04004,0.18547,0.40149,0.044585,0.09683,0.099869,-0.089903,-0.082408,0.22472,0.38884,0.29925,0.11316,0.17626,0.07904,-0.11398,0.37506,-0.11207,0.09136,0.078698,0.18629,0.18661,0.247,0.21558,-0.1822,0.04558,0.20344,0.19605,0.21696,0.19099,0.18308,-0.23595,0.00503,0.033249,-0.0026061,-0.010169,0.50799,0.10604
0.093077,-0.10557,-0.18577,0.55508,-0.13106,0.21048,-0.080178,-0.1471,-0.0019765,-0.22048,-0.073335,-0.21222,0.50186,0.19785,0.22469,0.69694,-0.32214,0.059301,0.030949,-0.31533,0.21139,-0.060605,0.045588,-0.15566,0.17123,0.044124,-0.064455,0.7518,0.1538,-0.11573,0.17941,0.15743,0.39073,0.36023,-0.075977,0.17684,0.53463,0.19317,0.089868,0.31238,0.46716,-0.15719,0.33086,0.21534,-0.071701,-0.016594,0.71547,0.38373,0.39673,0.10447,-0.052636,-0.28387,-0.063326,-0.050049,-0.22484,0.25621,0.040153,0.21661,0.40079,0.099754,0.33945,-0.13716,0.13135,-0.11562,0.12644,-0.27044,0.074006,0.26225,-0.079394,-0.25691,-0.12028,0.2967,0.35565,0.39683,0.30152,0.24735,-0.071669,-0.0042507,0.24283,0.12544,0.35506,-0.12164,-0.15994,0.22148,0.029086,0.24885,-0.36798,0.098163,0.457,0.022751,-0.25148,-0.067291,-0.13834,0.18949,0.32545,-0.12031,-0.099086,0.30304,0.25455,0.16221
0.085842,-0.1208,0.078716,0.23662,-0.18685,0.11445,0.04921,0.28827,-0.05571,0.25039,-0.11956,0.065862,0.10985,0.42542,0.20551,-0.055344,0.37072,-0.15007,0.011734,-0.26227,0.2396,-0.13643,-0.040192,0.065165,0.19617,-0.20363,-0.2326,0.13929,0.019311,0.34042,-0.13369,-0.17982,0.41699,0.31272,0.69679,-0.039218,0.1642,0.4703,0.068987,-0.027891,0.11737,0.23406,0.18304,0.13732,0.021222,-0.09511,0.071575,0.045728,0.2314,0.015047,0.28856,-0.14915,-0.22097,0.20318,-0.13639,0.145,-0.10306,-0.011444,0.42087,0.17596,0.12871,0.32847,0.2507,0.05564,0.24295,0.069855,0.013527,-0.025177,-0.062739,-0.0088204,-0.0388,0.13601,-0.18269,0.053218,-0.057942,0.006971,0.043633,0.072007,0.062835,0.22528,-0.30649,-0.018524,0.052293,0.37093,0.00030139,-0.17332,-0.17121,0.23024,0.3724,-0.054946,0.29809,0.13607,0.0052495,0.035982,0.094595,0.03766,-0.077777,0.020941,0.15898,-0.12328
0.49777,-0.10264,-0.047089,0.03687,0.25124,-0.15833,0.37227,0.16201,-0.085017,0.35217,0.0027265,-0.089709,-0.1581,0.17076,0.091516,-0.20329,-0.013756,0.087578,-0.060186,0.020351,0.018228,0.139,-0.1311,-0.049653,0.50975,0.6115,0.39291,0.025044,0.29114,-0.14062,0.012578,0.14652,0.059782,-0.25929,0.02102,0.13096,-0.30957,0.14843,-0.075762,-0.074512,-0.25089,0.036379,-0.11535,0.16415,0.22131,0.032961,-0.054096,0.3147,0.35122,0.21425,0.21569,0.1179,-0.067788,0.13536,0.18765,-0.054819,0.41689,0.14178,0.4046,0.4739,0.11957,-0.0057622,0.11817,-0.16679,0.031998,0.21185,0.51645,0.046213,-0.079013,0.058025,0.14686,0.087283,0.10262,0.33024,-0.091189,0.15588,0.55077,-0.19202,-0.087978,-0.039907,0.009987,0.13478,0.30116,-0.11335,0.18457,0.397,0.094868,-0.15287,0.25958,-0.027233,0.3834,-0.0015881,0.1661,0.030598,-0.085529,0.28325,-0.3882,0.043719,0.030067,0.025204
0.28509,-0.094586,0.11615,-0.092689,0.034538,0.1849,-0.048089,0.28993,0.19146,0.23813,0.21743,0.27802,-0.16143,0.037374,-0.033533,0.38078,-0.10902,-0.16562,-0.15055,0.085278,0.20168,0.0072034,0.23516,0.41084,0.054116,0.25676,0.16137,0.13834,-0.018456,0.5979,0.070312,0.053626,-0.039936,0.36455,-0.019875,0.10785,-0.1288,0.17847,0.24219,0.11831,0.12884,0.16449,0.025302,0.08304,0.53308,0.076395,0.20443,-0.14837,-0.034352,0.37133,0.18886,-0.17862,-0.0414,0.12912,0.0072287,0.18789,-0.012912,0.11732,0.023371,-0.0024323,0.24031,-0.042426,0.43491,-0.3176,0.084882,0.10045,0.19948,0.013697,0.36275,0.0093756,0.018928,0.2506,0.14823,0.097778,0.24559,0.26104,-0.13018,-0.10196,0.12159,0.17462,0.18532,0.082235,-0.37187,0.16145,0.54648,-0.22419,0.075677,-0.1337,0.38388,0.090555,-0.19642,0.39053,-0.062468,0.09472,-0.0029692,-0.16706,-0.11859,0.04365,0.13419,0.0016755
0.23059,0.15456,0.35856,0.33164,0.17817,0.25511,-0.074771,0.17278,0.24334,0.22767,0.046767,0.072178,0.088946,0.52965,0.26423,-0.12215,-0.052109,0.35557,0.12475,0.1723,-0.22663,-0.039539,0.024011,0.17937,-0.19155,0.10116,0.19323,0.23664,0.24076,-0.16528,0.14464,0.30627,-0.13532,0.31199,0.34351,-0.17509,0.1382,0.18771,0.0022388,0.1789,0.2657,-0.051383,-0.094654,0.074197,0.28231,0.082241,0.021531,-0.090356,-0.028491,0.42473,-0.24257,-0.15735,0.015263,0.34713,0.10872,-0.34059,0.44302,0.17107,-0.22723,0.26499,0.25138,0.36064,0.22873,0.073571,0.11468,0.10978,0.011654,0.47369,-0.24759,0.061594,0.039732,0.21201,0.2017,-0.075115,0.12858,-0.14552,0.085136,0.24107,0.20552,-0.044683,0.37823,0.044266,-0.072529,0.093515,0.41982,0.17517,-0.030012,-0.23767,0.10549,0.017485,0.069429,-0.20737,0.4762,0.18811,-0.062746,-0.20274,-0.061127,0.19085,-0.25461,0.35988
0.083025,-0.057704,-0.1094,0.49286,-0.29998,-0.24586,0.31319,-0.071357,0.3366,0.29395,0.34275,-0.063538,0.19955,-0.066317,0.14032,0.46241,0.013935,0.050368,-0.082615,0.19988,0.4006,-0.0986,0.48358,-0.067395,-0.062426,-0.3463,-0.097108,0.10997,0.44587,0.482,0.70844,-0.13623,-0.085841,-0.30429,0.27664,0.25555,0.011441,-0.091537,-0.23192,-0.16148,0.15241,0.28335,-0.028142,0.21937,0.26579,-0.23561,0.42425,0.09436,0.54211,0.11981,-0.038195,0.17605,0.00035042,-0.14179,0.46532,0.59941,0.22123,-0.091089,0.087959,0.16243,0.071627,0.31987,-0.033378,0.16815,0.30203,0.26748,0.30249,-0.0043941,-0.1724,-0.042497,0.54199,-0.038242,-0.29871,0.49526,0.028925,-0.0030436,0.095889,-0.052988,-0.0060604,0.66146,-0.15164,0.22549,0.086033,-0.18051,-0.090518,0.12999,0.23876,-0.15416,-0.13843,0.4446,0.033154,0.39008,0.072711,0.31084,-0.03001,-0.01006,0.030833,0.29257,-0.053554,0.091952
0.048999,-0.15971,-0.31828,-0.022734,0.2202,0.17464,-0.14278,0.37498,0.18902,0.15979,-0.019481,0.04188,-0.014186,0.2191,0.53262,-0.090315,-0.037795,0.25007,-0.15206,-0.052591,0.59285,-0.014605,0.11503,0.50617,0.16464,0.18288,0.033272,-0.16073,0.29429,-0.01595,-0.20393,-0.10876,0.2987,0.012245,0.14049,-0.089831,0.31472,-0.15608,-0.1927,0.50154,0.2422,0.22821,0.026355,-0.26498,0.043832,-0.11168,0.14126,0.20003,0.34775,0.16654,0.13327,0.23374,-0.14235,0.28353,0.26713,-0.090538,0.21179,-0.12925,0.10493,0.23676,-0.086354,-0.066201,0.20283,-0.19461,-0.033228,-0.02986,0.06659,-0.1619,0.065181,0.088218,0.12512,0.38418,0.34728,0.19334,0.11337,-0.13067,0.32304,0.23756,0.16519,0.41052,-0.018651,0.46917,0.19878,0.21737,0.069839,0.50852,0.33888,-0.13782,0.31337,-0.19392,0.30997,-0.15796,0.23726,0.23768,0.25928,0.34302,-0.083873,-0.13789,0.16648,0.26462
-0.082473,0.32687,0.19455,0.4967,-0.14395,-0.14835,0.33345,-0.072431,0.3077,0.26367,0.062859,-0.16295,0.17438,0.02625,-0.2119,-0.040917,-0.091307,0.13554,0.15864,0.61578,-0.16933,0.001231,0.041326,-0.19922,0.64367,-0.20833,0.16099,0.049503,0.6908,0.29634,0.067578,0.057651,-0.1229,0.035391,-0.13535,0.48853,0.29831,0.25192,0.055485,-0.19519,0.032481,0.30395,0.21746,0.15555,-0.15157,0.42166,0.31731,0.086485,0.43602,0.13712,0.086865,0.40353,0.25078,-0.13546,0.10211,0.87329,0.12968,0.13873,-0.24505,0.27031,0.22463,0.1055,-0.13891,-0.096902,0.17617,0.025035,-0.061199,-0.11161,0.26139,0.45252,-0.13816,0.13733,0.0037599,-0.0056772,0.018466,-0.24877,0.29018,-0.040401,-0.10484,0.053474,0.27533,0.070815,-0.067095,0.00037732,-0.059931,0.089582,-0.016395,0.10716,-0.11549,-0.082423,-0.18908,-0.15641,0.13413,0.10432,-0.11537,0.03554,0.023297,0.11,0.33459,0.28714
-0.18352,0.11936,-0.23536,0.01187,0.24218,-0.34791,0.30265,0.10749,0.31209,-0.30517,0.17645,0.66923,0.36021,0.31226,-0.10655,0.13429,0.36443,0.021865,0.17273,-0.23736,-0.012657,-0.1474,0.53399,-0.027599,0.45878,0.13952,0.33307,-0.02126,0.37671,0.36973,0.17452,-0.025654,-0.21746,-0.073276,-0.054769,0.62898,0.020492,-0.17971,-0.097334,-0.2006,0.31305,0.2535,0.13348,0.5076,-0.053228,0.39913,0.32752,-0.059888,0.2038,0.13225,0.2077,0.45193,0.099283,-0.21514,0.33278,0.36008,0.075729,0.005625,0.30678,0.037834,0.054709,0.21304,0.37901,0.10112,0.27846,-0.060869,0.11741,-0.10473,0.13887,-0.09926,0.23405,0.51202,0.061189,-0.18901,0.021325,0.0049616,0.31486,0.14794,-0.12629,-0.052391,-0.22848,0.54274,0.13991,-0.084155,0.031054,0.4647,0.10201,0.0091745,0.063813,-0.15188,-0.017149,0.52498,0.079845,-0.044579,0.1632,0.19621,0.27556,0.30732,0.43717,0.2427
0.022266,0.62347,0.10762,0.25123,0.050169,0.058699,-0.025659,0.047056,0.66944,0.27515,-0.15887,0.11902,-0.18769,0.2129,0.21005,0.17017,0.2488,0.19486,-0.088993,-0.11266,0.0566,-0.20468,0.11925,0.19859,-0.021422,-0.012684,0.14099,0.08806,0.59083,-0.15453,0.20036,0.056473,0.12257,-0.0018828,-0.11208,0.1839,-0.023964,0.15315,0.2372,-0.073244,0.11705,0.1779,0.087558,-0.14348,-0.21782,0.24157,0.37573,0.093221,0.1866,0.30437,0.49484,0.40516,0.057588,-0.35004,0.28744,0.13242,0.50302,0.037702,0.21456,0.045342,0.43852,0.14138,-0.17048,0.24545,0.19277,0.18517,0.10656,0.1221,0.16261,0.014775,-0.13342,0.096257,-0.14259,0.47712,0.19226,-0.23686,0.043648,0.31482,0.26903,0.089352,0.019647,-0.14792,0.27145,0.14198,-0.14324,-0.18904,-0.45184,0.20253,0.25813,0.11997,0.26926,0.10829,-0.13425,0.3177,0.052945,-0.0779,0.05243,0.032178,-0.070418,0.04554
-0.12876,0.1097,0.26771,0.032077,-0.027921,0.58725,0.51489,0.4038,0.56525,0.52823,0.27062,0.12975,0.0048598,0.31584,-0.16698,0.11417,0.11864,-0.18922,0.10843,0.21238,0.02634,0.067722,0.14632,0.21512,-0.053687,0.12702,0.17934,-0.026527,0.38495,0.89095,-0.12223,0.096427,0.43379,0.22494,0.015238,0.24697,-0.054954,-0.26251,0.078387,0.023598,0.089705,0.056464,0.061828,0.049214,0.037883,0.041792,0.34739,0.0072586,0.28056,0.081987,-0.21095,-0.075479,-0.034129,0.17817,-0.22874,0.11751,-0.15405,0.21994,0.049102,0.24685,-0.13502,-0.045218,0.037507,0.27677,0.1051,0.32763,0.16848,0.40796,-0.13341,0.13298,0.10083,0.0075513,0.42034,0.33516,-0.088175,-0.091641,0.20256,0.28103,0.034169,0.12413,-0.18838,0.29103,0.21496,0.032437,-0.080382,0.22085,-0.16312,0.21891,-0.084902,0.0063518,0.24541,0.072507,-0.21733,-0.14444,-0.0019274,0.36476,0.17206,-0.068015,-0.011884,0.38768
