0.050472,0.030001,0.050662,0.031625,-0.0017802,0.0077099,0.015243,0.02745,0.027622,0.007278,0.060069,0.031249,0.051627,0.04316,0.040556,0.004054,0.035877,0.037875,0.056395,0.027646,0.031445,-0.01,0.017313,0.027179,0.056103,0.052314,0.028362,0.043237,0.045998,0.056546,0.051618,0.0094007,0.01527,0.011946,0.023451,0.023925,-0.012277,0.029902,0.036298,0.022651,0.032262,0.033968,0.033079,0.024703,0.024429,0.039574,0.051832,0.034659,0.027954,0.015519,-0.017862,0.046711,0.025983,0.062756,0.026982,0.00015839,-0.00019452,0.049925,0.029036,0.029621,0.026382,0.027729,0.015841,0.014109,0.00871,0.042133,0.01066,0.0057413,0.018329,0.033839,0.045085,0.058194,0.031723,0.010906,0.02174,0.018697,-0.0075303,-0.0011741,0.031492,0.080494,0.0041206,0.041924,0.0023479,-0.0077275,0.0040849,0.034813,0.011939,0.028458,-0.013189,-0.0097968,0.019723,0.088945,0.031537,-0.011225,0.038586,0.04317,0.021056,0.02094,0.010291,0.0017256
0.054606,-0.022485,0.0054288,-0.0069546,0.032876,-0.01872,0.018094,0.045473,-0.020385,0.0063182,0.021237,0.040945,-0.031432,0.025878,0.019222,0.0063976,0.070019,0.039964,0.007632,0.033506,0.012544,0.00033905,0.0027307,0.041095,0.015052,0.016775,0.020403,0.0085092,-0.0028432,0.034657,0.035671,0.044977,0.030464,0.048787,-0.034341,0.052424,0.056378,0.056728,0.0084288,0.024356,-0.015923,0.036532,0.026462,-0.0033251,-0.02559,0.038616,0.02889,0.02018,0.028067,0.04891,0.025019,0.021566,0.050387,0.042194,0.024325,0.02434,-0.0065524,0.027241,0.034947,0.060439,0.010723,0.018267,0.018931,0.037645,0.020909,0.032673,0.025507,-0.0064472,0.042185,0.056717,0.0015256,-0.039237,0.004909,0.044048,0.025064,0.029162,0.037515,0.040923,0.044345,0.034059,0.035584,0.010042,0.017965,0.049236,0.035089,-0.0005664,0.019899,0.027008,0.042544,0.040799,0.026386,0.015304,0.0079798,0.0291,0.039777,0.048899,0.084587,0.032024,-0.028297,0.056413
0.02563,-0.0070271,0.022084,-0.018143,0.035607,0.033756,0.060649,0.016033,0.0043633,0.005451,-0.024516,0.035215,-0.0039353,-0.0018371,0.012132,-0.00021485,0.069445,0.064276,0.0041677,-0.00011514,0.044161,-0.002144,0.0022393,0.036609,0.047156,-0.013709,0.027091,0.028448,0.040208,-0.007273,0.01699,0.020832,0.0039627,0.036993,0.057622,0.024964,0.022479,-0.035809,0.047425,-0.010454,0.044361,0.020787,0.038825,0.017478,-0.006066,-0.00024494,0.033011,0.087505,-0.013382,0.069297,-0.0013071,0.019714,0.061999,0.014145,0.022729,0.02463,0.02687,0.030183,4.9253e-05,0.024744,0.026194,0.021992,0.062503,0.023619,0.03165,0.027148,0.032443,0.042937,0.025569,0.0040094,-0.045506,0.040068,0.057207,0.0537,0.021187,0.050121,0.025939,0.024728,-0.01922,0.0045424,0.020985,0.031953,0.022275,0.013509,0.046279,-0.0065533,0.047367,0.014172,0.075909,0.026175,0.048969,-0.0079016,0.060884,0.0017908,0.025323,-0.0074977,0.027301,0.075188,0.049091,0.041544
0.043505,-0.010513,0.0085941,-0.0099305,0.028485,-0.010197,0.041295,0.012361,0.041687,0.031366,0.032805,-0.011009,0.018675,0.040651,-0.0024615,0.021676,0.0081486,0.055106,0.012145,0.035208,0.0097574,0.038379,-0.0053025,0.04147,0.010081,0.036155,0.037568,-0.004138,0.0091376,0.035896,0.02531,0.05229,0.0063644,0.069887,0.0098699,0.080521,0.043108,0.016304,0.073258,-0.00046332,0.039582,0.038858,0.05369,0.028591,0.064632,0.043352,-0.0027514,-0.011424,-0.0050729,0.040841,0.033108,0.060701,0.025388,0.045278,0.027222,0.05646,0.023696,0.0066387,0.056417,0.026194,-0.00063872,-0.0051463,0.035738,0.039615,0.033181,-0.015493,0.031992,0.072929,-0.0059704,0.060028,0.016787,-0.011901,0.033217,0.035139,0.054534,0.041123,-0.028949,0.048503,0.027631,0.009796,0.031129,0.054438,0.058664,0.073884,0.0492,0.025385,0.075061,0.022622,0.04787,0.011552,-0.027071,0.011028,0.010207,0.0058347,0.059352,0.016537,0.022962,0.0015293,0.026324,-0.0045902
-0.03219,0.017245,0.016132,-0.0050895,0.039441,0.039916,0.0015811,-0.024664,-0.023829,0.015271,0.034505,0.037042,-0.010854,-0.032292,0.036401,-0.01585,-0.032572,0.011298,-0.0022206,0.076681,0.012201,0.017451,0.032535,0.021018,0.035557,0.042209,-0.00079093,0.024787,0.024394,0.010701,0.0013775,0.062035,0.031125,-0.0020655,0.018393,0.043547,0.028787,0.024199,0.010282,-0.019841,0.034294,0.046427,-0.0037656,0.059441,0.0083717,-0.0025039,0.038942,0.012887,-0.0059886,0.01598,0.014875,-0.0032748,0.088029,0.014628,0.05748,0.052943,0.020448,0.051123,-0.0073199,0.011465,0.053769,0.026403,0.059927,0.016605,0.0042668,0.044588,0.037117,0.020232,0.0093498,0.036408,-0.006464,0.028035,0.012131,0.03886,0.0051317,0.020603,0.071065,0.034858,0.01154,-0.0055665,0.016011,-0.039237,0.023841,0.050554,0.025974,0.03334,0.0033289,0.030405,0.012309,-0.020924,0.0034425,0.0077124,0.0068388,0.034646,0.035218,0.028602,0.037232,0.033525,0.053374,0.029006
0.0034752,-0.0078372,0.072536,0.01565,0.021187,0.0034663,0.028637,0.055126,0.013269,0.0049419,0.020157,-0.029971,0.023367,0.0010809,0.019395,0.014284,0.028086,0.047736,0.06159,0.10315,0.028996,0.042139,0.0441,0.04163,0.0066853,-0.00098931,0.021719,0.028048,0.010436,0.014472,0.03833,0.059404,-0.012777,0.01609,0.017969,0.066505,-0.014217,0.039352,0.0077989,0.047893,0.051843,0.014251,0.058087,0.068333,0.045618,0.023436,0.010945,0.06293,0.056291,-0.0065274,-0.00085484,0.01959,0.010153,0.019382,0.019847,0.060075,-0.02012,-0.040698,0.08809,0.025026,0.0002721,0.024629,0.022188,0.022384,0.028902,0.027927,0.019379,-0.00067934,0.044213,0.044646,0.0027962,0.014767,0.072795,0.040264,0.0021897,0.031924,-0.0046526,-0.054021,0.0049616,0.023715,0.049595,0.032248,0.014715,0.020548,0.022012,0.04291,0.071552,0.034235,0.037521,0.02829,0.012442,0.011081,0.0057043,0.074614,0.044794,-0.011125,0.032754,0.056801,0.068251,0.0018001
-0.016421,-0.030165,-0.00080134,0.035838,-0.031864,-0.013086,0.024828,0.0085574,0.014658,0.021899,-0.013681,-0.00025289,0.0049038,-0.010525,0.040131,0.027104,0.021669,0.035958,0.020953,0.0071147,0.012701,0.014409,0.033884,0.017627,0.010564,-0.016905,0.050843,0.049986,0.032621,0.011377,-0.0037008,0.047982,0.034559,0.046126,0.044803,-0.0013622,0.0053569,0.027153,0.001706,0.034434,0.0094714,0.054511,-0.0084811,0.024606,0.042897,0.033663,0.036897,0.032293,0.0255,0.040042,0.026655,0.01263,-0.002637,0.060778,-0.017767,0.030757,0.010488,0.055434,0.0024662,0.038083,0.019117,0.035781,0.027723,0.0094655,0.008463,0.036986,-0.020924,0.0092803,0.049356,0.006743,0.019731,-0.0036621,-0.00065237,0.059901,0.052704,0.047285,-0.0015464,0.0020342,0.0020669,0.010098,0.022495,0.0099294,0.025368,0.0096736,0.0036215,0.047341,0.02638,0.035846,0.030478,0.049729,0.019363,0.044353,-0.0083139,0.029818,0.065872,0.0076715,0.030305,0.042221,0.04582,0.015051
-0.018169,0.031105,0.023854,0.028779,-0.00030897,0.014237,0.040191,0.041651,-0.002871,0.03792,-0.0074362,0.03384,0.0091081,-0.023905,0.0328,0.065758,0.02507,0.017147,0.012564,-0.017876,0.027399,0.0041634,0.040045,0.038346,0.021717,0.0097796,0.035214,0.062289,0.0051968,0.023073,-0.00039322,0.026829,0.012165,0.027923,0.038579,0.030555,0.055902,0.026387,0.025117,0.023815,0.039842,0.015319,0.03021,-0.0013556,0.054219,0.041179,0.032374,0.0036237,0.0019942,0.036332,0.010494,0.0030788,0.018985,0.015752,0.047363,0.01658,0.064684,0.047649,-0.014361,0.036137,0.0078039,0.065082,0.0084731,-0.012945,0.032383,0.013738,0.054687,0.027262,0.061667,-0.0088078,0.04231,0.032064,0.027564,0.025538,0.037441,0.0058159,0.022731,0.032792,0.028295,0.030075,0.049452,0.031245,0.082337,0.04147,0.047497,0.0096017,0.010643,0.019265,0.047055,-0.014165,0.0094715,0.036795,0.059781,0.064405,0.013128,0.027878,0.046195,0.016339,0.015867,0.022399
0.026702,0.044229,-0.0027521,-0.011202,0.0067761,0.009259,-0.014633,-0.0069969,0.030589,0.018276,0.034059,0.022559,0.02792,0.016806,0.0059258,0.0023804,0.0061052,-0.014613,0.044783,0.0070806,0.023711,0.044393,0.0046431,0.030731,-0.025666,0.058853,0.017235,0.002238,0.014895,0.024119,-0.0025634,0.026467,0.018834,-0.015914,0.070112,0.007397,0.070852,0.021381,0.012101,0.029443,0.030395,0.028335,0.039184,0.035036,0.033936,-0.0069622,0.026925,0.035153,0.011545,0.04012,0.011321,0.029498,-0.0077999,0.044054,0.034434,0.026629,0.046499,0.073881,-0.0022149,0.067205,0.04207,0.020548,0.0070455,0.034641,0.011353,0.014335,0.012567,0.056921,0.011402,0.0047974,0.087101,0.026321,0.0091662,0.034924,0.070956,0.035512,-0.011084,0.037084,0.037952,0.027977,0.028605,0.038575,0.088779,0.053782,0.012715,0.0049305,0.016865,0.036256,0.017267,0.034237,0.028673,-0.00030903,0.023212,0.024257,0.047757,0.060241,0.046942,0.064287,0.036108,-0.00036095
0.01126,0.049033,0.019417,0.038938,0.02314,0.029701,0.020314,0.011111,0.0277,0.021928,0.031117,0.032258,0.024305,0.0013861,-0.0060738,-0.0080012,0.070077,0.026121,0.013153,0.076834,0.014754,0.036344,0.044756,0.0040773,0.01466,-0.012979,-0.024058,0.0017933,0.025399,0.038271,-0.01086,0.025333,0.006818,0.053215,0.025596,0.004311,0.052051,0.059317,0.060021,0.034752,0.045186,0.020601,0.024873,-0.021084,0.0034773,0.024135,0.018023,0.021292,0.05015,0.084592,0.073994,0.03878,0.060766,0.079309,0.012419,0.039934,0.015478,0.0017161,0.055228,0.027922,0.056534,0.018106,0.051874,0.030134,0.014495,0.01925,0.035172,0.030085,-0.034442,-0.010551,0.044979,0.06163,0.026667,0.052984,0.049386,0.039762,0.045021,0.028451,0.046401,0.0328,0.020672,0.0035441,0.043168,0.021891,0.054774,0.013952,0.038269,0.048444,0.063472,0.067004,0.047874,0.014852,0.010975,0.064483,0.047068,0.019813,0.074582,-0.0021536,0.030272,0.034563
-0.0020161,0.027509,0.017361,-0.012857,0.018879,0.03351,0.065288,-0.01725,0.026897,0.069212,0.00043171,-0.042033,0.054336,0.023539,0.04424,0.056203,0.045739,0.010914,0.00013375,-0.0267,0.026589,0.044661,0.037855,-0.0043932,-0.010467,0.050804,0.050219,0.0051391,0.035586,0.021873,-0.02967,0.045678,0.011592,0.037591,-0.012406,0.038092,0.015416,0.023421,0.0063367,0.0082708,0.005057,0.063593,0.023627,0.044596,0.053058,0.015951,0.047187,0.027128,-0.0097622,0.048636,0.008511,0.074143,0.054754,0.012,0.025581,0.0487,0.028851,0.069177,0.073523,0.03641,0.046257,0.039207,0.018709,0.024187,0.041527,0.024804,0.05552,0.071641,0.022549,0.034378,0.061866,0.022463,-0.0035384,-0.0060829,-0.0024895,0.055138,0.00077082,0.0014666,0.0091229,0.031362,0.020685,-0.031392,0.038123,0.015968,0.0078967,0.038547,0.013257,-0.015457,0.023344,0.034188,0.018357,0.026765,0.055777,0.019873,0.033308,0.010398,0.040336,0.024653,0.036125,-0.016374
0.0092977,0.019731,-0.0027317,0.0067997,0.046451,0.0092454,0.0053599,-0.018396,0.035634,0.029807,0.050036,0.036185,0.042322,0.0053304,0.058448,0.0096416,0.044162,0.018197,0.0006502,0.0044644,0.003734,0.0087486,0.065557,0.028295,0.0093157,0.032226,0.033098,0.018594,0.022434,0.0022879,0.024212,-0.0048221,0.041785,0.018753,0.04125,0.046573,-0.018749,0.051969,0.043353,0.058306,0.054292,0.022618,-0.0094802,0.023989,-0.008264,0.03188,0.042431,0.062431,-0.0048126,0.029109,0.049709,0.05903,0.038727,-0.0069823,0.053226,0.07042,0.034099,0.055584,0.049718,0.04147,-0.011746,0.029616,0.010401,0.026272,0.05591,0.0092229,0.0052504,0.013554,0.055566,0.0081817,0.01151,-0.016598,0.051707,0.024024,0.018716,0.0086788,0.029258,0.027618,0.051017,0.04092,0.0068496,0.057552,0.032853,-0.0055768,0.019584,0.018559,0.044981,0.02216,0.032444,0.074126,0.056981,0.051308,0.042106,-0.0026424,0.025145,-0.019118,0.059651,0.0090861,0.043776,0.04177
-0.018015,0.037453,-0.040878,0.016673,0.056333,0.010404,0.020057,0.00051267,0.0014724,-0.012129,0.033736,-0.0011643,-0.029052,0.025634,0.060073,0.01501,0.033123,0.035099,0.014691,0.017765,0.0014689,-0.0030991,-0.015811,-0.012965,0.059062,0.042372,-0.031594,0.0076094,0.004622,0.031447,-0.021149,0.060283,-0.0049445,0.076969,0.048632,-0.0035544,0.010094,0.00086431,6.777e-05,0.0048784,0.011454,-0.0026627,0.016633,0.014302,0.029502,0.027466,0.037151,0.028347,-0.034252,0.0016484,0.055927,0.022788,-0.0051812,0.041367,0.029595,0.015782,0.02368,-0.0042979,0.035,0.015871,0.0073612,0.040952,0.051847,0.066986,0.067102,0.033876,0.052468,0.030242,0.025656,0.029982,0.02513,0.052276,0.012231,0.017683,0.054773,0.048016,-0.052054,0.052372,0.033569,0.034435,0.00089247,-0.024468,0.038092,0.015703,0.03938,0.003564,-0.0017059,0.0091709,0.078468,0.0088057,0.038828,0.025663,-0.028824,-0.00015524,0.0020187,0.045291,0.037109,0.039568,0.020056,0.040281
0.0096311,-0.012441,-0.016718,0.0034469,0.0047044,0.0069717,0.065384,0.015566,0.016161,0.020479,0.020034,0.024005,0.06413,0.036974,0.0036189,0.01343,0.0032712,0.00351,0.0053913,0.01632,0.04041,0.026944,0.017323,0.012919,0.024755,-0.0012146,0.043437,0.057439,0.033775,0.0045185,0.042622,0.040985,0.014723,0.010252,0.021705,0.012995,0.021869,0.015817,0.064716,0.035777,0.038136,-0.005361,-0.0011086,0.057473,0.010471,0.031472,-0.0095466,0.033867,0.043069,0.028865,0.019621,0.045516,0.057497,0.030166,-0.0065045,-0.0024735,0.015933,0.023392,0.029066,0.012819,-0.0041505,0.026297,-0.0075391,0.025289,0.057833,-0.0082997,0.076935,0.051868,0.00041344,0.03971,0.020818,0.00080155,-0.0048022,0.046909,0.0036506,0.0065798,0.049884,0.042403,0.019268,0.03118,0.051327,0.0097346,0.043415,0.0098355,0.05342,0.039365,0.035954,0.059032,0.021584,0.033912,0.033128,0.01076,-0.0010486,-0.026622,0.053202,0.0059107,-0.012222,0.034134,0.051697,0.040672
0.043166,0.046158,-0.0084616,-0.010909,0.022482,0.028223,-0.035007,0.0081169,0.042302,0.044724,0.014415,0.036267,0.018724,0.00889,-0.0033085,0.032139,-0.01176,-0.0048919,0.061779,0.0936,0.033768,0.017187,0.031811,0.051495,0.06238,-0.0078106,0.047478,0.040237,0.022582,0.0455,0.05925,0.032592,0.0058519,0.038216,0.012856,0.02453,0.041029,0.035012,0.038873,0.041323,0.040392,0.033382,0.0069698,0.033372,0.033299,0.041275,-0.00086352,0.049771,0.041408,0.059822,0.058973,0.014414,0.037849,0.057168,-0.0030213,0.016485,-0.013283,0.05471,0.027398,0.0050993,0.070728,-0.0021172,0.020531,0.0040338,0.048616,0.0062573,0.048085,0.016684,0.02538,0.016452,0.013024,-0.015455,0.031312,0.038183,0.020769,0.0054355,-0.0017862,-0.0032056,0.030946,0.0038899,0.020514,0.033617,0.027422,0.067263,-0.023573,0.05988,0.026113,0.021128,0.016305,-0.0014331,0.02126,0.027376,0.035353,0.10096,0.089803,0.050291,0.038559,-0.0026987,0.0026365,0.037506
0.035174,0.018774,0.010496,-0.0095985,0.030902,0.0076651,0.034334,0.027478,0.047865,-0.0054139,0.0068008,0.01703,0.050679,-0.0036637,-0.011407,0.0028668,-0.0016417,0.028349,-0.017872,-0.01322,0.021316,0.0012132,-0.0044188,0.04933,-0.010974,0.0023068,0.02131,0.042893,0.028986,0.050104,0.036289,0.012227,0.061542,0.029003,0.050329,-0.00081642,0.057382,0.037702,0.0084503,0.040446,0.0040449,0.019388,0.05098,0.036437,0.047402,0.025066,0.0028835,0.025628,0.01399,-0.012089,0.03393,0.0053418,0.026429,0.013374,0.0318,-0.0027431,0.030228,0.031971,0.012672,0.0076608,0.051973,0.030048,-0.0024695,0.0096622,0.025117,0.074469,0.01158,0.044183,0.029797,0.0381,0.004421,0.0047655,0.024439,0.030613,0.027963,0.027459,0.022928,-0.0028326,0.01738,0.020666,0.018749,0.011996,0.02352,0.042021,0.027629,0.02891,-0.0012763,0.021425,0.0091516,0.072996,0.049475,-0.011439,0.029068,0.018549,-0.012437,-0.012634,0.041083,0.042868,0.039687,0.034954
0.029436,0.017718,0.0044258,0.01434,0.0035755,-0.0033666,0.045725,0.055862,0.0099353,0.070419,0.050673,0.013957,0.013863,0.028916,-0.0054384,0.0013359,0.027655,0.0049071,0.036604,0.034328,0.016527,0.047574,0.01173,-0.012923,0.032857,0.020157,0.080262,0.025063,0.022412,0.057084,0.028828,0.033887,-0.0033148,0.038524,0.038016,0.019008,0.0077487,-0.0094398,0.036772,0.048538,0.011384,0.02975,0.0074461,0.020796,0.039758,0.026831,-0.020977,0.04431,0.020385,0.090249,0.053067,-0.010226,0.020473,0.046747,0.018757,0.0031996,0.034852,-0.0065572,0.034975,0.047765,0.016415,0.031182,0.019593,0.023292,0.04373,0.016232,0.038146,0.032956,0.044074,0.017293,0.014688,0.029883,0.0534,0.048166,0.033244,0.0011147,-0.0033186,0.0777,0.01262,0.046159,0.01793,-0.0041868,0.039892,0.041644,0.049645,0.036556,0.0012181,0.021697,0.022903,0.0052357,0.01435,0.036227,0.022694,0.027387,-0.007324,0.041856,0.045693,0.035037,0.037102,0.037454
0.026626,0.017265,-0.0013122,-0.041395,-0.012373,-0.015098,0.022475,0.022381,0.0024159,-0.00027591,-0.013795,0.00056316,0.0097469,0.04421,0.012363,0.020893,0.020394,-0.0077732,-0.0086229,0.058025,0.034403,0.0073361,0.034239,0.048967,0.03296,-0.0016056,0.036119,0.010392,0.020548,0.02806,0.048739,0.050161,0.026358,0.039245,-0.014024,0.0176,0.033562,0.015325,0.025816,0.045794,-0.001838,-0.0010909,0.076458,0.044951,0.040445,0.011095,0.029597,0.073312,-0.033444,0.040322,-0.0073429,0.0043334,0.050663,0.042139,0.054556,-0.015838,0.0022769,0.0153,-0.015539,0.01414,0.019013,0.021738,0.029461,0.025012,0.037615,0.074722,0.062934,0.054503,-0.0090304,0.044175,0.039781,0.0046319,0.056332,0.031535,0.040096,0.015564,0.03633,0.037085,0.0016369,0.0045868,-0.0091155,-0.0073372,0.0014822,0.026502,0.036425,0.041975,0.017115,-0.0018376,0.0585,0.016607,0.0096262,0.046394,0.08739,0.031376,0.064966,0.043463,-0.01934,0.031644,0.061344,0.022064
-0.017345,-0.014921,0.018433,0.016693,0.0076764,0.031596,-0.029013,0.043761,0.024565,0.041226,-0.0067152,-0.0072487,0.024126,-0.0087434,0.044646,0.0073524,0.0022758,-0.024588,0.057857,0.025986,-0.0040523,-0.00044556,0.026751,-0.003743,-0.01928,0.025027,0.015359,0.023831,-0.001431,0.013634,0.018969,0.015675,0.025621,0.02608,0.014723,0.025866,0.051038,0.0043429,-0.0053834,-0.0044688,0.025458,0.042202,0.0076868,0.038569,0.0043255,0.094395,0.029686,0.01304,0.044209,-0.0049001,-0.0014341,0.031516,-0.0060939,0.0010192,0.02437,0.0038121,-0.018562,0.024934,0.060164,0.029683,0.034915,-0.0075775,0.039425,0.022753,-0.023372,-0.005078,-0.0073047,0.047797,0.035139,0.025509,0.037452,-0.013068,0.053709,0.025347,0.04375,0.042925,0.025074,0.053132,0.029799,0.0024524,-0.019473,-0.0047296,0.0092706,-0.0022703,0.026334,-0.011027,0.02423,0.050164,-0.0029114,-0.0039201,0.037632,-0.0080445,0.027486,-0.01742,-0.0068943,0.022254,0.016478,0.018829,-0.014766,0.069223
-0.018692,0.01623,0.0093177,-0.009792,0.014087,0.015604,-0.017266,-0.0051032,-0.014243,0.026623,0.052727,-0.0035239,0.0050015,0.060538,-0.0056601,0.011928,-0.0075381,0.014613,0.025741,-0.016588,0.075034,0.085593,0.02339,0.014236,-0.011957,0.011849,0.012881,-0.0035873,-0.01741,0.045526,0.0047194,0.0074375,-0.0041788,0.0053325,0.048421,0.04518,0.041162,0.023354,0.047172,0.014819,0.023491,-0.013719,0.043657,0.006507,0.064999,-0.010939,0.040004,0.012334,0.057905,0.044044,0.011724,0.0059023,0.02472,0.051874,0.038667,0.076339,0.073207,0.061128,-0.019546,0.021664,-0.00097265,0.021908,0.029921,0.0050236,0.00023085,0.024608,-0.015313,0.061318,0.057537,0.048468,0.023349,0.036829,0.031896,0.065778,0.023627,0.017938,0.019758,0.012239,-0.034721,0.033265,0.060693,-0.0071562,0.053621,0.0093328,0.059092,0.0093609,0.052626,0.070977,0.029835,0.022996,0.0080711,-0.013119,0.019871,0.052056,0.016833,0.012557,0.044826,-0.0076067,0.038904,-0.0021382
0.0082445,0.03691,0.016931,0.0073895,0.01604,0.018565,0.0027995,0.014744,0.040948,0.023426,0.027989,0.050915,0.019606,0.034559,-0.025208,-0.035884,0.037591,-0.0073589,0.049494,0.038945,-0.031155,-0.0045181,0.032144,0.026693,0.0011291,-0.0026346,-0.0038878,0.00073267,0.025974,0.024307,-0.01265,0.015122,0.044376,0.036833,0.023929,0.020422,0.022553,0.023816,0.044868,0.0014572,0.002729,0.017058,0.059504,0.040646,0.036173,-0.0036373,0.043578,0.0017457,0.031873,0.06976,0.0030506,0.02602,0.04658,0.037279,0.0029395,0.0078199,0.022629,0.015199,0.02005,0.049702,0.053199,0.082873,0.023255,0.04224,0.079403,0.021311,0.019864,0.054051,0.015869,0.035005,0.059322,0.012148,0.05486,0.04553,0.0070269,0.010208,-0.013733,0.067183,0.005928,-0.0061728,0.040923,0.043882,0.0036448,-0.0032467,-0.0078479,0.028526,0.038455,0.033331,0.0030266,0.0094826,0.051479,0.030403,-0.015054,0.019271,0.073618,0.039231,0.021452,0.0050776,0.057787,0.05292
-0.038386,0.0069439,0.0093811,0.016764,0.021886,0.016487,0.051647,0.032268,0.013102,-0.0081723,0.017663,0.028751,0.051791,-0.0034415,0.052208,0.02794,0.032322,0.01213,0.050633,-0.0075976,0.033557,0.026733,0.027563,-0.0020944,0.029025,0.014358,0.0055595,-0.048869,0.026717,0.020403,0.074337,-0.0026823,0.036759,0.01517,0.036688,0.040236,0.0041952,0.034476,0.010738,0.020237,0.041695,0.015631,0.00046428,0.0022023,0.017959,0.011244,0.059708,0.0064077,0.036038,0.016806,-0.017465,0.024339,0.02889,-0.002293,0.036237,0.090002,0.030073,0.04904,0.023662,0.026936,0.043818,0.026629,0.020307,0.069921,0.029761,0.023719,0.034944,0.010676,0.025732,-0.0080709,-0.009971,0.027931,0.0094745,0.008717,0.045135,0.015807,0.061355,-0.022489,-0.00010242,-0.026596,0.047214,0.028856,0.03434,0.016546,0.026373,-0.014961,0.064132,-0.0051673,0.055076,0.01477,0.015903,0.079832,0.070029,-0.00099527,0.048739,0.069133,0.0027566,0.067443,0.055285,0.0026025
0.0077713,0.011259,0.0026091,-0.040076,-0.013216,-0.02507,0.0097204,0.0085127,-0.014043,0.022863,0.016427,0.003647,0.0018639,-0.00096668,0.015685,0.047228,0.064998,0.077467,0.011333,0.0010666,0.0026261,0.029421,0.042411,0.0056603,0.006398,0.013391,0.034048,0.084361,0.033297,0.049982,0.0041045,0.010202,0.025138,-0.013752,0.019195,0.011816,0.021966,-0.018841,0.05015,0.027008,0.054332,0.027177,0.0096839,0.033621,0.033221,0.025175,0.0041202,0.051776,0.0094012,0.025115,0.020824,0.048197,0.018523,0.037471,-0.015244,0.012551,0.0031803,0.017956,0.0051683,0.010327,-0.00025974,0.075089,-0.0013076,-0.010408,0.045265,0.006755,0.053183,0.01643,0.037162,0.03265,0.012693,0.046357,-0.0064094,0.019812,0.011582,0.0019761,0.042848,0.034761,0.003814,-0.00028094,0.044544,-0.00048223,0.032316,0.056906,0.020139,0.014759,-0.009497,0.020938,-0.0087246,0.035379,-0.031301,0.02215,0.036889,0.083337,0.016624,0.013133,0.04358,-0.026855,0.022653,0.058788
-0.0078676,0.0063761,-0.0090889,-0.0026731,0.025022,0.0092832,-0.0063596,0.008968,0.031537,-0.012889,0.054881,-0.030504,0.0035017,0.008114,0.026179,0.084636,0.039878,0.051982,0.060287,0.041379,0.088789,0.014774,0.050818,0.04236,0.020159,0.046891,0.028034,0.030503,0.02451,0.042069,0.0078961,0.016204,0.031137,0.04005,0.04129,0.062736,0.067008,0.031028,0.013956,0.027719,0.046651,0.010487,0.025618,0.079737,0.032916,0.032474,0.019012,0.010368,-0.0018075,-0.0057953,0.017652,0.04627,0.020455,0.0096349,0.024533,0.010484,0.039578,0.053095,0.026129,0.058959,0.016782,0.025113,0.04672,0.02577,-0.0093931,0.027956,0.072887,0.019191,0.031793,0.044868,0.050884,0.0052682,0.043601,0.045074,0.030847,0.0092408,0.030261,0.01825,0.040763,0.082682,0.021712,0.00050409,0.012637,-0.019053,0.059547,-0.013753,0.050968,0.013497,0.066879,0.035535,0.016627,0.021333,0.015945,0.035814,0.032779,0.029729,0.064441,0.011085,0.024183,0.011558
-0.0028075,-0.0094409,-0.033076,0.02142,0.016337,-0.0075699,-0.0036466,-0.013589,0.0081922,-0.010892,-0.0018549,-0.00012659,0.021682,0.012773,0.055439,0.041926,0.0087122,0.072348,0.056378,0.0043635,0.018507,0.012931,0.060998,-0.0037075,0.040188,0.015919,0.028087,-0.012678,0.024543,0.0032424,0.047606,0.012323,0.038131,0.043147,0.043178,0.038328,0.027151,0.031012,-0.0096288,0.015379,0.046037,0.040179,0.026608,-0.00087851,0.051316,0.027208,0.027809,0.0095029,0.064248,0.051942,-0.01421,0.071543,-0.0028941,0.014464,-0.0095026,0.032937,0.010973,0.0095225,0.021121,0.017651,0.0013218,-0.0055158,0.085942,0.0036595,0.048102,0.018574,-0.036043,-0.015131,0.044594,0.018369,0.041216,0.019332,0.032911,0.048796,0.063916,0.022631,-0.0024226,0.056135,0.035026,0.014719,0.012077,0.026794,0.016862,0.020572,-0.032208,0.033895,0.041259,-0.0010567,0.069517,0.035819,0.013034,-0.0087867,0.037639,4.9638e-06,0.09194,0.040669,0.054437,-0.00082185,0.018869,0.015089
0.017441,0.0057897,0.030049,0.0045943,0.0099068,-0.014715,0.0073634,-0.0087344,-0.010568,0.063742,0.0061696,-0.0028918,-0.0024832,0.02601,-0.013461,0.058759,0.031832,0.026376,0.016152,0.04478,0.046763,0.02364,0.021423,0.018795,-0.00078664,0.055244,-4.3802e-05,0.02453,0.040056,0.041104,0.01636,-0.012033,0.0395,0.0034275,0.022328,-0.0094498,0.05496,0.016757,0.021557,0.00033253,0.016834,0.012305,0.026203,0.023292,0.042931,0.014686,0.03085,0.026957,0.069195,-0.020898,0.026471,0.040588,0.016774,0.058201,0.0048583,0.010167,0.031732,0.021049,0.0019169,0.017713,0.015038,0.03849,0.011059,0.04203,0.056636,0.044059,0.018083,0.0036615,0.037425,0.0054343,0.041232,0.045234,0.024995,0.02569,0.012624,0.038405,0.032539,-0.0081381,0.025127,0.062752,0.039183,0.01155,0.022281,0.023002,0.047368,0.033959,0.045159,0.086447,-0.013343,0.0067764,0.04225,0.021995,0.057545,0.034008,0.051427,0.010997,0.051807,0.038887,0.032629,0.041262
-0.014993,0.023904,0.0078113,0.022545,0.019413,0.039056,0.029016,0.027656,0.079967,-0.00033421,-0.0098872,0.011384,0.029769,0.0017062,0.023902,0.058358,0.054618,0.020186,0.027632,0.067215,0.027202,0.041995,0.043578,0.0057136,-0.0071168,0.018645,0.038816,0.0394,0.058494,0.045374,0.05384,0.013395,-0.020108,0.025822,0.079171,0.047029,0.051663,-0.0035611,0.029652,0.040107,0.0043981,0.028685,0.028851,0.048979,0.078617,0.02157,0.061873,-0.0036887,0.027708,0.053143,0.055693,0.033305,0.042501,0.035422,0.0051105,0.015848,0.028142,0.049456,0.010303,0.057913,0.013743,0.037566,0.046384,0.085173,0.04035,0.022537,0.019144,0.049933,0.03201,0.031023,0.039113,0.030289,0.024619,0.060286,-0.0031525,0.046669,0.045215,0.02179,0.03472,-0.0074921,0.051846,0.031237,0.012458,0.064835,0.027867,0.010183,0.0041649,0.015756,0.024086,0.021771,0.027698,0.033041,-0.0029294,0.035548,0.040438,0.022888,0.047688,-0.016324,0.010247,0.03545
-0.019083,0.015816,0.0059939,-0.011432,0.031642,-0.017243,0.01106,-0.016396,-0.0048819,0.031439,0.023286,0.014601,0.039074,0.052692,0.026212,0.0045096,0.026825,0.0093545,-0.02855,0.0052509,0.024184,0.025802,0.086973,0.018274,-0.0093088,0.034981,0.042275,0.033536,0.049671,0.0588,0.0059969,0.052187,-0.0090213,0.037095,0.021467,0.0075736,0.014548,0.010475,0.005362,0.029854,0.057244,-0.00097172,0.044401,0.039449,0.052144,0.037941,0.041508,-0.005219,0.013756,0.021157,0.046842,-0.0042846,0.034653,0.040043,0.049232,0.050129,0.054987,0.063302,0.014422,0.0035483,0.023506,0.043368,0.016284,-0.025427,0.028151,-0.0048918,-0.015365,0.0099865,-0.0063016,-0.0088619,0.0089048,0.018441,0.021387,0.024384,0.022959,-0.011096,-0.0013913,-0.0043714,-0.0027937,0.027761,0.010983,0.015232,0.053649,0.01022,0.030405,0.071173,0.041196,0.032234,0.02224,0.0030664,-0.014862,0.047845,0.064372,0.038337,0.0018072,0.041734,0.0069135,0.055818,0.054007,0.021997
0.028131,0.040264,0.013392,0.024204,0.058942,0.012466,-0.0023723,0.032528,0.0082199,-0.0020566,0.057322,-0.016859,-0.00051753,0.0011168,0.042636,0.04203,0.070695,0.064509,0.063206,0.030025,0.036268,0.042079,0.0040978,0.013454,0.010981,0.030304,0.058095,0.031304,0.016596,0.082248,0.0055933,0.02492,0.078523,0.038719,0.0017823,0.049365,-0.024563,0.043412,0.023799,0.012024,0.031896,0.036581,0.067578,0.01378,0.05434,0.034281,0.02718,0.016156,0.023768,0.035791,0.021505,-0.0035764,0.013422,0.013835,0.034834,0.074566,0.0018047,0.020777,0.082698,-0.011985,0.020039,0.0087986,0.0047153,-0.01748,0.0057225,0.039066,0.054707,0.023198,0.059964,0.030823,-0.023123,0.0050383,0.045587,0.0065227,0.028263,0.019776,0.026939,0.023699,0.011365,0.048895,0.0070036,0.013968,0.0078203,-0.016693,0.033792,0.038923,0.007209,0.01744,0.03807,0.034432,0.019087,-0.0065851,0.038983,0.042086,-5.4204e-05,0.0080828,0.047803,0.031732,-0.010903,0.031456
-0.028563,0.01046,0.004019,0.024534,0.0050572,0.028228,0.042089,0.055133,-0.0087346,-0.019603,0.028367,0.038494,0.011934,0.0058469,0.051909,0.042978,0.021535,0.011701,0.027474,0.056241,-0.0048341,0.057564,0.036618,0.034975,-0.0061319,0.0013583,0.017378,0.0086548,0.051811,0.06934,0.018902,0.016256,0.04853,0.0155,0.010638,0.025455,0.026122,0.040838,0.011935,0.049171,0.05635,0.032011,0.051119,0.021763,0.036954,0.0056907,0.032277,0.039497,-0.009945,-0.011689,0.034652,0.041392,0.028066,-0.0047317,0.027889,0.037746,0.071642,0.022255,0.022079,0.01017,0.016648,0.048244,0.011065,0.036964,0.031916,0.080834,0.02655,0.049756,0.050982,-0.01016,0.031282,0.02083,0.023811,-0.0043117,-0.0086763,0.032119,0.078993,0.026175,0.0029193,0.024628,0.013559,0.051992,0.0018659,-0.0029957,0.019299,0.041016,0.030868,0.0082336,0.062469,0.037079,0.028635,0.028045,0.038866,0.0030049,0.028718,0.027398,-0.0040661,0.032639,0.034439,0.045778
0.03117,0.0023211,0.063259,-0.0087959,-0.017934,0.0021708,0.028622,-0.015481,0.00069216,0.002674,0.01271,0.052655,0.028622,0.077744,0.038124,-0.023283,0.046471,0.0030968,0.020109,0.026829,0.016667,0.0048016,0.00023445,0.010365,0.037434,0.024159,0.012906,0.054839,0.035455,0.015081,0.0028595,0.06015,0.060384,0.013498,0.039349,0.044185,-0.0079608,0.022379,0.011504,-0.0087642,0.043711,0.050677,0.035555,0.056788,-0.0025812,0.056042,0.02885,-0.0086163,0.018977,0.016508,0.019208,0.032321,0.046223,0.051747,0.049066,0.0043371,-0.0057267,0.050868,0.036493,0.041175,0.037211,0.034777,0.024095,0.046552,0.05935,-0.0013061,0.016714,0.034597,0.035308,0.021547,0.05132,0.0059858,0.032568,0.045683,0.033857,0.0034024,0.011887,0.031604,0.057845,0.019246,0.02244,0.032777,0.038372,0.056018,0.034806,0.06296,0.0048614,0.041784,0.032175,-0.017218,-0.010692,0.030556,0.019482,0.026751,-0.014754,0.078672,0.016983,0.04864,0.048012,0.037854
0.048218,-0.031892,0.019638,0.028323,-0.02573,0.029713,0.0010978,0.011491,0.041043,0.047241,-0.0043309,0.011719,0.049338,0.0036641,0.057901,0.025196,0.066417,-0.016462,0.05587,0.055956,0.027927,0.0098424,0.033208,-0.00012935,-0.0034838,0.034761,0.052004,0.0097455,0.0095156,-0.0017794,0.040116,0.025424,0.035676,-0.0012975,-0.024141,0.072928,0.011231,0.047372,0.015664,0.019169,-0.0032139,0.058375,-0.001456,0.034102,0.021385,0.020426,0.014889,0.034175,0.039568,0.03999,0.013222,-0.0033306,0.01084,0.016667,-0.018849,0.017605,0.037273,-0.005075,0.062103,0.043055,0.020825,0.0024563,0.064685,0.034655,0.0034334,0.032168,-0.029373,0.042879,0.077566,-0.0077826,0.0059031,0.032203,0.01084,0.085414,0.019136,-0.015073,0.044873,0.037973,0.055355,0.051611,0.020658,-0.0080496,0.06088,0.0032904,0.047132,0.038369,0.0016663,-0.0023183,0.014495,0.01566,0.049827,0.04058,0.031438,0.038044,0.022264,0.0053575,-0.020829,0.037747,0.0040764,0.012061
0.024016,0.0029897,0.045625,0.035964,0.00034246,0.016829,0.054596,0.028467,0.019984,0.049962,0.0055707,-0.0042126,0.050492,0.0029912,0.037531,-0.017139,0.037224,0.018366,0.041348,0.011233,-0.010227,0.04079,0.0062067,0.067349,0.043335,0.028555,0.053886,0.024451,0.03293,0.031236,0.042622,0.074005,0.025421,0.032459,0.037359,0.040046,0.0064051,-0.011387,0.048256,0.0060323,0.052274,0.018998,0.01582,-0.0088043,0.029881,-0.0079377,0.014024,0.01776,0.011064,0.021651,0.020099,-0.0018295,0.0025758,0.031731,0.046602,0.031155,0.034254,0.028128,0.017295,0.061584,0.038953,-0.028925,0.022327,0.012031,0.082565,0.05031,0.029397,0.011739,0.0099216,0.05843,0.013692,0.02264,0.0024397,0.021855,0.04213,0.053842,0.033784,0.032567,0.0052704,0.0084062,0.041394,0.042363,0.003577,0.0079907,0.018671,0.0085911,0.048359,0.0039036,0.028715,0.043474,0.00031911,-0.021687,0.053684,0.0030441,0.027764,0.04532,-0.012499,0.044329,0.02877,0.073431
-0.014808,0.038752,0.015172,0.04596,0.02871,0.0088887,0.039221,0.014152,-0.01425,-0.021823,0.031099,0.039774,0.043893,0.048544,0.010295,0.033819,0.024182,0.041132,-0.0098296,-0.0080954,-0.0056095,0.016458,0.003147,0.017368,0.017028,-0.019149,0.050669,0.026496,0.069231,0.067988,0.022006,0.022501,0.026813,0.02489,0.045621,0.034923,0.0094036,-0.0029616,0.046556,0.074288,0.043049,0.064967,-0.00039784,0.029048,0.044992,0.04308,0.042459,0.012406,0.025647,0.029176,-0.012034,0.035279,0.019399,0.014811,0.0045559,0.010155,0.059209,0.028126,-0.032632,0.031885,-0.0051693,0.015222,0.042103,0.0071806,-0.011598,0.038155,0.011862,0.024569,0.057978,0.032098,0.018229,0.02405,0.0087006,0.043285,0.022271,0.0049155,0.049311,0.027382,0.033821,0.014391,-0.0041241,0.02599,-0.014773,0.026961,0.011516,0.023255,0.013132,0.049719,0.10111,0.016432,0.044347,0.029603,0.015864,0.043068,0.052123,0.061931,0.039252,-0.0040054,0.0059665,0.046947
0.0037906,0.018203,-0.035133,0.022176,0.03539,0.0089222,0.036616,0.0010227,0.022335,0.0092633,0.031815,0.0033519,-0.012847,0.013493,0.052267,0.0049886,0.04597,0.057648,0.011014,0.025746,0.047506,0.049016,0.012408,0.0072308,0.025143,0.018082,0.033329,0.0082193,-0.021012,0.061766,0.0034223,0.01781,0.01513,0.059012,-0.0012681,0.056744,0.04026,0.027327,0.021655,0.011488,0.022377,0.055264,-0.00083126,0.060986,0.049271,0.043103,0.014623,0.042599,0.0206,0.057428,0.020693,0.015177,0.020075,0.050552,0.01674,0.035882,0.0094959,0.020515,0.03293,0.014014,0.027879,0.039742,-0.011869,0.041702,0.012303,-0.02834,0.039514,-0.033969,0.031402,0.027106,0.047949,-0.027367,0.047613,0.037613,0.0081112,0.037081,0.030412,0.033419,-9.9845e-05,0.038207,-0.014511,0.064548,-0.01688,0.017567,0.030982,-0.000799,0.018868,3.8314e-05,-0.018962,0.021745,0.047199,0.036085,0.047124,0.030943,0.053479,0.056109,0.015045,0.0085134,0.036092,0.0027286
0.012319,-0.0045767,0.021919,0.004046,0.023301,-0.0094762,0.017079,0.033447,0.051598,-0.012721,0.044622,-0.0028553,-0.026174,0.031967,0.022145,0.063096,0.011355,0.041009,0.019203,0.057371,0.081058,0.0084078,0.039219,0.045431,0.051847,0.0024768,0.056777,0.030141,0.023022,0.018185,0.0051729,0.028597,0.02669,0.027635,0.00038802,0.023272,0.018567,0.018714,0.018588,0.025701,-0.0071065,0.038981,0.013867,0.019518,0.0057035,-0.0018807,0.045557,0.065187,-0.0076801,0.027654,0.0041828,-1.6428e-05,0.060257,0.026426,0.013349,0.024782,0.015618,0.015622,0.027949,0.046458,0.035327,0.013152,0.039244,0.010018,0.03987,0.015242,0.052244,-0.0096293,0.060981,0.058112,0.029735,0.023532,-0.018562,0.0048186,0.018999,0.022832,0.056567,0.0046242,0.0043745,0.032994,-0.013755,-0.0057334,0.021443,0.027562,0.038604,-0.014936,0.02936,0.010212,0.025446,0.044012,0.016229,0.011653,-0.0082169,0.048239,0.043492,-0.00043541,0.036473,0.045948,0.013792,0.00534
-0.034904,-0.021055,0.0062755,0.0079732,0.011316,0.015383,0.023751,0.075113,0.06983,0.0010609,0.023009,0.056284,0.014963,-0.00093026,0.023691,0.021816,0.025508,0.040671,0.021641,0.011081,0.04919,0.022537,0.073294,0.047733,-0.00062673,0.043249,0.043573,0.050611,0.035965,-0.0006221,-0.0080505,-0.0060773,-0.0075698,0.043742,-0.017167,0.047132,0.024618,-0.00078805,0.010192,0.019806,0.014613,0.055031,0.04362,0.043663,-0.0031204,0.018965,0.0058662,0.032804,0.026116,0.033859,-0.024601,0.0079146,0.036747,0.049558,0.060396,0.025291,0.027064,0.024587,0.010829,-0.013575,0.021238,0.021545,0.03302,0.0073787,0.028207,0.032073,0.036229,0.045819,0.028869,0.027893,0.062596,-0.011295,0.031302,-0.031881,0.058134,-0.0078905,0.041336,0.0034764,-0.011269,0.018367,0.044889,0.048859,0.0043112,0.0045437,0.056482,0.0093373,-0.012604,0.047382,0.038842,0.03,-0.038892,0.020302,0.03483,0.056682,0.0057581,-0.01976,0.028333,0.020362,-0.014085,0.050401
0.0016717,0.01755,-0.0089581,-0.045945,-0.022797,0.0045693,-0.0052071,0.015208,0.034145,0.042226,0.0060796,0.027764,-0.0015861,0.026001,0.035065,0.037564,-0.011354,0.0040896,0.024674,0.034102,-0.0019481,0.0636,0.012105,0.014592,0.036554,0.038838,0.019183,0.0082684,0.013754,0.025481,0.0017657,0.036628,0.027694,-0.0093834,0.025771,0.075505,-0.005868,-0.0067259,0.0067572,0.024167,0.038343,0.028996,0.03973,0.023346,0.0018804,0.030139,0.070257,0.041229,0.019574,0.03522,0.05173,0.0099756,0.046403,0.027123,-0.023677,0.0054298,0.020886,0.05267,-0.00032358,0.064105,0.023721,0.028845,0.018515,0.02421,0.058302,0.059367,0.030418,0.069671,0.027793,0.072481,-0.0053486,0.00085732,0.048254,0.031688,0.048596,0.059789,-0.014221,0.018778,0.014588,-0.015809,0.0088599,0.038599,0.049176,0.01449,-0.0016553,0.025818,0.037291,0.018064,0.015159,0.029934,0.0050256,0.046474,0.042247,0.048862,0.020054,0.019225,0.068701,0.05524,0.05978,0.022615
0.012707,0.048839,0.0045293,-0.018709,0.027332,0.037083,0.013427,0.010911,0.0038074,0.0013862,0.018536,-0.017039,-0.016352,0.028373,0.0046577,-0.01327,-0.020123,0.016924,0.0043257,0.033392,0.019144,-0.014491,0.039468,0.016955,-0.024374,0.078172,0.042115,0.013613,0.0085041,0.032346,0.035763,-0.026229,0.010375,0.0026874,0.023507,0.024266,0.052785,0.011124,0.039426,0.040593,0.021464,0.0073756,0.019833,0.0039609,0.034308,0.03036,0.048553,0.017396,-0.018571,-0.00032439,0.0062767,0.025354,-0.0057481,-0.010662,-0.0081872,0.02291,0.0053921,0.0079872,-0.0055741,0.027351,0.010336,0.0086649,-0.028784,0.044843,0.012119,0.020042,0.014518,0.037847,0.0070019,0.010214,-0.021595,-0.003561,0.021958,0.037364,0.015121,-0.042607,0.038341,0.0033272,0.041192,0.054918,0.026926,0.0065218,0.053801,0.045442,0.051033,0.021652,0.034325,0.020693,-0.0031826,0.078048,0.032466,0.020905,0.034369,0.022413,0.037997,0.021572,0.016479,0.032716,0.01333,-0.014009
0.014206,0.018045,0.066698,0.024965,0.033345,0.046002,-0.01118,0.022778,0.04281,0.036069,0.027682,0.015461,0.024191,0.018568,0.0096439,0.060747,0.042271,0.0053297,0.016935,0.065154,0.063398,-0.0047395,0.039553,0.010143,0.043531,0.0045577,0.069315,0.030611,0.056749,0.030419,-0.024002,0.024894,0.051154,0.050538,0.019329,0.049357,0.05667,0.046186,0.027205,0.01737,0.0098727,0.0063778,0.041203,0.053057,0.02963,0.038827,0.035247,0.031182,0.044591,0.0092652,0.01084,0.043991,0.016111,0.078787,-0.0053217,0.038382,0.019494,0.049639,0.0028764,0.048038,0.0080447,-0.0062453,0.051618,0.0061607,0.0062092,0.018335,0.057052,0.036767,2.3408e-05,0.072339,0.066619,0.0092615,0.020643,0.030322,0.041758,0.030688,0.024823,0.021225,0.020297,0.087994,0.038641,-0.0079014,0.049109,0.062793,-0.0015768,-0.0045875,0.027579,0.035308,0.0089327,0.032446,0.033743,0.0052379,0.023155,0.013016,0.030664,0.0033333,0.003003,0.021885,0.00049127,0.023945
0.01645,0.016092,0.046966,0.0059736,0.041095,0.0103,0.024749,-0.001219,0.036898,-0.0084423,0.026747,0.03102,-0.0032715,0.0095397,-0.029475,-0.014155,0.030113,0.023117,0.024537,0.02362,0.032088,0.013106,0.042901,0.04369,-0.00063016,0.050043,0.043492,0.018791,0.021711,0.029117,0.020062,0.021218,0.027666,0.094536,0.0031961,0.016135,0.065043,0.01922,0.053279,0.045082,0.042141,-0.00026272,-9.7006e-05,-0.009519,0.02085,-0.00097467,0.017887,0.027921,0.043407,0.013948,-0.0005541,0.022046,0.065904,0.0048141,0.010903,-0.00089706,0.0027433,0.0094211,0.037528,0.023402,-0.0030926,0.023582,0.031182,0.055171,0.053774,0.073518,-0.019697,0.020872,-0.019814,0.037528,0.054155,0.048057,0.011282,0.029693,0.0082875,0.049326,0.025759,0.033384,0.00059898,0.014676,0.034193,0.015474,0.054513,0.036651,0.0040184,0.062153,0.0075573,0.022536,0.024786,0.021026,0.063562,0.042195,0.050563,0.045242,0.04635,0.050046,0.0084431,0.025622,0.027958,-0.021466
-0.0087992,0.020933,0.011162,0.013718,-0.0021191,0.039571,0.0090189,-0.00072425,0.05376,0.026612,0.015844,0.0038657,0.042655,0.02217,0.040198,0.051472,0.0054453,0.047236,0.0024675,0.023936,0.038461,0.0059566,0.019401,-0.016852,0.0072374,0.019303,0.039413,-0.01144,0.011732,0.025102,0.044818,0.0738,0.0098524,0.019825,0.054162,0.024012,0.033964,0.048244,0.021195,-0.024886,0.046448,0.029262,0.061843,0.010493,0.0084495,0.062785,0.0048805,0.053546,0.079659,0.0024241,0.021005,0.035856,0.022449,0.018109,-0.024946,-0.00067959,0.033445,0.032927,0.023562,-0.012903,0.010342,0.026869,0.028038,0.011911,0.04355,0.020122,0.045734,0.016361,0.009532,0.011999,0.054642,0.020769,0.044621,0.02011,-0.00077894,0.0052026,0.023372,0.035568,-0.010538,0.015543,0.043276,-0.000382,0.010443,0.023137,0.041821,0.028572,0.00076738,0.033722,0.023935,0.020924,0.034857,0.066597,0.040232,-0.014687,0.052171,0.017064,-0.0089514,0.00033259,-0.01033,-0.0062738
-0.0050363,0.026747,-0.0013456,0.013048,0.053158,0.023132,0.037556,0.05445,0.034411,0.058708,0.038709,0.033022,-0.025018,0.019145,0.043427,0.028383,0.023823,-0.00049821,-0.00145,0.0075507,0.012211,-0.022268,0.024177,0.064908,-0.028584,0.030632,0.028549,0.037716,0.0040514,0.038676,0.0016733,0.040927,0.051625,0.040112,-9.7453e-05,-0.0003657,0.016761,0.035034,0.052947,0.010858,-0.010221,0.020608,-0.009319,0.029472,0.036815,0.0060649,0.015932,0.059989,0.0041525,0.011591,0.031077,0.0045095,0.019709,0.039926,-0.01563,0.040694,-0.0087789,-0.017798,0.041588,0.067703,-0.012019,0.010528,0.049943,0.060011,0.0036782,0.0046671,-0.021945,0.025529,0.0076196,-0.018791,-0.043584,-0.01413,0.027058,0.029806,-0.022566,-0.0072035,-0.024811,0.055774,0.008667,0.018781,0.0028336,0.01094,-0.00071605,0.060934,0.0062853,0.015761,0.036181,-0.0089556,0.032817,0.060748,0.020708,0.066463,0.032152,0.027582,0.057396,0.015682,0.043636,0.057087,0.0025461,0.016816
0.0054947,-0.011115,0.0024144,-0.016918,0.037983,0.030904,0.033147,-0.0020728,0.057611,0.035866,0.054597,0.042253,0.023047,0.044818,0.081138,0.035923,0.025091,0.001819,0.024458,0.064664,0.010598,0.037061,0.0070659,0.010648,-0.013967,0.01711,0.046104,0.012732,0.027786,0.022872,0.0097779,0.018319,-0.0051072,0.015893,0.0294,0.023658,0.077457,0.042725,0.013561,0.03142,0.032301,0.020417,0.019323,0.042525,0.054657,0.029767,0.07333,0.034918,-0.0017295,0.022749,-0.011203,-0.016524,-0.0027988,0.029945,-0.0080563,0.027085,0.071896,0.030334,0.034706,-0.020804,0.017353,-0.0013012,-0.017417,0.06465,0.022029,0.044898,0.045712,0.034066,0.022832,0.0059471,0.033276,0.026514,0.035616,0.029636,0.03704,0.059702,0.055705,0.016734,0.015529,0.055039,0.0085905,0.033796,0.0034227,0.027932,-0.01358,0.066381,0.025154,-0.0090916,0.041054,0.028593,0.0065602,0.062387,0.0082127,0.01828,0.077368,0.022848,0.030642,0.010692,-0.0019931,0.08603
-0.0028551,-0.016825,0.00092107,0.0064753,-0.018096,0.023219,0.0037439,0.0032769,-0.00035205,0.029091,0.022704,0.055007,0.038283,0.043903,0.04098,0.0071226,0.036368,0.02362,0.017014,0.0051219,0.027059,0.036794,0.070089,0.061575,0.048709,0.066465,0.05662,0.029989,0.025947,0.015388,0.056934,0.03558,0.031562,-0.0078599,0.043323,0.042113,0.018689,0.0022902,0.023066,0.045418,0.040842,0.030785,0.0023494,0.068329,0.01738,0.0095745,0.048888,0.036866,0.050371,0.011966,0.0017328,0.056555,-0.012807,0.03147,0.011919,0.045956,0.032321,0.069393,0.047913,-0.00844,0.044199,0.041642,0.050174,0.019267,0.037695,0.024366,0.038064,0.024188,0.04787,0.022958,-0.015222,0.0054108,0.067255,0.049878,0.028701,0.0042683,0.0081937,-0.0077339,0.032439,0.084364,0.024197,0.021963,0.021238,0.073218,0.013792,0.053453,0.00465,0.018357,-0.010746,0.037267,0.048476,0.057549,0.042242,0.0087599,0.053204,0.023093,0.032986,0.032626,0.010853,0.030723
-0.01205,0.011597,0.02636,0.042367,0.049724,-0.0016541,0.02898,0.0081799,0.072848,0.05902,0.023948,0.010511,0.030717,-0.003597,0.02869,0.028985,-0.032396,0.011907,0.019808,0.016126,0.026258,0.025286,-0.019033,-0.015069,0.0039985,0.023548,0.029678,0.00064445,0.012806,0.031855,-0.011602,-0.044953,0.013041,0.045365,0.023074,0.0062768,0.051001,-0.011461,0.032999,-2.752e-05,0.042652,0.06562,0.022104,0.0083014,0.0033215,0.025564,0.021854,0.046492,0.045032,-0.0069236,0.0088732,0.019116,0.0589,0.054729,0.05421,-0.024746,0.011548,0.039153,0.0042502,0.024604,0.077442,0.059211,0.033512,0.003202,0.031301,0.04528,0.047171,0.049774,0.068608,0.024287,0.021512,0.033249,0.010867,0.01831,0.046067,0.002866,0.027576,0.035565,0.024307,0.01145,0.015183,0.054555,0.020634,0.016707,-0.0075616,-0.024896,-0.035544,-0.010957,0.030689,0.013318,0.066914,0.047638,0.01909,0.04721,-0.0065031,0.026095,0.056224,0.023843,0.015457,0.04049
0.051632,0.029282,0.014391,-0.017045,-0.002488,-0.012898,0.018966,0.0027767,0.031366,0.0011469,-0.0050457,0.012878,0.030435,0.004888,0.06027,0.049823,0.052818,0.029328,0.0041245,0.0101,0.024151,0.035079,-0.011917,0.066938,0.035677,-0.0022957,0.036232,0.004117,-0.012954,0.015819,0.047547,0.0073704,0.057073,0.062082,0.049207,0.046953,0.035536,0.0091414,0.028479,0.040372,-0.0030575,0.068152,0.034459,0.025066,0.053484,0.035988,0.089323,0.017638,0.043999,-0.005756,-0.0086362,0.020418,0.02425,0.013892,0.024787,0.020694,0.043407,0.025176,0.023711,0.0048785,0.044931,0.039513,-0.0092658,-0.0038291,0.05198,0.049421,0.015763,-0.017438,0.069253,0.0070342,0.031862,0.083994,0.047641,0.040954,0.010695,0.017085,0.028923,0.034649,0.043735,0.0025424,-0.021935,0.011338,0.037515,0.070761,0.030622,-0.02005,0.037561,0.032337,0.015542,0.0059657,0.025517,0.045226,0.021219,-0.00047594,0.028388,0.033106,0.049162,0.030212,0.013555,0.049678
0.0030113,0.043717,0.0079262,0.022981,-0.0056391,-0.0044085,0.01721,-0.027082,-0.0097105,0.010605,-0.021967,0.0018085,0.0059948,0.025249,0.013414,0.056876,0.013447,0.0032511,0.0056143,0.030124,0.015839,0.017667,0.015034,-0.024496,0.033168,0.021356,0.074569,0.0084107,0.016279,0.006556,0.053928,-0.013904,0.05229,0.02161,-0.00082398,0.036429,0.043235,0.045655,0.026669,0.026012,0.033625,0.063084,0.030082,0.04201,-0.0055725,-0.012942,0.018345,-0.0020216,0.090497,0.045122,0.017117,0.022509,0.013848,0.015632,0.019643,0.013891,0.0049352,0.014995,0.067855,0.033645,0.013742,0.021842,0.023559,0.0020604,0.046295,0.026068,-0.021001,0.014447,0.043815,0.0073324,0.039563,0.045827,-0.0027506,0.036594,0.032203,0.043966,0.0042434,0.014871,0.026726,0.019541,0.019506,0.026895,0.033474,0.0037119,0.01775,0.0036499,0.0040663,0.02616,0.022617,0.06445,-0.011574,0.010539,0.026224,0.035341,0.03131,0.005651,0.0099602,0.021002,0.056856,0.022112
-0.012195,-0.014809,0.029032,0.016763,0.040589,0.029932,-0.0062008,0.023984,0.038736,0.059619,0.02869,0.011416,0.030455,0.0031402,0.050746,-0.00036584,0.027127,0.017439,0.026931,0.067819,0.038749,-0.0095281,0.0010097,-0.0037795,0.023265,-0.01125,-0.013728,0.06496,-0.032809,0.037072,0.044508,0.046435,0.049594,0.036721,0.057168,-0.0065753,0.080496,0.051437,0.014193,0.0055098,0.004803,0.02331,0.025183,-0.005325,-0.010238,0.0074165,0.015869,0.075465,0.035978,-0.009288,0.052713,0.042491,0.010768,0.0023702,-0.00022771,-0.0069261,-0.010476,0.0847,0.066465,0.035921,0.0064102,0.0056075,0.055331,0.07878,0.025362,0.011862,0.0060906,-0.034492,0.033499,0.079549,0.065938,0.044431,0.016542,0.037603,0.049258,0.062252,0.03009,0.030981,0.05921,0.0058967,0.003283,0.020568,0.030658,-0.0032867,0.015827,0.030638,0.0048403,0.061264,0.06283,-0.013754,0.02965,0.034153,0.023129,0.042886,0.023435,0.04836,0.021011,0.058325,0.048505,0.01223
0.0017651,-0.0022796,0.022938,0.029552,0.057307,0.027688,-0.035312,-0.010559,-0.020609,0.034493,0.022612,-0.0043036,0.024886,-0.0086464,0.021755,0.033197,0.042109,-0.021814,0.057268,0.0039019,0.0045743,-0.0092381,0.0059297,-0.018916,0.012545,0.016899,-0.0064258,0.048349,0.029066,0.046852,0.034963,-0.010921,-0.062194,0.042397,0.012018,0.0088838,0.030088,0.036106,0.064555,-0.0042155,0.0043483,0.046355,0.020534,0.045808,0.036144,0.052774,0.067607,0.039084,-0.00074909,0.013654,0.032101,0.046038,-0.0099194,0.011014,0.042171,0.0050779,0.011069,-0.002676,0.042002,0.035263,0.017673,0.020889,0.066684,-0.00091029,0.020181,0.019009,0.065442,0.019405,-0.0036108,0.031986,0.005261,0.022567,0.0078575,0.071832,0.01354,0.0065676,0.023242,0.0015661,0.025832,0.039809,0.033558,0.037567,0.050765,0.014811,0.05008,0.025478,0.034373,0.029654,0.028072,0.0048697,0.03123,-0.0070925,0.047512,0.023394,0.0055563,0.036742,0.043087,0.051396,0.020553,0.020512
0.018483,0.045991,0.014753,-0.042087,0.056138,0.026779,0.047526,0.0058065,-0.0060262,6.7189e-05,0.023145,0.043649,-0.00010777,0.012965,-0.00023851,0.0074097,-0.013842,0.014687,0.0078389,-0.021498,0.012607,0.010478,0.0031002,0.0050225,0.019091,0.024756,0.0030519,0.019409,0.021135,0.037843,0.0024796,0.044281,0.00039691,0.033902,0.022857,0.010493,-0.01361,0.030232,0.020103,0.0094648,0.015794,0.028937,0.003372,0.014891,0.051576,0.018584,0.02212,0.065657,-0.0085817,0.022931,0.074066,0.042971,-0.0075263,0.034144,0.053704,0.012757,0.040216,-0.018923,0.06173,0.024912,0.03425,-0.0038189,0.08548,0.020282,0.070501,0.032129,-0.002277,0.067405,0.0056465,0.022775,0.02063,0.061668,0.024989,0.070848,0.018603,0.053801,0.032933,-0.0024931,0.037921,0.034038,0.0070118,0.03641,-0.01732,-0.0064429,0.019022,0.070315,0.0063676,0.020918,0.045077,0.029334,0.057798,-0.010338,0.0083096,0.00274,0.016014,0.061754,-0.015414,0.036931,0.036899,0.017012
0.025234,0.0031806,0.011167,-0.023548,0.012057,0.0080938,-0.017952,0.026046,-0.013065,0.042891,-0.017792,0.040067,0.043895,0.019181,0.011268,0.0047589,-0.0091561,0.052794,0.038477,-0.0034044,-0.0075156,0.016474,0.050818,-0.033322,0.0061018,0.025943,0.056378,0.032614,-0.003696,0.043697,-0.013209,0.012926,0.092822,0.014554,0.065067,0.0030045,0.0080394,0.0065626,0.010121,0.03679,0.022484,0.022208,0.032013,0.014393,0.015269,0.01465,0.024204,0.019942,-0.00283,0.010549,0.015618,0.054691,0.0047248,0.0039059,0.020686,-0.0025611,0.034132,0.03414,0.049528,0.0019163,0.032251,-0.012125,0.0073499,0.027331,0.0025424,0.053264,0.062233,-0.00043867,0.047892,0.054368,0.020148,0.044487,0.041006,0.05125,0.025227,0.038656,0.04859,0.042015,0.028132,0.023738,0.063076,0.031051,-0.038641,-0.0059216,-0.01529,0.024582,0.037508,0.04233,0.069435,0.011573,0.070062,0.011869,0.0076602,0.0073744,0.023792,0.050207,0.0035007,0.016645,0.051447,0.032242
0.011905,0.022628,0.015885,-0.02498,-0.013877,-0.0020147,0.033266,0.029928,0.0048684,0.031053,-0.01175,0.021071,0.003244,-0.0079424,0.024968,0.016802,0.045097,-0.0038907,0.0082501,-0.018556,0.041624,0.046023,0.060194,0.0072618,0.00072637,0.043038,-0.0040768,0.0090898,-0.0010585,0.0039088,0.032465,0.00084008,0.076658,0.041041,-0.0099645,0.011963,0.054879,0.056612,0.017708,0.059114,0.024628,0.010797,0.047401,0.01633,0.058911,0.0090885,0.030447,0.024464,0.055108,0.014386,0.040485,0.019744,0.033036,0.014943,0.016427,0.0091027,0.0049506,0.002007,0.048746,0.026704,0.026614,0.0061696,0.043791,0.027756,0.047409,0.016905,0.010593,-0.0027906,0.042375,0.017781,0.045004,0.051827,0.0021643,0.022045,0.013574,-0.049369,0.01153,0.016234,0.070382,0.052254,0.0086468,0.039424,0.056797,-0.0021984,0.026119,-0.0050291,0.026218,0.088284,0.028641,0.036305,0.057493,0.021084,0.043782,0.04394,0.019596,0.019383,0.011859,0.036506,-0.025181,-0.0076467
0.01431,0.0099935,-0.045472,0.0070157,0.033636,0.021555,0.03437,-0.021053,-0.0054338,0.01303,0.026068,0.0011205,0.058149,0.036488,0.068757,0.023125,0.04016,0.077775,0.045936,0.026663,0.013576,0.03673,-0.0090901,0.051211,0.025178,0.0088674,0.012167,0.0019572,0.046393,0.027098,0.0020483,0.0050198,-0.0097788,0.082077,0.033088,0.0066049,0.0031212,-0.0085468,0.050642,0.011429,-0.00071698,0.026941,0.023887,0.049963,0.025518,0.055726,0.023643,0.025833,0.024473,0.059363,0.057413,-0.0081334,0.047723,-0.0040085,0.059787,0.0031676,0.006692,0.044785,0.022554,0.03991,0.016959,0.070918,0.035432,0.014769,0.064053,0.072908,0.043372,0.0062586,0.049582,0.0095075,0.025327,0.061373,0.02072,0.031719,-0.0028328,0.059324,0.050301,0.024455,0.028937,0.072385,0.041536,-0.015617,0.0023259,0.037676,0.074119,0.033066,0.033765,0.048393,0.03334,0.043983,-0.0057706,0.0033299,0.04634,0.033264,0.022845,0.030273,0.011797,0.0086173,0.014134,0.014176
-0.016949,0.026374,0.0073222,0.0086967,-0.0039452,-0.016667,0.054258,0.035763,-0.0058042,-0.012854,0.0041834,0.025149,0.0092279,0.0056733,0.073168,-0.00085497,-0.022158,0.01934,0.033756,0.050262,0.012453,0.0081346,0.074465,0.015345,0.026287,-0.003422,-0.0065489,0.029924,0.016329,0.043508,0.030984,0.034806,0.0017224,0.036299,0.0060756,0.029471,0.070072,0.022133,0.02909,-0.0087636,0.016408,0.049492,-0.012794,0.024343,0.023278,0.0080839,0.042794,0.038945,0.065397,0.011005,-0.0068034,0.028658,0.02312,0.035805,0.013536,-0.018226,0.024349,0.0072398,0.04721,0.043464,0.019713,0.0097168,0.037069,0.044954,0.03073,0.026385,0.030471,0.0069476,0.035138,0.04482,0.045566,0.056719,0.055446,0.024249,0.0085162,0.044151,0.049278,0.0634,0.02527,-0.0065838,0.044804,0.039342,0.026864,0.0074912,0.032552,0.02847,0.021451,0.057651,0.038828,0.01635,-0.013844,0.036888,0.022801,0.045408,0.06068,0.043901,0.023411,0.01836,0.03699,0.034732
-0.047886,-0.020498,0.039873,-0.00022657,0.010832,-0.017252,0.027009,-5.2123e-05,0.0043058,-0.01786,0.015855,-0.0048909,0.0036885,0.03112,0.0014484,-0.0076115,0.0033092,0.01307,0.025766,0.0075396,0.029103,-0.027177,0.0011683,0.039475,-0.016458,0.058758,0.044785,-0.013537,0.033129,0.030627,0.057133,0.07582,0.037139,0.0009509,0.092025,0.01852,0.052214,0.043345,-0.013688,0.0052985,0.010136,0.0070469,0.017034,0.018226,0.0056685,0.064845,-0.0059352,0.057421,0.00087678,0.061393,0.0039877,0.041575,0.029964,0.043661,0.023578,0.029015,0.01721,0.063685,0.024032,0.020192,0.029198,0.038938,0.032938,0.020232,0.036555,0.008084,-0.0080303,0.0080233,0.005574,0.02624,0.054458,0.055425,0.030996,0.055631,-0.015218,0.043272,0.018374,0.040164,0.022661,0.022557,0.070721,0.01622,0.035707,0.012541,0.02705,0.058056,0.022163,0.056481,0.028734,0.020224,0.037799,0.0078037,0.011855,0.034869,-0.0054173,0.012691,0.047511,-0.010649,0.039426,0.06436
0.011065,0.024444,-0.0097905,0.0094215,0.034251,-0.0096728,-0.009628,0.06152,0.031335,0.0057835,0.0036009,0.030306,-0.0047494,0.050736,0.012109,0.09226,0.030203,-0.0030191,0.027616,0.011342,-0.018791,0.0011961,0.063372,0.046565,0.028996,0.022084,0.038182,0.015221,0.036657,-0.024668,0.06674,0.045214,0.051444,0.0083662,-0.0027974,0.04148,0.010942,0.037835,0.021982,0.021181,0.014963,0.031617,0.028661,0.071889,0.044387,0.045407,-0.014346,0.039973,0.025879,0.034999,0.045943,0.050765,0.015145,0.034975,0.018567,0.045077,-0.0055796,0.0596,-0.035514,-0.0071597,0.02306,-0.0024161,0.057577,0.027477,-0.028603,0.047928,0.059436,0.037959,0.0092793,0.054057,0.019421,0.028645,0.071343,0.058125,0.0081415,0.041038,0.076103,0.060894,0.045369,-0.0058567,0.022142,0.030456,-0.045221,0.020535,0.0036593,0.049105,0.024196,0.011891,0.003384,0.034811,-0.0059688,0.023163,0.016251,0.076179,-0.015434,0.033847,0.058181,0.009316,0.032663,0.031017
0.0030959,0.010647,-0.0070373,0.016238,-0.0074924,8.1703e-05,0.00083292,0.04927,0.028851,0.014315,0.0032558,-0.023559,0.011085,0.025433,0.0049744,0.024627,0.055104,0.014828,0.028593,-0.0011992,0.027141,0.07845,0.047876,0.0089926,0.051093,0.017731,-0.032113,0.02321,-0.0002443,0.019819,-0.0080608,0.045736,0.024008,0.0065636,0.029229,0.018617,-0.0026543,0.044007,0.041902,0.046869,0.024838,0.014464,-0.013467,0.019622,-0.033434,0.052975,0.034421,0.014707,0.0044114,-0.012363,0.04113,0.017806,0.0073235,0.01473,0.031263,0.02558,0.034782,0.04158,0.030299,-0.034518,-0.0036916,0.063279,0.017055,0.014276,0.0027121,0.069167,0.0049679,0.079212,0.028993,0.0081382,0.088674,0.0037021,0.035114,0.050409,0.039859,0.01756,0.055274,0.051386,0.040797,0.017921,0.037691,0.081164,0.053484,0.015896,0.053607,0.067223,-0.0033785,0.065873,0.039918,0.05306,0.01853,0.043458,0.0026589,0.020474,-0.022766,-0.0041512,0.022968,0.017015,0.02097,0.023693
0.030947,-0.005427,-0.012505,-0.0052389,-0.056228,0.033576,0.013096,0.021774,0.018645,0.011063,0.032834,0.0079304,0.026921,0.028516,0.014526,0.051466,0.037503,0.0021419,-0.011377,0.014598,0.080922,0.010466,0.050867,0.020437,-0.02027,0.033972,0.0052777,0.050772,0.047021,0.058888,0.005648,0.071964,0.0015737,0.059788,-0.011578,0.018992,-0.00067394,0.019905,-0.0038034,-0.019345,-0.013252,0.0049004,0.0040235,-0.026949,0.014305,0.05106,-0.0074672,0.0037425,0.030359,-0.0072558,-0.0010608,0.041822,0.04014,-0.015962,0.011721,0.025129,0.0012098,0.02846,0.053142,0.051097,0.022836,0.054578,0.031596,0.021862,-0.0048215,0.04751,0.0021073,0.040099,-0.0035864,0.066103,0.0070901,0.026353,0.026835,0.033612,0.032442,0.014387,0.042659,0.033998,0.025836,-0.012957,0.0402,0.037412,0.045197,0.035685,0.019379,0.0020266,-0.016933,0.050781,0.042464,0.030669,0.056078,0.023155,0.027755,-0.014303,0.021018,0.039363,0.040323,0.0066963,0.002777,0.041381
0.021095,-0.0068881,0.0016408,0.012197,0.017321,0.041489,0.056431,0.020506,0.0066583,0.0056517,0.018391,0.0057934,0.011133,0.032803,0.038123,0.047164,0.034248,0.042741,-0.0046834,0.0088159,0.010879,0.024836,-0.003028,0.035829,0.036471,0.013375,0.0013465,-0.0052576,0.036349,0.0025258,0.011325,0.049377,0.03711,0.0048801,-0.0042304,0.0095921,0.031638,0.027086,0.0096953,0.047334,0.034214,0.03538,-0.0035137,-0.0067193,0.079686,0.0084755,0.049439,0.045015,0.029329,-0.021513,-0.00623,-0.025872,0.029311,-0.0014627,0.037042,0.039261,-0.0058209,0.0062725,0.019117,0.023314,0.026119,-0.016767,0.033713,0.037239,0.046175,0.012896,0.046814,-0.021479,0.02093,0.017986,-0.019901,0.051105,0.065028,0.028182,0.052998,0.043039,0.0013054,0.015506,0.042068,0.040443,0.038111,0.070927,0.062058,0.051469,0.049297,0.015139,-0.0020658,0.063579,0.057487,0.027791,0.03131,0.0087569,0.058962,0.053897,0.026888,-0.016827,-0.0025684,0.041331,0.046863,0.037635
0.0023918,0.0080062,0.035501,-0.023378,0.012911,0.042789,0.062324,0.022639,0.027794,-0.022153,0.013366,0.063803,-0.023043,-0.0073238,0.030072,0.026698,0.034967,0.023274,0.04903,0.034881,0.05895,0.04966,0.029052,0.033757,0.042147,0.019925,0.061856,0.0069721,0.046968,0.051742,0.036771,0.029418,0.029119,0.043719,0.069353,0.0087482,0.033261,0.013734,0.037788,0.021669,0.0042507,-0.033259,-0.00083704,0.040042,0.013102,0.021927,0.046576,0.025946,0.0034905,0.028611,0.029635,-0.0016771,0.041847,0.041112,0.030647,0.0059283,0.032144,0.019432,0.03541,0.0038964,0.028732,0.056125,-0.0016118,-0.0071723,0.0092899,0.04226,0.0063591,0.010214,0.067491,0.019689,0.050324,0.041032,0.01718,0.040336,0.00069137,0.054331,0.0036801,0.019265,0.060277,0.04384,0.025529,0.044166,0.0057085,-0.0045119,0.021617,0.016954,0.04237,0.06004,0.047236,0.007842,0.019913,0.019195,0.012513,-0.011967,0.046663,0.07117,0.0038849,-0.01186,0.0139,-0.0027444
-0.0059398,0.0075252,-0.036736,0.015047,-0.05129,0.01774,-0.00083934,0.011733,-0.0065102,0.0007672,0.034113,0.019091,0.0029464,0.019366,0.051814,0.032183,0.0611,0.032388,0.028898,0.039008,0.029002,0.019259,0.031986,0.010796,0.059389,0.039677,9.4756e-05,0.026797,0.0062619,0.00068134,0.055849,0.024833,-0.0019859,0.013222,0.0083486,0.018752,0.006673,0.069526,0.063568,0.046953,0.040416,0.014093,0.027335,0.025791,0.021269,0.067689,0.02011,0.0028385,0.053576,0.0065475,-5.9652e-05,0.077139,0.012293,0.026634,0.0078934,-0.0076247,0.035149,-0.0045673,0.046505,0.0086697,0.020561,0.012139,0.013751,-0.00014863,-0.0010999,0.064944,0.052582,-0.039152,0.035761,-0.0048712,0.045451,0.024526,0.025756,-0.0025355,0.062982,0.055387,0.010667,0.022087,0.0026563,0.026914,0.0358,0.020265,0.017079,0.043359,0.031272,0.038082,0.048162,0.073033,0.053041,0.060379,0.066724,0.068179,0.048117,0.042116,0.024286,0.034317,0.00028659,0.034631,0.061554,0.018872
0.010943,-0.010616,0.039668,0.043646,0.00048571,-0.010209,-0.012955,0.014659,-0.0083237,0.038282,-0.015789,0.042555,0.025969,0.013264,0.01246,-0.0027457,0.026818,-8.1999e-05,0.030463,0.025357,0.064666,0.047112,0.037235,0.038993,0.041133,0.10096,-0.043644,0.041713,0.028613,-0.010492,0.038809,0.013102,0.01539,0.0029568,0.019812,0.011202,0.0113,0.019012,0.0034995,0.0083275,-0.0033574,0.002667,0.040497,0.019144,0.017428,0.070684,0.0145,0.055026,0.042403,0.070745,0.067254,0.03673,0.0094075,0.018496,0.036984,0.033257,-0.027164,0.037353,0.017964,0.069687,0.040031,0.021362,-0.0094707,0.06338,-0.0058439,0.0085517,0.0085884,0.029688,0.043254,-0.014623,0.080894,0.023687,0.039295,0.027984,0.027634,0.0030156,0.018398,0.029399,0.056349,0.0686,0.013175,0.041901,0.069794,0.015535,-0.0045098,0.041768,0.0062208,0.022753,0.04385,0.047355,-0.0014132,0.027491,0.041379,0.05149,0.032369,0.036664,0.01839,0.031545,0.035129,0.038562
0.018615,0.00067531,-0.053991,0.025033,0.010233,-0.031338,0.0017626,0.018228,0.013165,0.0032896,0.027475,0.041965,-0.0088615,-0.012984,0.043687,0.014095,0.040595,0.024851,-0.018897,0.030885,0.03648,-0.018212,-0.0070332,0.0514,-0.012194,0.050906,-0.0010743,0.017934,0.00046823,-0.01719,-0.021084,0.042026,0.098623,0.005475,0.021628,0.016652,0.018945,-0.00034256,0.014866,-0.020827,-0.0023096,0.031735,0.045236,0.020656,0.032334,-0.038848,0.037081,-0.00080526,0.068413,0.0053791,0.022359,0.00062101,0.03222,0.064153,0.026504,0.039329,0.070393,0.04074,0.004494,0.015675,0.062532,0.031546,0.03747,0.068862,0.025407,0.024126,0.00070432,0.024453,0.050333,-0.00069929,0.039122,0.022899,0.03629,0.037971,-0.0023362,0.006106,0.0072718,0.056547,0.0047777,0.068983,0.052754,0.043819,0.041084,0.013794,0.017098,0.07018,0.02414,0.0019299,0.022427,0.015853,0.055253,-0.0087687,0.058578,0.039679,-0.0065338,0.07958,0.036005,0.042532,0.017207,0.0064878
0.004224,0.053383,0.0097801,-0.0078477,0.012263,0.05634,-0.0036805,0.016767,-0.0094278,0.025377,0.015179,0.013473,0.026956,0.012595,0.025491,0.034276,0.058216,0.03692,0.017587,0.058722,0.031095,-0.0018763,-0.010039,-0.0045928,0.010275,0.060771,0.0090208,0.020302,0.055304,0.044438,0.014421,0.01076,0.0053008,0.070419,-0.0035888,0.00028202,0.041872,0.09482,0.01442,0.023003,0.0024907,0.0020372,0.043497,0.041758,0.023488,0.029235,0.016103,0.0213,-0.00074479,0.026626,0.027383,0.012418,0.010753,-0.0050542,-0.0016306,0.00075109,0.01496,0.037999,0.062393,0.042477,0.020655,0.0005604,0.01594,0.0141,0.028804,0.014056,0.021572,0.021006,0.01757,0.054181,0.0020227,0.021672,0.0056461,0.044935,0.024528,0.042183,0.027014,0.028704,0.015204,0.05922,0.020613,0.053323,0.020911,0.053681,0.040233,0.041139,0.017691,0.023509,0.0091922,0.0059915,0.068643,0.041434,0.035568,0.00072385,-0.00681,0.028515,0.031448,0.0012112,0.030965,0.045723
0.0054809,0.0072997,-0.0020346,-0.042421,0.040401,-0.020303,-0.0089801,-0.0077189,-0.011695,0.012032,0.035825,0.014976,0.060766,0.011737,0.024812,-0.004044,0.011174,0.013401,0.08121,0.086644,0.0034674,0.042013,0.0058782,0.013219,0.041137,-0.0082544,-0.0038494,-0.010028,0.026055,0.0075093,0.03321,0.022492,0.0086021,-0.00026894,0.021626,0.02642,0.071414,0.044191,0.027719,0.029859,0.02458,0.031099,0.03453,0.015958,0.021284,0.052024,-0.0030225,0.072702,-0.019389,0.015401,0.027709,0.03144,0.0277,0.025653,0.038715,0.051542,-0.035671,0.098326,-0.012331,0.035752,0.012131,0.055715,0.021088,0.0051417,0.065589,0.016624,-0.011133,0.026566,0.0024543,0.027995,0.0026249,0.013761,0.038848,0.00079119,0.027907,0.030854,0.068186,-0.0025271,0.048947,0.010687,-0.00053642,0.05436,-0.048485,0.030011,0.030963,0.017886,0.012541,-0.009309,0.028149,0.057753,-0.0054894,0.034967,0.028613,0.069708,0.045781,0.053672,-0.016694,0.0028855,0.013961,0.016735
-0.0079939,-0.015921,0.037963,-0.0040979,-0.017915,0.018333,-0.013747,0.026325,0.037436,0.026719,0.0066121,0.034107,0.030047,-0.019389,0.019045,0.010355,0.034157,-0.0034067,0.012743,0.034423,0.027951,0.031514,0.072399,0.015607,-0.0050346,0.0045417,0.016308,0.022556,0.044701,0.019407,0.056677,-0.0002833,0.019519,0.042027,0.013705,0.0093119,0.011291,0.031781,0.013549,0.040063,0.02439,0.0055338,0.012202,-0.0015967,0.1247,0.032837,0.034402,0.037071,0.03456,0.017492,0.0043177,-0.017052,0.060935,0.069816,0.019391,0.049181,0.036786,-0.001818,0.036202,0.020093,-0.020241,0.013129,0.0010781,0.022007,0.04586,-0.010776,0.058614,0.030241,0.045804,0.03441,0.0083417,0.044281,0.024752,-0.0023495,0.016384,0.044946,0.016896,0.024822,-0.00449,0.075381,0.025562,0.052514,0.034411,0.018723,0.052115,0.0023951,-0.013256,0.033522,0.013655,0.018965,0.054547,0.047751,0.033168,-0.015084,0.037717,0.012888,0.028208,0.022119,0.047178,0.032309
0.0003637,0.006534,0.0076376,0.030093,0.089915,0.050044,0.060114,-0.00040461,0.017318,-0.012777,0.0017075,0.031052,0.030845,0.045607,0.088871,-0.0011172,0.044191,-0.0017065,0.02908,0.035976,-0.017339,0.042807,-0.0049812,0.033109,0.025737,0.014837,0.055388,0.034309,0.005,-0.00044928,0.0080031,0.071482,0.012715,0.0098587,0.077813,-0.0063415,0.0092737,0.036265,0.024614,0.019848,0.015484,0.016915,0.028336,0.032148,0.020631,0.11625,0.052963,0.022767,0.040909,-0.00013831,0.017048,0.043343,-0.023868,0.019274,0.041747,0.034822,0.042654,0.031662,0.047313,0.025777,0.035978,-0.0095188,0.063622,0.047282,-0.010022,0.0070582,0.0030352,0.0038049,0.020183,0.029569,-0.0018559,0.040997,0.071047,0.020804,0.012542,0.056463,0.023655,0.024097,0.038434,0.0066766,0.018087,0.053243,0.014504,0.028197,0.02517,0.03452,0.049129,0.0079461,-0.0070891,0.052895,0.0084285,0.021068,0.052443,0.052129,0.022734,0.050555,0.017381,0.012028,-0.0069746,0.042644
-0.023071,-0.0085828,-0.03668,-0.0060707,0.012918,-0.015599,0.0090315,0.036103,0.021285,0.005487,0.011664,0.0053604,-0.002421,0.013964,0.011229,0.034812,0.035012,0.01219,-0.0034705,0.038912,0.065063,0.026937,0.038135,-0.0045167,-0.012004,0.012708,0.011984,0.059183,0.057332,0.03388,-0.0019053,0.03556,0.033043,0.0064472,0.022842,0.02339,0.034271,0.00038919,0.044028,0.0068892,0.0085332,0.046112,0.030744,0.014808,0.033835,0.074374,0.0079667,-0.015479,0.050058,0.016393,0.028455,0.04753,0.0078928,0.029628,0.019798,0.029609,0.01193,-0.0053342,0.031474,-0.01158,0.059713,0.028534,0.026445,0.038344,0.019706,0.064892,-0.008206,0.056986,-0.0056885,0.040606,0.044905,0.0050913,0.028613,0.046016,-0.0026755,0.026413,0.04795,0.034594,-0.0085129,-0.01921,0.027715,0.034403,-0.004181,0.05426,0.036113,0.037801,0.050209,0.064259,-0.018148,-0.010752,0.017359,0.026366,0.0063382,0.047764,0.020844,0.03481,0.051549,0.025383,-0.0045623,0.017386
-0.0058774,0.024361,0.034705,0.028202,-0.049503,-0.019072,0.010158,0.011472,0.0067889,0.025193,-0.023727,-0.016594,0.035669,0.039104,-0.027874,0.037955,0.0098584,0.021464,-0.022694,-0.010792,0.0333,0.016234,0.019393,-0.0041642,0.022177,0.020199,0.051744,0.0042497,0.059978,-0.060142,-0.01594,0.060983,0.014309,0.018567,0.03453,0.049403,0.029038,0.035554,0.0041519,0.03293,0.0088575,0.020352,0.05931,0.018541,0.062733,0.036278,0.023094,0.062111,0.024907,0.038427,0.049402,-0.019515,0.046047,0.032398,-0.001498,0.066797,-0.0043349,0.0039066,0.019818,0.062578,0.022365,0.033416,0.0093214,0.033827,0.034323,-0.0027323,0.075787,0.015575,0.051955,0.022111,0.036413,-0.0151,-0.029959,-0.003461,-0.010568,0.011537,0.011975,-0.019266,0.033801,0.022988,0.050842,0.0025212,0.030128,0.021955,0.039244,0.014284,0.061196,0.0032607,0.025166,0.031433,0.023735,0.053607,0.0097073,0.011564,0.0091343,0.0082805,0.01503,0.021261,0.048011,0.055081
0.05593,0.0079377,0.026665,-0.0087764,0.027504,0.017287,-0.0029835,0.036058,0.027955,-0.014115,-0.0033687,0.010538,0.042041,0.021491,0.015729,0.026727,0.018667,0.052601,0.027541,0.021967,0.02307,-0.016063,0.026923,0.03035,0.037309,0.026687,0.04205,0.00286,0.0041524,0.048087,0.01597,0.022586,0.057975,0.0056925,0.032996,0.053489,0.018403,0.032097,-0.0027664,0.064866,0.0078763,0.092431,0.0027837,0.029824,-0.005159,0.027654,0.034134,0.042048,0.049192,-0.01217,0.029294,0.046958,0.020283,0.078647,0.042361,0.053128,0.03878,0.025485,0.037024,0.040488,-0.014644,0.052636,0.02979,0.039136,0.020408,0.029938,-0.0037035,0.023849,0.025473,0.0038383,0.055225,0.034601,0.050584,0.046059,0.01063,0.030762,0.037867,0.016879,0.019785,-0.004416,0.038729,0.0092045,0.022973,0.028307,0.038524,0.063852,0.0009302,0.021884,0.029391,0.012833,0.039403,0.006687,-0.002526,0.033197,0.030925,0.039126,0.0062503,0.051437,0.01524,-0.015996
0.0098277,0.0073677,-0.0083537,-0.0084839,0.0044566,-0.00062317,0.015079,0.025661,0.014232,0.036846,0.0076255,0.017371,-0.0081615,0.012237,0.015347,0.059452,0.017953,-0.01107,-0.011031,-0.0047143,-0.001385,0.0021028,0.026887,0.041413,0.065482,0.019963,0.01983,0.059579,0.035446,-0.0053011,0.024104,0.020179,0.039999,0.02502,0.0012838,0.02659,0.038523,-0.012024,0.028935,0.031443,0.0222,0.04751,0.030517,0.040456,0.032311,0.059629,0.024088,0.052418,0.0017268,0.0163,0.016176,0.042857,-0.0018387,0.023649,0.028439,0.055527,0.02286,-0.0030243,0.0069124,0.069073,0.0072702,0.050568,0.051683,0.02258,0.024987,0.063247,0.042059,0.020981,0.032754,0.021775,0.028479,0.029958,0.036135,0.014309,0.041204,0.0445,0.045197,0.042994,0.043858,0.057483,0.017024,0.027384,0.023864,0.029697,0.031986,0.040767,0.030441,0.04173,0.043391,0.056756,0.0010912,0.0089654,0.0237,-0.0044848,0.021336,-0.012902,0.045363,-0.016816,0.052739,0.0073417
-0.0055259,-0.0011214,-0.0021203,0.03821,0.018182,0.0032539,-0.0077114,-0.028419,0.055815,-0.013822,0.045057,0.046829,-0.013288,0.010198,0.031894,0.020461,0.068866,-0.019798,0.029859,0.029783,0.011243,0.033029,0.0034105,-0.014864,-0.0020096,0.045602,0.010658,0.070242,-0.0066862,0.014944,0.030862,0.020127,0.023351,0.031652,0.030535,0.024591,0.038051,0.06851,0.019547,0.0083295,0.030022,0.029431,0.05138,0.054733,-0.010819,-0.0088098,0.024605,-0.0095497,0.028587,0.02863,0.030449,0.058572,0.025492,0.019258,0.0060526,0.029661,0.063768,0.061669,-0.019918,0.015491,0.037056,0.022803,-0.019024,-0.0051111,0.0050717,-0.0098903,-0.0039262,0.014122,0.041193,0.020916,0.028189,-0.0013486,0.032804,0.002328,0.0016593,0.036564,-0.0012064,0.0045313,-0.00094059,0.020188,0.016402,0.013335,0.020429,0.025346,0.058522,0.093702,0.020572,0.074862,0.02728,0.06233,0.026381,-0.0043854,0.0059227,0.065473,0.012875,0.039465,0.043287,0.0052503,0.053102,0.054849
0.012566,-0.0092128,0.015611,-0.010584,0.060228,0.016542,-0.0016493,0.030897,0.029008,-0.015491,-0.012665,0.048858,0.021949,0.0049431,0.025769,0.041411,0.0020069,0.038664,0.039447,0.054618,-0.01508,-0.0046703,-0.0097795,0.029258,0.075507,0.070515,-0.0034046,0.037526,-0.0088825,0.038618,0.0092657,0.022465,0.056123,0.033911,0.0097737,0.034334,0.02206,0.014397,0.027399,0.061225,0.0094511,-0.011553,0.016056,0.0055738,-0.020189,0.011277,-0.0037255,0.034267,-0.028441,0.040225,0.085461,0.00048241,0.015496,-0.0081265,0.047352,0.044716,0.027053,0.060524,0.016814,0.049214,0.030528,0.039382,0.021336,0.0097483,0.025412,-0.024012,0.030635,0.029555,0.036792,0.034099,0.058603,0.035635,0.032804,0.01451,0.054991,0.058185,0.046256,0.013219,0.028191,0.0030291,0.053373,0.00093639,0.029799,0.029468,0.011354,0.059415,0.032823,0.05893,0.031579,0.0588,0.076352,0.061743,0.015658,0.027657,0.038916,0.011654,0.024281,0.035245,0.013152,0.076984
0.029637,0.0029491,0.028397,0.048657,0.034025,0.012323,0.011939,0.036972,-0.0027216,0.016419,0.0048205,-0.0050375,0.064644,0.0048616,0.0067859,0.024684,0.069503,0.048659,0.014313,0.012871,0.0028481,0.011628,0.028808,0.044077,0.056432,0.036871,0.0077316,0.059768,0.065636,0.060071,0.040733,0.046195,0.055027,0.050809,0.022711,0.028979,0.0243,0.037719,0.024067,-0.0051572,0.054309,0.042222,-0.013605,0.048554,0.024732,-0.020043,0.02087,0.035362,-0.0031974,0.045191,0.068216,0.033053,0.00012496,0.04471,0.020198,0.023525,0.017017,0.041487,0.082576,0.0096607,0.029382,0.045052,-0.023819,0.039102,0.0036305,-0.0031278,-0.017659,0.04524,0.0078417,0.017526,0.014502,0.078324,0.053223,0.0081187,0.034435,0.02976,0.049664,0.025631,0.0071951,-0.01147,0.0075891,0.018899,0.027117,-0.015654,0.059793,0.0091437,-0.0019545,0.033782,0.0023422,0.050846,0.065279,0.033109,0.030741,0.051412,0.057002,0.0295,0.056012,0.033231,0.074636,0.050475
0.035113,-0.037718,-0.030444,0.027682,0.0182,0.0026243,-0.0037144,9.5643e-05,-0.023277,0.028861,0.013698,0.023892,0.018763,0.010771,0.016443,-0.054001,0.017038,0.0083353,0.032227,0.014557,0.058377,0.022107,0.037003,0.049481,-0.003852,0.026297,0.02305,0.030057,0.057393,0.058652,0.055933,0.038949,0.01471,0.044764,0.013321,0.0013142,0.013864,0.033285,0.015226,0.055447,0.036141,0.015026,0.023641,-0.0031039,0.00021167,0.036516,0.012233,-0.00010323,-0.001736,0.0016219,0.046125,0.019293,0.050961,0.042949,0.013597,0.016847,0.029622,0.021266,0.058007,0.050537,0.038036,0.031552,0.030821,-0.016593,0.035358,0.057949,0.044729,0.062875,0.045227,-0.004233,0.025624,-0.0057031,0.046549,0.066162,0.0037549,0.0033924,0.0052857,0.018622,0.013318,0.02861,0.040055,0.039642,0.0048675,0.024722,0.053684,-0.016193,-0.014229,0.07136,0.025247,0.048822,0.040352,0.012642,0.037198,-0.00038485,-0.012931,0.031392,0.0093886,0.026278,0.013367,0.020221
0.010718,0.062851,-0.026868,-0.030198,0.06666,0.030673,0.005532,0.07085,0.0077388,0.050364,0.013396,0.0043409,0.0025947,0.012499,-0.029149,0.03675,0.023624,0.025744,0.008697,0.021721,-0.0070783,0.013991,0.011757,0.053131,0.0017537,0.0093267,0.019977,0.060324,0.0088837,0.089286,0.015096,-0.020828,0.03139,-0.034319,0.026205,0.058684,0.012547,0.042412,0.024183,0.015683,-0.012046,0.014913,0.041477,0.013296,-0.020796,0.048044,-0.020443,0.036913,0.058788,0.059087,0.054322,0.035589,0.030126,0.022918,0.032786,-0.0011434,0.0064404,0.060687,0.0016628,0.037469,0.036204,0.035637,0.04708,0.048947,-0.0032134,0.079507,0.025569,-0.00077548,0.032531,0.031231,0.045271,0.0090101,-0.011009,0.027312,0.022395,0.026351,-0.030634,0.058643,0.029463,0.042796,0.0091919,0.045595,0.06185,0.061575,0.016177,0.023132,0.018053,-0.0039955,-0.0027658,0.025427,0.056635,0.034656,-0.0032859,0.030592,0.028352,0.013248,0.034746,0.038697,-0.0084025,0.050761
-0.046062,-0.011803,0.00076832,-0.023538,0.01297,-0.012632,0.0054372,-0.0373,0.016265,0.019846,0.0010185,0.018058,0.026754,0.053034,0.053924,0.0011627,0.0099465,0.027874,0.039757,0.029189,0.06604,0.049382,-0.023764,-0.026997,-0.00017556,0.03557,0.039139,0.060237,0.061046,0.011114,0.046532,0.03442,0.040109,0.02786,0.03208,0.067166,0.061184,0.058391,0.074175,0.015219,0.013014,0.011774,0.049453,-0.021339,0.001741,0.0015133,0.012953,0.03794,0.049455,-0.005141,0.013908,0.024086,0.046168,0.057722,0.021073,0.03103,0.032293,0.093821,0.044275,-0.0079133,-0.0026803,0.03279,0.055172,-0.013231,-0.018251,0.035267,0.012055,0.029559,0.079683,-0.009216,0.011364,0.035414,0.014982,0.029687,0.031407,0.031382,0.02801,0.0076935,0.038144,0.0046433,0.00031812,0.012943,0.036714,-0.041517,0.035788,0.04332,0.0092596,-0.02039,0.041924,0.014966,0.020438,-0.020627,0.01885,0.031599,0.029686,-0.0028529,0.090109,0.053601,0.05019,-0.015301
0.053321,-0.01839,0.019515,-0.0062252,0.030873,-0.0021704,-0.012451,-0.0013031,9.1009e-05,-0.0040914,-0.019341,0.042013,0.036893,0.012209,-0.0060112,0.020051,0.032368,0.016978,-0.020153,0.066513,0.055685,0.021274,0.0050448,0.039373,0.012987,-0.011,0.027055,0.040797,0.0085447,0.036106,0.035874,0.03253,0.017222,0.053121,0.018601,0.044344,0.052062,0.015617,0.039695,0.018896,0.022193,0.023614,0.042662,0.007216,0.012548,0.019013,0.015403,0.043756,0.064219,0.023748,0.015408,0.050343,0.0065376,-0.0086731,0.0071794,0.010416,0.033644,-0.018954,0.035104,0.018758,0.012435,0.030677,0.055764,0.023637,0.0081699,0.032239,0.085315,0.0040918,0.016545,0.038421,-0.0017145,0.041516,0.035669,0.025812,0.023414,0.016625,0.034501,0.049171,0.010853,0.051338,0.055663,0.045987,0.029301,0.023691,0.021569,0.04335,0.018265,0.080337,0.044514,0.021051,-0.010062,0.025197,0.014544,0.041989,0.041112,0.066018,0.014831,0.043648,0.091871,0.035067
0.035944,-0.036118,-0.0089783,0.016511,0.0048828,0.028165,0.023865,0.056583,-0.007755,-0.025129,0.022039,-0.0073041,0.02257,0.040476,0.063854,0.0028375,0.042651,0.064248,0.052377,0.022468,0.037536,0.045036,0.035768,0.0051979,0.0027767,0.019914,0.043149,0.016007,0.046774,0.026305,0.056333,-0.0043149,0.021408,0.095013,0.01845,0.047233,0.043125,-0.027079,0.066517,-0.0035706,0.035972,0.047541,-0.0043456,0.02434,-0.0024996,0.025387,0.00057198,0.014316,0.043539,-0.051166,0.018602,0.010381,-0.0016576,0.016675,0.024261,0.026644,0.021674,0.037068,0.038049,0.017609,-8.2926e-05,0.071515,0.029844,0.0041626,0.038522,-0.0057249,0.033597,0.0041336,0.023381,0.0054289,0.0012632,0.0016705,0.0074069,0.040346,-0.003288,-0.014743,-0.035171,-0.007399,0.0079211,0.027801,0.058796,-0.003737,-0.0030232,0.035349,0.039463,0.004029,0.035253,0.0023937,0.052228,0.032117,0.029757,0.024135,0.034841,0.021516,0.037425,0.038999,-0.017724,0.03371,0.041761,0.004504
-0.017608,-0.045417,-0.0029814,0.035053,0.015487,0.025876,0.025018,0.0063772,-0.010415,0.053257,0.045455,0.041742,-0.019583,-0.056354,0.050877,-0.026889,0.046595,0.0070472,0.061043,0.023596,0.030927,0.052272,-0.0026063,0.035198,0.076349,0.004627,0.051395,-0.0044367,0.018816,-0.0034267,0.051785,0.00070931,0.023795,0.048577,0.042693,0.023672,0.03776,-0.002531,0.023709,0.0088458,-0.026059,0.030051,0.024828,0.041927,0.023491,0.037461,0.026415,0.00049822,-0.022825,0.02416,0.038948,0.024448,0.033332,0.038921,0.01193,0.012333,-0.045535,0.058787,0.055497,0.0028167,0.033377,0.082766,0.026113,0.0073267,0.043128,0.030504,0.0080498,0.0036194,0.0094851,0.0055143,0.018279,0.038116,0.025528,0.014666,0.053919,0.010792,0.06489,0.034983,0.031775,0.041587,0.00092873,0.036731,0.022173,0.093319,0.010539,0.053008,0.0034785,0.059331,0.0089246,0.025836,0.028374,-0.0248,0.057454,0.040006,-0.022432,0.016534,0.036471,0.033112,0.028866,0.027864
-0.0039035,0.024015,0.01527,0.01382,-0.0309,0.014567,-0.014045,0.032587,-0.013126,0.0050452,0.038082,-0.030429,-0.017034,0.043804,0.028632,-0.0014339,-0.0096885,-0.0020036,0.050629,0.033802,0.042553,0.0065114,0.010274,0.011324,0.017328,0.010704,0.03986,0.042603,0.025264,0.046833,-0.010668,0.048845,0.034298,0.061613,0.0034769,-0.0081629,0.024552,0.054474,0.024187,-0.010485,0.0509,0.022981,0.023797,0.062809,0.026581,-0.025695,0.024558,0.025368,0.034541,0.016929,0.01353,0.050805,0.06625,0.0094263,0.023737,0.019712,0.010153,0.0033544,0.027254,0.020913,0.020824,0.004572,0.013956,0.015615,0.0067318,-0.015961,0.036193,-0.0031602,-0.012049,0.0022707,0.022993,0.037361,0.026106,-0.016706,0.019602,0.020818,0.038245,-0.020846,0.040171,0.028444,0.025712,0.0071606,-0.0069975,0.033149,0.078811,0.020455,0.017825,0.0044964,0.0065424,0.006874,0.037262,-0.017031,0.021236,0.010351,0.040524,0.037055,0.064934,0.039027,0.0083699,0.038276
0.004221,0.016565,0.013567,-0.023932,0.017828,0.020154,0.029996,0.019182,-0.037294,0.013573,0.0060019,0.001633,0.020145,0.024112,0.048535,0.03717,0.0083905,0.0071909,0.022114,0.03231,0.016212,0.060349,0.032343,0.013446,0.038089,0.028006,0.030712,0.027316,0.041528,0.014694,0.049409,0.0084211,0.032064,0.052316,0.046013,0.0040407,0.043144,0.075651,0.042239,0.015904,0.04147,0.025721,0.039352,0.029106,-0.022501,0.0067106,0.021548,0.051165,0.063193,0.014698,0.016296,0.043701,-0.0056929,0.027443,0.039539,0.0062749,-0.017339,0.020699,0.036192,0.028525,0.010353,0.049787,0.040718,0.0066745,0.023069,-0.018233,0.049908,0.045614,0.031526,0.021988,0.071578,-0.0096358,0.050916,0.017604,0.046162,0.050432,-0.0099306,0.022489,0.064735,0.026058,0.04735,0.026546,0.045354,0.018421,0.040784,0.029725,0.011246,0.012523,0.065912,-0.0071637,0.0057534,0.041788,0.043611,0.038771,-0.0073611,-0.013211,0.038506,0.046247,0.0036179,0.041133
-0.01937,0.020897,0.030646,-0.0012045,0.04109,0.0044904,0.049537,-0.008166,-0.0074153,-0.007669,0.0022732,0.0074438,-0.010087,0.0069318,0.0066795,0.046072,0.017259,0.041831,0.0010528,0.019216,0.040634,0.04855,-3.8762e-05,0.020595,0.034149,0.048916,0.047482,0.049802,0.026903,-0.0033999,0.028354,0.027913,-0.0095017,0.071054,0.024163,0.053868,0.016542,0.017837,0.043505,0.061969,0.033395,0.014944,0.060794,0.040385,0.038823,0.075315,0.0244,0.01202,0.020076,0.040798,0.069976,0.039074,-0.00029537,-0.01706,0.028633,0.015424,0.069405,0.030358,0.0043797,0.010431,-0.013607,0.055478,-0.0041168,-0.0059985,-0.0092069,5.4339e-05,0.02458,0.029924,0.034488,0.022746,0.010925,0.046506,-0.0025815,0.053166,0.067093,0.024422,0.029803,-0.024329,0.025193,0.0712,-0.029729,0.03645,-0.0085959,0.0084655,-0.012737,0.076919,0.014629,0.045318,-0.017025,0.00807,0.013721,0.0019786,0.077918,-0.0093087,0.0091542,0.054376,-0.0080531,0.028968,0.0072709,0.03719
0.010418,0.045308,-0.019172,0.045898,0.034879,0.048233,0.025323,0.041279,0.041196,0.026653,0.048013,0.034576,0.038809,0.037914,0.033533,0.012826,0.095611,0.0042262,0.010501,0.034138,0.024783,0.06636,0.0034432,0.0073768,0.023277,0.018878,0.022175,0.013479,0.0092828,0.009629,0.036791,0.039431,0.077298,0.036163,0.031814,0.044624,0.018261,0.047185,0.056769,0.060651,0.041543,0.037737,0.024286,0.022228,0.037863,-0.0076814,0.018163,0.016587,0.033044,0.015613,0.0045141,0.0065649,0.046672,0.034877,-0.0093553,0.011645,-0.011438,-0.0064997,0.048575,-0.0020729,0.0088173,0.0039887,0.055257,0.064576,0.048993,0.05319,0.029621,0.024253,0.027713,0.0049995,0.065851,0.00052808,0.03764,0.04309,0.062469,0.037018,0.02581,0.05371,0.0058839,0.030748,0.018576,0.012692,-0.024731,0.01903,0.016674,0.025486,0.011065,0.017022,0.012883,0.031197,0.013337,0.063113,-0.0014707,0.012193,-0.0065175,0.029339,0.033646,0.034224,0.039322,-0.00047276
-0.0011988,-0.013389,0.010431,0.024303,-0.0043061,-0.027907,-0.010656,0.043459,-0.043175,-0.0073561,-0.0092966,0.046242,0.01667,0.020399,0.0211,0.035196,0.044121,0.04336,0.034237,-0.0048638,0.044124,0.040677,0.0015976,0.029174,-0.00061226,0.00053614,0.041363,0.012003,0.0038922,0.059107,0.00081428,0.011419,0.039367,0.022537,0.026558,0.017062,0.035296,0.038181,0.029772,0.044981,-0.016751,0.064537,0.0027146,0.045325,-0.026278,0.029556,-0.014753,0.00808,0.038758,0.033402,0.01523,0.029191,0.05977,0.028559,0.020281,-0.014456,0.022218,0.0093123,0.0014424,0.028346,0.097622,-0.00010605,0.01677,0.0252,0.037171,0.013641,-0.0018904,0.045421,0.012337,0.00054055,0.0067741,0.024825,0.039362,0.017936,-0.0025116,0.020645,0.020327,0.031149,0.015982,0.071037,0.05327,0.024553,0.027882,0.046716,-0.029913,0.0020282,0.01462,0.052266,0.025546,0.0072687,0.016456,0.060142,0.086596,0.04035,0.009809,0.0195,0.016829,0.0087886,-0.0068381,0.017225
0.029353,0.0092414,0.025372,0.0074525,0.041667,-0.023481,0.01608,0.055611,0.05064,0.054423,0.018121,-0.027558,0.051116,0.010827,0.0018691,-0.00014118,0.00082782,0.041165,0.019708,0.028607,0.038138,-0.012291,0.0097842,0.033421,0.039612,0.051832,0.037174,0.0039164,0.02445,0.014972,0.059025,0.066882,0.01436,0.046378,0.0023977,0.012586,0.013838,0.032992,0.062341,0.086943,0.0031264,0.020311,0.0061054,0.082481,0.041427,-0.0035587,0.040719,0.028571,0.013271,0.04108,0.03886,0.03632,0.045063,0.043121,0.0013887,0.019752,-0.024947,0.010386,0.033059,0.010462,0.030892,-0.0052313,-0.00078595,0.046333,0.024246,0.068434,-0.0010148,0.050948,0.0040291,-0.010039,0.034743,0.030558,0.021174,0.070384,0.058423,-0.016753,0.036178,0.03922,0.072677,0.035038,0.017533,0.0485,0.036372,-0.015707,0.051472,-0.0018058,0.054821,0.027453,0.014998,0.033971,0.059232,-0.0007491,0.0072624,0.026156,0.018111,-0.021726,0.048964,0.030267,0.039539,0.055494
0.010227,-0.00051885,0.017909,-0.016711,0.045619,0.027708,0.037686,0.038721,-0.00030792,0.0054813,0.002021,0.05163,0.00093737,0.043354,0.02448,0.023861,0.0055044,0.025478,0.032331,0.039988,-0.002438,-0.0045916,0.02971,0.038197,-0.0060694,-0.01734,0.033455,0.019003,0.070967,0.058126,0.038235,0.036723,-0.021727,0.028348,0.014916,0.0040639,-0.010749,0.038536,0.016738,-0.0017894,0.032208,0.030788,0.028052,0.045012,0.018072,0.045244,0.017184,0.018422,-0.0045572,0.043695,0.045145,0.014431,0.032347,0.014023,0.014411,-0.0083991,-0.012154,0.014417,0.053706,0.0028561,0.010541,0.048139,0.029303,-0.0082491,0.019672,0.043778,0.090116,0.072586,0.041007,0.023434,-0.033951,-0.047767,0.04548,0.025397,0.0077083,0.016824,0.013868,0.035082,0.019036,0.0097991,0.0062099,0.062112,-0.015882,0.046275,0.046382,0.069956,0.009957,0.038929,-2.8915e-05,0.01524,0.037479,0.025753,0.037729,0.030823,0.053212,0.039129,0.012854,0.026787,0.0073413,0.01322
-0.029538,-0.024606,-0.024593,0.013349,0.025137,-0.0080958,0.01962,0.027346,0.012409,0.0095585,0.0072126,0.0063783,-0.0017282,0.11779,-0.013629,0.02901,0.0095845,0.063254,0.048022,0.014689,-0.020406,-0.028236,-0.017066,0.042002,0.025881,-0.0121,0.051542,0.038411,-0.023362,0.030812,0.019671,0.024629,0.040949,0.046368,0.088268,0.025922,0.047138,-0.007901,0.020202,-0.024278,0.037592,0.070402,0.029247,0.040748,0.033158,0.017646,0.023324,0.044243,0.061587,-0.014115,0.023331,-0.014884,0.0051923,0.013236,0.037696,-0.011674,0.03091,0.050143,0.021571,0.066375,0.010425,0.027793,0.018368,0.00094794,0.017716,0.063781,0.059762,0.023536,0.015395,0.030385,0.005728,0.036998,0.01549,0.039829,0.00022235,0.01445,0.039879,0.0083125,0.032293,0.046585,0.056295,0.068776,0.058011,-0.029135,0.0062175,-0.0054096,0.059899,0.028817,0.043946,0.054542,0.040995,0.031114,0.016613,0.056729,-0.011486,-0.013329,0.047423,0.0067357,0.0017102,-0.0031007
0.014428,0.036759,0.039964,0.014921,0.033699,0.0087038,0.019261,0.038026,-0.0099411,0.044595,0.036099,0.061746,0.059224,0.029381,0.022815,-0.0020371,0.025311,0.024658,-0.038721,0.035944,0.012044,0.0062839,0.033191,0.034933,-0.033373,0.059591,0.053364,-0.016861,0.034595,0.057093,0.059108,0.010558,0.0015393,0.045544,0.010081,0.00012765,-0.00082594,-0.020101,0.037678,0.0037708,-0.012363,0.040582,-0.0028706,-0.009917,0.011538,0.026288,0.012024,-0.0046142,0.017015,0.014685,0.032546,0.038923,0.045484,0.052367,0.075284,0.047011,0.085322,0.011202,0.056928,0.064828,-0.016584,0.023839,0.014737,0.053594,0.053264,0.021747,0.023375,-0.015155,0.034932,0.038905,0.035446,-0.05285,0.051489,0.073804,0.0098061,0.0039868,0.01223,0.014037,0.023335,0.039864,0.010993,0.070261,0.053119,0.047194,0.010819,-0.0043831,0.044998,0.013404,0.006583,0.02556,0.061529,0.050701,0.021327,0.029297,0.018164,0.061858,0.038067,0.025427,0.0086123,-0.0080261
-0.0040994,-0.031527,-0.027642,-0.0097521,0.060752,0.026709,-0.00087912,-0.0095584,0.010511,0.008401,0.035381,0.0012719,0.02673,-0.022837,0.060345,-0.026248,0.028624,0.034765,0.014492,0.03357,0.0016766,0.028839,0.044396,0.023149,-0.014675,0.024163,-0.0099019,-0.035788,0.0096157,-0.0179,0.010947,0.0090118,0.037605,0.03485,0.0032692,0.047377,-0.0093881,0.028527,0.0091191,0.057063,-0.00022818,0.035611,0.021734,0.04872,0.033671,0.030812,0.012966,0.0639,0.047581,0.020007,0.045675,0.064287,0.035116,-0.0049146,0.029884,-5.8338e-05,0.01334,0.024348,0.028864,0.028269,0.0025787,0.041017,0.003561,0.027518,0.054486,0.048532,-0.014224,0.0639,0.018986,0.041546,0.042208,0.028192,0.076733,0.0063606,0.013845,-0.0099281,0.024361,0.050692,0.050266,0.0036176,0.014163,0.022493,0.034468,0.05012,0.053325,0.04057,-0.011706,-0.016532,-0.014261,0.014169,0.018102,0.0092429,0.055631,-0.0083814,0.0051476,0.0082034,0.017274,0.016856,0.074259,0.028157
-0.0014332,0.031315,0.0052376,0.0038364,-0.015909,0.025987,-0.032173,0.034043,-0.0093608,0.045856,0.026202,0.042824,0.0028808,0.025005,0.020026,0.074892,0.011174,-0.0022488,0.028159,0.026586,0.01842,-0.012435,0.02287,0.022202,0.036906,0.061764,0.016298,-0.010815,0.0055781,0.052256,0.04399,0.01414,0.028496,0.019678,0.038559,0.04587,0.080033,0.020378,0.056566,0.02137,0.0049446,0.0023499,0.033212,0.072575,0.012699,0.044308,0.067017,0.044377,-0.00094849,0.037968,0.038303,-0.0043364,0.033562,-0.00066724,0.001344,0.02139,-0.021829,0.021271,0.037544,0.043093,0.0030758,0.045146,0.018233,0.00042066,0.036682,0.018983,0.019088,0.024326,0.029948,0.0094947,0.029604,0.018263,0.015297,0.023819,0.068308,-0.0036873,0.022139,0.015437,0.031164,0.042478,0.055878,0.048462,-0.020023,0.049238,0.014546,0.028539,0.010949,0.041246,0.031969,0.050417,0.047159,0.011194,-0.03424,-0.0071422,0.043654,0.02211,0.042234,0.035815,0.015702,0.010276
-0.0099026,-0.0045501,0.014654,0.0060893,-0.0032455,0.043935,0.018119,-0.0007603,-0.029527,-0.032549,-0.036699,0.029672,0.064948,-0.011356,0.0063516,-0.025599,0.048803,0.017252,0.057464,-0.0037368,-0.033333,0.031767,-0.014655,0.045873,0.023662,0.039695,0.028712,-0.0011768,0.029207,0.025869,0.037304,0.0549,0.033563,0.011171,0.032416,0.01835,0.036677,0.060525,0.021551,0.011116,-0.0014076,0.011827,0.064951,0.027592,0.0032479,0.031697,0.024241,0.062138,0.051789,0.028572,0.060528,0.048255,-0.013412,0.0020937,0.029494,0.034208,0.032388,0.022998,0.017385,-0.013839,0.022192,0.014953,0.028727,0.023042,0.013719,0.003669,0.031208,0.050136,0.003682,0.021813,0.053178,0.0045353,0.0085803,0.042408,0.053687,-0.01387,0.029934,0.04927,0.041257,0.028436,0.050608,-0.025712,0.07228,0.0015524,-0.022334,0.055864,0.016317,0.03994,-0.02508,0.035727,0.053681,-0.0040898,0.053407,0.029819,0.036605,0.049823,0.038782,0.020965,0.011279,0.023128
0.054213,0.0030435,0.004833,-0.00032949,-0.010866,0.012862,0.011333,0.0069117,0.013545,0.0046585,0.010802,0.017823,0.060903,-0.016048,-0.020173,0.041638,-0.021269,0.046181,0.037626,0.048998,0.012203,0.033073,0.030111,0.03644,0.046519,0.033107,0.051712,0.025372,0.037643,0.080509,0.023211,0.059417,0.022144,0.035902,0.017658,0.024045,0.0003268,-0.0079291,-0.014752,0.017888,-0.0048353,0.013822,0.049431,0.014223,0.048984,-0.018766,0.038737,0.031244,0.023345,-0.018415,0.051101,0.028556,0.0091709,0.045298,0.018809,0.026688,0.0081213,0.0011214,0.088134,0.03756,-0.018043,0.025086,0.020434,0.050514,0.052363,0.041759,0.020658,-0.012671,0.029855,0.030359,0.058745,0.05559,0.03541,0.053979,-0.0028328,0.045678,-0.0037366,0.065895,0.0016543,0.0205,0.032195,0.020229,0.023416,0.055136,0.0059194,0.022302,0.020505,0.035145,-0.0075339,0.038087,0.016182,0.059563,-0.017677,0.025266,0.023568,0.043658,0.036317,0.017647,0.038458,-0.0045162
0.0571,0.029443,0.010176,-0.018042,0.067689,0.00024738,-0.016899,-0.00020832,0.015428,0.0035496,0.010083,-0.0042026,0.025337,0.0038263,-0.0040116,0.042955,0.026701,0.050115,0.0061629,-0.00054395,-0.016537,-0.008538,-0.0024256,0.023433,0.028657,0.038304,0.017485,0.043321,-0.0054784,-0.017012,0.019306,0.045322,0.02797,0.064945,0.0042319,0.025321,0.025553,0.030125,0.00258,0.036927,1.8581e-05,0.01569,0.037008,-0.0062524,0.019192,0.046056,0.010687,0.034895,0.045386,-0.016529,0.059404,-0.0055532,0.0052451,0.044931,-0.0047939,-0.017598,0.010748,0.022809,0.025134,0.045242,0.046109,0.025215,0.041424,0.0020906,0.023566,0.026188,0.0036315,0.050292,0.038361,0.01169,-0.01285,0.00082228,0.0093963,-0.010283,0.024461,0.092974,0.026286,-0.0042239,0.087133,0.027926,0.014565,0.0014149,0.056218,0.044671,0.039003,0.011276,0.020005,0.042688,0.026362,-0.014491,0.035182,-0.0002013,0.002945,0.0057243,0.022956,0.0078782,0.022245,-0.00042628,0.077661,0.055391
0.031356,0.0084175,0.042784,0.012183,0.0043793,-0.0010052,0.042785,0.03084,0.012451,0.011668,-0.021448,0.022273,0.042916,0.025006,0.015403,0.055033,0.019832,0.012507,0.033471,0.092343,0.0090145,0.036706,-0.018045,0.028584,0.018922,0.044497,0.054717,0.025178,-0.016086,0.037963,0.033766,0.046321,-0.015469,0.0016649,0.002291,0.066797,-0.0072787,0.021197,-0.033157,0.016243,-0.0018446,-0.024074,0.022058,0.048234,0.0071397,0.017862,0.017482,-0.0050404,0.020771,0.011464,0.012546,0.013191,0.0054561,0.018766,-0.021154,0.048519,-0.00035927,0.069241,0.018928,0.06439,0.048675,0.03086,0.0075419,0.038131,0.021693,0.010043,0.020123,0.031669,0.0086586,0.033107,0.00095826,0.020414,0.019984,0.039054,0.016619,0.03482,0.033616,0.011924,-0.01971,0.041223,0.022551,0.031038,0.038396,0.018632,0.039767,0.051136,0.031225,0.044417,0.020735,0.044974,0.046881,0.0054419,0.015699,-0.0041685,-0.023837,0.0076994,0.026745,-0.010622,0.007196,0.0097873
0.066638,0.0030016,-0.015452,-4.3358e-05,0.0037346,0.019014,0.0082702,0.025876,-0.02866,0.0030325,0.018473,0.019367,0.037284,-0.0029658,0.04162,0.046402,0.030171,0.03909,0.02553,-0.0025661,0.036594,0.0089224,0.033723,0.020363,-0.0236,0.027551,-0.0093047,0.041516,-0.0031139,0.0095435,0.045106,0.055499,0.0061666,0.02329,0.017309,0.025047,0.032976,0.018812,0.042222,0.068205,0.046161,-0.0015347,0.03262,0.040483,0.022069,0.025737,0.023995,-0.0075534,-0.0039595,0.038419,0.0019145,0.050749,0.054763,0.036514,0.045398,-0.023448,0.032747,0.010639,0.025725,0.026535,0.049118,0.038042,-0.024244,0.0066846,0.03514,0.032986,0.013496,0.016768,0.022445,0.0041314,0.084564,0.032712,0.011213,0.024283,0.034681,0.044779,0.038765,0.051457,0.037902,0.038914,0.041613,0.011418,0.054243,0.021242,0.034339,0.056202,0.0041734,0.065798,0.081244,0.058803,0.014151,0.095367,0.027363,0.060989,0.046054,0.011143,0.030106,0.017815,0.018681,0.0090942
-0.002545,-0.0073916,0.036512,-0.0041228,0.009623,0.073589,0.02656,-0.021553,-0.0083555,0.049932,-0.015012,0.016528,0.041993,0.014739,-0.011228,0.036624,0.064673,-0.0064776,0.013895,0.058867,0.056696,0.059939,0.02591,0.054195,0.031144,0.014257,0.045576,0.063543,-0.043167,0.0069796,0.030587,0.053743,0.028199,0.018309,0.055803,-0.027692,0.022489,0.060869,0.010273,0.027288,0.058794,0.01083,0.042028,0.02596,0.0051795,-0.018894,0.051594,0.044171,0.0007956,0.01597,-0.027686,0.042436,0.0074432,0.052315,0.025583,0.0068981,0.022365,0.015532,0.037369,0.053315,0.0024221,0.016458,0.00042223,0.0042536,0.01344,0.0054851,-0.0068724,0.025833,0.0033472,0.014092,0.0080336,0.019775,-0.027879,0.038019,0.029059,0.082121,0.038271,-0.019418,0.026297,0.041172,0.036235,0.0051718,0.033721,0.067216,0.018918,0.05695,0.024108,0.012219,0.030203,0.017816,0.033017,0.011553,-0.0080128,0.055244,-0.0072138,0.027908,0.04268,-0.001184,0.016107,0.028419
0.04864,0.0020008,-0.0067179,-0.0028559,-0.0087254,0.021997,0.018639,-0.00012488,-0.0062733,-0.028054,0.035515,0.005022,0.013582,0.033222,-0.017137,0.029066,0.022247,0.016037,-0.014248,0.032717,0.02146,0.0072162,-0.00019085,0.012056,0.023966,0.058398,0.051126,0.0023554,0.011939,0.01502,0.015539,0.039922,0.061485,0.049513,0.085006,-0.0067077,0.047148,0.016473,0.034468,0.03112,-0.016923,0.040048,0.016169,0.003001,0.011568,0.0058373,-0.0043939,0.045279,0.016553,0.020177,0.030467,-0.011519,0.055921,0.044791,0.048097,-0.017888,-0.010732,0.02058,0.010327,0.0053079,0.016354,0.011997,0.029065,0.013026,0.0043127,-0.013584,0.036463,0.032597,0.012181,0.022338,0.065926,0.039336,0.029923,0.020867,0.038421,0.045956,0.015355,0.045053,-0.0064542,-0.008943,-0.0075703,0.046009,0.02895,0.0056372,0.014935,0.032383,0.038294,0.03942,0.0037871,0.024449,0.014688,0.0056794,0.030816,0.041467,0.011199,0.067334,0.040621,-0.013394,0.0068831,0.0023741
0.01335,0.015636,-0.044756,0.0030022,0.018918,-0.015443,-0.016216,0.01041,-0.0033139,0.0057859,0.025558,0.041928,0.038823,0.0041509,0.054756,0.017066,0.047417,0.0057686,-0.0013022,0.052385,0.045383,0.020334,0.018218,0.01605,0.0018481,0.035348,-0.0060085,0.04095,-0.0045971,-0.027132,0.021338,0.017759,0.00082802,0.013366,0.031501,0.039606,0.0099746,0.078394,0.03992,0.0089532,0.050089,0.0077825,0.043478,-7.1113e-05,0.031174,0.026855,-0.007528,-0.013532,0.0028596,-0.012222,0.042442,0.023836,0.06057,0.018923,0.049761,0.038817,0.002014,0.049321,0.00359,0.0078307,0.039107,0.024199,-0.00028267,0.029696,0.024634,0.015102,0.047291,0.019164,0.025003,0.027894,0.037473,0.039264,0.037686,0.0001165,-0.0025929,0.059997,-0.0082289,0.01593,0.0056783,-0.018806,0.020946,0.0495,0.015848,0.060389,0.0056404,-0.001081,0.065562,0.035197,0.026158,0.025471,0.042372,0.04078,0.044237,0.044015,0.064677,0.026808,0.00040874,0.039324,0.021723,0.02626
