0.17397,0.060756,0.16787,0.020755,-0.1036,-0.019791,0.039714,0.081597,-0.0051912,-0.046173,0.1331,0.016826,0.11726,0.11781,-0.0087675,-0.089809,0.011982,0.068523,0.17961,0.046442,0.065133,-0.025022,-0.0084685,0.029814,0.052774,-0.0011485,-0.016523,-0.023257,0.01647,0.041617,0.11137,0.0058833,0.0024679,0.036283,0.12767,0.0024959,0.022562,0.037873,0.068442,-0.0084889,-0.0032218,-0.037336,0.057928,-0.018507,0.084318,0.03191,0.12865,0.10112,0.010514,0.057389,-0.063188,0.18991,0.034535,0.11103,0.059335,-0.054689,0.04504,0.20375,0.049526,-0.059408,0.040768,0.11177,0.10411,-0.01091,-0.081413,0.097024,0.024124,-0.028712,0.031178,0.045455,0.036186,0.17958,0.070288,0.0023535,0.015494,-0.042494,-0.072573,0.043771,0.06484,0.15394,0.015721,0.050003,-0.06849,-0.016249,-0.022434,0.035464,-0.029732,-0.028406,-0.13082,-0.0090462,-0.0042948,0.22134,0.067978,-0.028338,0.018989,0.044429,0.042897,0.0065148,0.017019,-0.087763
0.069257,-0.090969,0.0013792,0.042668,0.059692,-0.12443,0.02506,0.037126,-0.050659,-0.0062278,0.0116,0.093615,-0.11528,0.019989,0.0090353,-0.06351,0.094791,0.10425,-0.048048,0.030826,0.017489,-0.0043208,-0.03082,0.036218,-0.022559,0.047129,-0.060487,0.058673,0.03333,0.00076681,0.02046,0.074749,0.075871,0.1088,-0.16516,0.18296,0.030366,0.052501,0.030107,0.1269,-0.084155,0.016767,0.042847,-0.046232,-0.11795,-0.0076518,0.04339,0.0064983,0.058777,0.077418,0.094415,0.0027492,0.065986,0.036422,-0.020345,-0.029082,-0.039642,0.014243,0.052604,0.036703,0.047561,0.037825,0.021495,0.16381,0.013364,0.038601,-0.031452,-0.027213,0.066955,0.17496,-0.082639,-0.12038,0.037063,0.10623,0.0077242,0.13506,-0.025524,0.071188,0.049174,0.07022,0.005336,0.07225,-0.060542,0.11881,0.093494,-0.061682,-0.0031366,0.025191,0.066639,0.12405,0.032978,0.027114,-0.012792,0.12585,0.017868,0.1571,0.21872,0.073676,-0.054429,0.099517
0.053913,-0.08269,0.030909,-0.10398,0.15307,0.044769,0.0051156,0.1675,-0.05141,0.01456,-0.068212,0.13512,-0.047043,-0.092605,-0.033785,-0.035833,0.17492,0.06099,-0.026626,-0.11437,0.12213,-0.074125,-0.012356,0.05158,0.099648,-0.11057,0.027017,0.013504,4.9606e-05,-0.078974,-0.0031612,0.063074,0.026771,0.036424,0.095639,-0.027049,0.030841,-0.073983,0.068905,-0.032451,0.144,-0.054463,0.024556,0.02968,0.045947,-0.0083304,0.069711,0.21029,-0.052573,0.12746,-0.090833,0.025084,0.099064,-0.025039,-0.091474,0.067827,0.070289,0.064472,-0.079641,0.10698,0.023336,-0.042849,0.11004,0.017564,0.077308,0.03573,0.087946,0.1233,0.02217,-0.033826,-0.15477,0.16395,0.036467,0.088064,0.050188,0.096814,0.057019,0.0018695,-0.024732,0.0064712,0.071167,0.04617,0.049505,-0.0044268,0.11138,0.026501,0.09769,0.0056992,0.20912,0.0011747,0.068878,-0.091609,0.12839,-0.0053585,0.0097524,0.019589,0.015351,0.10803,0.16931,0.030021
0.018044,0.0048304,0.045146,-0.069387,0.14804,-0.069368,0.049194,0.032958,-0.011853,0.079761,-0.029098,-0.0079397,-0.026483,0.080045,-0.02955,0.035223,0.023083,0.15519,-0.031657,0.0039714,-0.012423,0.1979,-0.028821,0.13248,-0.064572,0.072087,0.090999,-0.086796,-0.0089811,0.0068159,0.02551,0.18,0.028087,0.13828,-0.054909,0.13143,0.075994,-0.030639,0.13022,-0.054765,0.073602,0.11033,0.13248,0.090297,0.12534,0.069139,-0.054259,-0.13145,-0.0042146,0.030774,0.014158,0.017526,0.022408,0.062569,-0.011428,0.10066,0.059542,0.011848,0.037012,-0.0022562,0.043292,-0.037052,0.10826,0.10604,0.0545,-0.041903,0.082655,0.085626,0.0039629,0.0928,-0.0073088,-0.022051,0.0090548,-0.016304,0.15624,0.078988,-0.14304,0.026815,0.043942,0.013421,0.051112,0.1626,0.082326,0.093901,0.074244,0.039514,0.16505,-0.026119,0.11235,-0.028491,-0.032385,-0.035663,-0.018461,-0.0020561,0.051375,0.0058089,0.0023674,0.1097,-0.030694,-0.012422
0.0012467,0.0042936,-0.014149,-0.084874,-0.029015,0.027737,-0.068012,-0.14662,-0.095337,-0.025171,-0.010521,0.10516,-0.066815,-0.029742,0.01734,-0.05365,-0.12322,0.016796,-0.02592,0.094053,-0.13414,0.057921,0.076323,0.041063,-0.084044,-0.0051554,-0.045783,0.00899,-0.0086094,-0.047576,-0.039742,0.084644,0.11088,-0.001458,0.031386,0.010376,0.096843,0.020756,0.0366,-0.093898,0.0755,0.075256,-0.061752,0.090876,-0.0071475,-0.060914,0.054256,-0.041478,0.0090273,-0.038805,0.011451,0.019816,0.14309,0.0048137,0.15817,0.11679,-0.022613,0.109,-0.11464,-0.032904,0.095738,0.05488,0.12713,0.0025608,-0.016315,0.00026131,0.074254,0.10997,0.062881,0.075149,-0.031211,-0.0065972,0.045507,0.022093,-0.0040283,0.026193,0.12468,0.033254,-0.022332,-0.079163,0.050533,-0.030306,0.10702,0.11776,-0.0397,0.0026932,0.065703,0.031808,0.044984,-0.09426,-0.092546,-0.086558,-0.0086354,0.06677,0.018501,0.035487,0.041764,0.03051,0.11891,-0.0067596
0.077237,0.00018188,0.12882,0.0056321,0.069997,-0.050436,0.022012,0.1766,0.012815,0.0042957,-0.021393,-0.13849,0.022871,0.1156,-0.045797,-0.048599,0.028907,0.10619,0.22722,0.28441,0.015021,0.082367,0.089891,0.03264,-0.0049651,0.059431,0.028451,0.067575,0.1553,-0.068497,0.094658,0.15324,-0.1079,0.00020816,-0.072039,0.11377,-0.056065,0.12305,0.074508,0.075916,0.087762,-0.0014017,0.16407,0.12289,0.1216,0.024814,0.013789,0.08391,0.059575,-0.13615,-0.033633,0.02553,-0.0559,-0.028966,0.09607,0.13515,-0.098496,-0.020726,0.366,0.0281,-0.0046621,0.012235,0.060413,0.021086,0.041782,0.080411,0.031764,-0.065071,0.062757,0.030027,0.031507,0.055911,0.15811,0.10201,-0.12245,0.053799,-0.044541,-0.12064,0.032603,0.016741,0.041729,0.040307,0.073968,0.0040506,0.01536,0.024376,0.09611,0.026967,-0.07359,0.090791,-0.036601,-0.046617,0.050047,0.13459,0.047647,-0.010287,0.0025111,0.041632,0.10695,0.022092
-0.085787,-0.080245,-0.052816,0.15176,-0.1371,0.0042938,0.060678,-0.108,-0.0010533,0.0038567,-0.024601,-0.054087,-0.046256,-0.10109,0.053345,0.034452,-0.030148,-0.015746,-0.012568,-0.0013241,0.018261,0.0032754,0.03909,0.0075094,0.0069223,-0.075402,0.095647,0.095202,-0.040409,-0.014975,-0.030145,0.037502,-0.014786,0.13874,0.14908,-0.098862,0.01061,0.07092,-0.017852,0.10792,-0.028633,0.061044,-0.076092,0.032841,0.056072,0.064016,-0.027594,0.14621,-0.014155,-0.010895,0.072579,0.01984,0.1165,0.20402,-0.13387,0.021954,-0.085026,0.081416,0.060698,0.041421,0.086567,0.039315,0.052708,0.0098241,-0.03132,0.090118,-0.062624,-0.060174,0.15233,-0.048502,-0.0021335,-0.048574,-0.031704,0.15556,0.13254,0.06868,-0.016604,0.023367,-0.029215,-0.030241,0.0010619,-0.0025802,0.006303,0.0066182,-0.046516,0.10131,0.099524,0.084273,0.088657,0.070782,-0.025142,0.0086242,-0.0077571,0.13163,0.10078,-0.018138,0.066419,0.018413,0.14296,0.065191
-0.063218,-0.002366,0.04789,0.01952,-0.067949,0.0011446,0.10772,0.12446,-0.029082,0.0052673,-0.019143,0.077647,-0.010778,0.0058169,0.031882,0.045398,0.046627,0.018532,0.0069385,-0.13662,0.068597,0.0094627,0.093857,0.0054661,-0.038788,-0.0097044,0.013405,0.17618,0.016197,0.024277,0.019797,-0.01107,0.02827,0.081004,0.0033227,0.109,0.10844,-0.011452,-0.029249,0.016259,0.037486,-0.058781,-0.0098773,-0.08965,0.021424,0.098776,0.013193,0.035487,-0.050375,-0.051227,0.042654,-0.039614,0.010123,0.044746,0.12569,0.019385,0.17189,0.008893,-0.01593,0.10297,0.087067,0.068947,-0.038768,-0.037259,0.073865,0.010015,0.048734,-0.038015,0.15688,-0.086915,0.13313,0.054004,0.022394,0.12968,0.066445,-0.084358,0.11991,0.030642,0.062197,0.01803,0.058136,0.052505,0.12108,0.015302,0.074974,-0.030692,0.045995,-0.027157,0.14115,-0.086523,-0.12859,0.055868,0.10443,0.18086,-0.0042894,-0.0078668,0.050253,0.031857,-0.030516,0.15612
-0.10637,0.017932,-0.052179,-0.027419,-0.044382,0.027196,-0.08368,0.012346,-0.033192,0.041173,0.064436,-0.067935,0.0038514,0.007173,-3.8241e-05,-0.048007,-0.0077099,-0.013756,0.040239,0.053759,-0.030014,0.036157,0.041375,0.089843,-0.12576,0.15335,0.038663,-0.0044182,0.052144,-0.012877,-0.0851,0.059271,0.026188,0.061471,0.12665,-0.083587,0.091589,0.049173,-0.029779,0.057764,0.14195,0.054685,0.070775,-0.0081017,0.026164,-0.11214,0.018265,0.087654,-0.010024,0.05807,0.083242,0.055034,-0.087254,0.030733,0.03259,0.10101,0.045762,0.038483,-0.029182,0.16233,0.021778,0.057861,-0.0087164,0.1279,0.058013,-0.0080004,-0.019508,0.081404,0.015337,-0.010636,0.25159,-0.03739,-0.062563,0.029612,0.097067,0.022193,-0.044039,0.01949,0.13635,0.022251,0.086567,0.11848,0.21263,0.048375,0.0031334,0.0031704,-0.0045626,0.018794,0.025008,-0.0070685,0.16733,-0.024228,0.056534,0.011677,0.08411,0.09713,0.17913,0.16841,0.072236,-0.070806
0.038237,0.14318,-0.0059404,0.13553,-0.067767,0.093793,0.078613,-0.0031758,0.051162,0.054951,0.0062292,0.11207,0.031208,-0.0047144,-0.04338,-0.1123,0.19239,-0.039297,-0.022684,0.18718,-0.010025,0.10204,0.027746,-0.10576,-0.049903,-0.089762,-0.0032747,0.029453,0.081009,0.11285,-0.055458,0.028529,0.0063663,0.060099,0.078435,-0.011095,0.15567,0.12389,0.076597,-0.027478,0.087427,-0.031149,-0.026562,-0.04582,-0.11129,0.048825,-0.011482,0.042783,0.11896,0.16179,0.17734,0.047228,0.13375,0.25534,-0.0050965,0.079239,-0.021396,-0.065612,0.21576,0.032661,-0.011094,0.033271,0.068074,0.12878,-0.0072773,-0.0036722,0.031306,0.10252,-0.042184,-0.063307,0.029066,0.20071,0.05851,0.030773,0.083895,0.11461,0.075424,0.041732,0.062062,0.14823,0.021257,-0.020633,0.051447,0.043091,0.13562,-0.016764,0.037948,0.030032,0.10297,0.10903,0.068773,0.016142,-0.09034,0.15594,-0.015371,-0.05357,0.029731,0.011492,0.091096,0.077574
-0.039714,-0.0097626,0.018292,-0.0661,-0.005279,-0.0016426,0.12877,-0.091658,0.042582,0.18035,-0.028542,-0.081919,0.18397,0.058621,0.1312,0.13864,0.059926,-0.035528,-0.098882,-0.064292,0.02458,0.024507,0.11211,-0.063845,-0.045206,0.06211,0.032496,-0.033074,0.11297,0.044563,-0.082126,0.011823,-0.029511,0.11968,-0.080389,0.053605,-0.02097,0.091542,0.040786,-0.018672,-0.015848,0.080573,0.0077571,0.035533,0.066538,0.055743,0.066895,-0.015533,-0.056759,0.099174,0.079422,0.1454,0.16837,0.08148,0.028977,0.024689,0.060144,0.095415,0.15006,0.13384,0.16823,0.073877,0.0090936,0.02482,0.069915,-0.014528,0.14155,0.095099,-0.010779,0.054668,0.10009,0.016014,-0.059892,-0.054807,0.0037926,0.11966,-0.043101,-0.006407,-0.040291,0.04131,-0.019491,-0.10958,0.083401,-0.10588,-0.045957,0.086558,-0.00052938,-0.088697,0.0421,0.050152,-0.027237,0.015497,0.091413,0.033069,0.049502,0.041774,0.039361,-0.03077,-0.028392,-0.11327
0.030549,0.077235,0.066164,-0.001153,0.057141,0.053351,-0.022749,-0.0073836,0.01694,0.072349,0.13082,0.057995,0.073761,-0.024928,0.14774,-0.021477,0.038698,0.032533,0.040649,-0.0618,-0.039618,0.0084832,0.14272,0.053805,-0.037304,0.054067,0.10269,-0.041673,0.055322,-0.040785,-0.0029848,-0.0020492,-0.014167,0.077005,0.054708,0.0054331,-0.079747,0.035049,0.043105,0.14332,0.11685,0.0062308,-0.12099,0.056115,0.020207,-0.015395,0.12403,0.063211,-0.060609,0.080156,0.077188,0.059711,0.11438,-0.086432,0.15874,0.07109,0.013206,0.084278,0.046959,0.050469,-0.0017891,-0.038671,0.058531,0.04444,0.17634,0.090802,-0.025642,0.024564,0.098506,0.024368,-0.020241,-0.13069,0.041444,0.0039509,0.064622,-0.029839,-0.0033559,0.16383,0.051842,0.031064,-0.024682,0.15051,-0.060704,-0.052904,0.018077,0.048011,0.0095339,-0.035969,0.040868,0.19543,0.07511,0.15387,0.0013421,-0.011128,0.050395,-0.086074,0.079841,0.082745,0.098506,0.068149
-0.046886,0.034177,-0.14809,0.006193,0.15521,-0.014414,0.11035,0.027967,-0.050247,-0.048249,0.067422,-0.054117,-0.11952,0.031133,0.16284,0.001779,-0.01796,0.12814,0.030791,-0.030657,-0.019874,-0.14718,-0.090512,-0.060458,0.10543,0.0063409,-0.059633,-0.020364,-0.10754,-0.035561,-0.038661,0.050992,-0.016415,0.14136,0.10813,-0.0035336,-0.014043,-0.069227,-0.047629,0.026458,-0.027474,-0.068898,0.021071,-0.034905,0.008319,0.065138,0.021261,0.019445,-0.049837,-0.021728,0.10122,-0.054531,0.01253,0.031072,-0.0024024,-0.065301,-0.030645,-0.043832,0.056584,-0.055239,-0.0082445,-0.0084806,0.083918,0.11756,0.09982,0.18299,0.17923,0.004491,0.0024309,0.00096582,-0.0063452,0.12585,0.036879,-0.013804,0.038458,0.14125,-0.16208,0.16862,0.036484,0.047917,-0.0294,-0.0095299,0.11311,-0.0052716,0.090175,-0.039389,-0.019964,-0.013321,0.22763,0.057564,0.12935,-0.002415,-0.058036,0.00053184,-0.081868,-0.054365,0.025725,0.11254,-0.017489,0.052834
-0.023792,-0.0022689,-0.090859,-0.049457,-0.0034531,0.091597,0.14054,-0.03599,-0.1187,0.037951,-0.039605,0.064698,0.14309,0.014451,0.047936,0.061529,-0.13142,-0.077974,0.042931,-0.022325,0.064892,0.015361,-0.058694,0.047498,0.0066267,-0.020513,0.074188,0.060029,0.030939,-0.012081,-0.026412,0.074455,0.022795,-0.02126,-0.040232,0.029767,-0.013721,0.10258,0.13251,0.069472,0.077806,-0.040677,0.0099846,0.14779,-0.10657,-0.014632,-0.048369,0.021432,0.090434,0.073586,-0.027629,0.10529,0.051502,-0.0098743,-0.012982,-0.01495,-0.035886,0.039603,0.064132,0.042053,-0.059844,-0.070678,-0.047733,0.059601,0.057557,0.0047542,0.017014,0.075386,-0.047979,0.036941,0.013161,0.012311,0.006207,0.019496,-0.057808,-0.063978,0.080719,0.075656,0.016647,0.10145,0.084189,-0.017131,0.0036966,-0.028518,0.071946,0.075507,0.15211,0.093168,0.038427,0.057235,0.098822,0.050382,-0.022212,-0.055994,0.052538,0.019196,-0.16325,0.04503,0.11618,0.11517
0.073107,0.10435,-0.0024031,-0.073291,0.011618,0.013116,-0.11834,0.039507,0.03208,-0.0065249,0.011376,-0.029885,-0.052002,0.044851,-0.037802,0.077303,0.012896,-0.030264,0.1087,0.20384,0.033381,0.021542,0.051107,0.080462,0.069362,-0.012646,0.066463,0.026857,-0.00014327,0.15725,0.11015,0.0038225,0.021828,0.056334,-0.032887,-0.035058,0.047115,0.13378,0.024685,0.15596,0.13854,0.09831,-0.008954,0.075737,0.040036,0.038756,0.010877,0.088605,0.014303,0.07903,-0.027405,0.0674,0.12632,0.091992,-0.037135,-0.021863,-0.033896,0.054282,0.040439,0.019046,0.17774,0.062465,0.04346,0.023966,0.1431,-0.068475,0.044901,-0.0067309,0.038119,-0.014917,0.024935,-0.12353,0.082027,0.010471,0.049999,0.055785,-0.034851,-0.079676,-0.041696,0.03857,0.036877,0.12059,0.024976,0.11751,-0.10991,0.10573,-0.048304,0.071789,0.011062,-0.061037,0.011093,0.0036758,0.040902,0.13475,0.15209,0.12379,0.0051922,-0.054586,0.0062793,0.02193
0.05288,-0.031831,0.0092215,-0.092253,0.039035,0.026022,0.087964,0.096852,0.060671,-0.039313,-0.053292,0.00063841,0.082787,-0.010778,-0.021492,0.0016763,-0.0719,0.040604,-0.057082,-0.012589,-0.059055,0.027658,-0.0060413,0.027194,-0.0075483,-0.0043234,-0.0068871,0.089485,0.011703,0.070098,0.042407,0.036327,0.1119,0.056526,0.088041,0.078207,0.071368,0.1347,0.063737,0.095857,-0.075368,0.051215,0.043874,0.13522,0.12298,0.073571,-0.042178,-0.033789,-0.0918,0.030466,0.088717,-0.016135,0.10465,0.057326,0.030735,-0.018047,0.12703,0.081222,-0.053914,-0.070452,0.11124,0.031197,-0.039,0.032942,0.037685,0.10242,-0.06232,0.035798,0.1214,0.072343,-0.10693,-0.027609,0.054654,-0.10305,0.066507,0.058702,-0.039428,0.028411,-0.033872,0.017794,-0.0072487,0.062072,0.0082814,0.073774,0.037543,0.0015798,-0.055083,0.0017635,-0.021496,0.14559,0.086508,-0.00054764,0.055824,-0.050789,-0.055102,-0.084143,0.0076122,0.088681,0.086005,0.038191
0.10808,-0.017514,-0.0025549,0.080325,-0.014753,-0.042934,-0.021399,0.081108,-0.031624,0.11355,0.13943,0.028673,0.0056264,0.045373,-0.00081592,-0.034217,0.094848,-0.001819,0.065884,0.056122,-0.015265,0.055906,-0.058211,0.02153,0.045591,-0.050662,0.17401,0.054253,0.020971,0.11213,0.15687,-0.0038456,-0.12062,0.072284,0.059017,0.001584,-0.043988,-0.019114,0.022923,0.070958,-0.051245,0.041882,-0.057923,0.020543,-0.0041258,0.011619,-0.056374,0.053441,0.015323,0.27828,0.15815,-0.03468,-0.023189,0.060743,-0.019617,-0.06818,0.041395,-0.018335,0.041413,0.12134,0.023387,0.078102,0.098713,0.0017939,0.07987,0.0033534,0.072582,0.082429,0.092208,0.0027551,0.097926,-0.009823,0.022279,0.071212,-0.00029792,-0.051248,0.0082885,0.10098,0.014417,0.11168,0.008123,-0.051156,0.083516,0.0079168,0.08572,0.036649,-0.00076052,-0.012349,-0.045096,-0.028821,0.024789,0.00057276,-0.007383,0.036076,-0.0029265,0.15994,0.010019,0.18373,0.089638,0.13468
0.053422,0.11782,-0.024262,-0.052541,-0.016465,-0.0033481,0.00075293,0.038172,-0.029361,0.033917,-0.052784,-0.019818,0.016221,0.20074,-0.022239,0.028206,0.14222,-0.069642,-0.071703,0.121,0.0051295,-0.05866,-0.0071416,0.11027,0.097124,-0.00014739,0.05661,0.10997,0.031063,0.058958,0.03684,0.065898,0.027705,0.12092,-0.067671,0.0075748,0.013495,-0.0063903,0.12462,0.11121,-0.059672,-0.022438,0.16989,0.23808,0.031413,0.03664,0.037032,0.11284,-0.13578,-0.0030023,-0.01504,-0.067137,0.11325,0.020205,0.10414,-0.10697,-0.051616,-0.039938,-0.091896,0.053628,-0.039637,-0.066943,0.099446,0.06023,0.0065774,0.036272,0.046788,0.18245,-0.048151,0.11924,0.052507,-0.020286,0.076381,0.011347,0.016455,0.013291,-0.031313,0.099512,-0.014317,0.018464,-0.10356,0.021328,-0.073751,-0.0024023,0.032735,0.16445,0.010527,0.077551,0.094201,-0.091909,-0.035354,0.014323,0.13963,0.0089353,0.15617,0.054935,-0.044135,0.074848,0.063225,-0.050556
-0.065423,-0.054263,-0.021811,0.034539,0.020559,0.083796,-0.040623,0.018979,0.10527,0.023993,-0.027052,-0.087492,0.1068,-0.05059,0.084785,-0.070299,-0.043701,-0.081187,0.11481,0.07726,0.073888,-0.10101,0.063479,-0.0096925,-0.053627,0.17579,-0.034513,0.038985,0.032714,-0.010103,0.037139,0.0068234,0.0011154,0.045179,0.11549,0.017798,0.096359,-0.0506,-0.06558,-0.0082173,0.032771,0.068908,-0.06125,0.032405,-0.04875,0.24468,0.066702,-0.023493,0.066174,-0.052311,-0.070148,0.010561,-0.023332,-0.051472,0.12313,-0.053467,-0.067701,0.012447,0.098317,0.025733,0.075313,0.04099,0.036676,0.025541,-0.030912,0.0014275,-0.090869,0.087691,0.035408,0.004945,0.099233,-0.016191,0.13076,-0.0017142,0.14431,0.098813,0.021315,0.14371,0.11643,-0.035957,-0.031316,-0.062968,0.039179,-0.0036922,0.034597,-0.049875,0.082492,0.13452,-0.098479,0.013995,0.056784,-0.045388,0.042447,-0.13141,-0.048485,0.039998,0.021563,-0.010916,-0.098087,0.11562
-0.10195,-0.019651,-0.092083,-0.056063,0.012072,-0.015813,-0.10473,-0.081046,-0.026458,0.0079108,0.1145,0.0069819,-0.011426,0.11977,0.060476,-0.069145,-0.017441,-0.018856,0.027015,-0.040458,0.19394,0.14573,-0.0085565,0.03548,-0.04033,0.038065,0.0086093,-0.055178,-0.080981,0.13561,0.0067102,0.0021236,-0.083523,-0.011431,0.10082,0.080499,0.053657,0.095503,0.02862,-0.03374,0.013117,-0.12545,-0.01774,0.033782,0.13517,-0.10333,0.021663,0.040985,0.14997,0.10185,-0.04777,0.055493,0.044658,0.11991,0.15677,0.0069559,0.072142,0.18245,0.04134,-0.050685,0.062417,0.073464,-0.05205,-0.021134,-0.018957,0.038933,0.030569,0.080018,0.13592,-0.024702,-0.011602,0.044242,0.030707,0.19208,0.048127,-0.023312,0.044998,0.032328,-0.053582,0.0053745,0.063343,-0.044808,0.12586,-0.10144,0.076889,0.047962,0.13373,0.049376,0.095869,0.14523,0.0093608,-0.061314,0.030655,0.042939,0.010706,-0.032954,0.11532,-0.063941,0.10188,-0.011917
0.048844,0.070532,0.013433,-0.048057,0.024,-0.0027886,-0.064516,0.059646,0.071456,0.037706,0.07551,0.085422,0.031235,0.031734,-0.066196,-0.08438,0.074421,-0.06898,0.14782,0.0094406,-0.088379,-0.020924,0.032429,0.088383,0.032514,-0.092947,-0.024379,0.0593,0.093692,0.045735,-0.13295,-0.044281,-0.0091711,-0.01907,0.02936,0.013807,0.0091047,0.0044841,0.11974,-0.01885,-0.035591,-0.0050551,0.13161,0.0037128,0.090601,-0.094882,0.062439,-0.042191,0.04582,0.11056,0.068746,0.039115,0.021776,0.089224,-0.0080968,-0.043947,0.059782,0.018188,0.031085,0.19878,0.10559,0.20617,0.017384,0.092771,0.22015,-0.033023,0.11996,0.046517,0.062022,0.11129,0.079672,0.0064126,0.18263,0.16458,-0.022592,0.016039,0.034038,0.075643,-0.028162,-0.078365,-0.0083991,0.14149,-0.070981,0.023396,-0.000247,0.038966,0.027002,0.012659,-0.084715,-0.038085,0.10979,0.0058834,-0.052638,-0.076808,0.16736,0.048957,0.14938,-0.0048754,0.2395,0.043994
-0.078364,-0.0025766,-0.020604,-0.096926,0.033369,0.024131,0.080336,0.057366,-0.025811,-0.033028,-0.008316,0.035413,0.18018,-0.023194,0.037475,0.0085246,0.017354,0.13243,0.13223,0.031175,0.031178,-0.026268,0.0049456,0.0044706,0.051044,0.11266,-0.042534,-0.18576,-0.017342,-0.071341,0.086643,-0.012964,-0.040171,0.0054205,0.024672,0.094506,-0.051574,0.051622,-0.039956,0.0067161,0.097362,-0.05555,-0.020381,0.044289,-0.0069439,0.058114,0.132,-0.013065,0.078106,0.047279,-0.10265,0.10829,0.056565,-0.11407,0.0037353,0.11215,0.087489,0.033847,-0.069765,-0.029421,0.0060729,0.057284,0.12939,0.072143,0.10471,-0.04231,0.10767,-0.0088939,0.076713,-0.074376,-0.011001,0.10658,0.0085485,-0.035764,0.07384,0.024489,0.13558,-0.046674,0.03115,-0.053999,0.076781,0.053217,0.085654,0.10465,-0.026344,-0.063672,0.13227,0.048191,0.10794,0.013072,0.088912,0.13456,0.18036,-0.02671,0.084884,0.17819,-0.041104,0.19655,0.13192,-0.028726
0.014568,0.098512,-0.037935,-0.11794,-0.055165,-0.1302,-0.0010409,-0.042373,-0.043427,0.056247,-0.044612,-0.0081962,-0.059487,-0.025073,0.066813,0.11497,0.08678,0.17326,-0.027791,-0.034488,0.024108,0.039517,0.13924,0.083805,0.018697,-0.035381,0.07406,0.17903,0.13644,0.17342,-0.038461,-0.032521,-0.0049648,-0.039519,0.057966,0.013353,-0.026347,0.013296,0.16614,-0.0013278,0.12892,0.050623,-0.0084569,0.016502,0.14477,0.0050368,-0.045421,0.11239,-0.010855,0.049963,-0.015818,0.10796,-0.03029,0.033041,-0.004003,0.086436,0.0071824,0.0036357,0.049757,0.0041764,-0.020059,0.13612,0.064583,-0.0034318,0.082306,-0.040038,0.1718,0.059644,0.12958,0.070343,-0.035127,0.067035,-0.038065,0.0094669,-0.03223,-0.032223,0.065699,0.10754,-0.03723,-0.048541,0.061393,-0.089593,-0.0024237,0.088262,0.095349,-0.065826,-0.073722,0.0033717,-0.025543,0.034964,-0.11145,0.14728,0.0021601,0.19737,0.059596,-0.041943,0.019081,-0.1224,0.051545,0.076562
0.0023458,0.0025068,-0.10422,0.01092,0.012579,0.010891,-0.077635,0.0048344,0.066046,-0.085041,0.1068,-0.10793,0.043871,-0.0066361,-0.015271,0.09494,0.01823,-0.0058234,0.083267,0.069731,0.15363,-0.032164,0.030068,0.016847,0.0044555,0.074421,0.049278,0.052832,0.030148,0.093072,-0.10868,0.10172,0.023391,0.098074,0.050677,0.15234,0.16631,0.011059,-0.01251,0.12282,0.041688,0.040349,-0.00069085,0.2376,0.0056066,0.048136,-0.050239,-0.016553,-0.057974,-0.067373,0.11878,0.20341,-0.026211,-0.078083,-0.11725,0.038835,0.0032549,0.044654,-0.027188,0.043031,0.070163,0.03328,0.017877,0.10483,-0.093799,0.0075758,0.064219,0.042535,0.11858,0.038718,0.045854,0.015378,0.11505,0.11271,0.13347,-0.062584,0.020956,-0.065696,0.10729,0.10258,-0.034929,-0.0085606,-0.012087,-0.11693,0.05135,-0.066663,0.10955,-0.0051032,0.096043,-0.033486,-0.030453,0.037251,-0.019717,0.020221,0.13614,0.043252,0.093454,0.038757,0.03916,-0.017279
-0.076659,0.038891,-0.15135,0.07558,0.061503,-0.086198,-0.036903,-0.046095,0.051512,-0.040643,-0.14175,-0.01285,0.078921,-0.0044648,0.063463,0.13484,-0.004632,0.17011,0.058031,0.050184,0.024766,0.019693,0.10218,0.049132,0.051097,-0.004138,0.0064609,-0.076347,0.061366,-0.0093416,0.09765,0.082781,0.017883,0.12722,0.037301,0.081107,0.10012,0.10163,-0.055731,-0.0025777,0.054618,0.097917,0.011208,-0.088745,0.22328,-0.025356,0.095246,0.0057855,0.17231,0.10912,-0.04098,0.0090462,0.013202,0.044998,-0.090499,0.046408,-0.065385,0.016538,0.064831,-0.011884,-0.023593,-0.066838,0.32686,-0.01872,-0.067456,-0.045907,-0.074839,-0.020848,0.012867,0.037562,0.063255,-0.0060886,-0.0088191,0.084301,-0.026388,0.0070204,0.045587,0.030811,0.049786,-0.073526,-0.056334,0.048898,-0.014302,0.16868,-0.10436,-0.014575,0.10324,0.088503,0.13919,-0.006668,-0.010728,0.0050444,0.11366,-0.026868,0.22214,0.022788,0.068772,0.0066662,0.05234,0.078317
0.046432,-0.002776,0.030844,-0.020564,-0.042085,0.039087,-0.050899,0.0013841,-0.017618,0.072038,-0.012947,-0.050052,0.011855,0.083567,-0.051748,0.091895,0.048509,0.10049,-0.042009,0.07547,-0.018639,-0.059312,0.001478,0.0058403,-0.035492,0.076732,-0.0033115,-0.039964,0.10608,-0.03689,0.012802,-0.037743,0.13124,-0.075199,-0.040154,-0.030925,0.058071,-0.076333,-0.02778,0.0059071,-0.034489,0.055823,-0.0098802,-0.049215,0.055176,0.053247,0.0025866,0.0098333,0.15047,-0.084917,0.027053,0.087902,-0.055008,0.095122,-0.045164,-0.033888,-0.030554,-0.13189,-0.04448,-0.064622,0.059948,0.034771,-0.079716,0.015865,0.09544,0.10517,0.067775,-0.0477,0.051458,0.028274,0.026629,0.13138,-0.0027837,0.0055964,0.031662,0.015956,-0.012579,0.020812,0.031026,0.067359,0.096231,-0.067566,0.097164,-0.065194,0.14503,0.1213,0.054307,0.18463,-0.0060153,-0.0069579,0.062474,0.13181,0.048247,0.033988,0.12695,0.023295,0.066052,0.017352,-0.034178,0.025445
-0.01277,-0.018448,-0.026345,0.0070735,-0.0053691,0.021731,0.061552,0.09541,0.049862,-0.026518,-0.081003,-0.011814,0.02065,-0.010783,0.0040295,0.09832,0.2268,0.052381,-0.0022329,0.11654,0.098327,-0.0024188,0.039417,0.020845,0.096845,0.037424,0.13375,0.065435,0.12126,0.022312,0.05964,0.086032,-0.078036,0.012648,0.065598,0.060931,0.085473,-0.021374,0.078128,0.069162,0.017195,0.073088,0.054114,0.057228,0.18821,-0.050215,0.1369,-0.053178,-0.022849,0.036425,0.046898,0.025579,0.094808,0.020059,0.051227,-0.010215,0.0072235,0.076143,0.060993,0.18672,-0.022939,-0.030423,0.11766,0.20868,0.017718,0.041306,-0.044626,0.016918,0.0038642,-0.0062714,0.0058422,-0.00087255,-0.012645,0.064195,-0.050097,0.078085,0.10975,0.022483,0.10338,-0.083307,0.065441,0.14533,-0.024162,0.25812,-0.0079245,-0.015541,-0.0036398,-0.014335,0.010423,0.049729,0.020317,0.022318,0.0039265,0.050932,0.13966,0.029179,-0.036979,-0.024298,-0.0065476,0.085305
-0.071833,0.0055496,0.018864,-0.037438,0.17051,-0.00078019,0.0015951,-0.037791,0.016779,0.080128,0.012187,-0.0046527,0.0797,0.097758,0.071744,-0.078424,0.0022447,0.015827,-0.11859,0.021239,-0.003167,0.011937,0.12423,0.044439,-0.060414,0.011353,0.13585,-0.060894,0.21999,0.10631,0.068453,0.023971,-0.096652,0.014478,-0.0058605,0.099647,0.088945,-0.01987,0.13206,0.08809,0.20508,0.024415,0.063469,-0.029905,0.077658,0.10998,0.07792,-0.06558,0.02602,-0.011112,0.15723,-0.071808,0.028913,0.030553,0.042269,0.099516,0.039731,0.14758,-0.029173,-0.053101,-0.083346,0.052748,0.015055,-0.079703,0.027106,-0.03128,-0.082636,-0.064433,-0.071579,-0.084558,-0.0062891,0.07309,0.030783,0.13778,0.0067559,-0.12371,-0.020182,-0.024189,-0.040157,-0.015899,0.014434,-0.058942,0.13118,-0.072638,0.018154,0.041622,0.029669,0.081604,-0.019618,-0.045919,-0.093073,0.057482,0.059375,0.13762,0.0071353,0.076978,0.056031,-0.018206,0.10614,-0.032307
-0.0031456,0.080855,0.031381,-0.00031257,0.096491,-0.07184,0.029229,3.4537e-05,-0.087374,0.076549,0.050666,-0.086101,-0.12206,-0.044762,0.073304,0.035442,0.1207,0.20471,0.14009,0.019095,0.019589,0.026138,0.024274,0.034999,-0.014328,0.049793,0.14292,0.067428,-0.029138,0.06412,-0.0011692,0.016718,0.14656,0.042468,-0.056635,0.041524,-0.035187,0.022793,0.097028,0.035852,0.06223,0.1182,0.123,0.03015,0.12595,0.049897,0.045439,0.027696,-0.0087194,0.059352,0.009301,-0.0008363,0.059731,-0.020433,0.032374,0.038536,-0.026834,0.019532,-0.0095757,-0.030679,0.085868,-0.050487,-0.044665,-0.039883,0.03493,0.10351,0.10207,0.12783,0.17598,0.015865,-0.043764,0.0012497,0.0039536,0.011411,0.022135,-0.090944,0.013926,0.080548,0.0030775,0.14731,0.042149,0.11699,-0.011765,-0.054259,0.028356,0.033851,-0.084919,0.028304,-0.011096,0.067666,0.02735,-0.14127,0.021835,0.065013,-0.057278,-0.039482,0.12664,-0.0020042,-0.042772,0.073244
-0.067134,-0.096039,0.0032223,0.034716,-0.040634,-0.027717,0.19301,0.16686,0.036851,0.0029126,0.0059132,-0.0044481,0.029347,-0.042282,0.12179,0.10877,-0.039796,-0.024909,4.8327e-05,0.13951,-0.088759,0.087165,0.025926,-0.0049034,-0.028822,0.10883,0.0004254,-0.018518,0.089173,0.16932,0.039525,0.074491,0.093221,-0.021671,0.032876,0.052125,0.052467,0.034469,-0.027598,0.13635,0.15561,0.026972,0.18285,0.035843,-0.062016,0.0011901,0.048999,0.093938,-0.044464,-0.11658,0.043499,0.062305,0.061086,-0.097747,0.041039,0.16742,0.093979,0.041202,0.07852,0.055178,-0.014194,0.10535,0.063223,0.059928,0.11068,0.19283,-0.016333,0.070213,0.023604,-0.042434,0.033062,0.029268,0.062777,0.068104,-0.029257,-0.0087104,0.13955,0.060323,0.035297,0.075558,0.013706,0.026038,0.0046911,0.0056862,-0.0046596,0.056435,0.016111,0.029035,0.1281,0.10813,0.044487,0.077957,0.032756,-0.017767,0.054163,0.083551,-0.055128,-0.0099822,0.048306,0.013803
0.095633,-0.023252,0.09841,-0.035234,-0.11101,-0.053028,0.030284,-0.018056,-0.095592,-0.045596,-0.067753,0.028281,0.12691,0.20942,0.067549,-0.055969,0.076942,0.053585,-0.0067245,0.006834,-0.035958,0.038661,-0.0040594,-0.041433,0.010967,0.080906,0.0026276,0.049956,0.03919,0.027041,-0.032761,0.098887,0.055814,0.0088815,0.11158,0.072127,-0.041495,-0.016005,-0.023951,-0.024317,0.13148,0.12481,-0.0067784,0.047411,0.071179,0.089818,0.052424,-0.11956,-0.033028,0.026767,-0.0035539,0.091589,0.0039208,-0.012909,0.10668,0.02607,0.0093008,0.095678,0.046244,0.095315,0.044433,0.025098,-0.020553,0.035531,0.16751,-0.018604,-0.012806,0.16315,0.045386,0.047958,0.069501,0.032056,0.040404,0.10919,0.15809,-0.022157,-0.056569,0.058621,0.14185,0.065333,0.058881,0.075317,0.065843,0.10313,0.14734,0.10988,-0.033921,-0.027929,0.036576,-0.092982,-0.069927,0.005129,0.019584,0.095962,-0.036001,0.17157,0.031804,0.15603,0.11027,0.013822
0.073118,-0.15044,0.043889,-0.018881,-0.057263,-0.0046441,-0.053417,-0.0021437,0.11783,0.052857,-0.096673,-0.092937,0.12292,0.0098388,0.10119,0.037863,0.088674,-0.10517,0.081991,0.14688,0.025898,-0.014022,0.081411,-0.1445,-0.069424,-0.0025961,0.076853,-0.0040345,0.049467,0.025761,0.087591,0.0079278,0.005714,0.0031808,-0.060427,0.078963,0.090316,0.052799,-0.06217,-0.041361,-0.046702,0.13239,-0.037917,0.058281,-0.049932,0.024702,0.016706,0.0042142,-0.033148,0.057617,0.021545,-0.021121,0.022257,-0.016578,-0.087451,0.039413,0.013182,-0.058826,0.076637,0.13413,-0.0087678,-0.015026,0.11193,-0.025572,-0.080826,0.0654,-0.016637,0.094453,0.14391,-0.10311,0.041845,0.0090283,0.051002,0.24963,0.079173,-0.12042,0.13495,0.11634,0.059236,0.035159,-0.0039224,-0.054801,0.096562,0.051926,0.11313,0.025521,-0.061095,-0.081328,-0.02745,0.0054215,0.1006,0.073283,-0.043394,0.094448,-0.027427,-0.007173,-0.13459,0.067417,0.0048618,0.019433
-0.057704,0.022623,0.13077,0.033384,-0.057071,0.065133,0.043315,0.10946,0.028828,0.024908,0.052891,-0.10357,0.11113,-0.070733,0.034237,-0.13518,0.16014,-0.0088934,0.049109,0.002812,-0.0061547,-0.012585,-0.044989,0.12373,0.1337,-0.021397,0.16419,0.023081,0.050427,0.020765,0.086782,0.17045,0.014971,0.0056791,0.050764,0.061067,-0.011945,-0.048826,0.051271,0.049082,-0.02131,0.015572,-0.076752,0.029455,-0.045816,-0.025669,-0.072903,-0.042212,0.035307,0.18241,-0.013036,-0.0055326,-0.078464,0.03779,0.053392,0.037959,0.07209,0.0042442,-0.063885,0.079069,0.1334,-0.14238,-0.015112,-0.0091246,0.1552,0.057138,0.097511,-0.10938,-0.0068021,0.16568,-0.093051,0.050276,-0.012288,0.018507,0.11119,0.16817,0.020582,0.051055,0.052915,0.013749,0.0036427,0.1224,0.005139,-0.025336,0.047173,0.0062188,0.064186,-0.058999,0.036046,0.13052,-0.084501,-0.099176,0.14488,-0.029013,-0.016558,0.091921,-0.099643,0.083252,0.12704,0.13987
-0.015619,0.20991,0.018877,0.033367,0.037339,0.032744,0.068555,0.033793,-0.069353,-0.094723,0.058348,0.079364,0.056284,0.10025,-0.069466,0.092533,0.026915,0.0033217,-0.003728,-0.014882,-0.07112,-0.071304,0.034759,-0.019143,-0.040846,-0.059995,0.035799,0.093633,0.25252,0.12989,0.08344,-0.042475,0.061858,0.11928,0.0675,0.069185,-0.0024148,-0.069076,0.076229,0.16175,0.083367,0.15201,0.020946,0.0043258,0.13632,0.039972,0.091871,-0.057638,0.039965,0.1367,-0.07513,0.13113,0.032842,-0.011455,0.020198,0.021479,0.11741,0.0088543,-0.11668,0.094999,-0.05672,0.053438,0.090844,-0.074037,-0.031912,-0.037429,0.0085811,-0.027924,0.11213,0.023993,0.10529,0.020525,-0.034482,0.0055456,0.020473,-0.042848,0.10222,0.025613,0.030704,-0.053121,-0.0021808,0.036172,-0.10791,0.0044663,0.054889,0.083248,-0.10873,0.15332,0.12332,0.053237,0.11895,0.082779,0.02042,-0.054767,0.057597,0.051956,0.047674,-0.057747,-0.059777,0.074837
-0.052544,0.11028,-0.07414,0.032387,0.019849,0.048557,0.10734,0.10144,-0.0066127,-0.062553,0.020527,0.03222,0.020953,0.022202,0.14948,-0.011521,0.05121,-0.006671,0.034731,-0.029253,0.16893,0.105,0.0077697,-0.05065,0.028791,0.053798,0.010389,-0.063599,-0.11634,0.15353,0.0015221,0.031271,-0.030037,0.17501,-0.031566,0.048977,-0.012597,-0.0044993,0.031787,0.081945,-0.0068437,0.030809,0.014819,0.033116,0.081357,0.095238,-0.025186,0.12379,-0.0091449,0.088215,0.062693,0.084,-0.033607,0.012207,0.099232,0.06807,-0.050891,0.0096905,0.065286,0.070624,-0.00035507,0.062437,-0.11295,0.012031,-0.017857,-0.14581,0.052597,-0.10976,0.019532,0.076006,0.10512,-0.073949,0.015129,0.074061,0.032408,0.09498,0.045394,0.13343,-0.11182,0.07199,-0.063324,0.18469,-0.11954,0.050995,0.055119,0.021803,-0.017938,0.042487,-0.14224,0.037286,0.098568,0.02033,0.038586,-0.0026126,0.1261,0.10415,0.05881,-0.016993,0.12059,-0.020741
0.0024274,-0.029812,-0.024267,0.037329,0.16472,-0.039276,0.013017,0.066834,0.099755,-0.090066,0.017823,0.043231,-0.058577,0.056689,0.019642,0.1379,0.052231,0.062814,0.03822,0.093025,0.26662,0.011461,0.021059,0.16061,0.066988,-0.082106,0.13759,0.016357,0.039492,0.090592,0.17217,-0.029044,-0.03717,0.083504,-0.024529,0.068832,-0.020192,0.070885,-0.06629,0.06101,-0.13261,0.058653,-0.063283,0.023717,0.060672,-0.050549,-0.018189,0.2301,-0.039154,0.10736,0.029956,-0.010757,0.12107,0.038597,0.13973,-0.022389,-0.027004,0.011629,0.023448,-0.015116,0.20644,-0.013926,0.093174,-0.077485,-0.021429,0.062867,0.076258,-0.05154,0.067386,0.14417,-0.012005,0.060732,-0.065483,-0.034154,0.011377,0.055452,0.099646,-0.091065,-0.017865,0.0048143,-0.099755,0.01304,0.037924,0.10837,0.042817,-0.052494,0.084769,0.027319,-0.01907,-0.018214,0.024856,0.038483,-0.018141,0.15225,0.15391,-0.096357,-0.037554,0.070502,-0.08271,0.0040228
-0.17531,-0.087886,-0.04312,-0.013427,0.069628,-0.0087818,0.085799,0.16219,0.046818,-0.075475,0.032967,0.15661,-0.038702,-0.074588,-0.01419,-0.038174,-0.057418,0.15112,-0.014036,0.011849,0.157,0.038367,0.093052,0.067181,-0.042249,0.13759,0.10894,0.12942,-0.023249,0.090869,-0.037915,-0.053962,-0.019382,0.019466,-0.0085841,0.027244,0.054467,-0.0022583,-0.034378,0.021674,0.083665,0.055867,0.0077765,0.055981,-0.13111,0.013141,-0.058064,0.032828,0.085159,0.1418,-0.042238,0.0099015,-0.0047615,0.1203,0.0878,-0.033689,0.021747,0.0071917,-0.087191,-0.069215,0.006388,-0.012969,-0.015089,0.009347,0.051066,0.068678,0.1095,0.066978,0.022905,0.086564,0.15543,-0.044227,0.0082234,-0.13289,0.099467,-0.017819,0.039366,-0.13419,-0.070983,-0.028267,0.1233,0.028498,-0.087153,-0.089997,0.12112,0.036257,-0.1235,0.065904,-0.0087925,0.0049966,-0.18404,0.0098769,0.06181,0.082005,-0.065258,-0.080049,0.036792,0.058398,-0.10105,0.10708
-0.058119,-0.0077812,-0.041103,-0.11236,-0.031563,0.025382,-0.0015012,0.089271,0.12007,0.031339,0.048815,0.041927,-0.0030537,0.049672,-0.042078,-0.021294,0.040193,0.031804,0.012984,0.051498,-0.0903,0.16818,0.010248,0.032181,0.055042,0.11402,-0.040935,-0.059972,-0.061901,0.0060135,-0.095375,-0.0153,-0.01974,-0.053748,-0.0059896,0.20593,-0.041991,-0.065855,0.00064271,-0.040273,0.019387,0.0071003,0.057696,0.054036,0.021024,0.022142,0.20859,0.010904,-0.00069194,0.11935,0.12016,-0.026694,0.020361,0.052099,-0.06777,-0.052114,-0.012698,0.067499,-0.01745,0.16143,0.023978,0.093325,-0.014347,0.070135,0.081254,0.0057098,0.022038,0.22363,0.018512,0.10678,-0.062032,0.037482,0.051968,0.0085586,0.080092,0.058482,-0.04977,0.0032186,0.041725,-0.061928,-0.0030029,0.096798,0.14652,0.053538,0.0083405,0.0080902,0.060376,0.057382,-0.0097718,-0.0023075,-0.048306,0.072128,0.018245,0.055388,-0.011557,0.047875,0.088372,0.16435,0.074488,0.044844
0.04488,0.04159,-0.029984,0.014677,-0.0061681,0.070308,0.085306,-0.048718,-0.0031228,-0.054316,0.03686,-0.057047,0.06529,0.031063,-0.027306,-0.017848,-0.035758,0.040198,0.026998,0.07354,-0.029163,-0.06709,0.034212,0.031017,-0.0042467,0.17441,0.15628,0.06627,-0.070733,0.015525,0.02448,-0.080455,-0.11659,-0.042328,0.027376,-0.048161,0.10152,-0.027417,0.057843,0.052358,0.007016,-0.049841,-0.0070622,-0.050895,0.081558,0.099004,0.19695,0.033875,-0.10174,-0.0335,-0.004045,-0.0095152,0.042911,0.0085118,-0.086927,0.028862,-0.015418,-0.032292,-0.10423,-0.028114,-0.046781,-0.0033662,-0.056479,0.023289,-0.058049,0.044562,0.010805,0.0065821,-0.093947,-0.045691,-0.05986,0.005171,0.0070068,0.046895,0.016824,-0.048771,0.040886,0.020421,0.15287,0.021836,0.035196,0.051201,0.026167,0.029269,0.1041,0.027034,0.078196,0.036649,-0.0092768,0.16392,0.080224,0.013395,0.052405,-0.0065145,0.010415,-0.0047252,0.085511,0.10751,0.013141,-0.073528
0.03426,0.012201,0.11328,-0.01044,0.039917,0.088016,-0.10117,0.039997,0.10309,0.023216,-0.0070399,0.027766,0.00095719,0.074174,-0.0011818,0.04453,0.11434,0.043281,-0.0026269,0.066145,0.15839,-0.074745,0.080983,-0.044758,0.049315,0.16855,0.12491,-0.034967,0.045106,0.0092712,-0.048617,-0.031019,0.10056,0.057993,0.048008,0.053919,0.12331,0.045692,0.0188,0.031455,0.011327,0.083398,0.078241,0.036673,0.063556,0.077315,0.055663,0.022002,0.040726,-0.10398,0.022027,0.051164,0.050525,0.19172,-0.032235,0.068372,0.057841,0.073351,0.063996,0.073292,-0.022454,-0.0758,0.096543,-0.036432,0.053818,0.018933,0.12009,-0.009821,-0.030946,0.0018251,0.072111,0.015966,-0.026392,-0.07302,-0.049912,0.10901,0.029301,-0.016283,-0.05678,0.19536,-0.012247,-0.063522,0.051418,0.10815,0.017104,0.010381,-0.041387,0.06377,-0.052214,0.066996,0.015958,0.0050335,0.025798,0.00603,-0.052549,0.043057,-0.1138,-0.022954,-0.030578,0.038531
0.0067813,-0.033608,-0.052068,-0.026261,-0.025351,0.044236,0.066583,-0.037225,0.13536,-0.073013,0.025165,0.031621,-0.055175,0.046908,-0.10754,-0.04698,0.042488,-0.00052753,0.067987,-0.031499,0.028341,0.030054,0.067891,0.021195,-0.017777,0.040609,0.052665,-0.077016,0.021214,0.028304,-0.034835,0.12376,-0.020631,0.35789,-0.072172,0.04095,0.17723,-0.047024,0.085914,0.077503,0.06667,-0.055886,-0.074835,-0.088553,0.053248,0.024864,0.020673,0.10035,0.047064,-0.052764,0.014146,0.050179,0.15557,-0.063,-0.0049695,-0.067533,-0.042756,-0.0052042,0.057738,-0.034992,-0.050067,0.042081,0.020525,0.069539,0.10152,0.12804,-0.065411,0.032949,-0.078227,0.066636,0.1667,0.080567,0.01213,0.007666,-0.022921,0.04386,-0.0079119,0.0442,-0.064354,-0.0043263,0.065201,0.028825,0.19844,-0.0095459,-0.015253,0.09374,-0.12185,-0.0729,0.047538,-0.0078134,0.15253,0.070497,0.086034,0.12673,0.084695,0.052838,-0.055276,-0.012593,0.021638,-0.12258
-0.0016981,0.14566,0.020445,0.025058,0.040123,0.096492,0.0059782,0.0063451,0.092158,-0.094211,-0.0055757,-0.061568,0.022693,0.04865,0.057074,0.075877,0.015,0.081814,-0.024096,0.038238,0.04925,-0.054471,0.11001,0.012375,-0.057852,0.0047958,0.081915,-0.03111,0.07262,0.068487,0.041361,0.074529,0.01746,0.037471,0.10851,0.072704,0.12484,0.085166,0.052337,-0.13094,0.085651,0.034523,0.16198,-0.032051,-0.066186,0.15363,-0.044209,0.10175,0.24021,-0.033792,0.065342,0.026894,0.059181,-0.049575,-0.052515,-0.10006,0.096723,0.034061,-0.0076529,-0.035475,-0.046121,0.11389,0.050447,-0.038925,0.013007,-0.045642,0.076035,-0.026937,-0.028664,-0.0016653,0.085232,0.018417,0.081659,0.098166,-0.057369,-0.047801,0.0092081,-0.032532,-0.059976,0.047559,0.010708,-0.069005,-0.074668,-0.0030455,0.10975,0.026405,0.0018425,0.13337,0.06043,0.046285,0.10018,0.1182,0.14775,-0.073302,0.079487,-0.021764,-0.0045682,-0.03209,-0.1205,-0.018993
0.02396,0.091697,0.0044264,0.097216,0.099342,0.061285,0.074461,0.036707,0.045401,0.076191,0.0010877,0.012437,-0.010203,0.021089,0.063047,0.010491,-0.026484,0.054481,0.054776,0.044317,0.021202,-0.087598,0.062025,0.1225,-0.096663,0.07969,0.032685,0.081043,0.0057144,0.035329,0.0069002,0.075305,0.19453,0.095145,-0.048265,-0.095674,0.094982,-0.03736,0.088559,-0.041006,-0.0489,0.078948,-0.03858,0.022712,0.083661,0.031313,-0.020393,0.089792,-0.0093883,-0.056704,0.10399,-0.031732,0.11122,0.12845,-0.072346,0.092461,-0.017101,-0.013144,0.038151,-0.023642,-0.049195,-0.073165,0.12135,0.066098,0.068344,-0.02517,0.052313,0.03779,0.083098,-0.049715,-0.061979,-0.1614,0.11927,0.00054875,-0.094384,-0.10635,-0.065016,0.15272,-0.039239,-0.039012,0.00909,0.091017,8.8332e-05,0.10567,-0.065717,-0.088735,0.024395,-0.051419,0.0562,0.16137,0.074795,0.089371,0.04127,0.031939,0.13796,-0.027058,0.045604,0.01813,0.0023515,0.017865
-0.01508,-0.012928,-0.10167,-0.077106,0.067471,0.090797,0.069958,0.064693,0.17884,0.032618,0.02944,0.055815,0.033143,0.096897,0.22924,0.10268,0.043872,0.084269,0.04728,0.10381,-0.045887,0.11718,0.0037201,0.0085704,-0.002577,0.0012924,0.076604,-0.03498,0.069337,0.0070402,-0.02529,-0.029993,-0.041287,0.0022528,0.047993,0.055035,0.17533,-0.061424,0.059209,0.094446,0.051952,0.026538,-0.038041,0.10848,0.14143,0.043467,0.16773,0.023288,0.025138,0.054115,-0.065361,-0.10994,-0.019271,0.079441,-0.10844,0.05566,0.087143,0.063197,0.11706,-0.039296,-0.023928,-0.065229,-0.13195,0.085684,0.086769,0.061434,0.11899,0.18451,0.035706,0.0069256,-0.059126,0.029569,0.027591,0.0056262,0.043328,0.081331,0.096997,0.0044948,0.029562,0.16081,-0.045294,0.049071,-0.091205,0.038097,0.028608,0.10824,0.0077869,-0.10945,0.059637,-0.002929,-0.061233,0.0405,-0.080879,0.15286,0.14343,0.029771,0.076457,-0.0022923,-0.026877,0.10329
0.00095118,-0.042604,-0.036015,0.041856,-0.08023,0.038206,-0.055087,-0.025464,0.051523,0.041827,0.05814,0.11578,0.0653,0.14323,0.09011,-0.0050445,-0.054975,-0.033968,0.033609,-0.044991,0.03758,-0.0044908,0.06651,0.10702,0.079504,0.197,0.13801,0.021792,0.06194,0.025669,0.1654,0.081047,0.032726,-0.11936,0.11254,0.016682,0.15808,-0.064684,0.17036,0.065797,0.114,-0.01658,0.031302,0.12752,-0.055817,-0.0020987,0.086247,0.060355,0.0037255,0.024597,-0.038796,0.062621,-0.054881,-0.00081058,-0.044056,0.079541,0.014194,0.17129,0.023379,-0.12859,0.04209,0.10211,0.12645,-0.017466,0.069352,0.048119,0.020146,-0.033191,0.042516,0.016129,-0.088288,-0.021533,0.0044862,0.074926,-0.0087493,0.035845,0.031188,-0.016862,0.10816,0.18298,-0.015209,0.063076,0.010155,0.12764,0.10251,0.074232,-0.099993,0.13773,-0.0093227,0.043076,0.033774,0.058469,0.16208,0.080687,0.14221,0.086149,0.023827,-0.036919,0.092065,0.045417
-0.0080108,-0.0018161,0.027129,0.17586,0.096693,-0.064846,0.066851,-0.028782,0.12439,0.11974,0.03879,-0.066435,0.039194,-0.087751,-0.064757,0.00097246,-0.083863,0.012421,0.035793,0.031042,-0.086401,-0.011617,-0.084844,-0.076574,-0.03104,0.062216,0.027833,-0.039391,-0.018445,-0.031037,-0.077077,-0.17386,-0.047305,0.091732,0.05995,-0.0056785,0.11683,-0.037638,0.066927,-0.0048884,0.001448,0.15759,-0.063626,-0.0095304,-0.066737,-0.024104,0.0017854,0.098159,0.033199,0.015751,-0.08433,0.056315,0.12362,0.068816,0.10714,-0.13518,0.03864,0.063317,-0.10198,0.055017,0.088599,0.118,-0.01582,-0.067836,0.088289,0.16813,0.1358,0.1192,0.1925,-0.017415,0.030945,0.026724,0.0037547,0.016886,0.085752,-0.00064223,0.02106,0.024739,0.036306,0.018838,-0.020326,0.10505,0.058381,0.020535,0.0056923,-0.047599,-0.077976,-0.090393,0.031665,0.034864,0.13275,0.076008,-0.01224,0.089266,-0.037066,-0.034212,0.1361,0.090729,0.053306,0.11631
0.080221,0.060011,0.010812,-0.11259,-0.030773,-0.10991,-0.045382,-0.050142,-0.012215,-0.10222,-0.0741,-0.029165,0.02502,0.014907,0.12884,0.040557,0.18647,0.065863,-0.025504,-0.0095189,0.023567,0.12669,0.036863,0.19921,0.10497,-0.004115,0.12587,-0.054716,0.053028,-0.01637,0.098435,-0.0080921,0.11063,0.15867,0.074809,0.042159,0.089368,0.046842,0.033604,0.073496,-0.046483,0.15589,0.054018,0.04412,0.10851,-0.020459,0.19997,0.058041,-0.00027966,0.006685,0.0050532,0.011003,0.0052049,-0.010999,0.022491,0.014131,0.057961,0.038228,0.0076358,0.022818,0.094417,0.086021,-0.14214,-0.01704,0.11971,0.0911,0.005315,-0.065617,0.1672,-0.042697,0.026997,0.24003,0.12739,-0.014393,-0.042056,0.054412,0.022182,0.055384,0.046385,-0.068481,-0.04783,-0.0073255,-0.067138,0.12355,0.10565,-0.10829,0.072088,0.036947,-0.03047,-0.057665,0.079767,0.027717,0.032237,-0.006316,0.089989,-0.026246,0.081954,0.0056036,-0.071031,0.09669
-0.073441,0.11596,-0.027158,0.027589,0.03842,-0.12262,-0.023856,-0.11465,-0.09277,-0.060956,-0.043215,-0.10157,0.021014,0.074098,-0.024977,0.21271,0.080362,-0.066326,-0.033072,0.079682,0.13246,-0.044327,-0.0090994,-0.078262,0.053693,0.035838,0.17726,-0.0096685,-0.003484,0.065189,0.11531,-0.064809,0.096432,0.030841,-0.039872,0.0061581,0.05838,0.092009,0.023923,0.20976,0.0016404,0.17529,0.012685,0.055909,-0.040424,-0.026143,0.13392,-0.11415,0.27794,0.020012,-0.016867,-0.041057,0.034188,-0.087926,-0.022166,0.029892,-0.048121,0.037804,0.16031,-0.015985,0.0097086,-0.018222,-0.018785,-0.037164,0.068819,0.12666,-0.13101,0.099586,0.082452,-0.018924,0.07247,0.079424,-0.01516,0.12928,0.14679,0.072539,-0.017556,-0.031822,0.05472,-0.013243,0.038807,-0.027508,0.034782,0.053563,-0.0036383,-0.0018792,-0.069359,0.043932,0.13995,0.092519,-0.0776,-0.031082,0.016774,0.077711,0.035318,-0.031283,-0.073346,0.11892,0.052292,0.040733
-0.071051,-0.02099,0.047656,0.014969,-0.01625,0.082675,-0.042651,0.0025526,0.034299,0.063744,0.019936,0.010262,0.024785,-0.026892,0.1239,-0.060917,0.041399,-0.028556,-0.044749,0.025754,0.12545,-0.058346,-0.013664,-0.012271,-0.0077245,-0.075785,-0.064746,0.057005,-0.047719,0.071187,0.059551,0.026483,0.03873,0.018498,0.087541,0.0095472,0.18375,0.041589,-0.058047,-0.058267,-0.07133,0.055591,0.048674,-0.030599,-0.10074,-0.072567,0.036845,0.13792,0.060156,0.0057565,0.10147,0.058186,-0.027644,-0.005501,0.026894,-0.019422,-0.027287,0.20117,0.10929,0.050551,-0.078176,0.029428,0.16626,0.17949,0.026616,-0.022325,0.022935,-0.13163,0.13703,0.082271,0.18973,0.044211,0.0044051,0.10241,0.084103,0.14745,-0.029171,0.057463,0.10654,-0.084339,-0.061882,-0.00095903,0.14436,0.0093328,0.065236,0.034193,-0.044302,0.082844,0.23071,-0.081431,0.033204,0.075949,0.043433,0.057364,0.030918,0.14075,-0.037867,0.15488,0.097325,-0.025861
0.060987,-0.04278,0.029432,0.075463,0.055233,0.052435,-0.0893,-0.021634,-0.037539,0.11533,0.06672,-0.029976,-0.023372,-0.038281,0.0013685,0.039456,0.013419,-0.065204,0.16119,0.024355,-0.019438,-0.13077,-0.038563,-0.062498,-0.11775,0.021938,-0.0054178,0.01651,0.035757,0.0062076,0.13705,-0.053548,-0.19263,0.084164,0.079154,-0.0024631,0.022425,0.022839,0.11243,-0.076591,0.074613,0.13476,0.030256,-0.0028633,0.098202,0.15405,0.14733,0.037102,-0.10796,-0.010724,0.016617,0.045923,-0.06638,0.010827,0.14097,-0.019563,0.072795,-0.023942,0.054316,0.027104,0.068007,-0.03217,0.068473,-0.01904,0.078775,0.043806,0.16457,0.068388,-0.010605,0.029465,-0.0018928,0.0012573,-0.0063923,0.16971,0.026119,0.041052,0.13193,-0.015608,-0.1016,0.098627,-0.040782,0.059804,0.059791,-0.017498,0.18397,0.11059,0.025694,0.075021,0.084534,-0.046271,-0.0037057,-0.066213,0.063797,0.053967,-0.067187,0.11381,0.017248,0.070611,0.042906,-0.048256
0.0035368,-0.0023267,0.012196,-0.19065,0.11967,0.099335,0.15552,0.019865,-0.00029579,-0.078565,0.082509,0.13709,-0.074076,-0.038448,-0.040385,0.011352,-0.039198,0.0094267,-0.0092592,-0.1085,-0.0023877,-0.020963,0.051649,0.005022,-0.015766,-0.049302,0.013115,0.008843,-0.026317,0.16911,0.021565,0.13199,-0.027762,0.022936,0.0072934,0.095358,-0.086565,0.036231,-0.0064182,0.0033242,0.0030917,0.12425,-0.012282,-0.0065482,0.081164,0.053614,0.001541,0.15068,-0.083478,0.018924,0.15909,0.0069944,-0.064754,-0.017974,0.045683,0.055645,0.09246,-0.093119,0.077418,-0.015659,-0.014121,0.0023462,0.11102,0.023298,0.21381,0.014196,-0.053551,0.16147,-0.0092346,0.026484,0.010482,0.1894,0.019592,0.13857,0.0013177,0.11792,0.067495,-0.028084,0.077066,0.052541,-0.047456,0.020165,-0.073239,-0.039971,0.11256,0.096884,0.0030346,-0.047422,0.15605,0.0085376,0.16547,-0.1061,-0.067855,0.024624,-0.0061884,0.14734,-0.056436,0.10454,0.065869,0.018223
0.082764,0.016311,0.01199,-0.11189,0.077467,0.01915,-0.073755,0.029793,0.058072,0.096579,-0.028917,0.11316,0.13259,0.043199,-0.0057308,-0.0062846,-0.009055,0.10079,0.0578,-0.029588,-0.059064,-0.010425,0.020933,-0.071895,0.031953,0.010528,0.16682,0.040159,0.0066557,0.0082996,-0.07879,-0.11526,0.19246,-0.015462,0.1706,-0.019925,0.012373,0.065098,-0.025189,-0.055115,0.0030502,-0.011434,0.065007,-0.046496,-0.028005,0.022523,-0.01759,-0.04005,-0.031895,0.032264,0.079438,0.12271,0.037907,-0.065799,-0.011227,-0.048002,0.094965,-0.053014,0.1098,0.014868,0.16978,-0.11035,-0.066479,-0.032642,-0.089865,0.085389,0.080189,-0.023304,0.041799,0.053296,0.02619,0.058458,0.06731,0.037261,0.10367,0.03913,0.11479,0.083908,0.047887,0.064942,0.096531,0.033547,-0.13337,-0.11383,0.0066837,0.012016,-0.022477,0.0094041,0.097404,0.028126,0.066854,0.01828,-0.0032221,-0.043889,0.038436,0.086955,0.0097461,0.0070883,0.078178,0.14246
-0.0020848,0.12943,0.037533,-0.14283,-0.018419,-0.046801,0.069118,0.039967,-0.073408,0.047965,-0.043983,0.047289,-0.092331,-0.056027,-0.014867,-0.021316,0.028008,-0.098048,-0.0023592,0.037932,0.16519,0.11425,0.029158,0.086975,-0.053591,0.052306,-0.051139,0.013925,-0.0060018,-0.059566,0.083277,-0.015069,0.10623,-0.043149,-0.039428,0.055108,0.12282,0.063781,-0.049968,0.22521,0.002591,-0.048318,0.085093,0.028663,0.049982,-0.078805,0.066132,-0.047707,0.09482,0.017092,0.082795,0.022874,0.046106,-0.027406,0.15322,-0.035672,0.033468,-0.06638,-0.0069035,0.082674,0.18182,-0.021007,0.16453,0.049541,0.036768,0.0847,-0.016258,0.0012355,0.087023,0.025599,0.025565,0.092352,-0.011532,0.0025239,0.019553,-0.07295,-0.032857,0.063991,0.034535,0.18472,0.1184,0.092973,0.04614,-0.028799,0.0052099,0.018485,0.088736,0.15902,0.039887,0.0097931,0.10808,0.068374,0.080634,0.1423,-0.02157,-0.016274,-0.11029,0.076235,-0.15931,-0.060863
0.02395,0.033716,-0.10472,-0.00081288,0.041831,0.03085,0.10808,-0.10466,-0.10395,0.046991,0.0064601,-0.09194,0.15528,0.0040254,0.017607,0.13031,0.058577,0.18887,0.031736,0.12218,0.023804,0.028075,-0.13871,0.078358,0.038137,0.075974,-0.049282,-0.018701,0.1096,0.038131,-0.056137,0.0045331,-0.012893,0.22927,-0.0031356,-0.032981,0.010355,-0.033938,0.030759,-0.024816,-0.058825,0.017787,0.011019,0.12695,0.050957,0.1278,0.015773,0.021115,0.068396,0.16111,0.14759,-0.13161,0.15023,-0.0043454,0.10484,0.055398,-0.036084,0.093499,0.068757,-0.0049769,0.018071,0.1234,0.013194,-0.055443,0.076558,0.04797,0.099698,-0.062756,0.19486,0.003255,0.11724,0.067368,0.02586,0.082227,-0.015924,0.18607,0.13334,0.034754,0.031974,0.088012,-0.0012325,-0.021147,-0.049468,0.066802,0.052411,-0.026172,0.021641,0.057433,0.10811,0.065285,-0.03062,-0.029398,0.091952,0.073909,0.020004,-0.01581,-0.025992,-0.043429,-0.0056077,0.013046
0.065041,0.0026039,0.011594,0.046487,-0.038913,-0.047152,0.056582,0.10877,-0.084256,-0.089739,-0.056934,0.01821,-0.016601,-0.015803,0.15677,-0.0033452,-0.036302,0.052507,0.033375,0.16684,-0.059107,0.011934,0.15547,0.092497,-0.050722,0.039695,-0.036038,0.040535,0.082987,0.14344,0.038639,0.057958,-0.055557,0.07587,0.0031715,0.042682,0.18032,0.029233,0.001252,-0.049092,-0.042283,0.13622,-0.04329,0.043273,-0.0079209,0.11431,0.041858,0.089224,0.004599,-0.03012,0.020451,0.060423,0.10257,0.093552,0.040246,0.039892,0.089167,0.078978,0.035056,0.12155,-0.025824,0.028168,0.048879,0.048727,0.005772,-0.0099566,0.037194,-0.052773,0.089327,0.11343,0.068826,0.13788,0.074626,0.038022,-0.012502,0.077055,0.17912,0.18285,0.10101,-0.018058,0.16439,0.044486,0.065486,-0.02754,-0.0014829,0.10536,-0.00085456,0.097307,0.012071,-0.032225,0.020499,-0.11273,0.023416,0.11542,0.036177,0.081001,0.11713,0.030069,0.073598,0.029538
-0.1057,-0.1481,0.066659,-0.03118,-0.058362,-0.13286,0.0063925,0.00079023,-0.1031,-0.07515,0.11774,-0.038546,-0.025286,0.072959,0.016323,-0.032422,-0.039266,-0.0016203,-0.024502,-0.0068844,-0.030211,-0.090035,-0.052088,-0.023031,-0.078218,0.09339,0.093811,-0.095538,0.12208,0.029239,0.10538,0.1039,0.023763,-0.063928,0.12856,-0.01308,0.13023,0.12166,-0.086668,-0.045775,-0.019258,-0.029895,-0.012419,0.019791,-0.0056367,0.24123,0.015056,0.10137,-0.045159,0.19003,-0.0087271,0.041615,-0.023484,0.054613,0.083401,-0.0032576,0.1745,0.19991,0.032486,-0.062505,0.11823,0.022715,-0.08211,0.026792,0.052591,0.063862,-0.057791,-0.079994,-0.00023602,0.01967,0.1156,0.14835,0.10279,0.057129,-0.087929,0.14931,0.032202,0.0059107,0.059465,0.032279,0.18789,-0.019496,-0.0013226,-0.047226,0.033136,0.18446,0.05899,0.13069,-0.00012737,0.036403,0.049056,-0.047322,-0.072152,0.088236,0.0091596,-0.01441,0.088852,-0.071536,0.0060534,0.11088
-0.015944,0.031293,-0.14074,0.035,0.17394,-0.11341,-0.04345,0.054663,0.070224,-0.024245,-0.0073759,-0.026881,-0.070327,0.15289,-0.01734,0.1738,-0.01886,-0.047817,0.025033,0.061096,-0.02012,-0.0036323,0.12847,0.0054821,0.063433,0.022927,0.011029,0.022197,0.031717,-0.10752,0.16915,0.045685,0.05194,-0.020358,-0.07299,0.091162,0.038856,0.08118,0.0083667,0.010267,0.011301,0.019692,0.0047214,0.13589,0.073673,0.041047,-0.067251,0.10156,-0.024902,0.025149,0.049397,0.11949,0.039572,0.0076361,0.10701,0.036763,0.01506,0.20933,-0.066945,-0.06967,0.023151,-0.069875,0.074553,0.025867,-0.12934,0.13193,0.083144,0.11964,0.089866,0.24262,-0.02827,0.01197,0.17563,0.047199,0.032578,0.15273,0.14644,0.11406,0.058883,-0.093214,0.035204,0.14883,-0.15162,-0.03568,0.049677,0.05314,-0.04263,-0.033497,-0.037925,0.015659,-0.046772,-0.02466,-0.090747,0.12403,0.025784,-0.0050818,0.079931,-0.042985,0.043369,-0.0039925
0.028084,0.030147,-0.031489,0.054615,-0.12665,-0.070954,0.048644,-0.02646,0.045332,0.0048407,-0.015325,-0.10829,0.076968,-0.021337,-0.084947,0.0089316,0.12603,0.0099392,0.022189,-0.024238,0.080244,0.21142,0.17175,0.050925,0.11955,-0.02303,-0.072669,-0.046006,-0.068782,0.029384,-0.069758,0.027447,0.046335,0.031298,-0.012104,0.11845,-0.044172,0.12232,0.10979,0.039917,0.018149,0.0091899,-0.056665,0.029835,-0.061639,0.084704,0.020674,-0.073868,-0.02465,-0.053027,0.13219,0.040623,-0.0064546,-0.057882,-0.023522,-0.005712,0.12883,0.082549,0.11001,-0.033983,-0.0020133,0.072807,-0.051366,-0.010234,0.013977,0.1867,-0.0086896,0.21161,0.034753,0.024282,0.17334,-0.052641,0.058655,0.074734,-0.0062326,0.013074,-0.063343,0.020448,0.070653,0.044217,0.029985,0.14486,0.12395,-0.07531,0.075181,0.05646,-0.02711,0.081948,0.028729,0.18248,0.041582,0.029279,-0.055265,0.12184,-0.05116,0.017282,0.058364,0.031714,-0.040345,-0.011247
0.068616,-0.031548,-0.022541,-0.011971,-0.12584,0.095601,-0.02992,-0.045313,-0.034164,0.038543,0.11991,0.029878,-0.026235,0.049824,0.10409,0.15856,0.0093396,0.00662,-0.061111,0.098581,0.13827,-0.038361,0.003261,0.037417,-0.044094,0.010804,-0.015577,0.091636,0.086966,0.13978,-0.060236,0.13841,-0.014675,0.13625,-0.06677,0.03588,-0.015338,-0.032163,-0.075474,-0.045708,-0.012522,0.019113,-0.0485,-0.05731,-0.048604,0.11128,-0.030154,0.015755,-0.02045,-0.073639,-0.016766,0.13166,0.050725,-0.017377,-0.056045,0.071824,-0.03864,0.088,0.10824,0.0311,0.013295,0.10522,-0.0013603,0.032573,-0.097101,0.10505,-0.10187,0.077324,-0.079192,0.14138,0.029448,-0.009492,0.018577,0.05187,0.05389,0.010235,0.12321,0.06016,0.067302,-0.061167,0.076383,0.02762,0.051912,-0.00093546,0.0081905,0.034439,-0.059727,0.073593,0.077771,0.024199,0.057491,-0.012361,-0.030488,-0.097346,0.020786,0.091375,0.027386,0.058408,-0.05625,0.079281
0.078692,0.01834,-0.0068669,0.06966,0.080235,0.067748,0.15077,0.054778,-0.031871,-0.063064,0.028429,-0.057146,0.06406,0.049594,0.047368,0.060293,0.0794,0.050572,-0.13236,0.085285,-0.038536,0.0092199,-0.0071897,0.057015,0.0114,-0.077381,0.016926,-0.0084768,0.02155,-0.021738,0.06575,0.061954,0.074269,-0.034171,-0.034406,0.027062,0.067616,0.03205,-0.10562,0.074908,0.10939,0.085784,0.028924,-0.095002,0.12535,-0.0035704,0.061804,0.026867,0.056468,-0.041455,-0.021448,-0.098337,0.12333,-0.051098,-0.0060577,-0.021882,0.0089068,-0.078381,0.09283,-0.019377,0.038102,-0.071945,-0.013231,0.0047635,0.050555,-0.019151,0.19879,-0.090289,0.01274,0.046722,-0.046312,0.17868,0.059059,0.092302,0.069512,0.060334,0.045942,-0.0095391,0.047048,0.047167,0.073456,0.13507,0.14003,0.14543,0.10542,-0.059546,-0.043968,0.17331,0.093713,0.10831,0.022579,0.018673,0.10935,0.086515,0.069387,-0.12479,-0.054274,-0.035084,0.080344,0.05318
-0.024275,0.0084746,0.036381,-0.043259,0.0083768,0.028453,0.10096,-0.0031295,0.040542,-0.10036,0.0040439,0.091682,-0.043626,0.020291,0.052943,-0.048325,0.034761,0.0087816,0.039737,0.057991,0.12746,0.099474,0.080252,0.066158,0.0046605,0.053742,0.1525,-0.0252,0.043846,0.069679,0.037036,0.054494,0.10968,0.081979,0.15655,0.038272,0.10194,0.0040007,0.070803,-0.02222,-0.048704,-0.063322,-0.030746,0.10303,-0.047544,0.042137,0.044516,0.027831,-0.035334,0.0032311,0.04161,-0.068776,0.044567,0.047336,0.028787,-0.016467,0.0072523,0.061925,0.035098,-0.039836,0.057347,0.080683,-0.01378,-0.070344,-0.044926,0.071827,-0.037988,-0.025101,0.16876,0.025699,0.12384,0.18102,0.0058399,0.027717,-0.019147,0.12877,0.032129,0.056409,0.12326,0.067967,-0.029665,-0.039941,0.023772,-0.036645,0.038715,0.041503,0.04457,0.11716,0.059838,-0.01193,0.043253,0.10603,0.012478,-0.026274,0.11729,0.14805,-0.043138,0.023225,0.087728,-0.033738
-0.081155,-0.041009,0.048167,-0.013798,-0.06742,0.020621,-0.11401,0.0065695,-0.055454,-0.002577,0.052382,0.0078725,0.044887,0.042055,0.093717,0.031808,0.080137,0.037869,0.059057,0.0038438,0.026087,0.062228,0.050326,0.0095227,0.079923,0.067203,-0.088459,0.054668,0.014241,-0.13532,0.058875,0.041292,0.0065434,0.061008,-0.11033,0.02976,-0.0089998,0.12092,0.087526,0.030868,0.10266,0.018053,0.039881,0.019667,0.093147,0.12106,0.088291,0.01136,0.13152,-0.055055,0.016938,0.1538,0.071061,0.066038,-0.035055,-0.041094,0.096475,0.074056,0.0046614,0.0066813,-0.035084,0.038928,-0.040144,-0.10654,-0.057529,0.11061,0.077528,-0.10838,-0.0017346,-0.0040215,0.092668,-0.013067,0.024146,0.058558,0.045335,0.11599,-0.011257,-0.014759,-0.049776,0.10934,-0.020405,0.00061256,0.0904,0.084555,0.11358,0.029535,0.14719,0.15305,0.1152,0.093564,0.10356,0.12841,0.16337,0.036577,0.068729,-0.028046,-0.13806,0.015248,0.08055,0.052073
-0.026198,-0.080861,0.053783,0.14884,-0.06665,-0.092509,-0.077348,0.088144,-0.035258,0.059623,0.027593,0.11028,0.007888,0.032822,0.033762,-0.011249,-0.026929,0.007753,0.033492,0.0043869,0.075978,0.046524,0.075939,0.13017,-0.00029026,0.19436,-0.15166,0.078098,0.072724,-0.12563,0.1648,0.030212,0.025749,-0.089649,-0.022959,-0.026573,-0.023902,-0.014768,-0.068316,-0.0061682,0.03832,0.092382,0.014966,0.010152,0.015166,0.15936,0.018016,0.099826,0.099049,0.092382,0.21068,0.11463,-0.017221,-0.066594,0.099872,0.081368,-0.040753,0.09328,0.010335,0.12198,0.012995,0.0042606,-0.083401,0.090227,-0.099968,0.013341,0.01106,0.085716,0.067063,-0.10243,0.21462,0.019791,0.12059,0.0027668,0.11855,-0.0098087,-0.052239,0.13259,0.054808,0.14957,0.043528,0.15746,0.079753,0.00061363,-0.049602,0.089212,0.039285,0.027268,0.031634,0.11286,-0.015913,-0.014821,0.081925,0.10462,0.051756,0.076233,-0.0080562,0.057279,0.032664,-0.037865
-0.041401,-0.0049347,-0.095481,0.039568,-0.032494,-0.12749,-0.06902,0.031288,0.020073,-0.018359,-0.021454,0.12416,-0.12472,-0.1024,0.0058195,-0.072561,0.11199,-0.021058,-0.12152,0.069322,-0.07639,0.0081495,0.058188,-0.018523,-0.0058051,0.090184,0.019932,-0.012345,-0.07625,-0.04772,-0.080309,0.068507,0.17618,-0.063053,0.027753,-0.083442,0.16133,0.044637,0.0060248,-0.082381,-0.0067653,0.030548,0.063641,0.02981,0.083259,-0.096026,0.045452,0.037882,0.15488,-0.073336,0.04008,0.07886,0.0084676,0.1005,0.044285,0.14007,0.12628,0.076743,0.037252,0.0099114,0.062774,0.10903,0.071662,0.099012,0.04267,0.038126,0.069101,-0.075295,0.021247,-0.039749,0.005128,-0.0031084,0.0032689,0.088773,-0.043924,0.098429,0.021382,0.099125,-0.095524,0.16166,0.14463,0.0016609,0.048917,0.05995,-0.013559,0.15345,0.010632,0.01236,0.078074,0.0988,0.11446,-0.092296,0.0053761,-0.0071918,-0.087813,0.18514,0.10542,0.099895,0.035603,0.13176
-0.0022105,0.098086,0.013943,-0.033287,-0.037786,0.096741,-0.091564,-0.012638,-0.05782,0.020334,0.0318,0.018028,0.027942,-0.011231,0.05065,0.091579,0.085164,0.1207,0.085006,0.15862,0.011334,-0.03109,-0.036691,-0.063427,0.024559,0.078235,0.088031,-0.043038,0.036855,0.090175,0.0003726,-0.0073447,-0.040548,0.13584,-0.09,-0.063135,0.04641,0.08817,-0.078851,-0.0033283,-0.07727,0.0042524,0.044829,0.020633,0.031812,-0.02093,-0.045157,0.17769,-0.085296,-0.0080303,0.043229,-0.030554,0.072527,-0.073686,-0.020618,0.0096914,-0.027281,0.09872,0.093563,0.099341,0.044898,0.047027,0.029645,0.064628,-0.033963,-0.018527,0.05933,-0.01849,-0.005946,0.13354,-0.02264,-0.00044185,0.041201,0.025272,-0.030593,0.13054,-0.05299,0.094437,-0.0080178,0.083031,0.031732,0.14414,0.10056,0.031606,0.09273,0.068472,0.097233,-0.023846,-0.020336,0.016913,0.041034,0.075407,-0.081288,-0.1097,0.029961,0.0028994,0.059818,-0.0042949,0.043173,0.1122
0.044152,-0.041416,0.037424,-0.098639,0.0048829,-0.034935,-0.11645,-0.016145,-0.12786,0.07103,0.085353,0.03201,0.18188,0.10733,0.1208,0.025218,0.058205,-0.070232,0.18439,0.31011,0.035642,0.021883,-0.027662,-0.01955,0.039839,-0.0025038,-0.020309,-0.032213,-0.042677,0.047425,0.082252,0.040595,0.0056353,-0.040147,0.073687,-0.011883,0.19798,0.064388,0.1069,0.14381,0.004967,-0.046638,0.053067,-0.036713,0.016045,0.12351,-0.037033,0.10235,-0.10179,0.031869,0.030199,0.0066964,0.078404,0.018375,0.068802,0.061755,-0.090256,0.13797,-0.069967,0.07209,0.049652,0.08334,-0.022868,-0.041394,0.1008,-0.059235,0.022834,0.068866,-0.054007,0.10155,-0.094604,-0.0094814,0.055057,-0.1014,0.055214,0.042974,0.20736,-0.052556,0.093659,0.019715,0.041677,0.044326,-0.12164,0.013583,0.00069363,-0.041099,-0.0097285,-0.1108,0.010839,0.10487,-0.081561,0.17325,0.069478,0.012499,0.099256,0.075809,-0.065039,-0.024345,0.021623,-0.0088968
0.0079585,-0.01153,0.082562,-0.063252,-0.038878,-0.017075,-0.022722,-0.022266,0.045565,0.13293,0.046116,0.068053,0.066936,-0.07498,0.043628,0.0013208,0.12564,-0.12376,-0.08176,0.11835,0.050977,0.031743,0.21056,0.030476,-0.058972,-0.062196,-0.057096,0.028025,0.015304,0.052162,0.066781,-0.087561,0.065473,0.071941,0.030128,0.033557,-0.078806,0.084492,0.075945,0.020271,0.046362,-0.037375,0.067484,0.030647,0.25669,0.007202,0.035649,0.034434,0.10086,-0.011994,0.0010861,-0.017106,0.097917,0.17353,-0.0035931,0.17798,0.029006,-0.0127,0.061314,0.051108,-0.036136,0.025004,0.0083443,0.057241,0.072881,-0.055545,0.023316,0.067757,0.077024,0.030673,0.07124,0.039331,-0.017121,-0.061052,0.028559,0.13462,0.086343,0.052619,-0.0096367,0.16255,0.091264,0.16879,0.025811,-0.0071377,0.040052,-0.064711,-0.093787,0.06868,-0.031183,-0.0084013,0.17803,-0.093174,0.097665,-0.073725,0.095161,0.010784,0.022974,0.030514,-0.031454,-0.047407
0.073106,0.0045984,0.029615,0.0014131,0.27971,0.070605,0.14751,0.012082,-0.020741,-0.036904,-0.027893,0.096247,0.12724,0.057391,0.19402,-0.06645,0.039444,-0.091898,0.1056,0.088379,-0.059233,0.031035,-0.0049957,0.07679,0.040773,0.0049973,0.17797,0.025433,-0.034683,-0.046315,-0.051513,0.17406,0.084333,0.045837,0.22819,-0.043467,0.013973,-0.021542,0.048053,0.07803,-0.0050661,-0.076735,-0.033131,0.044345,-0.088106,0.16149,0.089812,0.018785,-0.084058,-0.014973,0.039345,0.075668,-0.022733,-0.00057079,-0.031733,0.00077469,0.022163,0.059912,0.08041,0.043499,0.031537,-0.092002,0.16828,0.070352,-0.088601,0.024826,-0.052888,-0.028027,0.050369,0.00097395,0.012285,0.058825,0.11477,0.060736,0.043022,0.13305,0.066564,0.038406,0.11058,-0.01814,0.021312,-0.014061,-0.043593,0.10733,0.022227,0.012692,0.052391,-0.02103,-0.075527,0.031392,0.068638,0.028742,0.045651,0.15046,-0.030437,0.12822,0.0047781,0.0063458,-0.024063,0.079243
-0.049269,-0.084526,-0.075921,0.029021,-0.010044,-0.085282,0.093191,0.014785,0.044599,-0.059065,0.089654,-0.017689,-0.092116,-0.041066,0.075435,0.093011,0.018443,0.01391,0.0028732,0.094668,0.20286,-0.010194,0.045315,-0.030167,-0.073564,0.1071,-0.013876,0.11793,0.086557,0.035803,-0.053664,0.10704,0.0080928,0.14391,0.0371,0.032873,-0.037213,-0.10163,-0.0064482,-0.057492,-0.070443,0.093959,0.071435,0.022656,-0.0039155,0.19008,0.091102,-0.020574,0.068172,-0.073859,-0.041814,0.094212,0.076876,0.019614,-0.046769,0.014348,-0.05335,-0.0088068,0.040051,-0.0089067,0.22116,0.090318,0.019608,0.053567,-0.0042069,0.16255,-0.037223,0.10364,0.0016245,0.035426,0.093585,-0.088528,0.047386,0.085291,-0.062934,-0.020929,0.050651,0.07835,-0.0039145,-0.11031,0.00551,0.079265,-0.045872,0.14458,0.090084,0.10166,0.055935,0.13838,-0.063117,-0.069766,-0.025371,0.085354,-0.035471,0.19247,-0.069501,0.15808,0.11147,-0.069935,-0.017156,0.011772
-0.022026,-0.0093506,0.094466,0.1066,-0.13245,-0.068682,0.031105,-0.089788,-0.037658,0.10574,-0.13801,-0.0039666,0.08875,0.068042,-0.10927,0.05271,-0.042054,0.057335,-0.061958,-0.053114,-0.0082093,0.060185,0.011661,0.0050989,0.00036577,-0.018898,0.069658,-0.027675,0.10179,-0.16219,-0.07117,0.10581,0.073186,-0.0026827,0.051029,0.086758,-0.019144,0.023285,-0.0010049,0.068274,-0.048347,-0.0091612,0.11289,-0.014655,0.096131,-0.017224,0.0089639,0.14872,-0.018619,0.02127,0.039265,-0.11044,0.085009,0.071695,-0.080892,0.213,0.066168,0.019516,0.0096512,0.18529,0.01987,0.012698,-0.062359,0.031234,0.056036,-0.027632,0.15441,-0.027676,0.096241,0.13519,0.079178,-0.03313,-0.082458,-0.047812,-0.078249,0.0084856,0.067678,-0.022232,0.085699,-0.002767,0.066619,-0.063499,0.040568,0.056851,-0.036718,-0.07052,0.12152,0.0067038,0.013922,0.039152,0.064602,0.2128,0.055011,-0.013172,-0.044314,-0.033591,-0.037887,-0.0028996,0.031934,0.067256
0.12681,0.034092,0.1198,-0.054914,0.096142,-0.0097109,0.0019296,0.12299,0.039692,-0.036218,-0.033811,0.047741,0.032773,0.055057,-0.047088,0.015281,0.07302,0.070599,-0.021297,-0.046146,-0.030771,-0.023091,0.047527,0.11985,0.054843,0.055879,0.12429,-0.061547,-0.019922,0.071855,0.011136,0.029166,0.071331,-0.0061107,-0.049558,0.11972,-0.076931,0.033575,-0.058579,0.15184,-0.063089,0.21979,-0.038058,0.10741,-0.082399,0.072024,0.094816,0.13705,0.028986,-0.070627,0.012519,0.19922,-0.02273,0.13182,0.04951,0.11282,0.027436,-0.04659,0.096922,0.12515,-0.044904,-0.011878,0.057394,0.046541,0.077654,0.010012,-0.069891,0.042845,-0.067955,-0.058475,0.14078,0.11027,0.15399,0.072339,-0.002739,0.052873,0.055529,0.019183,0.01558,-0.017494,0.080435,-0.052174,0.022556,-0.044736,-0.0090993,0.061361,-0.011397,0.00061204,0.077089,0.0353,0.16868,0.035418,-0.010375,0.0051769,0.10309,0.087867,0.037036,-0.014118,-0.0087922,-0.11439
-0.041983,-0.022529,-0.032143,-0.028971,0.038783,0.0039113,0.043208,0.080269,-0.0020305,0.071661,0.043907,0.085064,-0.045424,0.052411,0.013249,0.14992,-0.0088752,0.0023849,-0.067295,0.062392,-0.073535,0.055591,0.030611,0.046218,0.11536,0.011893,-0.038255,0.14183,-0.014437,-0.016703,0.054812,-0.0059868,0.081545,0.04531,-0.02676,0.024215,0.11249,-0.024755,-0.0060064,-0.023506,0.028502,0.12602,0.00016286,0.15935,0.034978,0.13372,0.052227,0.19537,0.022543,0.028927,0.05817,0.11209,-0.085595,-0.014142,-0.060506,0.00067234,-0.0077609,0.0025861,0.006773,0.19746,-0.033373,0.039012,0.040738,0.066291,0.018282,0.21681,0.041199,-0.032494,-0.013629,0.073604,0.047168,0.081464,0.06582,-0.001818,0.11239,0.062932,0.04315,0.061192,0.14604,0.094719,0.041561,0.012721,-0.02774,-0.0019757,0.032103,0.11015,0.027349,0.15937,0.056549,0.11106,0.068952,0.034806,0.036934,-0.0016321,0.032347,-0.082051,0.073068,0.013209,0.068184,-0.0259
-0.043692,-0.09041,0.0062134,-0.041407,0.037859,0.027926,-0.076832,-0.087546,0.13137,-0.05165,0.088215,0.14719,-0.022606,0.07529,0.14656,0.042309,0.12956,-0.11972,0.016025,0.10362,-0.013591,-0.020572,0.0042875,-0.032676,-0.091228,-0.013664,-0.030989,0.15326,0.0011698,-0.045631,0.039141,-0.0043461,0.044504,-0.004435,0.059883,-0.0071031,0.082832,0.16667,0.0261,-0.038699,-0.0036485,0.03748,0.11354,0.12581,-0.022347,-0.038939,0.026235,-0.047695,0.036877,0.028016,-0.0087721,0.12843,0.014615,-0.0097316,-0.035137,0.090598,0.14259,0.061265,-0.016243,0.013547,-0.011645,-0.11078,-0.031244,-0.13185,0.076599,-0.093508,-0.076574,-0.038479,0.065087,-0.034744,-0.019176,-0.048006,-0.0084579,-0.015253,-0.066597,0.0033335,-0.032355,0.016368,-0.051588,0.0014146,-0.004371,0.072272,-0.031031,0.049912,0.040251,0.14975,0.034703,0.064034,0.096278,0.17052,0.0066545,-0.060013,0.03441,0.11364,-0.037696,0.026878,-0.031958,0.02327,0.093317,0.096044
0.055814,-0.0018262,-0.075715,-0.038681,0.14689,0.042009,-0.050173,-0.059167,0.060937,-0.1454,-0.038556,0.11924,0.02347,-0.038574,0.0055164,0.049903,0.0030139,0.1066,0.14086,0.091759,-0.060931,-0.004156,-0.08233,-0.053939,0.10317,0.1484,-0.0096454,0.059572,0.0069689,0.13212,0.0065484,0.027516,0.14131,0.076878,-0.013283,0.0088322,-0.051994,0.064952,0.047753,0.11359,-0.025724,-0.061123,-0.09412,-0.049034,0.0048778,-0.011448,0.033993,0.017542,-0.096671,0.076442,0.082909,0.010144,0.01427,0.00028991,0.014424,-0.016622,-0.035255,0.1147,-0.016582,0.10774,0.037722,0.081768,-0.027765,0.014525,0.11758,0.0029173,0.12175,0.049681,0.061011,0.019763,0.1714,0.10736,0.017508,0.024665,0.14969,0.14701,0.019223,0.045225,0.10218,-0.049942,0.01976,-0.045285,0.12535,-0.004151,-0.017542,0.28428,0.046617,0.14425,-0.0036719,0.076357,0.2722,0.1147,-0.035062,0.021271,-0.060659,-0.017454,0.076959,-0.0060108,0.080817,0.058874
-0.014102,-0.021067,0.030632,0.11603,0.16202,-0.02521,-0.087788,0.066285,-0.064304,-0.019702,-0.011075,-0.068209,0.25747,-0.0016607,-0.054202,0.094455,0.18339,0.058314,-0.072945,0.011625,-0.041672,0.082081,0.056574,0.091006,0.14115,0.031764,0.053202,0.083745,0.096324,0.1719,0.10627,0.13281,0.08299,0.0919,0.020401,0.079479,0.053006,0.050181,0.0054108,0.0097753,0.13588,0.020722,-0.071043,0.057851,0.0082458,-0.076651,-0.0089839,0.11897,-0.050581,0.16074,0.20997,-0.01479,-0.038615,0.045575,0.0058639,0.055458,0.051456,0.054224,0.17708,-0.041972,-0.01401,0.079632,0.014479,0.147,0.083063,0.0051969,0.00078626,0.019178,0.064664,-0.052146,-0.089199,0.10407,0.076951,0.064767,0.086098,-0.043416,0.072016,-0.015674,-0.029095,0.0027682,0.0060215,0.096971,0.050505,0.010203,0.074258,-0.03638,-0.043317,-0.019176,-0.13283,0.047291,0.054215,0.0036697,-0.00041238,0.041064,0.078882,-0.042796,0.1085,0.020829,0.104,0.065079
0.0015106,-0.019454,-0.12292,0.039541,0.036387,-0.0054132,-0.030269,-0.064876,-0.1093,0.10172,0.089762,-0.0028255,-0.04144,0.072238,-0.011637,-0.17553,0.114,0.028005,0.06675,-0.01971,0.20718,0.060503,0.02447,0.11904,-0.010326,-0.012336,-0.022799,0.11602,0.15435,0.17709,0.14752,0.067924,-0.034912,0.070286,0.02816,-0.037201,0.044691,0.068811,0.0042372,0.18335,0.048289,-0.04914,0.00031926,0.07107,0.0051324,0.062666,-0.026578,0.030153,-0.081622,-0.010157,0.041388,-0.0041786,0.10106,0.12129,0.025281,0.10605,0.087006,0.096557,0.10253,0.17303,0.055735,-0.010517,0.042827,0.039319,0.043387,0.047687,0.090837,0.020212,0.062991,0.0065486,-0.02672,0.040787,-0.0031994,0.046608,-0.0042945,0.005999,0.033205,0.088528,0.044992,0.021019,0.076754,0.12211,-0.031496,0.050108,0.10496,-0.10948,-0.076377,0.069653,-0.0014887,0.12971,0.11345,-0.050818,0.070367,-0.038711,-0.12352,0.015894,-0.00085509,0.049542,-0.018223,0.022869
0.087828,0.18489,-0.1108,0.00080686,0.088201,0.1119,0.005123,0.15518,-0.044969,0.02069,-0.034895,0.0056294,0.049198,0.066698,-0.12225,-0.017483,0.042472,-0.026216,-0.0012127,-0.011523,-0.03087,0.025677,-0.047438,0.0075095,-0.048942,-0.053939,0.0058239,0.17794,0.021214,0.17746,-0.021087,-0.081045,0.10856,-0.052035,0.11712,0.11578,0.058836,0.072762,0.048484,-0.031994,-0.061215,-0.049952,0.087119,-0.04342,-0.14353,-0.012909,-0.059346,0.015128,0.08276,0.18232,0.16411,0.048144,0.046375,-0.045312,0.00088834,-0.068364,-0.066592,0.15115,0.015068,0.11823,0.046854,0.11145,0.072708,0.16468,-0.02786,0.11186,0.036394,-0.023002,0.037184,0.066904,0.11998,-0.0094997,-0.012457,0.1162,0.0017736,0.049089,-0.1045,0.098799,0.091626,0.088344,0.05621,0.1237,0.093745,0.061281,0.026719,0.027878,-0.0034912,-0.096294,-0.06677,0.0096253,0.087148,0.00087509,-0.12559,0.015058,0.033292,-0.012998,0.041086,0.040989,-0.038955,0.086722
-0.08431,-0.012711,-0.091452,-0.062166,-0.032971,-0.020069,0.012922,-0.12416,0.09342,0.081008,-0.02767,0.06984,-0.025487,0.11558,0.17164,-0.02352,0.022873,-0.0053668,0.087513,0.074229,0.17396,0.10523,-0.033715,-0.027898,0.035634,0.042204,0.1201,0.0030868,0.13546,0.04439,0.054376,0.040623,0.14682,0.0014448,0.059197,0.10263,0.19889,0.13795,0.14832,-0.067576,-0.060888,-0.030323,0.13881,-0.045245,0.082189,0.00050943,0.018008,0.013793,0.084771,0.035856,-0.072071,0.031925,0.071923,0.11486,0.057968,0.011613,0.046701,0.16,0.082651,0.09314,0.028722,0.071818,0.034245,-0.014482,-0.052427,0.040183,0.13221,0.055536,0.098119,0.041806,0.03319,0.14405,-0.040232,0.11176,0.028425,0.078708,0.072188,0.047143,0.057884,-0.065447,0.037613,-0.022514,0.07062,-0.026695,0.14087,0.037373,-0.019551,-0.15155,0.11895,0.013973,-0.0051522,-0.057609,0.017685,0.055973,0.075655,0.028001,0.24056,0.15016,0.23489,-0.060253
0.1087,-0.049736,0.011025,-0.060273,0.060035,0.013657,-0.0394,0.021067,0.0045563,-0.00041225,-0.032863,0.042941,-0.01,-0.084983,-0.036345,0.024176,0.0040141,-0.026795,-0.13214,0.11551,0.095431,0.030748,-0.093424,0.0022337,0.048502,-0.15037,-0.0082506,-0.012365,0.0019602,0.031636,0.087979,0.08826,-0.060718,0.055331,0.022777,0.1016,0.053515,0.13483,0.16947,-0.011296,0.063531,0.012099,0.037466,-0.012193,-0.025849,-0.02923,-0.0065936,-0.0084437,0.040233,0.0021734,0.027101,0.021783,0.047402,-0.044649,-0.048973,-0.017597,0.022607,-0.1383,0.017172,0.012882,-0.050839,-0.088502,0.11571,-0.070155,-0.10136,0.11144,0.078898,-0.0012572,0.030715,0.05589,-0.043481,0.11005,0.05742,0.15075,0.039941,0.08952,0.14155,0.073678,-0.017887,0.12926,0.16464,0.073998,-0.0069932,-0.067679,-0.049914,0.10958,0.013968,0.17735,0.07706,0.13445,0.038858,0.10628,0.0064628,0.0091381,0.040916,0.15623,0.14238,0.060637,0.042165,0.094055
0.12104,-0.08564,-0.038351,0.030309,-0.083395,0.11626,0.021339,0.21817,-0.014109,-0.10364,0.045096,-0.0019641,0.076933,0.025794,0.16616,0.0049186,0.090837,0.16139,0.1877,0.0085208,0.067379,0.038934,0.086941,-0.057483,-0.084573,0.057933,0.10565,-0.0092246,0.040636,0.020825,0.1148,-0.031112,-0.020144,0.29138,0.01917,0.10167,0.080337,-0.034131,0.014188,-0.023215,0.061658,0.065214,-0.068868,0.0068388,-0.041028,0.024587,0.018299,0.036469,0.18044,-0.14611,0.002837,0.021177,0.049218,0.023393,0.10569,0.074672,0.021031,0.010233,0.12084,0.054702,0.029547,0.12264,0.019327,-0.087003,0.12026,-0.040424,0.046113,-0.019471,0.11974,0.03024,0.032051,0.068597,0.022313,0.06591,0.0082142,0.020366,-0.13105,-0.025898,0.026029,0.052225,0.039912,-0.044239,0.013989,0.12526,0.0027878,-0.11261,0.047814,-0.016862,0.1054,0.083973,0.07643,0.086541,0.15355,-0.0017946,0.078448,-0.024964,-0.086724,0.029864,0.1192,-0.048004
-0.10102,-0.16723,-0.063398,-0.0031655,0.091488,-0.028142,0.043921,0.046103,0.020603,0.054257,0.059613,0.084758,-0.02918,-0.1547,0.098292,-0.052027,0.11747,0.022191,0.045825,-0.05024,0.010383,0.065162,-0.043068,0.23172,0.14119,-0.05263,0.12005,0.00093559,0.023692,-0.071622,0.1092,-0.044815,-0.010695,0.065113,0.10204,-0.0041757,0.066739,0.0040551,-0.0097927,0.059929,-0.028362,0.05438,0.060276,0.14645,0.0084916,0.067249,0.021243,-0.091984,-0.090184,0.070699,0.090821,0.026077,-0.046903,0.13735,0.00032457,0.074471,-0.12924,0.14407,0.093861,-0.042482,0.072886,0.1561,0.049922,0.088646,0.11099,-0.002471,-0.042199,0.027966,0.030058,-0.016561,0.0093376,0.062594,-0.015472,0.052193,0.10466,-0.0161,0.18567,0.060135,0.063765,0.042536,0.039367,-0.0059586,0.032134,0.2133,-0.020882,0.13673,0.004623,0.11595,-0.027607,0.033392,0.02592,-0.1353,0.11476,0.030439,0.02062,0.075842,0.091721,0.01828,0.083678,0.016937
-0.023071,0.02226,-0.073866,0.018659,0.0017553,0.027542,0.053895,0.01281,-0.034115,0.026744,0.088461,-0.12012,-0.092759,0.12165,0.078396,0.017741,-0.069462,-0.062551,0.079167,0.0047779,0.12686,0.0062265,0.0074868,0.025213,-0.062802,0.010774,0.073841,0.036018,-0.019891,0.020283,0.016136,0.19727,0.040617,0.28912,0.016618,-0.058928,0.071469,0.1231,-0.048187,-0.065356,0.027596,0.020889,-0.046598,0.082998,0.016336,0.04635,0.062056,0.023078,0.088257,0.083244,-0.075334,0.061713,0.15747,-0.01532,0.020344,0.019651,0.098962,-0.011222,0.057681,0.040547,0.029619,0.078059,0.026285,-0.0093964,0.019154,-0.1649,0.038661,0.020513,-0.059334,0.014352,0.0071142,0.02976,0.051612,-0.041032,0.018773,0.042145,0.06782,-0.048599,0.1496,-0.024898,-0.021967,-0.044334,0.00721,-0.013334,0.16846,0.078494,-0.011149,-0.057037,-0.039312,-0.00061155,0.012996,0.036208,0.070487,0.054478,0.014186,0.089073,0.18139,0.095405,0.055928,0.046957
0.080714,0.035552,-0.014728,-0.093228,0.053169,0.06475,0.019206,-0.027258,-0.14539,-0.0035488,-0.052347,-0.1171,-0.046901,0.10103,0.12301,0.065505,-0.05484,0.022843,0.10479,0.052087,-0.024156,0.16095,0.068142,-0.017634,0.12905,0.0098766,0.017381,-0.018708,0.12012,-0.026234,0.06989,-0.032472,0.05946,0.10743,0.13394,-0.009105,0.071626,0.13613,0.06076,0.01998,0.016562,0.01983,0.031398,-0.04266,-0.037703,-0.048431,0.071034,0.016665,0.22892,-0.047325,0.11075,-0.020334,-0.063005,0.022049,-0.0055313,0.043047,-0.060561,0.021819,-0.037674,0.064105,-0.072332,-0.011091,0.070388,0.04114,0.039464,-0.0010059,0.059601,0.057638,0.060329,-0.067344,0.093269,-0.050571,0.16345,-0.027263,-0.013799,0.14392,-0.010899,-0.045466,0.10317,0.056352,0.086636,0.0053898,0.03821,0.064531,-0.009949,0.12583,0.021012,0.049065,0.19042,-0.062061,-0.060136,0.013008,0.053592,0.01222,-0.0544,-0.059133,0.030857,0.1351,-0.0082694,0.12274
0.027259,0.016822,0.024846,-0.04666,0.046167,0.026772,0.028766,-0.1096,-0.049744,0.03648,0.064113,-0.037813,0.028768,0.014776,-0.04026,0.085609,-0.0088843,0.071462,-0.027802,0.031481,0.097115,0.050455,0.0090554,-0.049953,0.080439,0.10854,-0.027038,0.11925,0.070897,0.008426,-0.0016361,0.064288,-0.066523,0.070461,0.091435,0.06819,-0.018808,-0.014204,0.080578,0.14226,0.11256,0.010703,0.15856,0.14416,0.0063811,0.094582,-0.091433,-0.034951,0.040727,0.17564,0.16769,0.060723,-0.080228,-0.11162,0.044951,0.0045649,0.12462,0.051521,-0.087881,-0.033053,-0.080788,0.056778,-0.12211,-0.035053,0.011028,0.081467,0.098825,0.076149,0.070715,0.0078754,0.00027293,0.024811,-0.082733,0.0066045,0.11642,0.049318,0.04598,-0.032359,0.12513,0.10831,-0.052075,0.017632,-0.079427,0.01844,-0.062651,0.18949,-0.072362,0.068003,0.014293,-0.058328,-0.03877,0.028868,0.21132,-0.063075,-0.035447,0.085164,-0.071733,0.12913,0.0058729,0.018594
0.072302,0.0612,-0.088754,0.044032,0.02488,0.077908,0.085555,0.06751,0.13616,0.0028895,0.079707,-0.016733,0.034526,0.037497,0.0067776,0.11996,0.22995,-0.089565,-0.0048744,0.096992,0.060388,0.10016,-0.065277,0.0062347,0.060779,0.097259,-0.017006,-0.039237,-0.04237,-0.015884,0.028699,0.081785,0.12474,0.13579,0.057954,0.043899,0.090179,0.091784,0.21215,0.097335,0.12611,0.073887,0.040196,0.053202,0.051927,-0.0123,0.0068733,0.036068,0.073295,-0.055181,0.02831,-0.060931,0.078535,0.029879,0.014661,-0.020167,-0.079372,-0.083932,0.10079,-0.087742,-0.097017,-0.016257,0.094967,0.10635,0.053084,0.074252,0.08003,-0.0065441,0.025443,-0.025728,0.14351,0.041998,0.020394,0.18509,0.12473,0.11234,-0.022417,0.09517,-0.028947,0.042894,0.038261,0.020492,-0.035937,0.0099069,0.031086,-0.020053,0.016187,0.014196,0.0024082,-0.0088884,-0.020138,0.10602,0.011343,0.052387,-0.06314,-0.017892,0.0019158,-0.096008,0.074417,-0.033101
-0.053549,-0.029167,0.089987,0.085812,-0.070455,-0.071186,-0.070275,0.078747,-0.15304,-0.064935,-0.086766,0.025831,-0.035235,-0.013171,0.087005,0.043273,-0.012728,0.064769,0.03832,-0.018108,0.11065,0.030143,-0.0018992,0.04067,-0.07819,-0.071417,0.025108,0.010638,-0.044345,0.12651,-0.022986,0.023546,0.05413,0.022022,0.010231,-0.010503,0.069575,-0.013798,0.032614,0.06475,-0.12582,0.1873,-0.042728,0.14432,-0.11961,0.12371,-0.052824,0.062204,0.21385,0.04497,-0.037134,0.027922,0.058239,0.060445,-0.003211,-0.1505,-0.029411,-0.045273,-0.032963,0.077527,0.1609,-0.003771,0.043692,0.13781,0.12407,-0.028083,-0.0076127,0.024272,0.0847,-0.098507,-0.02763,0.02899,0.053029,-0.078097,-0.0068566,-0.033719,-0.008648,0.13084,-0.0057725,0.17726,0.017866,0.14143,-0.078486,0.035209,-0.06218,0.0099789,0.077323,0.00589,0.025231,0.018372,-0.04649,0.14456,0.16449,0.020487,0.052586,0.015225,0.048239,0.02979,-0.02211,0.083586
-0.028172,0.011414,0.092033,0.041155,0.045295,-0.049969,-0.0075368,0.11113,0.12753,0.088769,0.06006,-0.10004,0.049946,-0.05141,0.037215,0.037374,-0.016671,0.069491,0.080226,0.082805,0.032914,-0.08958,-0.081881,0.026547,0.066476,0.13585,0.059613,-0.0046754,0.0045232,0.12224,0.045576,0.0096564,0.067059,0.030221,-0.11595,0.024473,-0.0037041,0.045417,0.090313,0.21268,-0.035527,0.033841,-0.093505,0.21112,0.049981,-0.069887,-0.0093891,0.084215,-0.030265,0.081856,0.10331,0.11916,0.022571,0.093459,0.059348,0.06335,-0.078274,0.028991,0.13695,-0.033964,0.024817,0.011903,-0.022304,0.07464,-0.043279,0.12636,-0.058418,0.069297,-0.015274,-0.0083639,0.036394,-0.015522,-0.024503,0.12201,0.099158,-0.05025,0.067973,0.066789,0.18858,0.032314,0.071768,0.13014,0.022855,-0.070408,0.089964,0.067236,0.16685,0.075755,-0.0035626,0.11111,0.074433,-0.029457,-8.1565e-05,0.043216,-0.016199,-0.141,0.095884,0.034391,0.065369,0.095538
0.054879,-0.042941,0.074661,-0.15682,0.12731,0.0080307,-0.013476,0.097484,-0.032221,-0.0042283,-0.0065276,0.095609,-0.070102,0.06563,-0.024052,0.097795,-0.031845,0.013004,0.019635,0.051382,-0.064593,-0.0097164,0.0156,0.076324,-0.016365,-0.12421,0.11122,-0.009698,0.24186,0.052751,0.057909,0.059283,-0.096156,0.02658,-0.046799,-0.097978,-0.055929,0.1166,-0.027846,-0.04032,0.11015,0.13704,-0.016244,0.090119,0.08908,0.033576,0.055363,0.063238,-0.030697,0.084563,0.0010854,-0.015496,-0.0024602,-0.011617,0.043596,-0.044758,-0.09902,0.040406,0.071547,0.028005,-0.014839,0.045307,0.035514,-0.13827,0.1853,0.045058,0.076483,0.15621,0.071388,0.027738,-0.15397,-0.13677,0.10358,0.01679,-0.053272,0.046964,0.039847,0.016409,0.026499,-0.025783,0.044704,-0.010224,-0.0081641,0.039077,0.11157,0.20272,0.011168,0.091334,-0.04085,-0.014536,0.098917,0.084856,0.013193,0.033337,0.023048,0.046751,-0.062433,0.089899,-0.028649,-0.021878
-0.13654,-0.058604,-0.082421,0.012653,0.020454,0.021491,-0.008261,0.072269,-0.068862,-0.061393,-0.030457,-0.020372,-0.050225,0.26204,0.027792,-0.0067901,0.015436,0.019621,0.10752,-0.082127,-0.088481,-0.11238,-0.068181,0.082415,-0.010925,-0.059618,0.17094,-0.077283,-0.028537,0.025815,0.051143,-0.0015357,0.076965,0.073647,0.16618,0.084718,0.1132,-0.1061,0.073843,-0.090142,0.1096,0.13247,-0.036211,0.066543,0.022175,-0.019538,0.049196,0.047694,0.13292,-0.074666,0.044598,-0.017452,-0.038628,0.01162,0.045514,-0.067833,0.049723,0.043014,-0.0031697,0.20784,0.037113,0.039095,-0.025267,0.00043219,-0.0095491,0.17929,0.062374,0.022777,0.021909,0.12319,-0.01453,0.046696,0.0035461,0.10239,-0.079797,-0.053515,0.10039,-0.031083,-0.010562,0.075213,0.1274,0.095573,0.083478,-0.05594,-0.012031,-0.042747,0.14522,-0.010639,0.10584,0.19452,0.031467,0.039634,0.10112,0.13993,-0.0034368,0.01623,0.10507,-0.023282,-0.045775,0.0019831
-0.017785,0.064901,0.052801,-0.029443,0.060848,-0.070321,0.068798,0.063635,0.064561,0.09984,0.041041,0.10574,0.084405,0.047209,0.045956,0.021065,0.0019411,0.046509,-0.10182,0.070916,-0.1222,0.043061,0.020278,0.19359,0.029113,0.046534,0.10337,-0.077241,-0.018768,0.060803,0.1265,-0.059492,-0.045775,0.11031,-0.0092939,-0.022273,-0.011896,-0.010917,0.024509,-0.025869,-0.061063,0.087656,-0.079413,-0.055166,0.050423,-0.080656,-0.062116,-0.11185,-0.009387,-0.015248,0.0040365,0.085414,0.051192,0.077049,0.17278,0.059586,0.16853,0.12216,0.075473,0.15686,-0.0093298,0.024796,0.051462,0.031368,0.11829,0.083743,-0.010185,-0.028704,0.075744,0.078858,0.041666,-0.1336,0.14124,0.11748,0.0075012,-0.016744,0.1091,-0.038148,0.035981,0.0089208,-0.059227,0.068427,0.022824,0.10489,-0.062128,-0.046479,0.078316,-0.041476,-0.07396,0.02655,0.088853,0.14182,0.012628,0.042732,0.080156,0.16239,0.0090255,0.10518,0.053628,0.036737
-0.028232,-0.079502,-0.057728,-0.046094,0.21223,0.042955,-0.092876,-0.037537,0.071226,-0.0056765,0.039945,0.022536,-0.033557,-0.07146,0.11331,-0.05645,-0.0016888,0.11184,-0.032661,0.086418,-0.030247,0.043088,-0.012079,0.032876,-0.050455,0.10364,-0.026665,-0.07746,0.03114,-0.14692,-0.024664,0.015062,0.090937,0.057257,0.022694,0.083774,-0.10202,0.026266,-0.0063154,0.069487,-0.028989,0.18596,-0.0052515,0.040966,0.055096,0.10263,0.022042,0.099041,0.026286,-0.033438,0.14944,0.13744,0.053067,-0.058693,0.032503,0.044991,0.030262,0.0085442,0.020001,-0.064519,0.026932,0.018315,0.012255,0.055239,0.079638,0.09895,0.01275,0.14154,0.030434,0.041505,0.13019,0.066282,0.19312,-0.0037649,0.013067,-0.028372,-0.018122,0.15014,0.17252,-0.072059,-0.053712,0.0047759,0.089476,0.01661,0.14471,0.076508,-0.094015,-0.057948,-0.0056999,0.011681,0.056599,-0.056396,0.043177,-0.15359,-0.027741,0.0019934,-0.035557,0.0942,0.072522,0.029239
0.054824,0.055186,-0.0070146,0.04995,-0.084041,0.061722,-0.04398,0.1082,-0.11084,0.13047,0.023224,0.11249,0.020287,0.023602,0.071486,0.16482,0.0061679,-0.048496,0.075811,0.012125,0.011492,0.044909,-0.036513,-0.063672,0.085807,0.16068,0.015314,-0.11311,-0.032403,0.086871,0.053368,0.020303,0.061281,0.011162,0.087901,0.069647,0.2003,0.068575,0.0934,0.048441,-0.0037126,-0.036037,0.0091484,0.18458,0.0075845,0.010695,0.15154,0.10629,-0.073148,0.1506,0.088187,-0.012899,0.065362,-0.065126,-0.032886,0.03998,-0.09069,0.001273,0.095467,0.1538,-0.017478,0.029384,-0.01487,0.00098065,0.015421,-0.036044,0.0091361,0.041356,0.023401,0.013918,-0.033462,0.011502,0.0063106,0.099649,0.18099,-0.036782,-0.09882,0.00075955,-0.020133,0.03248,0.057471,0.081416,-0.1068,-0.031165,0.019599,-0.021372,-0.089846,0.083976,0.024968,0.05356,0.12106,0.015167,-0.15701,-0.10283,0.044461,-0.02564,0.075016,0.034745,0.0010079,0.011836
-0.0076771,-0.0078192,0.0062297,0.058962,0.096262,0.19833,0.028319,-0.079755,-0.11423,-0.11575,-0.1778,0.034785,0.14632,-0.096901,-0.010198,-0.036064,0.11231,0.045118,0.18615,-0.0025878,-0.09954,0.063794,-0.099873,-0.001871,0.021036,0.049505,0.02294,-0.050922,0.027193,-0.037362,0.13102,0.078363,0.00020463,-0.05109,-0.044243,-0.020438,0.076365,0.073803,0.080417,0.012873,-0.064243,-0.0096262,0.12667,-0.024127,-0.0684,0.082871,0.096893,0.10072,0.24001,0.017232,-0.016521,0.064721,-0.017286,0.036798,-0.02759,-0.043313,0.0011358,-0.0089266,0.037204,-0.079886,0.0054399,0.034796,0.035638,0.063737,-0.034366,0.055787,0.032437,0.1313,-0.070434,0.073708,0.049401,-0.025705,0.032981,0.063742,0.17289,-0.079995,-0.0071852,0.17942,0.10539,-0.032962,0.010351,-0.13812,0.21139,-0.053839,-0.057562,0.16571,-0.019102,0.067783,-0.041711,0.11601,0.086675,-0.084399,0.12958,-0.031276,0.14092,0.12637,0.018009,0.086724,5.378e-05,0.051359
0.21384,0.028005,-0.11107,0.0031327,-0.040631,-0.027269,-0.0064086,0.012247,-0.00057487,-0.028012,0.020127,0.049813,0.031913,-0.1158,0.0085969,0.0169,-0.13049,0.050507,0.037987,0.18173,-0.018678,-0.0052199,0.12618,0.083712,0.11794,0.016238,0.040602,0.01927,0.031215,0.11726,-0.050135,0.042028,-0.051486,0.1469,0.010034,-0.0049993,-0.020703,-0.036263,-0.063306,0.019651,-0.056218,-0.020811,0.098449,0.042808,-0.068749,-0.014257,0.078869,-0.0097447,0.0014491,-0.029315,0.028304,0.0092908,0.019593,0.027938,-0.0086931,-0.013926,0.018523,-0.052486,0.19873,0.067162,-0.042946,0.060174,0.14116,0.15248,0.105,0.069308,-0.056464,-0.053751,0.049158,0.10842,0.17461,0.12004,-0.013889,0.092976,-0.044456,0.095433,-0.04295,0.068373,0.031052,-0.025338,0.038254,0.0051165,-0.00056058,0.04476,0.05283,0.010751,0.038656,-0.027732,-0.022615,0.0019624,0.021262,0.16816,0.0032583,0.030652,0.028577,0.10604,-0.019912,0.054865,0.069942,-0.0051974
0.091554,0.057746,-0.075235,-0.041263,0.16314,-0.0092443,-0.033248,0.015978,-0.0176,0.037752,0.04379,-0.1087,-0.048102,-0.074377,-0.021667,-0.031096,0.052828,0.071114,0.020484,-0.068639,-0.075257,-0.021858,-0.032765,7.0721e-05,-0.013068,0.12513,-0.047031,0.051275,-0.058982,-0.079758,-0.017244,0.0499,0.057904,0.16021,0.037705,0.057702,0.04674,0.036758,-0.0021768,0.01477,-0.083173,-0.051177,0.072698,-0.075907,0.02567,0.092219,-0.018906,-0.037797,0.1321,-0.024606,0.092481,-0.017279,-0.019695,0.031843,-0.042609,-0.015094,-0.024746,0.054854,0.039517,0.041153,0.077199,0.071966,0.17098,0.025368,0.090974,0.078921,-0.054314,0.19086,0.15045,-0.035021,-0.042208,-0.032137,0.039213,-0.06716,-0.033688,0.1711,-0.026428,-0.044681,0.25012,0.027325,0.00090264,-0.048417,0.096789,0.079282,0.058568,-0.068157,-0.010083,0.067175,0.014665,-0.055786,0.055818,-0.031144,-0.066586,0.0041751,0.040302,0.062299,0.017844,0.054759,0.16633,0.12738
0.067139,-0.032854,0.18822,-0.016291,-0.0040414,-0.063269,0.039882,0.049136,-0.015346,0.026457,-0.12879,0.036393,0.097572,0.023294,-0.086402,0.096164,-0.013137,0.053845,-0.018387,0.23303,-0.0021969,0.065782,-0.076656,-0.0036023,0.047176,0.038451,0.13951,0.022206,-0.062228,0.08756,0.068374,0.067346,0.015915,0.10504,0.077569,0.18388,0.05856,0.0043358,-0.15221,-0.044669,0.0037609,-0.085918,-0.033459,0.077406,0.045631,0.086243,0.026671,-0.028144,-0.032453,-0.039852,0.073898,0.062977,0.0076727,-0.072584,-0.068721,0.10131,0.0083456,0.077799,-0.011656,0.13513,0.051035,0.0045757,0.035507,0.014465,0.005462,-0.085861,0.020857,0.041963,0.014862,0.0078218,-0.044247,0.068549,0.033084,0.053189,0.11799,-0.033489,0.085221,0.035053,-0.014013,0.021453,0.041858,0.0085791,0.013521,0.016198,0.094641,0.076737,0.0067625,0.093629,0.016298,0.028307,0.046509,-0.10368,-0.01527,-0.11142,-0.13226,0.011028,-0.015768,-0.080589,0.066245,0.029522
0.11262,-0.040682,-0.049519,-0.01112,0.033793,0.02153,0.018145,0.00070662,-0.151,0.013896,0.0040951,0.035046,0.027092,-0.04249,0.1189,0.019516,-0.0091781,0.16433,0.05526,-0.029236,0.082069,-0.043084,0.053786,0.070798,-0.02971,0.041079,-0.063912,0.1024,0.0035889,0.059972,0.12068,0.14157,-0.10142,0.020357,0.10168,0.061164,0.10022,0.026475,0.070721,0.18145,0.059961,0.084152,0.12851,0.143,0.082401,-0.018401,-0.0060455,-0.041067,-0.044851,0.11374,0.00066659,0.044659,0.129,0.11142,0.13031,-0.13486,0.029009,0.025711,-0.01161,-0.0055508,0.1497,0.020378,-0.051694,-0.039545,0.060385,0.034281,-0.014096,0.085024,0.05331,-0.046818,0.16556,0.073813,0.042724,0.013371,0.011029,0.063458,0.033058,0.061552,0.054385,0.082277,0.034851,0.029724,0.085842,0.0055979,0.0064142,0.10883,-0.065685,0.2354,0.1555,0.18788,0.0068029,0.17373,0.051152,0.084811,0.0079857,0.065503,0.07137,-0.011925,0.044161,0.046256
0.070033,0.02993,-0.012062,0.068879,-0.041861,0.25824,0.1063,-0.128,-0.076731,0.15785,-0.15666,-0.059836,0.068945,0.040683,-0.015797,-0.056204,0.12255,-0.0196,0.012361,0.11261,0.074033,0.13373,0.036883,0.17589,0.052886,0.0026415,0.044209,0.17146,-0.12348,-0.1357,0.072075,0.046716,0.021022,-0.020876,-0.010201,-0.063008,-0.015821,0.080631,0.054386,0.10598,0.048938,0.011809,0.081321,-0.0014099,-0.017622,-0.086773,0.074286,0.028083,-0.063839,0.057354,-0.077329,0.065299,0.047502,0.043615,-0.032912,-0.022005,0.043431,-0.085698,0.026047,0.091303,0.012907,-0.042944,-0.020237,-0.0062279,-0.024676,0.055184,-0.047989,0.0072189,-0.02142,-0.0043205,0.002455,0.074693,-0.099563,0.063355,0.057296,0.14453,0.075307,-0.054643,0.13218,0.094187,0.028729,-0.050361,0.018409,0.058754,0.051265,0.054666,0.041503,0.06463,0.030328,0.063499,0.085599,-0.076021,-0.032664,0.074621,-0.10073,0.035205,-0.012661,-0.019769,0.02054,0.010151
0.05453,-0.062109,0.038477,0.0077432,-0.06445,0.039767,0.14597,-0.01385,-0.099025,-0.096917,0.12924,-0.069685,-0.05851,0.12732,-0.036478,0.027132,0.15705,0.048635,-0.040202,0.014417,0.064244,-0.01045,-0.052704,-0.007248,0.010035,0.12475,0.052313,-0.010333,-0.028023,0.025626,-0.020666,0.10329,0.1146,0.0099097,0.15755,0.035335,0.022578,0.025014,-0.044405,0.044961,-0.10994,0.066865,-0.015408,0.033144,0.041817,0.013253,-0.014761,0.056288,0.010625,0.0048983,0.035354,-0.042873,0.072961,0.13408,0.035597,-0.063141,-0.041007,0.044962,0.025702,-0.038977,0.026712,0.033123,0.028005,0.05817,0.012369,-0.047657,0.14471,0.080321,-0.02265,-0.025556,0.1916,0.029422,0.039694,-0.016591,0.044643,0.027538,-0.022169,-0.018923,0.038728,0.034754,-0.024076,0.080543,0.069194,-0.015434,0.09353,-0.065598,0.11007,0.077977,0.043165,-0.012967,0.071686,-0.048435,0.073964,0.097629,0.052003,0.029124,0.023151,0.014443,-0.051172,-0.0206
0.047405,0.017558,-0.12587,-0.036721,0.046151,-0.088991,-0.017633,0.015336,-0.043118,-0.029537,0.095519,0.12372,0.043885,-0.059984,0.035271,0.072255,0.088117,0.0031211,-0.054615,0.12632,0.07141,-0.0073232,0.061282,0.026666,0.0019563,0.16541,-0.10059,0.092142,-0.10576,-0.14123,0.020931,0.010775,-0.039888,0.082276,0.023816,0.090287,0.036664,0.21229,0.10856,0.017769,0.069939,-0.038645,0.12158,0.010517,0.091227,0.020781,-0.066139,-0.037227,-0.059016,0.010198,0.14335,0.10754,0.043981,0.061458,0.15403,0.01696,0.090729,0.14437,0.016989,0.032408,0.028855,0.034292,-0.067149,0.015049,0.046503,0.023619,0.13236,0.028362,0.0012433,0.053462,0.078494,0.021395,0.074333,-0.078277,0.072002,0.075958,-0.0077411,-0.014526,0.041771,-0.046111,0.064716,0.12654,0.016903,0.093721,-0.093005,-0.089369,0.12438,0.17493,-0.0068665,-0.0062207,0.020564,0.049525,0.10125,0.034031,0.16006,0.049635,-0.051289,0.0279,-0.0057139,0.062612
